epoch,lr,train_loss,val_top1,val_top5,val_balanced,ema_top1,seconds,tracked_test_top1
0,5.00e-05,3.9257,0.0070,0.0704,0.0100,0.0070,45.3,0.0150
1,1.00e-04,3.9152,0.0211,0.1056,0.0200,0.0211,11.1,nan
2,1.50e-04,3.8973,0.0563,0.2746,0.0533,0.0352,10.5,nan
3,2.00e-04,3.8412,0.1127,0.3380,0.1167,0.1268,10.4,nan
4,2.50e-04,3.7360,0.1056,0.3521,0.1133,0.0986,10.3,nan
5,3.00e-04,3.6218,0.1268,0.4437,0.1367,0.1408,10.0,nan
6,3.50e-04,3.4997,0.2113,0.5282,0.2233,0.1831,9.9,nan
7,4.00e-04,3.4219,0.2254,0.6268,0.2367,0.2465,9.1,nan
8,4.50e-04,3.3863,0.1761,0.5141,0.1867,0.2324,8.5,nan
9,5.00e-04,3.2156,0.2606,0.7254,0.2767,0.2324,8.4,nan
10,5.00e-04,3.2430,0.3169,0.7183,0.3233,0.3028,8.4,nan
11,5.00e-04,3.0986,0.4225,0.8310,0.4333,0.3521,8.4,nan
12,5.00e-04,2.9871,0.4859,0.8662,0.4867,0.4296,8.4,nan
13,5.00e-04,2.9555,0.4296,0.7958,0.4333,0.4789,8.6,nan
14,5.00e-04,2.8225,0.5070,0.8521,0.5133,0.5493,8.5,nan
15,5.00e-04,2.6662,0.5493,0.9366,0.5567,0.5563,8.5,nan
16,5.00e-04,2.6996,0.4859,0.8662,0.4933,0.5563,8.4,nan
17,5.00e-04,2.6226,0.5423,0.9225,0.5467,0.5845,8.5,nan
18,5.00e-04,2.5629,0.5775,0.9718,0.5833,0.6056,8.4,nan
19,5.00e-04,2.4077,0.5282,0.9225,0.5333,0.6197,8.4,nan
20,5.00e-04,2.4712,0.6338,0.9648,0.6367,0.6338,10.9,0.6500
21,5.00e-04,2.2882,0.6549,0.9648,0.6567,0.6338,8.6,nan
22,5.00e-04,2.3927,0.6690,0.9577,0.6767,0.6690,8.5,nan
23,5.00e-04,2.1818,0.6620,0.9648,0.6667,0.7042,8.5,nan
24,5.00e-04,2.0863,0.7254,0.9718,0.7367,0.6972,8.6,nan
25,5.00e-04,2.0560,0.6761,0.9718,0.6800,0.7254,8.6,nan
26,5.00e-04,2.1990,0.7394,0.9789,0.7367,0.7465,8.4,nan
27,5.00e-04,2.0187,0.7676,0.9859,0.7633,0.7606,8.6,nan
28,5.00e-04,1.8890,0.7042,0.9930,0.7067,0.7676,8.5,nan
29,5.00e-04,1.8655,0.7465,1.0000,0.7500,0.7746,8.5,nan
30,5.00e-04,1.9927,0.7817,1.0000,0.7767,0.7958,8.4,nan
31,5.00e-04,1.8358,0.8169,1.0000,0.8133,0.7887,8.3,nan
32,5.00e-04,1.7549,0.7746,0.9930,0.7733,0.7817,8.5,nan
33,5.00e-04,2.0645,0.7958,0.9930,0.7967,0.8028,8.5,nan
34,5.00e-04,1.9184,0.8521,0.9930,0.8533,0.8099,8.6,nan
35,5.00e-04,1.6935,0.7958,1.0000,0.7867,0.8239,8.5,nan
36,5.00e-04,1.6164,0.8310,0.9930,0.8333,0.8380,8.4,nan
37,5.00e-04,1.8132,0.8380,1.0000,0.8367,0.8662,8.3,nan
38,5.00e-04,1.5023,0.8239,0.9930,0.8233,0.8732,8.4,nan
39,5.00e-04,1.8535,0.8099,0.9930,0.8133,0.8732,8.4,nan
40,5.00e-04,1.4369,0.8732,0.9859,0.8767,0.8732,10.1,0.8300
41,5.00e-04,1.7651,0.8521,0.9789,0.8533,0.8732,8.4,nan
42,5.00e-04,1.5991,0.8451,1.0000,0.8433,0.8803,8.5,nan
43,5.00e-04,1.4641,0.8592,1.0000,0.8567,0.8803,8.5,nan
44,5.00e-04,1.3722,0.8662,1.0000,0.8633,0.8944,8.6,nan
45,5.00e-04,1.3285,0.9085,1.0000,0.9000,0.9014,8.5,nan
46,5.00e-04,1.4756,0.9014,1.0000,0.8967,0.9014,8.4,nan
47,5.00e-04,1.6782,0.8662,0.9930,0.8667,0.9155,8.5,nan
48,5.00e-04,1.7046,0.8944,0.9930,0.8900,0.9085,8.4,nan
49,5.00e-04,1.5337,0.8803,1.0000,0.8800,0.9155,8.5,nan
50,4.99e-04,1.1787,0.9085,1.0000,0.9067,0.9225,8.4,nan
51,4.99e-04,1.1114,0.9225,1.0000,0.9167,0.9225,8.4,nan
52,4.99e-04,1.2330,0.9014,0.9930,0.8967,0.9225,8.4,nan
53,4.99e-04,1.7691,0.9085,1.0000,0.9033,0.9296,8.5,nan
54,4.99e-04,1.0934,0.8944,0.9930,0.8900,0.9296,8.5,nan
55,4.99e-04,1.1597,0.8944,1.0000,0.8867,0.9296,8.6,nan
56,4.99e-04,1.3808,0.8873,1.0000,0.8833,0.9366,8.5,nan
57,4.99e-04,1.5379,0.9648,1.0000,0.9600,0.9366,8.4,nan
58,4.99e-04,1.1565,0.9437,1.0000,0.9400,0.9437,8.5,nan
59,4.99e-04,1.3299,0.9225,1.0000,0.9200,0.9507,8.4,nan
60,4.99e-04,1.1879,0.9085,1.0000,0.9100,0.9507,10.3,0.9400
61,4.99e-04,1.1063,0.9366,1.0000,0.9333,0.9437,8.6,nan
62,4.99e-04,0.9697,0.8944,1.0000,0.8967,0.9507,8.4,nan
63,4.99e-04,1.3163,0.8873,0.9930,0.8867,0.9507,8.4,nan
64,4.99e-04,1.0558,0.9366,1.0000,0.9333,0.9507,8.4,nan
65,4.99e-04,1.6447,0.9296,1.0000,0.9267,0.9507,8.5,nan
66,4.99e-04,1.3482,0.9507,1.0000,0.9467,0.9648,8.4,nan
67,4.99e-04,1.1986,0.9225,1.0000,0.9200,0.9648,8.4,nan
68,4.99e-04,1.0632,0.9296,1.0000,0.9233,0.9648,8.3,nan
69,4.99e-04,1.5308,0.9437,1.0000,0.9400,0.9718,8.3,nan
70,4.99e-04,1.0963,0.9507,1.0000,0.9433,0.9718,8.5,nan
71,4.99e-04,0.9891,0.9296,1.0000,0.9333,0.9718,8.7,nan
72,4.99e-04,1.3921,0.9437,1.0000,0.9400,0.9718,8.7,nan
73,4.99e-04,1.2590,0.9225,1.0000,0.9167,0.9648,8.5,nan
74,4.99e-04,1.3620,0.9366,1.0000,0.9333,0.9648,8.6,nan
75,4.99e-04,1.2563,0.9507,1.0000,0.9433,0.9648,8.7,nan
76,4.99e-04,1.1838,0.9296,1.0000,0.9267,0.9648,8.4,nan
77,4.99e-04,1.0261,0.9437,1.0000,0.9367,0.9648,8.5,nan
78,4.99e-04,1.0899,0.9155,0.9930,0.9133,0.9577,8.4,nan
79,4.98e-04,1.3103,0.9085,1.0000,0.9033,0.9577,8.5,nan
80,4.98e-04,1.2362,0.9296,1.0000,0.9267,0.9577,10.4,0.9500
81,4.98e-04,1.1856,0.9296,0.9930,0.9267,0.9507,8.4,nan
82,4.98e-04,0.9652,0.9225,1.0000,0.9200,0.9507,8.6,nan
83,4.98e-04,1.2578,0.9225,1.0000,0.9167,0.9507,8.4,nan
84,4.98e-04,1.3375,0.9085,1.0000,0.9033,0.9437,8.5,nan
85,4.98e-04,1.0604,0.9437,1.0000,0.9400,0.9437,8.5,nan
86,4.98e-04,0.9171,0.9437,1.0000,0.9367,0.9437,8.5,nan
87,4.98e-04,1.3320,0.9507,1.0000,0.9433,0.9366,8.5,nan
88,4.98e-04,1.0678,0.9437,0.9930,0.9400,0.9437,8.5,nan
89,4.98e-04,0.9790,0.9366,1.0000,0.9333,0.9437,8.5,nan
90,4.98e-04,1.4171,0.9507,1.0000,0.9467,0.9507,8.6,nan
91,4.98e-04,0.7856,0.9366,1.0000,0.9333,0.9507,8.6,nan
92,4.98e-04,0.8189,0.9366,1.0000,0.9300,0.9577,8.4,nan
93,4.98e-04,1.5126,0.9718,1.0000,0.9667,0.9577,8.7,nan
94,4.98e-04,1.1930,0.9577,1.0000,0.9567,0.9577,8.8,nan
95,4.98e-04,0.9492,0.9366,1.0000,0.9367,0.9577,8.8,nan
96,4.98e-04,0.9808,0.9789,1.0000,0.9733,0.9577,8.8,nan
97,4.98e-04,1.6257,0.9718,1.0000,0.9700,0.9577,8.5,nan
98,4.98e-04,1.1953,0.9296,1.0000,0.9233,0.9648,8.5,nan
99,4.98e-04,0.9390,0.9648,1.0000,0.9633,0.9648,8.4,nan
100,4.97e-04,0.8449,0.9577,1.0000,0.9500,0.9718,10.2,0.9750
101,4.97e-04,1.1527,0.9789,1.0000,0.9767,0.9718,8.6,nan
102,4.97e-04,1.1800,0.9507,1.0000,0.9500,0.9718,8.5,nan
103,4.97e-04,1.0014,0.9507,1.0000,0.9467,0.9789,8.5,nan
104,4.97e-04,0.9406,0.9437,1.0000,0.9400,0.9789,8.4,nan
105,4.97e-04,0.8823,0.9648,1.0000,0.9600,0.9789,8.6,nan
106,4.97e-04,1.1806,0.9437,1.0000,0.9400,0.9789,8.3,nan
107,4.97e-04,1.0881,0.9296,1.0000,0.9300,0.9789,8.6,nan
108,4.97e-04,1.2993,0.9577,1.0000,0.9533,0.9789,8.6,nan
109,4.97e-04,1.1871,0.9577,0.9930,0.9567,0.9789,8.3,nan
110,4.97e-04,0.9132,0.9507,1.0000,0.9467,0.9718,8.4,nan
111,4.97e-04,1.2424,0.9437,1.0000,0.9367,0.9718,8.5,nan
112,4.97e-04,0.9809,0.9648,1.0000,0.9600,0.9718,8.5,nan
113,4.97e-04,1.2318,0.9366,1.0000,0.9333,0.9718,8.6,nan
114,4.97e-04,0.9122,0.9437,0.9930,0.9433,0.9718,8.6,nan
115,4.97e-04,0.8648,0.9437,1.0000,0.9433,0.9718,8.5,nan
116,4.96e-04,0.9536,0.9789,1.0000,0.9767,0.9718,8.3,nan
117,4.96e-04,0.9434,0.9507,1.0000,0.9500,0.9648,8.6,nan
118,4.96e-04,1.0711,0.9718,1.0000,0.9700,0.9648,8.4,nan
119,4.96e-04,1.0364,0.9789,1.0000,0.9800,0.9648,8.4,nan
120,4.96e-04,1.2489,0.9296,1.0000,0.9300,0.9648,10.3,0.9600
121,4.96e-04,0.8248,0.9437,1.0000,0.9433,0.9648,8.4,nan
122,4.96e-04,1.5689,0.9648,1.0000,0.9633,0.9648,8.4,nan
123,4.96e-04,1.6240,0.9577,1.0000,0.9567,0.9648,8.7,nan
124,4.96e-04,1.0489,0.9577,1.0000,0.9567,0.9577,8.8,nan
125,4.96e-04,1.2071,0.9437,1.0000,0.9400,0.9577,8.9,nan
126,4.96e-04,1.1262,0.9648,1.0000,0.9633,0.9577,8.4,nan
127,4.96e-04,1.0940,0.9577,0.9930,0.9533,0.9577,8.5,nan
128,4.96e-04,1.0802,0.9577,1.0000,0.9533,0.9577,8.4,nan
129,4.96e-04,1.0367,0.9718,1.0000,0.9667,0.9577,8.4,nan
130,4.96e-04,0.8702,0.9718,1.0000,0.9667,0.9718,8.4,nan
131,4.95e-04,0.9700,0.9577,1.0000,0.9533,0.9648,8.7,nan
132,4.95e-04,0.9323,0.9577,1.0000,0.9567,0.9648,8.4,nan
133,4.95e-04,1.0973,0.9507,1.0000,0.9467,0.9648,8.4,nan
134,4.95e-04,1.1340,0.9648,1.0000,0.9600,0.9648,8.4,nan
135,4.95e-04,0.9218,0.9577,1.0000,0.9533,0.9648,8.3,nan
136,4.95e-04,1.0824,0.9718,1.0000,0.9700,0.9648,8.6,nan
137,4.95e-04,0.9644,0.9648,1.0000,0.9600,0.9648,8.3,nan
138,4.95e-04,1.0000,0.9507,1.0000,0.9467,0.9718,8.8,nan
139,4.95e-04,1.0765,0.9648,1.0000,0.9600,0.9718,8.7,nan
140,4.95e-04,1.2002,0.9648,1.0000,0.9600,0.9718,10.6,0.9750
141,4.95e-04,0.7999,0.9507,1.0000,0.9467,0.9718,8.6,nan
142,4.95e-04,0.8170,0.9648,1.0000,0.9633,0.9718,8.5,nan
143,4.94e-04,1.0731,0.9577,1.0000,0.9567,0.9718,8.9,nan
144,4.94e-04,0.8114,0.9437,1.0000,0.9433,0.9718,8.7,nan
145,4.94e-04,1.1999,0.9507,1.0000,0.9467,0.9718,8.6,nan
146,4.94e-04,0.9031,0.9507,1.0000,0.9500,0.9718,8.6,nan
147,4.94e-04,0.7853,0.9577,1.0000,0.9533,0.9648,8.4,nan
148,4.94e-04,1.0580,0.9648,1.0000,0.9600,0.9648,8.5,nan
149,4.94e-04,1.3334,0.9577,1.0000,0.9500,0.9648,9.9,nan
150,4.94e-04,1.1486,0.9718,1.0000,0.9700,0.9648,9.3,nan
151,4.94e-04,1.6440,0.9507,1.0000,0.9467,0.9648,8.5,nan
152,4.94e-04,1.0021,0.9648,1.0000,0.9600,0.9648,9.0,nan
153,4.94e-04,0.8480,0.9366,1.0000,0.9300,0.9648,8.5,nan
154,4.94e-04,1.0489,0.9366,1.0000,0.9300,0.9648,8.5,nan
155,4.93e-04,1.0047,0.9437,0.9930,0.9400,0.9577,8.6,nan
156,4.93e-04,0.9230,0.9789,1.0000,0.9767,0.9577,8.5,nan
157,4.93e-04,0.7404,0.9718,0.9930,0.9700,0.9648,8.4,nan
158,4.93e-04,0.8880,0.9507,1.0000,0.9467,0.9718,8.4,nan
159,4.93e-04,1.2192,0.9648,1.0000,0.9633,0.9718,8.8,nan
160,4.93e-04,0.9489,0.9718,1.0000,0.9700,0.9718,10.3,0.9950
161,4.93e-04,0.8757,0.9930,1.0000,0.9933,0.9718,8.5,nan
162,4.93e-04,0.9464,0.9507,1.0000,0.9467,0.9718,8.6,nan
163,4.93e-04,1.1202,0.9507,0.9930,0.9467,0.9718,8.5,nan
164,4.93e-04,0.8833,0.9577,1.0000,0.9533,0.9718,8.4,nan
165,4.93e-04,0.8184,0.9437,1.0000,0.9400,0.9718,8.4,nan
166,4.92e-04,0.8147,0.9718,1.0000,0.9700,0.9718,8.8,nan
167,4.92e-04,1.1928,0.9789,1.0000,0.9800,0.9718,8.6,nan
168,4.92e-04,1.0597,0.9507,1.0000,0.9400,0.9718,8.4,nan
169,4.92e-04,0.7406,0.9507,0.9930,0.9467,0.9718,8.4,nan
170,4.92e-04,1.0343,0.9437,0.9930,0.9400,0.9718,8.5,nan
171,4.92e-04,1.4251,0.9577,0.9930,0.9533,0.9718,8.5,nan
172,4.92e-04,0.7587,0.9718,1.0000,0.9700,0.9718,8.6,nan
173,4.92e-04,0.8126,0.9789,1.0000,0.9733,0.9718,8.7,nan
174,4.92e-04,0.5658,0.9789,1.0000,0.9767,0.9718,8.9,nan
175,4.92e-04,0.8167,0.9648,1.0000,0.9600,0.9718,8.6,nan
176,4.91e-04,0.8617,0.9648,1.0000,0.9633,0.9718,8.4,nan
177,4.91e-04,0.7327,0.9577,1.0000,0.9567,0.9718,8.5,nan
178,4.91e-04,0.8299,0.9577,0.9930,0.9533,0.9718,8.5,nan
179,4.91e-04,1.1460,0.9577,0.9930,0.9567,0.9718,8.5,nan
180,4.91e-04,0.7519,0.9507,1.0000,0.9467,0.9718,11.0,0.9600
181,4.91e-04,0.7702,0.9718,0.9930,0.9700,0.9718,9.9,nan
182,4.91e-04,0.8547,0.9577,1.0000,0.9567,0.9718,8.6,nan
183,4.91e-04,0.7039,0.9577,1.0000,0.9533,0.9789,8.7,nan
184,4.91e-04,1.1058,0.9718,1.0000,0.9700,0.9789,8.6,nan
185,4.91e-04,0.7566,0.9648,0.9930,0.9600,0.9789,8.8,nan
186,4.90e-04,0.8408,0.9648,1.0000,0.9633,0.9789,8.5,nan
187,4.90e-04,0.9396,0.9859,1.0000,0.9833,0.9789,8.8,nan
188,4.90e-04,1.0547,0.9648,1.0000,0.9633,0.9718,8.9,nan
189,4.90e-04,0.6937,0.9718,1.0000,0.9700,0.9859,8.3,nan
190,4.90e-04,0.6136,0.9366,1.0000,0.9333,0.9859,8.6,nan
191,4.90e-04,0.7921,0.9437,0.9930,0.9367,0.9859,8.4,nan
192,4.90e-04,0.9736,0.9507,0.9930,0.9467,0.9789,8.7,nan
193,4.90e-04,1.0143,0.9366,1.0000,0.9300,0.9718,8.5,nan
194,4.90e-04,1.0941,0.9648,1.0000,0.9600,0.9718,8.6,nan
195,4.89e-04,1.4248,0.9507,1.0000,0.9433,0.9718,8.4,nan
196,4.89e-04,0.7118,0.9507,0.9930,0.9433,0.9718,8.4,nan
197,4.89e-04,1.0344,0.9648,0.9859,0.9600,0.9718,8.5,nan
198,4.89e-04,1.1686,0.9648,0.9930,0.9600,0.9718,8.4,nan
199,4.89e-04,0.8107,0.9718,1.0000,0.9700,0.9718,8.5,nan
200,4.89e-04,1.0626,0.9718,0.9930,0.9733,0.9718,10.2,0.9900
201,4.89e-04,1.0054,0.9577,0.9930,0.9600,0.9718,8.3,nan
202,4.89e-04,1.0702,0.9648,1.0000,0.9633,0.9718,8.6,nan
203,4.88e-04,1.1611,0.9789,1.0000,0.9767,0.9789,8.6,nan
204,4.88e-04,0.9089,0.9648,0.9930,0.9600,0.9789,8.5,nan
205,4.88e-04,0.7998,0.9718,1.0000,0.9667,0.9789,8.4,nan
206,4.88e-04,0.9746,0.9859,1.0000,0.9833,0.9859,8.3,nan
207,4.88e-04,0.7425,0.9930,1.0000,0.9933,0.9859,8.4,nan
208,4.88e-04,0.8133,0.9789,1.0000,0.9767,0.9859,8.4,nan
209,4.88e-04,1.0370,0.9789,1.0000,0.9800,0.9859,8.6,nan
210,4.88e-04,0.9670,0.9789,1.0000,0.9733,0.9859,8.7,nan
211,4.88e-04,0.8662,0.9648,1.0000,0.9567,0.9859,8.6,nan
212,4.87e-04,0.6624,0.9577,1.0000,0.9533,0.9859,8.4,nan
213,4.87e-04,0.8349,0.9718,1.0000,0.9733,0.9859,8.5,nan
214,4.87e-04,1.1018,0.9577,1.0000,0.9533,0.9859,8.4,nan
215,4.87e-04,0.8702,0.9789,1.0000,0.9767,0.9859,8.5,nan
216,4.87e-04,1.1223,0.9718,1.0000,0.9667,0.9859,8.4,nan
217,4.87e-04,1.0282,0.9577,0.9930,0.9533,0.9859,8.4,nan
218,4.87e-04,0.6418,0.9507,0.9930,0.9467,0.9859,8.5,nan
219,4.87e-04,1.2432,0.9366,1.0000,0.9333,0.9859,8.6,nan
220,4.86e-04,0.9281,0.9577,1.0000,0.9600,0.9859,9.9,0.9750
221,4.86e-04,0.8905,0.9859,1.0000,0.9867,0.9859,8.4,nan
222,4.86e-04,0.7977,0.9789,0.9930,0.9733,0.9859,8.5,nan
223,4.86e-04,0.9615,0.9718,0.9930,0.9700,0.9859,8.4,nan
224,4.86e-04,0.9900,0.9718,1.0000,0.9700,0.9859,8.5,nan
225,4.86e-04,0.7280,0.9648,0.9930,0.9600,0.9859,8.4,nan
226,4.86e-04,0.8866,0.9718,1.0000,0.9667,0.9859,8.5,nan
227,4.86e-04,0.6924,0.9648,0.9930,0.9600,0.9789,8.4,nan
228,4.85e-04,0.9580,0.9718,1.0000,0.9700,0.9789,8.4,nan
229,4.85e-04,0.8543,0.9789,1.0000,0.9767,0.9789,8.5,nan
230,4.85e-04,0.7532,0.9718,1.0000,0.9700,0.9789,8.4,nan
231,4.85e-04,0.6903,0.9648,1.0000,0.9633,0.9789,8.4,nan
232,4.85e-04,0.8394,0.9507,1.0000,0.9467,0.9789,8.4,nan
233,4.85e-04,1.4535,0.9507,0.9930,0.9500,0.9789,8.9,nan
234,4.85e-04,1.0808,0.9577,1.0000,0.9567,0.9789,8.5,nan
235,4.84e-04,0.9845,0.9718,1.0000,0.9700,0.9789,8.4,nan
236,4.84e-04,0.9028,0.9648,1.0000,0.9633,0.9789,8.4,nan
237,4.84e-04,0.9284,0.9648,0.9930,0.9633,0.9789,8.4,nan
238,4.84e-04,0.7920,0.9648,1.0000,0.9633,0.9789,8.3,nan
239,4.84e-04,1.1213,0.9577,1.0000,0.9533,0.9789,8.4,nan
240,4.84e-04,0.9331,0.9577,0.9930,0.9500,0.9789,10.4,0.9700
241,4.84e-04,0.9989,0.9577,0.9930,0.9500,0.9789,8.4,nan
242,4.83e-04,1.0520,0.9718,1.0000,0.9667,0.9789,8.4,nan
243,4.83e-04,0.6887,0.9718,1.0000,0.9667,0.9789,8.3,nan
244,4.83e-04,0.8252,0.9718,0.9930,0.9700,0.9789,8.6,nan
245,4.83e-04,0.9436,0.9507,0.9930,0.9467,0.9789,8.5,nan
246,4.83e-04,0.7145,0.9789,0.9930,0.9733,0.9789,8.5,nan
247,4.83e-04,0.6728,0.9718,1.0000,0.9700,0.9789,8.6,nan
248,4.83e-04,0.9572,0.9648,1.0000,0.9633,0.9789,8.9,nan
249,4.82e-04,0.9120,0.9507,0.9930,0.9467,0.9789,8.4,nan
250,4.82e-04,0.8769,0.9718,1.0000,0.9700,0.9789,8.3,nan
251,4.82e-04,0.8981,0.9718,1.0000,0.9700,0.9789,8.7,nan
252,4.82e-04,1.2124,0.9648,0.9930,0.9633,0.9789,8.3,nan
253,4.82e-04,1.1544,0.9718,0.9930,0.9700,0.9789,8.5,nan
254,4.82e-04,0.8562,0.9718,0.9930,0.9700,0.9789,8.5,nan
255,4.82e-04,0.9391,0.9648,0.9930,0.9600,0.9789,9.0,nan
256,4.81e-04,0.8459,0.9648,0.9930,0.9600,0.9789,8.6,nan
257,4.81e-04,1.4324,0.9437,0.9930,0.9400,0.9789,8.4,nan
258,4.81e-04,0.5604,0.9859,0.9930,0.9867,0.9789,8.5,nan
259,4.81e-04,0.8573,0.9577,1.0000,0.9533,0.9789,8.3,nan
260,4.81e-04,0.8968,0.9648,1.0000,0.9600,0.9718,10.2,0.9900
261,4.81e-04,0.8908,0.9577,0.9930,0.9533,0.9718,8.5,nan
262,4.81e-04,0.8786,0.9507,0.9930,0.9467,0.9718,8.9,nan
263,4.80e-04,1.1195,0.9648,0.9930,0.9633,0.9648,8.4,nan
264,4.80e-04,0.5833,0.9718,0.9930,0.9667,0.9577,8.4,nan
265,4.80e-04,1.0332,0.9507,0.9930,0.9467,0.9718,8.5,nan
266,4.80e-04,0.8512,0.9507,1.0000,0.9467,0.9718,8.4,nan
267,4.80e-04,0.7033,0.9859,0.9930,0.9833,0.9789,8.7,nan
268,4.80e-04,0.8118,0.9648,0.9930,0.9633,0.9789,8.3,nan
269,4.79e-04,1.2354,0.9789,0.9930,0.9767,0.9789,8.7,nan
270,4.79e-04,0.9738,0.9577,0.9930,0.9500,0.9718,8.5,nan
271,4.79e-04,0.8076,0.9507,0.9930,0.9433,0.9718,8.5,nan
272,4.79e-04,0.7906,0.9577,0.9930,0.9533,0.9718,8.5,nan
273,4.79e-04,1.3132,0.9648,0.9930,0.9600,0.9718,8.5,nan
274,4.79e-04,0.6300,0.9577,0.9930,0.9567,0.9718,8.4,nan
275,4.79e-04,0.5712,0.9577,0.9930,0.9567,0.9718,8.4,nan
276,4.78e-04,0.8056,0.9789,1.0000,0.9800,0.9718,8.2,nan
277,4.78e-04,0.9946,0.9366,0.9930,0.9300,0.9718,8.8,nan
278,4.78e-04,0.8007,0.9789,0.9930,0.9800,0.9718,8.5,nan
279,4.78e-04,0.7551,0.9577,1.0000,0.9567,0.9718,8.4,nan
280,4.78e-04,0.8282,0.9648,0.9859,0.9633,0.9718,10.2,0.9950
281,4.78e-04,0.9324,0.9648,0.9930,0.9667,0.9718,8.5,nan
282,4.77e-04,0.6867,0.9718,1.0000,0.9700,0.9718,8.4,nan
283,4.77e-04,0.8860,0.9718,1.0000,0.9700,0.9718,8.4,nan
284,4.77e-04,0.7561,0.9577,1.0000,0.9533,0.9718,8.8,nan
285,4.77e-04,0.9295,0.9507,0.9859,0.9500,0.9718,8.6,nan
286,4.77e-04,0.9372,0.9648,1.0000,0.9633,0.9718,8.6,nan
287,4.77e-04,0.6752,0.9577,1.0000,0.9567,0.9718,8.6,nan
288,4.76e-04,0.9454,0.9789,0.9930,0.9767,0.9718,8.5,nan
289,4.76e-04,1.1569,0.9789,0.9930,0.9767,0.9718,8.4,nan
290,4.76e-04,0.8219,0.9648,0.9930,0.9633,0.9718,8.4,nan
291,4.76e-04,0.8827,0.9648,1.0000,0.9633,0.9718,8.7,nan
292,4.76e-04,0.8902,0.9507,0.9930,0.9467,0.9718,8.6,nan
293,4.76e-04,0.8663,0.9789,1.0000,0.9800,0.9718,8.6,nan
294,4.75e-04,1.0139,0.9577,1.0000,0.9567,0.9718,8.3,nan
295,4.75e-04,0.7841,0.9577,0.9930,0.9567,0.9718,8.5,nan
296,4.75e-04,0.6263,0.9859,1.0000,0.9867,0.9718,8.5,nan
297,4.75e-04,0.6572,0.9648,1.0000,0.9667,0.9718,8.4,nan
298,4.75e-04,0.6964,0.9577,1.0000,0.9600,0.9718,8.5,nan
299,4.75e-04,1.1053,0.9577,0.9930,0.9600,0.9789,9.0,nan
300,4.74e-04,1.2250,0.9437,0.9930,0.9400,0.9789,10.3,0.9750
301,4.74e-04,0.7561,0.9648,1.0000,0.9633,0.9718,8.4,nan
302,4.74e-04,0.7751,0.9648,1.0000,0.9633,0.9718,8.4,nan
303,4.74e-04,0.8661,0.9577,1.0000,0.9567,0.9789,8.6,nan
304,4.74e-04,0.9905,0.9507,1.0000,0.9500,0.9789,8.5,nan
305,4.73e-04,0.8934,0.9648,1.0000,0.9600,0.9789,8.4,nan
306,4.73e-04,0.8286,0.9859,1.0000,0.9867,0.9789,9.1,nan
307,4.73e-04,0.8254,0.9648,1.0000,0.9667,0.9789,8.6,nan
308,4.73e-04,0.8741,0.9859,1.0000,0.9867,0.9789,8.5,nan
309,4.73e-04,0.9877,0.9789,1.0000,0.9800,0.9789,8.6,nan
310,4.73e-04,0.7552,0.9648,0.9930,0.9600,0.9789,8.6,nan
311,4.72e-04,0.6346,0.9859,0.9930,0.9867,0.9789,8.5,nan
312,4.72e-04,0.7674,0.9789,0.9930,0.9800,0.9789,8.4,nan
313,4.72e-04,0.7645,0.9648,1.0000,0.9600,0.9789,8.7,nan
314,4.72e-04,1.0037,0.9577,0.9930,0.9600,0.9789,8.6,nan
315,4.72e-04,0.7026,0.9718,1.0000,0.9733,0.9789,8.4,nan
316,4.72e-04,0.7555,0.9718,0.9930,0.9733,0.9789,8.5,nan
317,4.71e-04,1.0513,0.9577,1.0000,0.9533,0.9789,8.6,nan
318,4.71e-04,0.5338,0.9577,1.0000,0.9533,0.9789,8.5,nan
319,4.71e-04,0.8336,0.9718,0.9930,0.9667,0.9789,8.5,nan
320,4.71e-04,1.0010,0.9718,1.0000,0.9667,0.9718,10.6,0.9850
321,4.71e-04,0.6081,0.9648,0.9930,0.9600,0.9718,8.4,nan
322,4.70e-04,0.6682,0.9507,0.9930,0.9500,0.9718,8.5,nan
323,4.70e-04,0.7825,0.9718,0.9930,0.9733,0.9718,8.4,nan
324,4.70e-04,0.5003,0.9718,0.9930,0.9733,0.9718,8.4,nan
325,4.70e-04,0.8229,0.9648,1.0000,0.9600,0.9718,8.4,nan
326,4.70e-04,1.0282,0.9718,1.0000,0.9700,0.9718,9.5,nan
327,4.69e-04,0.7520,0.9718,0.9930,0.9733,0.9718,8.6,nan
328,4.69e-04,0.8404,0.9718,1.0000,0.9700,0.9718,8.4,nan
329,4.69e-04,0.4665,0.9648,0.9930,0.9633,0.9789,8.8,nan
330,4.69e-04,0.8551,0.9577,1.0000,0.9600,0.9789,8.7,nan
331,4.69e-04,0.7337,0.9718,1.0000,0.9733,0.9789,9.2,nan
332,4.69e-04,0.8457,0.9718,1.0000,0.9733,0.9789,8.4,nan
333,4.68e-04,0.8027,0.9789,1.0000,0.9800,0.9789,8.4,nan
334,4.68e-04,1.1016,0.9718,0.9930,0.9700,0.9789,8.3,nan
335,4.68e-04,0.8277,0.9507,0.9930,0.9500,0.9789,8.6,nan
336,4.68e-04,0.8417,0.9648,0.9930,0.9667,0.9789,11.4,nan
337,4.68e-04,0.6470,0.9789,0.9930,0.9800,0.9789,11.5,nan
338,4.67e-04,0.7973,0.9789,0.9930,0.9800,0.9789,9.8,nan
339,4.67e-04,0.5296,0.9789,0.9930,0.9800,0.9789,9.5,nan
340,4.67e-04,0.9969,0.9789,0.9930,0.9800,0.9789,11.5,0.9850
341,4.67e-04,0.6794,0.9859,0.9930,0.9867,0.9789,8.9,nan
342,4.67e-04,0.8165,0.9648,0.9859,0.9633,0.9789,9.3,nan
343,4.66e-04,0.8016,0.9648,0.9930,0.9600,0.9789,9.1,nan
344,4.66e-04,0.7801,0.9789,0.9930,0.9800,0.9789,8.6,nan
345,4.66e-04,0.8535,0.9577,0.9930,0.9567,0.9789,8.4,nan
346,4.66e-04,0.7823,0.9577,0.9930,0.9533,0.9789,8.5,nan
347,4.66e-04,0.7794,0.9577,0.9930,0.9533,0.9789,8.6,nan
348,4.65e-04,0.9075,0.9789,0.9930,0.9767,0.9789,8.6,nan
349,4.65e-04,0.6612,0.9718,0.9930,0.9667,0.9789,8.9,nan
350,4.65e-04,1.2694,0.9789,0.9930,0.9800,0.9789,9.0,nan
351,4.65e-04,0.8124,0.9789,0.9930,0.9800,0.9789,9.0,nan
352,4.65e-04,0.9396,0.9577,0.9930,0.9567,0.9789,9.0,nan
353,4.64e-04,1.1303,0.9577,0.9930,0.9567,0.9789,8.7,nan
354,4.64e-04,0.8484,0.9789,0.9930,0.9800,0.9789,8.5,nan
355,4.64e-04,0.8050,0.9789,0.9930,0.9767,0.9789,8.5,nan
356,4.64e-04,1.2624,0.9718,0.9930,0.9700,0.9789,8.4,nan
357,4.64e-04,0.7900,0.9648,0.9930,0.9600,0.9789,8.6,nan
358,4.63e-04,0.8888,0.9789,0.9930,0.9800,0.9789,8.7,nan
359,4.63e-04,0.8114,0.9789,1.0000,0.9767,0.9789,8.4,nan
360,4.63e-04,0.4437,0.9789,0.9930,0.9800,0.9789,10.2,0.9900
361,4.63e-04,0.8579,0.9718,0.9930,0.9733,0.9789,8.5,nan
362,4.63e-04,0.7688,0.9648,0.9930,0.9667,0.9789,8.4,nan
363,4.62e-04,0.8080,0.9718,0.9930,0.9733,0.9789,8.5,nan
364,4.62e-04,0.6869,0.9507,0.9930,0.9433,0.9789,8.5,nan
365,4.62e-04,0.6235,0.9648,0.9930,0.9600,0.9789,8.6,nan
366,4.62e-04,0.6542,0.9648,0.9930,0.9600,0.9789,8.5,nan
367,4.62e-04,0.9163,0.9648,1.0000,0.9600,0.9789,8.4,nan
368,4.61e-04,0.8239,0.9577,0.9930,0.9533,0.9789,8.6,nan
369,4.61e-04,0.8202,0.9648,0.9930,0.9600,0.9718,8.6,nan
370,4.61e-04,0.8347,0.9577,0.9859,0.9533,0.9718,8.3,nan
371,4.61e-04,0.9309,0.9648,0.9859,0.9600,0.9718,8.5,nan
372,4.60e-04,0.7571,0.9577,0.9930,0.9567,0.9718,8.4,nan
373,4.60e-04,0.6341,0.9437,0.9859,0.9400,0.9718,8.6,nan
374,4.60e-04,0.8620,0.9789,1.0000,0.9800,0.9718,8.5,nan
375,4.60e-04,1.0871,0.9859,1.0000,0.9867,0.9718,8.5,nan
376,4.60e-04,1.0412,0.9859,1.0000,0.9867,0.9718,8.5,nan
377,4.59e-04,0.8916,0.9718,0.9930,0.9667,0.9718,8.6,nan
378,4.59e-04,0.9302,0.9789,0.9859,0.9767,0.9718,8.3,nan
379,4.59e-04,0.4820,0.9859,1.0000,0.9867,0.9718,8.6,nan
380,4.59e-04,0.8423,0.9859,1.0000,0.9867,0.9789,10.2,0.9900
381,4.59e-04,0.6323,0.9859,1.0000,0.9867,0.9789,8.3,nan
382,4.58e-04,1.0823,0.9859,1.0000,0.9867,0.9789,8.6,nan
383,4.58e-04,0.5834,0.9648,0.9930,0.9633,0.9789,8.6,nan
384,4.58e-04,0.8734,0.9577,0.9930,0.9533,0.9789,8.5,nan
385,4.58e-04,0.7582,0.9718,0.9930,0.9700,0.9789,8.5,nan
386,4.57e-04,0.9979,0.9789,0.9930,0.9800,0.9789,8.4,nan
387,4.57e-04,0.8732,0.9718,0.9930,0.9733,0.9789,8.4,nan
388,4.57e-04,0.8643,0.9648,0.9930,0.9667,0.9789,8.6,nan
389,4.57e-04,0.8760,0.9718,0.9930,0.9733,0.9789,8.6,nan
390,4.57e-04,1.4302,0.9789,0.9930,0.9767,0.9789,8.5,nan
391,4.56e-04,0.7904,0.9718,0.9930,0.9667,0.9789,8.5,nan
392,4.56e-04,0.7030,0.9789,0.9930,0.9767,0.9789,8.5,nan
393,4.56e-04,0.6389,0.9718,0.9930,0.9700,0.9789,8.5,nan
394,4.56e-04,0.5393,0.9718,0.9930,0.9700,0.9789,8.4,nan
395,4.55e-04,0.9610,0.9789,0.9930,0.9800,0.9789,8.5,nan
396,4.55e-04,1.1563,0.9718,0.9930,0.9733,0.9789,8.4,nan
397,4.55e-04,1.1008,0.9718,0.9930,0.9700,0.9789,8.6,nan
398,4.55e-04,0.6808,0.9718,0.9930,0.9700,0.9789,8.4,nan
399,4.55e-04,1.0149,0.9648,0.9859,0.9633,0.9789,8.5,nan
400,4.54e-04,0.8733,0.9859,0.9930,0.9867,0.9789,10.3,0.9850
401,4.54e-04,1.0758,0.9507,1.0000,0.9500,0.9789,8.6,nan
402,4.54e-04,0.7673,0.9648,1.0000,0.9633,0.9789,8.6,nan
403,4.54e-04,1.2679,0.9577,0.9930,0.9600,0.9789,8.5,nan
404,4.53e-04,0.8857,0.9789,0.9930,0.9800,0.9789,8.5,nan
405,4.53e-04,0.8324,0.9577,0.9930,0.9567,0.9789,9.0,nan
406,4.53e-04,0.7328,0.9789,0.9859,0.9800,0.9789,8.6,nan
407,4.53e-04,1.0525,0.9789,0.9930,0.9800,0.9789,8.5,nan
408,4.53e-04,0.9017,0.9648,0.9930,0.9667,0.9789,8.4,nan
409,4.52e-04,1.0173,0.9437,0.9930,0.9467,0.9789,8.3,nan
410,4.52e-04,0.7404,0.9718,1.0000,0.9733,0.9789,8.6,nan
411,4.52e-04,0.9074,0.9648,0.9930,0.9667,0.9789,8.4,nan
412,4.52e-04,0.9955,0.9577,0.9930,0.9600,0.9789,8.5,nan
413,4.51e-04,0.8448,0.9718,0.9930,0.9733,0.9789,8.4,nan
414,4.51e-04,0.6703,0.9718,0.9930,0.9700,0.9789,8.2,nan
415,4.51e-04,0.8006,0.9718,0.9930,0.9700,0.9789,8.5,nan
416,4.51e-04,0.9768,0.9789,0.9930,0.9767,0.9789,8.5,nan
417,4.50e-04,0.6955,0.9859,0.9930,0.9833,0.9789,8.5,nan
418,4.50e-04,0.6572,0.9859,0.9930,0.9867,0.9789,8.4,nan
419,4.50e-04,0.9184,0.9648,1.0000,0.9633,0.9789,8.4,nan
420,4.50e-04,0.9255,0.9859,0.9930,0.9867,0.9789,10.0,0.9800
421,4.49e-04,0.7394,0.9718,0.9930,0.9667,0.9789,8.4,nan
422,4.49e-04,0.7273,0.9648,0.9930,0.9600,0.9789,8.3,nan
423,4.49e-04,1.1087,0.9789,0.9930,0.9767,0.9789,8.4,nan
424,4.49e-04,0.8097,0.9648,0.9930,0.9633,0.9789,8.6,nan
425,4.49e-04,0.8163,0.9789,0.9930,0.9767,0.9789,8.4,nan
426,4.48e-04,0.6903,0.9718,0.9930,0.9700,0.9789,8.4,nan
427,4.48e-04,0.8881,0.9718,0.9930,0.9700,0.9789,8.8,nan
428,4.48e-04,0.9481,0.9718,0.9930,0.9700,0.9789,8.4,nan
429,4.48e-04,0.7419,0.9718,0.9930,0.9700,0.9789,8.5,nan
430,4.47e-04,0.6304,0.9718,1.0000,0.9733,0.9789,8.4,nan
431,4.47e-04,0.9407,0.9577,0.9859,0.9600,0.9859,8.4,nan
432,4.47e-04,0.6011,0.9789,0.9930,0.9800,0.9859,8.4,nan
433,4.47e-04,0.9269,0.9718,1.0000,0.9700,0.9859,8.5,nan
434,4.46e-04,0.5568,0.9648,0.9930,0.9667,0.9859,8.3,nan
435,4.46e-04,0.7901,0.9577,1.0000,0.9567,0.9859,8.3,nan
436,4.46e-04,0.6393,0.9789,1.0000,0.9767,0.9859,8.5,nan
437,4.46e-04,0.8554,0.9718,1.0000,0.9700,0.9859,8.4,nan
438,4.45e-04,0.8301,0.9789,1.0000,0.9767,0.9859,8.4,nan
439,4.45e-04,0.8682,0.9718,0.9930,0.9700,0.9859,8.5,nan
440,4.45e-04,0.5832,0.9648,1.0000,0.9633,0.9859,10.1,0.9750
441,4.45e-04,0.7811,0.9718,1.0000,0.9700,0.9859,8.4,nan
442,4.44e-04,0.8064,0.9718,1.0000,0.9700,0.9859,8.4,nan
443,4.44e-04,0.9041,0.9648,1.0000,0.9633,0.9859,8.4,nan
444,4.44e-04,0.8091,0.9648,0.9930,0.9667,0.9789,8.5,nan
445,4.44e-04,0.6519,0.9648,1.0000,0.9600,0.9789,8.5,nan
446,4.43e-04,0.7145,0.9718,0.9930,0.9700,0.9789,8.4,nan
447,4.43e-04,0.8828,0.9789,0.9930,0.9800,0.9789,8.4,nan
448,4.43e-04,0.6803,0.9577,1.0000,0.9533,0.9789,8.6,nan
449,4.43e-04,0.7885,0.9718,1.0000,0.9733,0.9789,8.5,nan
450,4.42e-04,1.2317,0.9718,1.0000,0.9733,0.9789,8.5,nan
451,4.42e-04,0.7247,0.9859,1.0000,0.9867,0.9789,8.3,nan
452,4.42e-04,0.9461,0.9789,0.9930,0.9800,0.9789,8.3,nan
453,4.42e-04,0.6981,0.9718,0.9930,0.9700,0.9789,8.3,nan
454,4.41e-04,0.9488,0.9648,0.9930,0.9600,0.9789,8.4,nan
455,4.41e-04,0.8056,0.9577,1.0000,0.9533,0.9789,8.7,nan
456,4.41e-04,0.4983,0.9789,0.9930,0.9800,0.9789,9.0,nan
457,4.41e-04,0.4716,0.9718,0.9930,0.9733,0.9789,9.0,nan
458,4.40e-04,0.7698,0.9859,0.9930,0.9867,0.9789,8.9,nan
459,4.40e-04,0.9394,0.9859,0.9930,0.9867,0.9789,8.9,nan
460,4.40e-04,0.8503,0.9577,0.9930,0.9533,0.9789,10.8,0.9800
461,4.40e-04,0.7305,0.9859,0.9930,0.9867,0.9789,8.9,nan
462,4.39e-04,0.6601,0.9648,0.9930,0.9633,0.9789,8.8,nan
463,4.39e-04,1.1189,0.9789,1.0000,0.9800,0.9789,8.8,nan
464,4.39e-04,0.8366,0.9718,1.0000,0.9667,0.9789,8.9,nan
465,4.39e-04,1.0096,0.9648,0.9930,0.9633,0.9789,8.9,nan
466,4.38e-04,0.8334,0.9789,0.9930,0.9767,0.9789,8.9,nan
467,4.38e-04,1.2439,0.9648,0.9930,0.9667,0.9789,8.8,nan
468,4.38e-04,0.7729,0.9648,0.9930,0.9667,0.9789,8.9,nan
469,4.38e-04,0.7343,0.9859,0.9930,0.9867,0.9789,9.0,nan
470,4.37e-04,0.7999,0.9859,0.9930,0.9867,0.9859,8.7,nan
471,4.37e-04,0.6323,0.9859,0.9930,0.9867,0.9859,8.4,nan
472,4.37e-04,1.4069,0.9789,0.9930,0.9767,0.9859,8.5,nan
473,4.37e-04,0.8210,0.9648,0.9930,0.9633,0.9859,8.3,nan
474,4.36e-04,0.6680,0.9789,0.9859,0.9800,0.9859,8.5,nan
475,4.36e-04,0.9042,0.9789,0.9859,0.9800,0.9859,8.3,nan
476,4.36e-04,0.7292,0.9577,0.9930,0.9567,0.9859,8.5,nan
477,4.35e-04,1.0349,0.9577,0.9930,0.9533,0.9859,8.5,nan
478,4.35e-04,0.6142,0.9648,0.9930,0.9667,0.9789,8.8,nan
479,4.35e-04,0.8322,0.9648,0.9930,0.9633,0.9789,9.0,nan
480,4.35e-04,0.6386,0.9789,0.9859,0.9800,0.9789,10.6,0.9850
481,4.34e-04,0.6505,0.9789,0.9930,0.9800,0.9789,8.5,nan
482,4.34e-04,0.9265,0.9648,0.9930,0.9600,0.9789,8.9,nan
483,4.34e-04,1.1553,0.9577,0.9930,0.9533,0.9789,8.9,nan
484,4.34e-04,0.6785,0.9718,0.9930,0.9700,0.9789,8.9,nan
485,4.33e-04,0.6142,0.9859,0.9930,0.9867,0.9789,8.5,nan
486,4.33e-04,0.9564,0.9789,1.0000,0.9800,0.9789,8.9,nan
487,4.33e-04,0.6326,0.9789,1.0000,0.9800,0.9789,9.4,nan
488,4.33e-04,1.0731,0.9859,1.0000,0.9867,0.9789,8.5,nan
489,4.32e-04,0.9718,0.9789,1.0000,0.9800,0.9789,8.6,nan
490,4.32e-04,0.8813,0.9789,1.0000,0.9800,0.9789,8.8,nan
491,4.32e-04,0.7534,0.9789,0.9859,0.9800,0.9789,8.9,nan
492,4.31e-04,0.7348,0.9789,0.9930,0.9800,0.9789,8.5,nan
493,4.31e-04,0.7875,0.9718,0.9930,0.9733,0.9789,8.9,nan
494,4.31e-04,0.9349,0.9718,0.9930,0.9733,0.9789,9.0,nan
495,4.31e-04,0.7305,0.9648,0.9930,0.9667,0.9789,8.7,nan
496,4.30e-04,0.8828,0.9789,0.9930,0.9800,0.9789,9.0,nan
497,4.30e-04,1.0121,0.9718,0.9930,0.9667,0.9789,9.0,nan
498,4.30e-04,0.8844,0.9718,0.9930,0.9733,0.9789,8.9,nan
499,4.30e-04,0.7664,0.9718,1.0000,0.9733,0.9789,9.1,nan
500,4.29e-04,0.8718,0.9577,1.0000,0.9567,0.9789,10.9,0.9800
501,4.29e-04,0.7482,0.9859,1.0000,0.9867,0.9789,8.9,nan
502,4.29e-04,0.6792,0.9789,1.0000,0.9800,0.9789,8.8,nan
503,4.29e-04,0.8770,0.9789,1.0000,0.9800,0.9789,8.9,nan
504,4.28e-04,0.9059,0.9718,0.9930,0.9733,0.9789,9.0,nan
505,4.28e-04,0.8471,0.9718,0.9930,0.9733,0.9789,8.9,nan
506,4.28e-04,0.7913,0.9648,0.9930,0.9667,0.9789,8.9,nan
507,4.27e-04,1.0425,0.9789,0.9930,0.9800,0.9789,9.3,nan
508,4.27e-04,0.6525,0.9648,0.9930,0.9633,0.9789,9.1,nan
509,4.27e-04,0.8754,0.9648,0.9930,0.9633,0.9789,9.1,nan
510,4.27e-04,1.0919,0.9577,0.9930,0.9567,0.9789,8.7,nan
511,4.26e-04,0.9088,0.9507,0.9930,0.9500,0.9789,8.4,nan
512,4.26e-04,0.8387,0.9507,0.9930,0.9500,0.9789,8.3,nan
513,4.26e-04,0.8429,0.9507,0.9930,0.9500,0.9789,8.7,nan
514,4.25e-04,0.4751,0.9718,1.0000,0.9700,0.9789,8.9,nan
515,4.25e-04,0.8134,0.9718,0.9930,0.9700,0.9789,8.9,nan
516,4.25e-04,1.0282,0.9648,0.9930,0.9600,0.9789,8.7,nan
517,4.25e-04,0.8648,0.9859,0.9859,0.9867,0.9789,8.9,nan
518,4.24e-04,0.7081,0.9718,0.9930,0.9733,0.9789,8.8,nan
519,4.24e-04,0.8547,0.9718,1.0000,0.9733,0.9789,8.6,nan
520,4.24e-04,1.0584,0.9789,0.9859,0.9800,0.9789,10.1,0.9800
521,4.23e-04,0.8779,0.9718,0.9859,0.9733,0.9789,8.6,nan
522,4.23e-04,0.7767,0.9577,0.9930,0.9600,0.9789,8.5,nan
523,4.23e-04,0.4685,0.9789,0.9859,0.9800,0.9789,8.5,nan
524,4.23e-04,0.5956,0.9718,0.9930,0.9700,0.9789,8.6,nan
525,4.22e-04,0.9424,0.9718,0.9930,0.9733,0.9789,8.3,nan
526,4.22e-04,0.8358,0.9789,0.9930,0.9800,0.9789,8.4,nan
527,4.22e-04,1.3167,0.9789,0.9930,0.9800,0.9789,8.5,nan
528,4.21e-04,0.6932,0.9859,0.9930,0.9867,0.9789,8.5,nan
529,4.21e-04,1.0854,0.9648,0.9930,0.9600,0.9789,8.4,nan
530,4.21e-04,0.4686,0.9859,0.9930,0.9867,0.9789,8.5,nan
531,4.21e-04,0.8861,0.9859,0.9930,0.9867,0.9789,8.4,nan
532,4.20e-04,0.7850,0.9718,0.9930,0.9733,0.9789,8.5,nan
533,4.20e-04,0.8248,0.9859,0.9930,0.9867,0.9789,8.4,nan
534,4.20e-04,0.5652,0.9859,0.9859,0.9867,0.9789,8.5,nan
535,4.19e-04,0.7360,0.9789,0.9930,0.9800,0.9789,8.3,nan
536,4.19e-04,1.0343,0.9789,0.9859,0.9800,0.9789,8.4,nan
537,4.19e-04,0.9179,0.9859,0.9930,0.9867,0.9789,8.4,nan
538,4.19e-04,0.8604,0.9789,0.9859,0.9800,0.9789,8.3,nan
539,4.18e-04,0.6528,0.9648,0.9859,0.9667,0.9789,8.5,nan
540,4.18e-04,0.6738,0.9789,1.0000,0.9800,0.9789,10.1,0.9800
541,4.18e-04,0.9274,0.9648,1.0000,0.9667,0.9789,8.4,nan
542,4.17e-04,0.9428,0.9507,1.0000,0.9533,0.9789,8.3,nan
543,4.17e-04,0.7145,0.9648,1.0000,0.9667,0.9859,8.4,nan
544,4.17e-04,0.7714,0.9648,0.9930,0.9667,0.9859,8.8,nan
545,4.17e-04,0.4715,0.9789,1.0000,0.9800,0.9789,8.5,nan
546,4.16e-04,0.5104,0.9859,1.0000,0.9867,0.9789,8.4,nan
547,4.16e-04,0.6862,0.9718,0.9930,0.9733,0.9789,8.4,nan
548,4.16e-04,0.7717,0.9718,1.0000,0.9733,0.9789,8.4,nan
549,4.15e-04,0.9062,0.9366,1.0000,0.9400,0.9789,8.5,nan
550,4.15e-04,0.7042,0.9718,1.0000,0.9733,0.9789,8.5,nan
551,4.15e-04,0.8115,0.9859,0.9930,0.9867,0.9789,8.5,nan
552,4.15e-04,0.8485,0.9789,1.0000,0.9800,0.9789,8.3,nan
553,4.14e-04,1.0162,0.9577,1.0000,0.9600,0.9789,8.4,nan
554,4.14e-04,1.0680,0.9648,1.0000,0.9667,0.9789,8.5,nan
555,4.14e-04,1.0498,0.9859,1.0000,0.9867,0.9789,8.3,nan
556,4.13e-04,0.9938,0.9789,0.9930,0.9800,0.9789,8.5,nan
557,4.13e-04,0.8779,0.9859,0.9930,0.9867,0.9789,8.4,nan
558,4.13e-04,0.8162,0.9789,0.9930,0.9800,0.9789,8.3,nan
559,4.12e-04,0.5196,0.9718,0.9930,0.9733,0.9789,8.4,nan
560,4.12e-04,0.3828,0.9859,1.0000,0.9867,0.9789,10.3,0.9800
561,4.12e-04,0.7870,0.9789,0.9930,0.9800,0.9789,8.3,nan
562,4.12e-04,1.3317,0.9718,1.0000,0.9733,0.9789,8.3,nan
563,4.11e-04,0.7343,0.9648,0.9930,0.9667,0.9789,8.5,nan
564,4.11e-04,0.7798,0.9718,0.9930,0.9733,0.9789,8.3,nan
565,4.11e-04,0.6951,0.9859,0.9930,0.9867,0.9789,8.3,nan
566,4.10e-04,0.6752,0.9859,0.9930,0.9867,0.9789,8.4,nan
567,4.10e-04,0.5331,0.9718,0.9930,0.9733,0.9789,8.4,nan
568,4.10e-04,0.6455,0.9718,0.9930,0.9733,0.9789,8.4,nan
569,4.09e-04,0.7746,0.9718,0.9930,0.9733,0.9789,8.5,nan
570,4.09e-04,0.6905,0.9507,0.9930,0.9500,0.9789,8.4,nan
571,4.09e-04,0.6644,0.9648,0.9930,0.9600,0.9789,8.3,nan
572,4.09e-04,0.4289,0.9789,0.9930,0.9800,0.9789,8.4,nan
573,4.08e-04,0.8815,0.9789,0.9930,0.9800,0.9789,8.5,nan
574,4.08e-04,1.0466,0.9718,0.9930,0.9733,0.9789,8.4,nan
575,4.08e-04,0.6851,0.9648,0.9930,0.9633,0.9789,8.4,nan
576,4.07e-04,0.8125,0.9789,0.9930,0.9767,0.9789,8.5,nan
577,4.07e-04,0.6629,0.9789,0.9930,0.9800,0.9789,8.4,nan
578,4.07e-04,0.6883,0.9577,0.9930,0.9567,0.9789,8.6,nan
579,4.06e-04,0.8514,0.9648,0.9859,0.9633,0.9859,8.4,nan
580,4.06e-04,0.5710,0.9577,0.9930,0.9567,0.9718,10.2,0.9800
581,4.06e-04,0.4340,0.9648,0.9930,0.9633,0.9718,8.5,nan
582,4.05e-04,0.5866,0.9648,0.9930,0.9667,0.9718,8.4,nan
583,4.05e-04,0.6652,0.9718,0.9930,0.9733,0.9718,8.4,nan
584,4.05e-04,0.6867,0.9859,0.9930,0.9867,0.9718,8.3,nan
585,4.05e-04,0.7445,0.9789,0.9930,0.9800,0.9789,8.5,nan
586,4.04e-04,0.9660,0.9789,0.9930,0.9800,0.9789,8.4,nan
587,4.04e-04,0.6288,0.9859,0.9930,0.9867,0.9789,8.3,nan
588,4.04e-04,0.8120,0.9789,0.9930,0.9800,0.9859,8.4,nan
589,4.03e-04,0.9012,0.9789,0.9930,0.9767,0.9859,8.3,nan
590,4.03e-04,0.9627,0.9789,0.9930,0.9767,0.9859,8.5,nan
591,4.03e-04,0.5812,0.9930,1.0000,0.9933,0.9859,8.5,nan
592,4.02e-04,0.8814,0.9930,1.0000,0.9933,0.9859,8.7,nan
593,4.02e-04,0.8100,0.9789,0.9930,0.9800,0.9859,8.4,nan
594,4.02e-04,0.6231,0.9718,0.9930,0.9733,0.9789,8.6,nan
595,4.01e-04,0.9864,0.9789,1.0000,0.9800,0.9789,8.6,nan
596,4.01e-04,0.5538,0.9507,0.9930,0.9500,0.9789,8.7,nan
597,4.01e-04,0.7714,0.9507,0.9930,0.9533,0.9789,8.3,nan
598,4.01e-04,0.9464,0.9577,0.9930,0.9600,0.9789,8.4,nan
599,4.00e-04,0.7760,0.9577,0.9930,0.9567,0.9789,8.6,nan
600,4.00e-04,0.6340,0.9718,0.9930,0.9667,0.9789,10.1,0.9850
601,4.00e-04,0.6393,0.9718,0.9930,0.9667,0.9718,8.4,nan
602,3.99e-04,1.1304,0.9718,0.9930,0.9667,0.9718,8.7,nan
603,3.99e-04,0.5509,0.9718,0.9930,0.9700,0.9718,8.5,nan
604,3.99e-04,0.9571,0.9718,0.9930,0.9700,0.9789,8.4,nan
605,3.98e-04,0.8621,0.9648,0.9930,0.9633,0.9789,8.5,nan
606,3.98e-04,0.9101,0.9718,0.9930,0.9700,0.9789,8.4,nan
607,3.98e-04,0.8273,0.9577,0.9930,0.9567,0.9789,8.6,nan
608,3.97e-04,0.6337,0.9718,0.9930,0.9733,0.9789,8.5,nan
609,3.97e-04,0.8071,0.9648,0.9859,0.9667,0.9718,8.5,nan
610,3.97e-04,0.6104,0.9718,0.9930,0.9733,0.9718,8.3,nan
611,3.96e-04,0.5188,0.9789,0.9930,0.9800,0.9718,8.3,nan
612,3.96e-04,0.6450,0.9648,0.9930,0.9633,0.9718,8.4,nan
613,3.96e-04,0.8463,0.9789,0.9930,0.9767,0.9718,8.4,nan
614,3.95e-04,0.7526,0.9648,1.0000,0.9600,0.9718,8.6,nan
615,3.95e-04,0.6332,0.9648,1.0000,0.9633,0.9718,8.5,nan
616,3.95e-04,0.6508,0.9648,1.0000,0.9667,0.9718,8.6,nan
617,3.95e-04,0.9039,0.9718,0.9930,0.9700,0.9718,8.5,nan
618,3.94e-04,0.7642,0.9718,0.9930,0.9700,0.9718,8.3,nan
619,3.94e-04,0.6947,0.9859,0.9859,0.9867,0.9718,8.3,nan
620,3.94e-04,0.7155,0.9718,0.9930,0.9733,0.9718,10.2,0.9850
621,3.93e-04,0.8422,0.9718,0.9930,0.9700,0.9789,8.4,nan
622,3.93e-04,0.8402,0.9718,0.9930,0.9700,0.9789,8.4,nan
623,3.93e-04,0.8850,0.9648,0.9930,0.9633,0.9789,8.5,nan
624,3.92e-04,0.6105,0.9718,0.9930,0.9700,0.9789,8.5,nan
625,3.92e-04,0.9305,0.9718,1.0000,0.9700,0.9718,8.6,nan
626,3.92e-04,0.8369,0.9648,1.0000,0.9600,0.9718,8.4,nan
627,3.91e-04,0.5429,0.9718,1.0000,0.9700,0.9718,8.4,nan
628,3.91e-04,0.7031,0.9789,1.0000,0.9800,0.9718,8.5,nan
629,3.91e-04,0.6692,0.9718,1.0000,0.9700,0.9718,8.6,nan
630,3.90e-04,0.8983,0.9789,1.0000,0.9767,0.9718,8.6,nan
631,3.90e-04,0.9587,0.9789,1.0000,0.9767,0.9718,8.4,nan
632,3.90e-04,1.0508,0.9648,1.0000,0.9633,0.9718,8.4,nan
633,3.89e-04,0.8482,0.9577,0.9930,0.9533,0.9718,8.5,nan
634,3.89e-04,0.6016,0.9718,0.9930,0.9700,0.9718,8.5,nan
635,3.89e-04,0.7162,0.9718,0.9930,0.9700,0.9718,8.4,nan
636,3.88e-04,0.5188,0.9789,0.9930,0.9767,0.9718,8.5,nan
637,3.88e-04,0.5761,0.9718,1.0000,0.9700,0.9718,8.4,nan
638,3.88e-04,0.9194,0.9718,1.0000,0.9667,0.9718,8.4,nan
639,3.87e-04,0.8740,0.9577,0.9930,0.9533,0.9718,8.5,nan
640,3.87e-04,0.7853,0.9718,0.9930,0.9733,0.9718,10.2,0.9850
641,3.87e-04,0.7890,0.9859,0.9930,0.9867,0.9718,8.4,nan
642,3.86e-04,0.6809,0.9789,1.0000,0.9800,0.9718,8.4,nan
643,3.86e-04,0.7342,0.9859,1.0000,0.9867,0.9718,8.4,nan
644,3.86e-04,0.7880,0.9859,1.0000,0.9867,0.9718,8.5,nan
645,3.85e-04,0.4853,0.9859,1.0000,0.9867,0.9718,8.2,nan
646,3.85e-04,0.7281,0.9789,1.0000,0.9800,0.9789,8.6,nan
647,3.85e-04,0.6431,0.9859,1.0000,0.9867,0.9789,8.7,nan
648,3.84e-04,0.8066,0.9859,0.9930,0.9867,0.9859,8.3,nan
649,3.84e-04,0.6706,0.9859,0.9930,0.9867,0.9859,8.4,nan
650,3.84e-04,0.9931,0.9859,1.0000,0.9867,0.9859,8.6,nan
651,3.83e-04,0.8092,0.9718,1.0000,0.9733,0.9859,8.6,nan
652,3.83e-04,1.1037,0.9789,1.0000,0.9800,0.9859,8.6,nan
653,3.83e-04,0.6476,0.9789,0.9930,0.9800,0.9859,8.4,nan
654,3.82e-04,0.7935,0.9859,1.0000,0.9867,0.9859,8.5,nan
655,3.82e-04,0.9044,0.9859,1.0000,0.9867,0.9859,8.5,nan
656,3.82e-04,0.8069,0.9930,1.0000,0.9933,0.9859,8.4,nan
657,3.81e-04,0.8441,0.9930,0.9930,0.9933,0.9930,8.5,nan
658,3.81e-04,0.7768,0.9930,0.9930,0.9933,0.9930,8.5,nan
659,3.81e-04,0.5465,0.9859,1.0000,0.9867,0.9930,8.4,nan
660,3.80e-04,0.7629,0.9859,0.9930,0.9867,0.9930,10.0,0.9800
661,3.80e-04,0.4829,0.9789,0.9930,0.9767,0.9930,8.4,nan
662,3.80e-04,1.0514,0.9859,0.9930,0.9867,0.9930,8.4,nan
663,3.79e-04,1.1961,0.9577,1.0000,0.9567,0.9930,8.4,nan
664,3.79e-04,0.4217,0.9789,0.9930,0.9800,0.9930,8.5,nan
665,3.79e-04,1.0599,0.9789,0.9930,0.9800,0.9930,8.5,nan
666,3.78e-04,0.8696,0.9859,0.9930,0.9867,0.9930,8.5,nan
667,3.78e-04,0.5620,0.9930,0.9930,0.9933,0.9930,8.4,nan
668,3.78e-04,0.5448,0.9859,0.9930,0.9867,0.9930,8.4,nan
669,3.77e-04,0.9137,0.9930,0.9930,0.9933,0.9930,8.6,nan
670,3.77e-04,0.6437,0.9859,0.9930,0.9867,0.9930,8.3,nan
671,3.77e-04,1.1312,0.9859,0.9930,0.9867,0.9930,8.5,nan
672,3.76e-04,1.0116,0.9789,0.9930,0.9767,0.9930,8.4,nan
673,3.76e-04,0.9387,0.9859,0.9930,0.9867,0.9930,8.3,nan
674,3.76e-04,0.7997,0.9789,0.9930,0.9800,0.9930,8.5,nan
675,3.75e-04,0.8806,0.9859,0.9930,0.9867,0.9930,8.4,nan
676,3.75e-04,0.7714,0.9718,0.9930,0.9733,0.9930,8.5,nan
677,3.75e-04,0.6842,0.9718,1.0000,0.9733,0.9930,8.6,nan
678,3.74e-04,0.6429,0.9577,1.0000,0.9600,0.9859,8.5,nan
679,3.74e-04,0.6059,0.9648,1.0000,0.9633,0.9859,8.3,nan
680,3.74e-04,1.1190,0.9789,1.0000,0.9800,0.9859,10.1,0.9800
681,3.73e-04,0.8773,0.9648,1.0000,0.9633,0.9859,8.5,nan
682,3.73e-04,0.7102,0.9507,0.9930,0.9500,0.9859,8.7,nan
683,3.73e-04,0.9800,0.9859,0.9930,0.9867,0.9859,8.6,nan
684,3.72e-04,0.5696,0.9789,1.0000,0.9800,0.9859,8.6,nan
685,3.72e-04,0.6925,0.9718,1.0000,0.9733,0.9859,8.5,nan
686,3.72e-04,0.8556,0.9859,1.0000,0.9867,0.9859,8.2,nan
687,3.71e-04,0.6191,0.9718,0.9930,0.9733,0.9859,8.4,nan
688,3.71e-04,0.8670,0.9718,0.9930,0.9733,0.9859,8.4,nan
689,3.71e-04,0.6251,0.9648,1.0000,0.9667,0.9789,8.4,nan
690,3.70e-04,0.7135,0.9789,1.0000,0.9800,0.9789,8.5,nan
691,3.70e-04,0.8620,0.9859,0.9859,0.9867,0.9789,8.3,nan
692,3.70e-04,0.9809,0.9718,0.9859,0.9733,0.9789,8.5,nan
693,3.69e-04,0.5741,0.9718,0.9859,0.9733,0.9789,8.5,nan
694,3.69e-04,0.6646,0.9789,0.9930,0.9800,0.9859,8.3,nan
695,3.69e-04,0.6131,0.9718,0.9930,0.9733,0.9859,8.4,nan
696,3.68e-04,0.8094,0.9789,0.9930,0.9800,0.9859,8.5,nan
697,3.68e-04,0.6008,0.9859,0.9859,0.9867,0.9859,8.4,nan
698,3.68e-04,0.7709,0.9859,0.9859,0.9867,0.9859,8.4,nan
699,3.67e-04,0.9140,0.9789,0.9930,0.9800,0.9859,8.4,nan
700,3.67e-04,0.6267,0.9718,0.9859,0.9733,0.9859,10.1,0.9850
701,3.66e-04,0.8248,0.9718,0.9930,0.9733,0.9859,8.4,nan
702,3.66e-04,0.4704,0.9859,1.0000,0.9867,0.9859,8.6,nan
703,3.66e-04,0.4956,0.9789,0.9930,0.9800,0.9859,8.4,nan
704,3.65e-04,0.8266,0.9789,1.0000,0.9800,0.9859,8.3,nan
705,3.65e-04,0.8136,0.9859,1.0000,0.9867,0.9859,8.5,nan
706,3.65e-04,0.8908,0.9789,1.0000,0.9800,0.9859,8.4,nan
707,3.64e-04,0.7221,0.9859,1.0000,0.9867,0.9859,8.4,nan
708,3.64e-04,0.8237,0.9859,1.0000,0.9867,0.9859,8.5,nan
709,3.64e-04,1.2383,0.9789,1.0000,0.9767,0.9859,8.5,nan
710,3.63e-04,1.0473,0.9859,0.9930,0.9867,0.9859,8.5,nan
711,3.63e-04,1.0331,0.9859,0.9930,0.9867,0.9859,8.4,nan
712,3.63e-04,0.6018,0.9859,0.9859,0.9867,0.9859,8.5,nan
713,3.62e-04,0.9874,0.9859,0.9859,0.9867,0.9859,8.5,nan
714,3.62e-04,0.7868,0.9859,0.9859,0.9867,0.9859,8.5,nan
715,3.62e-04,0.7432,0.9789,0.9930,0.9800,0.9859,8.4,nan
716,3.61e-04,1.2245,0.9859,1.0000,0.9867,0.9859,8.5,nan
717,3.61e-04,0.7409,0.9859,1.0000,0.9867,0.9859,8.4,nan
718,3.61e-04,0.6753,0.9789,0.9930,0.9800,0.9859,8.4,nan
719,3.60e-04,0.8273,0.9718,0.9930,0.9733,0.9859,8.3,nan
720,3.60e-04,0.7564,0.9718,0.9930,0.9733,0.9859,10.0,0.9850
721,3.59e-04,0.8820,0.9789,0.9930,0.9800,0.9859,8.4,nan
722,3.59e-04,0.5746,0.9859,1.0000,0.9867,0.9859,8.6,nan
723,3.59e-04,0.7716,0.9859,1.0000,0.9867,0.9859,8.4,nan
724,3.58e-04,0.7519,0.9789,1.0000,0.9800,0.9859,8.4,nan
725,3.58e-04,0.7018,0.9789,0.9930,0.9800,0.9859,8.5,nan
726,3.58e-04,0.5822,0.9718,0.9930,0.9733,0.9859,8.3,nan
727,3.57e-04,0.6917,0.9648,0.9859,0.9667,0.9859,8.5,nan
728,3.57e-04,0.9016,0.9789,0.9859,0.9800,0.9859,8.4,nan
729,3.57e-04,0.7162,0.9859,0.9930,0.9867,0.9859,8.3,nan
730,3.56e-04,0.6583,0.9789,0.9930,0.9800,0.9859,8.6,nan
731,3.56e-04,0.5780,0.9859,0.9930,0.9867,0.9859,8.5,nan
732,3.56e-04,0.9441,0.9789,0.9930,0.9800,0.9859,8.4,nan
733,3.55e-04,0.5893,0.9718,0.9930,0.9733,0.9859,8.4,nan
734,3.55e-04,0.7222,0.9859,0.9930,0.9867,0.9859,8.5,nan
735,3.55e-04,0.5649,0.9859,0.9930,0.9867,0.9859,8.3,nan
736,3.54e-04,0.7183,0.9859,0.9930,0.9867,0.9859,8.4,nan
737,3.54e-04,0.7071,0.9859,0.9930,0.9867,0.9859,8.5,nan
738,3.53e-04,1.0013,0.9859,0.9930,0.9867,0.9859,8.5,nan
739,3.53e-04,0.8842,0.9789,0.9930,0.9800,0.9859,8.3,nan
740,3.53e-04,0.7863,0.9718,0.9930,0.9733,0.9859,10.3,0.9900
741,3.52e-04,0.7509,0.9859,0.9930,0.9867,0.9859,8.6,nan
742,3.52e-04,0.5530,0.9718,0.9930,0.9733,0.9859,8.4,nan
743,3.52e-04,0.6717,0.9789,0.9930,0.9800,0.9859,8.5,nan
744,3.51e-04,1.0205,0.9789,1.0000,0.9800,0.9859,8.4,nan
745,3.51e-04,0.7234,0.9859,1.0000,0.9867,0.9859,8.6,nan
746,3.51e-04,0.6126,0.9718,1.0000,0.9733,0.9859,8.5,nan
747,3.50e-04,0.6154,0.9859,0.9930,0.9867,0.9859,8.4,nan
748,3.50e-04,0.8166,0.9930,0.9930,0.9933,0.9859,8.3,nan
749,3.50e-04,0.8537,0.9859,0.9930,0.9867,0.9859,8.5,nan
750,3.49e-04,0.6834,0.9789,0.9930,0.9800,0.9859,8.3,nan
751,3.49e-04,0.7405,0.9859,0.9930,0.9867,0.9859,8.5,nan
752,3.48e-04,0.9880,0.9930,0.9930,0.9933,0.9859,8.4,nan
753,3.48e-04,0.7240,0.9930,0.9930,0.9933,0.9930,9.4,nan
754,3.48e-04,0.5976,0.9718,0.9930,0.9733,0.9930,9.0,nan
755,3.47e-04,0.5370,0.9859,0.9930,0.9867,0.9930,8.3,nan
756,3.47e-04,0.6814,0.9859,0.9930,0.9867,0.9930,8.5,nan
757,3.47e-04,0.7362,0.9930,0.9930,0.9933,0.9930,8.5,nan
758,3.46e-04,0.9153,0.9859,0.9930,0.9867,0.9930,8.6,nan
759,3.46e-04,1.0774,0.9930,0.9930,0.9933,0.9930,8.6,nan
760,3.46e-04,0.7825,0.9789,0.9930,0.9800,0.9930,10.3,0.9800
761,3.45e-04,0.7514,0.9789,0.9930,0.9800,0.9930,8.4,nan
762,3.45e-04,0.5463,0.9859,0.9930,0.9867,0.9930,8.4,nan
763,3.44e-04,0.5252,0.9859,0.9930,0.9867,0.9930,8.4,nan
764,3.44e-04,0.6109,0.9930,0.9930,0.9933,0.9930,8.4,nan
765,3.44e-04,0.6746,0.9930,0.9930,0.9933,0.9930,8.6,nan
766,3.43e-04,0.5242,0.9859,0.9930,0.9867,0.9930,8.5,nan
767,3.43e-04,0.8304,0.9648,0.9930,0.9667,0.9930,8.4,nan
768,3.43e-04,0.7163,0.9859,0.9930,0.9867,0.9930,8.3,nan
769,3.42e-04,0.6757,0.9718,0.9930,0.9700,0.9930,8.4,nan
770,3.42e-04,0.6895,0.9859,0.9930,0.9867,0.9859,8.4,nan
771,3.42e-04,0.5311,0.9789,0.9930,0.9800,0.9859,8.4,nan
772,3.41e-04,1.0693,0.9789,0.9930,0.9800,0.9859,8.5,nan
773,3.41e-04,0.7546,0.9789,0.9930,0.9800,0.9859,8.7,nan
774,3.40e-04,0.9667,0.9648,0.9930,0.9667,0.9859,8.6,nan
775,3.40e-04,0.5241,0.9718,0.9930,0.9733,0.9859,8.4,nan
776,3.40e-04,0.5319,0.9718,0.9930,0.9733,0.9859,8.4,nan
777,3.39e-04,0.7568,0.9859,0.9930,0.9867,0.9859,8.4,nan
778,3.39e-04,0.5625,0.9859,0.9930,0.9867,0.9859,8.3,nan
779,3.39e-04,0.7423,0.9718,0.9930,0.9733,0.9859,8.3,nan
780,3.38e-04,0.8463,0.9718,0.9930,0.9733,0.9859,10.3,0.9750
781,3.38e-04,0.8477,0.9577,0.9930,0.9600,0.9859,8.4,nan
782,3.38e-04,0.7751,0.9718,0.9930,0.9733,0.9859,8.6,nan
783,3.37e-04,0.7705,0.9789,0.9930,0.9800,0.9859,8.5,nan
784,3.37e-04,0.7650,0.9789,0.9930,0.9800,0.9859,8.4,nan
785,3.36e-04,0.7222,0.9859,0.9930,0.9867,0.9859,8.4,nan
786,3.36e-04,0.7309,0.9859,0.9930,0.9867,0.9859,8.5,nan
787,3.36e-04,0.6306,0.9930,0.9930,0.9933,0.9859,8.5,nan
788,3.35e-04,0.7491,0.9930,0.9930,0.9933,0.9859,8.5,nan
789,3.35e-04,0.8064,0.9930,0.9930,0.9933,0.9859,8.4,nan
790,3.35e-04,0.9435,0.9859,0.9930,0.9833,0.9930,8.5,nan
791,3.34e-04,1.3907,0.9789,0.9930,0.9733,0.9930,8.4,nan
792,3.34e-04,0.6433,0.9930,0.9930,0.9933,0.9930,8.5,nan
793,3.33e-04,0.5983,0.9930,0.9930,0.9933,0.9930,8.4,nan
794,3.33e-04,0.5062,0.9859,0.9930,0.9867,0.9930,8.4,nan
795,3.33e-04,0.7213,0.9930,0.9930,0.9933,0.9930,8.4,nan
796,3.32e-04,0.5572,0.9930,0.9930,0.9933,0.9930,8.5,nan
797,3.32e-04,0.5573,0.9930,0.9930,0.9933,0.9930,8.8,nan
798,3.32e-04,0.6098,0.9930,0.9930,0.9933,0.9930,8.6,nan
799,3.31e-04,0.5217,0.9859,0.9930,0.9867,0.9930,8.3,nan
800,3.31e-04,0.6826,0.9789,0.9930,0.9800,0.9930,10.0,0.9800
801,3.31e-04,0.7869,0.9859,0.9930,0.9867,0.9930,8.4,nan
802,3.30e-04,0.7484,0.9789,0.9930,0.9800,0.9930,8.4,nan
803,3.30e-04,0.7117,0.9859,0.9930,0.9867,0.9930,8.6,nan
804,3.29e-04,0.8624,0.9859,0.9930,0.9867,0.9930,8.4,nan
805,3.29e-04,0.5557,0.9718,0.9930,0.9700,0.9930,8.5,nan
806,3.29e-04,0.5813,0.9718,0.9930,0.9733,0.9930,8.4,nan
807,3.28e-04,0.8644,0.9930,0.9930,0.9933,0.9930,8.6,nan
808,3.28e-04,1.0625,0.9930,0.9930,0.9933,0.9930,8.5,nan
809,3.28e-04,0.7714,0.9859,0.9930,0.9867,0.9930,8.3,nan
810,3.27e-04,0.5264,0.9859,0.9930,0.9867,0.9930,8.5,nan
811,3.27e-04,0.5192,0.9859,0.9930,0.9867,0.9930,8.6,nan
812,3.26e-04,0.4762,0.9859,0.9930,0.9867,0.9930,8.5,nan
813,3.26e-04,0.5135,0.9930,0.9930,0.9933,0.9930,8.4,nan
814,3.26e-04,0.6925,0.9859,0.9930,0.9867,0.9930,8.5,nan
815,3.25e-04,0.5465,0.9859,0.9930,0.9867,0.9930,8.4,nan
816,3.25e-04,0.7331,0.9789,0.9930,0.9800,0.9930,8.4,nan
817,3.25e-04,0.6123,0.9859,0.9930,0.9867,0.9930,8.6,nan
818,3.24e-04,0.9635,0.9789,0.9930,0.9767,0.9930,10.6,nan
819,3.24e-04,0.5943,0.9789,0.9930,0.9767,0.9930,10.2,nan
820,3.23e-04,0.6245,0.9859,0.9930,0.9867,0.9930,10.9,0.9750
821,3.23e-04,0.5538,0.9718,0.9930,0.9700,0.9930,9.2,nan
822,3.23e-04,0.6678,0.9718,0.9930,0.9733,0.9930,9.2,nan
823,3.22e-04,0.4775,0.9648,0.9930,0.9667,0.9930,9.5,nan
824,3.22e-04,0.8607,0.9718,0.9930,0.9733,0.9930,10.0,nan
825,3.22e-04,1.0150,0.9789,0.9930,0.9800,0.9859,10.2,nan
826,3.21e-04,0.9344,0.9789,0.9930,0.9767,0.9859,10.5,nan
827,3.21e-04,0.8214,0.9577,0.9930,0.9567,0.9859,10.9,nan
828,3.20e-04,0.8524,0.9718,0.9930,0.9733,0.9859,11.1,nan
829,3.20e-04,0.5335,0.9789,0.9930,0.9800,0.9859,10.7,nan
830,3.20e-04,0.8159,0.9789,0.9930,0.9767,0.9859,10.4,nan
831,3.19e-04,0.7010,0.9859,0.9930,0.9833,0.9859,9.9,nan
832,3.19e-04,0.6695,0.9859,0.9930,0.9833,0.9859,10.6,nan
833,3.19e-04,0.9969,0.9789,0.9930,0.9767,0.9859,10.0,nan
834,3.18e-04,0.7383,0.9789,0.9930,0.9767,0.9859,9.9,nan
835,3.18e-04,0.3987,0.9718,0.9930,0.9700,0.9859,10.1,nan
836,3.17e-04,0.6008,0.9789,0.9930,0.9800,0.9859,9.9,nan
837,3.17e-04,1.0006,0.9859,0.9930,0.9867,0.9859,9.9,nan
838,3.17e-04,0.6014,0.9859,0.9930,0.9867,0.9859,10.0,nan
839,3.16e-04,0.4656,0.9859,0.9930,0.9867,0.9859,10.0,nan
840,3.16e-04,0.6951,0.9718,0.9930,0.9733,0.9859,12.1,0.9800
841,3.16e-04,0.6138,0.9789,0.9930,0.9800,0.9859,11.7,nan
842,3.15e-04,0.6743,0.9789,0.9930,0.9800,0.9859,10.7,nan
843,3.15e-04,0.8210,0.9789,0.9930,0.9800,0.9859,10.7,nan
844,3.14e-04,0.9574,0.9789,0.9930,0.9800,0.9859,11.7,nan
845,3.14e-04,0.6637,0.9789,0.9859,0.9800,0.9859,11.7,nan
846,3.14e-04,0.5688,0.9859,0.9859,0.9867,0.9859,12.4,nan
847,3.13e-04,0.7588,0.9930,0.9930,0.9933,0.9859,9.9,nan
848,3.13e-04,0.8496,0.9859,0.9930,0.9867,0.9859,11.0,nan
849,3.12e-04,0.5153,0.9859,0.9930,0.9867,0.9859,10.4,nan
850,3.12e-04,0.8240,0.9789,0.9930,0.9800,0.9859,9.9,nan
851,3.12e-04,0.7818,0.9789,0.9930,0.9800,0.9859,9.9,nan
852,3.11e-04,0.6243,0.9859,0.9930,0.9867,0.9859,9.7,nan
853,3.11e-04,0.7019,0.9859,0.9930,0.9867,0.9859,9.9,nan
854,3.11e-04,0.7756,0.9859,0.9930,0.9867,0.9859,10.0,nan
855,3.10e-04,1.0785,0.9789,0.9930,0.9800,0.9859,9.8,nan
856,3.10e-04,0.7656,0.9859,0.9930,0.9867,0.9859,9.7,nan
857,3.09e-04,0.6259,0.9789,0.9930,0.9800,0.9859,10.8,nan
858,3.09e-04,0.8719,0.9648,0.9930,0.9667,0.9859,10.2,nan
859,3.09e-04,0.6204,0.9789,0.9930,0.9800,0.9859,9.9,nan
860,3.08e-04,0.6670,0.9789,0.9930,0.9800,0.9859,11.8,0.9700
861,3.08e-04,0.5652,0.9789,0.9930,0.9800,0.9859,9.7,nan
862,3.08e-04,0.6893,0.9789,0.9930,0.9800,0.9859,9.9,nan
863,3.07e-04,0.9309,0.9859,0.9930,0.9867,0.9859,9.8,nan
864,3.07e-04,0.6744,0.9859,0.9930,0.9867,0.9859,9.7,nan
865,3.06e-04,0.9184,0.9859,0.9930,0.9867,0.9859,10.0,nan
866,3.06e-04,0.9984,0.9859,0.9930,0.9867,0.9859,9.8,nan
867,3.06e-04,0.7874,0.9859,0.9930,0.9867,0.9859,10.0,nan
868,3.05e-04,0.5925,0.9718,0.9930,0.9733,0.9859,10.0,nan
869,3.05e-04,0.6423,0.9930,0.9930,0.9933,0.9859,9.8,nan
870,3.05e-04,0.5394,0.9930,0.9930,0.9933,0.9859,10.0,nan
871,3.04e-04,0.7862,0.9859,0.9930,0.9867,0.9859,10.2,nan
872,3.04e-04,0.5993,0.9789,0.9930,0.9800,0.9859,11.0,nan
873,3.03e-04,1.0205,0.9789,0.9930,0.9800,0.9859,11.0,nan
874,3.03e-04,0.6459,0.9859,0.9930,0.9867,0.9859,10.6,nan
875,3.03e-04,0.6965,0.9718,0.9930,0.9700,0.9859,11.6,nan
876,3.02e-04,0.6153,0.9789,0.9930,0.9800,0.9859,10.9,nan
877,3.02e-04,0.5642,0.9789,0.9930,0.9800,0.9859,11.1,nan
878,3.01e-04,1.0145,0.9718,0.9930,0.9700,0.9859,11.5,nan
879,3.01e-04,0.7101,0.9859,0.9930,0.9833,0.9859,11.4,nan
880,3.01e-04,0.8574,0.9789,0.9930,0.9767,0.9859,12.4,0.9850
881,3.00e-04,1.1817,0.9789,0.9930,0.9800,0.9859,10.3,nan
882,3.00e-04,0.8222,0.9718,0.9930,0.9733,0.9859,10.5,nan
883,3.00e-04,0.7861,0.9789,0.9930,0.9800,0.9859,10.4,nan
884,2.99e-04,0.4841,0.9859,0.9930,0.9867,0.9859,10.3,nan
885,2.99e-04,0.6555,0.9789,1.0000,0.9800,0.9859,10.1,nan
886,2.98e-04,0.6532,0.9789,1.0000,0.9800,0.9859,10.3,nan
887,2.98e-04,0.6082,0.9789,0.9930,0.9800,0.9859,10.7,nan
888,2.98e-04,0.4235,0.9859,0.9859,0.9867,0.9789,12.6,nan
889,2.97e-04,0.7824,0.9789,0.9930,0.9800,0.9789,11.1,nan
890,2.97e-04,0.9150,0.9789,0.9930,0.9800,0.9789,10.3,nan
891,2.96e-04,0.5008,0.9789,0.9930,0.9800,0.9789,9.5,nan
892,2.96e-04,0.9369,0.9577,0.9930,0.9533,0.9789,9.8,nan
893,2.96e-04,0.7143,0.9718,0.9930,0.9733,0.9789,10.0,nan
894,2.95e-04,0.9073,0.9577,0.9930,0.9567,0.9789,9.3,nan
895,2.95e-04,0.7690,0.9648,0.9930,0.9600,0.9789,9.4,nan
896,2.95e-04,0.8296,0.9648,0.9930,0.9600,0.9789,9.2,nan
897,2.94e-04,0.5990,0.9577,0.9930,0.9533,0.9789,9.1,nan
898,2.94e-04,0.7521,0.9718,0.9930,0.9733,0.9718,9.2,nan
899,2.93e-04,0.5693,0.9648,0.9859,0.9667,0.9718,9.1,nan
900,2.93e-04,0.9572,0.9648,0.9859,0.9633,0.9718,10.8,0.9900
901,2.93e-04,0.8110,0.9577,0.9930,0.9533,0.9718,9.1,nan
902,2.92e-04,0.7225,0.9577,0.9930,0.9567,0.9718,9.3,nan
903,2.92e-04,0.7832,0.9648,0.9930,0.9600,0.9718,9.3,nan
904,2.91e-04,0.5272,0.9577,0.9930,0.9533,0.9718,8.9,nan
905,2.91e-04,0.7068,0.9577,0.9930,0.9533,0.9789,9.0,nan
906,2.91e-04,0.6475,0.9718,0.9930,0.9733,0.9789,8.9,nan
907,2.90e-04,0.7241,0.9718,0.9930,0.9733,0.9789,9.2,nan
908,2.90e-04,0.7413,0.9789,0.9930,0.9800,0.9789,9.2,nan
909,2.90e-04,0.4296,0.9789,0.9930,0.9800,0.9789,9.1,nan
910,2.89e-04,0.6344,0.9789,0.9930,0.9800,0.9789,9.0,nan
911,2.89e-04,0.9887,0.9718,0.9930,0.9733,0.9789,9.1,nan
912,2.88e-04,1.0016,0.9718,0.9930,0.9700,0.9718,9.3,nan
913,2.88e-04,1.0274,0.9718,0.9930,0.9700,0.9718,9.4,nan
914,2.88e-04,0.8309,0.9789,0.9930,0.9767,0.9718,9.3,nan
915,2.87e-04,0.8577,0.9718,0.9930,0.9700,0.9789,9.3,nan
916,2.87e-04,0.5942,0.9789,0.9930,0.9767,0.9789,9.6,nan
917,2.86e-04,0.6834,0.9789,0.9930,0.9767,0.9859,9.2,nan
918,2.86e-04,0.7335,0.9789,0.9930,0.9767,0.9859,9.3,nan
919,2.86e-04,0.9295,0.9648,0.9930,0.9600,0.9859,9.4,nan
920,2.85e-04,0.5343,0.9577,0.9930,0.9533,0.9859,11.2,0.9850
921,2.85e-04,0.9028,0.9718,0.9930,0.9700,0.9859,9.4,nan
922,2.84e-04,0.6893,0.9859,0.9930,0.9867,0.9859,9.3,nan
923,2.84e-04,0.6304,0.9789,0.9930,0.9767,0.9859,9.3,nan
924,2.84e-04,0.8623,0.9718,1.0000,0.9667,0.9859,9.2,nan
925,2.83e-04,0.7274,0.9718,1.0000,0.9667,0.9859,9.2,nan
926,2.83e-04,0.7704,0.9648,0.9930,0.9600,0.9789,10.3,nan
927,2.83e-04,0.8250,0.9648,0.9930,0.9600,0.9789,10.4,nan
928,2.82e-04,0.6431,0.9789,0.9930,0.9767,0.9789,11.6,nan
929,2.82e-04,0.5366,0.9789,1.0000,0.9767,0.9789,11.7,nan
930,2.81e-04,0.6986,0.9648,1.0000,0.9600,0.9789,11.7,nan
931,2.81e-04,0.7965,0.9648,1.0000,0.9600,0.9789,11.4,nan
932,2.81e-04,0.6883,0.9648,1.0000,0.9600,0.9789,11.1,nan
933,2.80e-04,0.4867,0.9859,0.9930,0.9867,0.9789,9.4,nan
934,2.80e-04,0.8095,0.9789,0.9930,0.9800,0.9789,9.1,nan
935,2.79e-04,0.6902,0.9718,1.0000,0.9733,0.9789,9.0,nan
936,2.79e-04,0.7329,0.9859,1.0000,0.9867,0.9789,9.2,nan
937,2.79e-04,0.7859,0.9789,1.0000,0.9733,0.9789,9.4,nan
938,2.78e-04,0.6586,0.9718,1.0000,0.9700,0.9789,9.3,nan
939,2.78e-04,0.6627,0.9859,0.9930,0.9867,0.9789,9.0,nan
940,2.78e-04,0.8856,0.9859,0.9930,0.9867,0.9789,11.0,0.9750
941,2.77e-04,0.6883,0.9859,0.9930,0.9867,0.9789,9.5,nan
942,2.77e-04,0.9564,0.9718,0.9930,0.9700,0.9789,8.8,nan
943,2.76e-04,1.0420,0.9859,0.9930,0.9867,0.9789,9.2,nan
944,2.76e-04,0.5609,0.9789,0.9930,0.9800,0.9789,9.1,nan
945,2.76e-04,0.7117,0.9789,0.9930,0.9800,0.9859,8.9,nan
946,2.75e-04,0.8984,0.9718,0.9930,0.9733,0.9859,8.9,nan
947,2.75e-04,0.6112,0.9718,0.9930,0.9733,0.9789,8.9,nan
948,2.74e-04,0.7560,0.9789,0.9930,0.9800,0.9789,9.2,nan
949,2.74e-04,0.8761,0.9648,0.9930,0.9600,0.9789,9.0,nan
950,2.74e-04,0.9114,0.9859,0.9930,0.9867,0.9789,8.9,nan
951,2.73e-04,0.9085,0.9859,0.9930,0.9867,0.9789,8.9,nan
952,2.73e-04,0.6310,0.9859,0.9930,0.9867,0.9859,8.9,nan
953,2.72e-04,0.6176,0.9789,0.9930,0.9800,0.9859,8.9,nan
954,2.72e-04,0.6384,0.9789,0.9930,0.9800,0.9859,8.9,nan
955,2.72e-04,0.6916,0.9789,0.9930,0.9800,0.9859,8.9,nan
956,2.71e-04,0.9475,0.9789,0.9930,0.9800,0.9859,9.2,nan
957,2.71e-04,0.8128,0.9789,0.9930,0.9800,0.9859,9.0,nan
958,2.70e-04,0.5757,0.9718,0.9930,0.9733,0.9859,9.0,nan
959,2.70e-04,0.6066,0.9718,0.9930,0.9733,0.9859,9.0,nan
960,2.70e-04,0.7024,0.9718,0.9930,0.9733,0.9859,10.8,0.9850
961,2.69e-04,0.4413,0.9718,0.9930,0.9733,0.9859,9.0,nan
962,2.69e-04,0.8118,0.9718,0.9930,0.9733,0.9859,9.1,nan
963,2.69e-04,0.9241,0.9648,0.9930,0.9633,0.9789,8.9,nan
964,2.68e-04,0.9162,0.9718,0.9930,0.9733,0.9789,8.9,nan
965,2.68e-04,0.5587,0.9789,0.9930,0.9800,0.9789,9.1,nan
966,2.67e-04,0.9981,0.9789,0.9930,0.9800,0.9859,8.9,nan
967,2.67e-04,0.6363,0.9718,0.9930,0.9700,0.9859,8.9,nan
968,2.67e-04,0.8609,0.9718,0.9930,0.9700,0.9789,9.1,nan
969,2.66e-04,0.7473,0.9789,0.9930,0.9800,0.9789,9.0,nan
970,2.66e-04,0.7978,0.9789,0.9930,0.9800,0.9789,9.1,nan
971,2.65e-04,0.4795,0.9859,0.9930,0.9867,0.9789,8.9,nan
972,2.65e-04,0.8334,0.9859,0.9930,0.9867,0.9789,8.9,nan
973,2.65e-04,0.7690,0.9718,0.9930,0.9733,0.9859,8.8,nan
974,2.64e-04,0.7905,0.9859,0.9930,0.9867,0.9859,8.9,nan
975,2.64e-04,0.6415,0.9859,0.9930,0.9867,0.9859,9.2,nan
976,2.63e-04,0.5324,0.9859,0.9930,0.9867,0.9859,9.0,nan
977,2.63e-04,0.7978,0.9859,0.9930,0.9867,0.9859,9.0,nan
978,2.63e-04,0.5768,0.9859,0.9930,0.9867,0.9859,8.9,nan
979,2.62e-04,0.7082,0.9859,0.9930,0.9867,0.9859,9.0,nan
980,2.62e-04,0.5183,0.9859,0.9930,0.9867,0.9859,10.8,0.9850
981,2.62e-04,0.8393,0.9859,0.9930,0.9867,0.9859,9.0,nan
982,2.61e-04,0.7242,0.9789,0.9930,0.9800,0.9859,8.9,nan
983,2.61e-04,0.6152,0.9789,0.9930,0.9800,0.9859,8.9,nan
984,2.60e-04,0.8273,0.9789,0.9930,0.9800,0.9859,9.0,nan
985,2.60e-04,0.5135,0.9789,0.9930,0.9800,0.9859,9.1,nan
986,2.60e-04,0.8303,0.9789,0.9930,0.9800,0.9859,9.1,nan
987,2.59e-04,0.8141,0.9789,0.9930,0.9800,0.9859,9.2,nan
988,2.59e-04,0.4271,0.9789,1.0000,0.9800,0.9859,11.0,nan
989,2.58e-04,0.6300,0.9859,1.0000,0.9867,0.9859,11.6,nan
990,2.58e-04,0.7707,0.9859,1.0000,0.9867,0.9859,11.6,nan
991,2.58e-04,0.5731,0.9859,0.9930,0.9867,0.9859,11.4,nan
992,2.57e-04,0.9044,0.9789,0.9930,0.9800,0.9859,11.5,nan
993,2.57e-04,0.5362,0.9718,0.9930,0.9733,0.9859,9.7,nan
994,2.56e-04,0.7341,0.9718,0.9930,0.9733,0.9859,9.2,nan
995,2.56e-04,0.5944,0.9789,0.9930,0.9800,0.9789,9.6,nan
996,2.56e-04,0.9124,0.9789,0.9930,0.9800,0.9789,10.1,nan
997,2.55e-04,0.7206,0.9789,0.9930,0.9800,0.9789,11.7,nan
998,2.55e-04,0.6513,0.9789,0.9930,0.9800,0.9789,11.3,nan
999,2.54e-04,0.4653,0.9859,0.9930,0.9867,0.9789,11.6,nan
1000,2.54e-04,0.7406,0.9789,0.9930,0.9800,0.9789,13.8,0.9800
1001,2.54e-04,0.8141,0.9789,0.9930,0.9800,0.9789,10.1,nan
1002,2.53e-04,0.6300,0.9789,0.9930,0.9800,0.9789,8.9,nan
1003,2.53e-04,1.0960,0.9718,0.9930,0.9733,0.9789,9.0,nan
1004,2.53e-04,0.5692,0.9789,0.9930,0.9800,0.9789,9.1,nan
1005,2.52e-04,0.6423,0.9789,0.9930,0.9800,0.9789,9.0,nan
1006,2.52e-04,0.6312,0.9789,0.9930,0.9800,0.9789,9.1,nan
1007,2.51e-04,0.6883,0.9789,0.9930,0.9800,0.9789,8.9,nan
1008,2.51e-04,0.8062,0.9789,0.9930,0.9800,0.9789,9.5,nan
1009,2.51e-04,0.6294,0.9789,0.9930,0.9800,0.9789,10.7,nan
1010,2.50e-04,0.7720,0.9789,0.9930,0.9800,0.9789,11.5,nan
1011,2.50e-04,0.8999,0.9789,0.9930,0.9800,0.9789,11.4,nan
1012,2.49e-04,0.6224,0.9789,0.9930,0.9800,0.9789,11.5,nan
1013,2.49e-04,0.4681,0.9789,0.9930,0.9800,0.9789,11.6,nan
1014,2.49e-04,0.6982,0.9789,0.9930,0.9800,0.9789,9.8,nan
1015,2.48e-04,0.7097,0.9859,0.9930,0.9867,0.9789,9.1,nan
1016,2.48e-04,0.7205,0.9859,0.9930,0.9867,0.9789,9.0,nan
1017,2.47e-04,0.7650,0.9718,0.9930,0.9733,0.9789,9.0,nan
1018,2.47e-04,0.6648,0.9718,0.9930,0.9733,0.9789,9.1,nan
1019,2.47e-04,0.6047,0.9789,0.9930,0.9800,0.9859,8.9,nan
1020,2.46e-04,0.6022,0.9789,0.9930,0.9800,0.9859,10.8,0.9850
1021,2.46e-04,0.8109,0.9789,0.9930,0.9800,0.9859,9.1,nan
1022,2.46e-04,0.9953,0.9789,0.9930,0.9800,0.9859,9.1,nan
1023,2.45e-04,0.7222,0.9789,0.9930,0.9800,0.9859,8.9,nan
1024,2.45e-04,0.9405,0.9789,0.9930,0.9800,0.9859,8.9,nan
1025,2.44e-04,0.5627,0.9789,0.9930,0.9800,0.9789,9.1,nan
1026,2.44e-04,0.6940,0.9789,0.9930,0.9800,0.9789,8.9,nan
1027,2.44e-04,0.5953,0.9789,0.9930,0.9800,0.9789,8.9,nan
1028,2.43e-04,0.6887,0.9789,0.9930,0.9800,0.9789,9.1,nan
1029,2.43e-04,0.7652,0.9859,0.9930,0.9867,0.9789,8.8,nan
1030,2.42e-04,0.7579,0.9859,0.9930,0.9867,0.9789,8.9,nan
1031,2.42e-04,0.6713,0.9859,0.9930,0.9867,0.9789,9.0,nan
1032,2.42e-04,0.6766,0.9789,0.9930,0.9800,0.9789,9.2,nan
1033,2.41e-04,0.6436,0.9859,0.9930,0.9867,0.9859,8.9,nan
1034,2.41e-04,0.7638,0.9859,0.9930,0.9867,0.9859,8.9,nan
1035,2.40e-04,0.6193,0.9859,0.9930,0.9867,0.9859,8.9,nan
1036,2.40e-04,0.7279,0.9789,0.9930,0.9800,0.9859,8.9,nan
1037,2.40e-04,0.9020,0.9718,0.9930,0.9733,0.9859,9.0,nan
1038,2.39e-04,0.4956,0.9789,0.9930,0.9800,0.9859,9.0,nan
1039,2.39e-04,0.5649,0.9789,1.0000,0.9800,0.9859,9.0,nan
1040,2.38e-04,1.2651,0.9789,1.0000,0.9800,0.9859,10.7,0.9800
1041,2.38e-04,0.7150,0.9789,0.9930,0.9800,0.9789,9.1,nan
1042,2.38e-04,0.8757,0.9718,0.9930,0.9733,0.9789,9.0,nan
1043,2.37e-04,0.6125,0.9718,0.9930,0.9733,0.9859,8.8,nan
1044,2.37e-04,0.8234,0.9648,0.9930,0.9667,0.9859,9.0,nan
1045,2.37e-04,0.8742,0.9648,0.9930,0.9667,0.9859,9.1,nan
1046,2.36e-04,0.8092,0.9789,0.9930,0.9800,0.9859,9.0,nan
1047,2.36e-04,0.5172,0.9789,0.9930,0.9800,0.9789,9.0,nan
1048,2.35e-04,0.6943,0.9859,0.9930,0.9867,0.9789,8.9,nan
1049,2.35e-04,0.7837,0.9859,0.9930,0.9867,0.9789,9.4,nan
1050,2.35e-04,1.0256,0.9930,0.9930,0.9933,0.9789,9.0,nan
1051,2.34e-04,0.6655,0.9859,0.9930,0.9867,0.9789,9.1,nan
1052,2.34e-04,0.8588,0.9718,0.9930,0.9733,0.9859,9.1,nan
1053,2.33e-04,0.7793,0.9789,0.9930,0.9800,0.9859,9.2,nan
1054,2.33e-04,0.7237,0.9789,0.9930,0.9800,0.9859,8.9,nan
1055,2.33e-04,0.5827,0.9789,0.9930,0.9800,0.9859,9.0,nan
1056,2.32e-04,0.8717,0.9789,0.9930,0.9800,0.9859,9.0,nan
1057,2.32e-04,0.7751,0.9789,0.9930,0.9800,0.9859,9.1,nan
1058,2.31e-04,0.6139,0.9859,0.9930,0.9867,0.9859,8.9,nan
1059,2.31e-04,0.5526,0.9859,0.9930,0.9867,0.9859,9.0,nan
1060,2.31e-04,0.4898,0.9789,0.9930,0.9800,0.9859,10.8,0.9850
1061,2.30e-04,0.6777,0.9789,0.9930,0.9800,0.9859,9.1,nan
1062,2.30e-04,0.9769,0.9789,0.9930,0.9800,0.9859,9.0,nan
1063,2.30e-04,0.8928,0.9789,0.9930,0.9800,0.9859,9.0,nan
1064,2.29e-04,0.8267,0.9718,0.9930,0.9733,0.9859,8.8,nan
1065,2.29e-04,1.0724,0.9789,0.9930,0.9800,0.9859,8.9,nan
1066,2.28e-04,0.7793,0.9718,0.9930,0.9733,0.9859,8.9,nan
1067,2.28e-04,0.6161,0.9789,0.9930,0.9800,0.9859,9.1,nan
1068,2.28e-04,0.8968,0.9859,0.9930,0.9867,0.9859,9.1,nan
1069,2.27e-04,0.3715,0.9859,0.9930,0.9867,0.9859,9.0,nan
1070,2.27e-04,0.7062,0.9859,0.9930,0.9867,0.9859,8.9,nan
1071,2.26e-04,0.6722,0.9789,0.9930,0.9800,0.9789,8.9,nan
1072,2.26e-04,0.6011,0.9789,0.9930,0.9800,0.9789,9.0,nan
1073,2.26e-04,0.7098,0.9789,0.9930,0.9800,0.9789,9.0,nan
1074,2.25e-04,0.7748,0.9789,0.9930,0.9800,0.9789,9.1,nan
1075,2.25e-04,0.4869,0.9718,0.9930,0.9733,0.9789,8.9,nan
1076,2.24e-04,0.9247,0.9789,0.9930,0.9800,0.9789,9.1,nan
1077,2.24e-04,0.9532,0.9789,0.9930,0.9800,0.9789,9.0,nan
1078,2.24e-04,0.6994,0.9859,0.9930,0.9867,0.9789,9.1,nan
1079,2.23e-04,0.9956,0.9718,0.9930,0.9733,0.9789,9.6,nan
1080,2.23e-04,0.5710,0.9789,0.9930,0.9800,0.9789,10.9,0.9850
1081,2.23e-04,1.1715,0.9789,0.9930,0.9800,0.9789,9.1,nan
1082,2.22e-04,0.5918,0.9718,0.9930,0.9733,0.9789,9.0,nan
1083,2.22e-04,0.4185,0.9789,0.9930,0.9800,0.9789,9.1,nan
1084,2.21e-04,0.6289,0.9718,0.9930,0.9733,0.9789,9.1,nan
1085,2.21e-04,0.7712,0.9718,0.9930,0.9733,0.9789,8.9,nan
1086,2.21e-04,0.9049,0.9648,0.9930,0.9667,0.9789,9.2,nan
1087,2.20e-04,0.7744,0.9718,0.9930,0.9733,0.9789,8.8,nan
1088,2.20e-04,0.7098,0.9789,0.9930,0.9800,0.9789,9.0,nan
1089,2.19e-04,0.8519,0.9789,0.9930,0.9800,0.9789,9.1,nan
1090,2.19e-04,0.6147,0.9789,0.9930,0.9800,0.9789,9.0,nan
1091,2.19e-04,0.6832,0.9859,0.9930,0.9867,0.9789,9.1,nan
1092,2.18e-04,0.9822,0.9789,0.9930,0.9800,0.9789,9.2,nan
1093,2.18e-04,0.5549,0.9859,0.9930,0.9867,0.9859,9.1,nan
1094,2.17e-04,0.5928,0.9859,0.9930,0.9867,0.9859,9.0,nan
1095,2.17e-04,0.7201,0.9789,0.9930,0.9800,0.9859,9.1,nan
1096,2.17e-04,0.8036,0.9718,0.9930,0.9733,0.9859,9.0,nan
1097,2.16e-04,0.6980,0.9718,0.9930,0.9733,0.9859,8.9,nan
1098,2.16e-04,0.5352,0.9789,0.9930,0.9800,0.9789,8.9,nan
1099,2.16e-04,0.6195,0.9789,0.9930,0.9800,0.9789,9.0,nan
1100,2.15e-04,0.7252,0.9789,0.9930,0.9800,0.9789,10.8,0.9850
1101,2.15e-04,0.6009,0.9789,0.9930,0.9800,0.9789,8.9,nan
1102,2.14e-04,0.4810,0.9718,0.9930,0.9733,0.9789,9.0,nan
1103,2.14e-04,0.7772,0.9718,0.9930,0.9733,0.9789,9.0,nan
1104,2.14e-04,0.6404,0.9718,0.9930,0.9733,0.9789,9.0,nan
1105,2.13e-04,0.4793,0.9789,0.9930,0.9800,0.9789,9.1,nan
1106,2.13e-04,0.4686,0.9859,0.9930,0.9867,0.9789,9.0,nan
1107,2.12e-04,0.8363,0.9859,0.9930,0.9867,0.9789,9.0,nan
1108,2.12e-04,0.8715,0.9859,0.9930,0.9867,0.9789,8.9,nan
1109,2.12e-04,0.6514,0.9859,0.9930,0.9867,0.9859,9.0,nan
1110,2.11e-04,0.8209,0.9859,0.9930,0.9867,0.9859,9.1,nan
1111,2.11e-04,0.5424,0.9859,0.9930,0.9867,0.9859,9.0,nan
1112,2.11e-04,0.8190,0.9859,0.9930,0.9867,0.9859,9.1,nan
1113,2.10e-04,0.8998,0.9859,0.9930,0.9867,0.9859,9.2,nan
1114,2.10e-04,0.8389,0.9789,0.9930,0.9800,0.9859,9.1,nan
1115,2.09e-04,0.4973,0.9789,0.9930,0.9800,0.9859,9.5,nan
1116,2.09e-04,0.6887,0.9789,0.9930,0.9800,0.9859,9.4,nan
1117,2.09e-04,0.7646,0.9718,0.9930,0.9733,0.9859,9.0,nan
1118,2.08e-04,0.7389,0.9718,0.9930,0.9733,0.9789,9.2,nan
1119,2.08e-04,0.7169,0.9789,0.9930,0.9800,0.9789,8.9,nan
1120,2.07e-04,0.7072,0.9789,0.9930,0.9800,0.9789,10.9,0.9850
1121,2.07e-04,0.9564,0.9718,0.9930,0.9733,0.9789,8.8,nan
1122,2.07e-04,0.6974,0.9718,0.9930,0.9733,0.9789,8.9,nan
1123,2.06e-04,0.7182,0.9718,0.9930,0.9733,0.9789,9.0,nan
1124,2.06e-04,0.4908,0.9718,0.9930,0.9733,0.9789,8.9,nan
1125,2.06e-04,0.6541,0.9718,0.9930,0.9733,0.9789,8.9,nan
1126,2.05e-04,0.9143,0.9789,0.9930,0.9800,0.9789,9.0,nan
1127,2.05e-04,0.6088,0.9859,0.9930,0.9867,0.9789,9.0,nan
1128,2.04e-04,0.6080,0.9859,0.9930,0.9867,0.9789,9.0,nan
1129,2.04e-04,0.7188,0.9789,0.9930,0.9800,0.9859,8.9,nan
1130,2.04e-04,0.6921,0.9789,0.9930,0.9800,0.9859,9.0,nan
1131,2.03e-04,0.8352,0.9789,0.9930,0.9800,0.9859,9.0,nan
1132,2.03e-04,0.5044,0.9859,0.9930,0.9867,0.9859,9.0,nan
1133,2.02e-04,0.5462,0.9859,0.9930,0.9867,0.9859,8.9,nan
1134,2.02e-04,0.7055,0.9859,0.9930,0.9867,0.9859,8.9,nan
1135,2.02e-04,0.8028,0.9789,0.9930,0.9800,0.9859,8.9,nan
1136,2.01e-04,0.7861,0.9789,0.9930,0.9800,0.9859,9.0,nan
1137,2.01e-04,0.7106,0.9789,0.9930,0.9800,0.9859,9.1,nan
1138,2.01e-04,0.6227,0.9718,0.9930,0.9733,0.9859,8.9,nan
1139,2.00e-04,1.1342,0.9718,0.9930,0.9733,0.9859,9.1,nan
1140,2.00e-04,0.7415,0.9859,0.9930,0.9867,0.9859,10.7,0.9850
1141,1.99e-04,0.6473,0.9718,0.9930,0.9733,0.9859,9.0,nan
1142,1.99e-04,0.8214,0.9718,0.9930,0.9733,0.9859,9.0,nan
1143,1.99e-04,0.7639,0.9789,0.9930,0.9800,0.9859,8.9,nan
1144,1.98e-04,0.6109,0.9789,0.9930,0.9800,0.9859,8.9,nan
1145,1.98e-04,0.6832,0.9789,0.9930,0.9800,0.9859,9.1,nan
1146,1.98e-04,0.8734,0.9789,0.9930,0.9800,0.9789,9.1,nan
1147,1.97e-04,0.6859,0.9789,0.9930,0.9800,0.9789,8.9,nan
1148,1.97e-04,0.6868,0.9789,0.9930,0.9800,0.9789,9.1,nan
1149,1.96e-04,0.4224,0.9789,0.9930,0.9800,0.9789,9.0,nan
1150,1.96e-04,0.4216,0.9789,0.9930,0.9800,0.9789,9.1,nan
1151,1.96e-04,0.6340,0.9789,0.9930,0.9800,0.9789,9.0,nan
1152,1.95e-04,0.7368,0.9789,0.9930,0.9800,0.9789,8.9,nan
1153,1.95e-04,1.2174,0.9789,0.9930,0.9800,0.9789,8.9,nan
1154,1.94e-04,0.7533,0.9577,0.9930,0.9533,0.9789,8.9,nan
1155,1.94e-04,0.5730,0.9577,0.9930,0.9533,0.9789,8.9,nan
1156,1.94e-04,0.5006,0.9577,0.9930,0.9533,0.9789,9.0,nan
1157,1.93e-04,0.8949,0.9648,0.9930,0.9600,0.9789,9.0,nan
1158,1.93e-04,0.5729,0.9718,0.9930,0.9700,0.9789,8.7,nan
1159,1.93e-04,0.7916,0.9789,0.9930,0.9800,0.9789,9.0,nan
1160,1.92e-04,0.8386,0.9789,0.9930,0.9800,0.9789,10.7,0.9850
1161,1.92e-04,0.5977,0.9789,0.9930,0.9800,0.9789,9.1,nan
1162,1.91e-04,0.5108,0.9789,0.9930,0.9800,0.9789,9.0,nan
1163,1.91e-04,0.6024,0.9718,0.9930,0.9733,0.9789,9.2,nan
1164,1.91e-04,0.6681,0.9718,0.9930,0.9733,0.9789,8.9,nan
1165,1.90e-04,0.7389,0.9789,0.9930,0.9800,0.9789,9.0,nan
1166,1.90e-04,0.5748,0.9718,0.9930,0.9700,0.9789,8.9,nan
1167,1.90e-04,0.7248,0.9789,0.9930,0.9800,0.9789,8.9,nan
1168,1.89e-04,0.5760,0.9789,0.9930,0.9800,0.9789,9.1,nan
1169,1.89e-04,0.7650,0.9789,0.9930,0.9800,0.9789,9.0,nan
1170,1.88e-04,0.8548,0.9789,0.9930,0.9800,0.9789,8.8,nan
1171,1.88e-04,0.7935,0.9789,0.9930,0.9800,0.9789,9.4,nan
1172,1.88e-04,0.5980,0.9789,0.9930,0.9800,0.9789,8.6,nan
1173,1.87e-04,0.5034,0.9859,0.9930,0.9867,0.9789,8.5,nan
1174,1.87e-04,0.5684,0.9789,0.9930,0.9800,0.9789,8.5,nan
1175,1.87e-04,0.8838,0.9718,0.9930,0.9733,0.9789,8.8,nan
1176,1.86e-04,0.6184,0.9718,0.9930,0.9733,0.9789,8.6,nan
1177,1.86e-04,0.6487,0.9789,0.9930,0.9800,0.9789,8.6,nan
1178,1.85e-04,0.8147,0.9789,0.9930,0.9800,0.9789,9.1,nan
1179,1.85e-04,0.8329,0.9789,0.9930,0.9800,0.9789,8.5,nan
1180,1.85e-04,0.5054,0.9859,0.9930,0.9867,0.9789,11.5,0.9850
1181,1.84e-04,0.6188,0.9859,0.9930,0.9867,0.9789,9.4,nan
1182,1.84e-04,0.8564,0.9789,0.9930,0.9800,0.9789,8.7,nan
1183,1.84e-04,0.7117,0.9789,0.9930,0.9800,0.9789,9.4,nan
1184,1.83e-04,0.8686,0.9789,0.9930,0.9800,0.9789,9.5,nan
1185,1.83e-04,0.7462,0.9789,0.9930,0.9800,0.9789,10.2,nan
1186,1.82e-04,0.9597,0.9718,0.9930,0.9733,0.9789,10.4,nan
1187,1.82e-04,0.7911,0.9789,0.9930,0.9800,0.9789,10.1,nan
1188,1.82e-04,0.4496,0.9789,0.9930,0.9800,0.9789,9.4,nan
1189,1.81e-04,0.6901,0.9789,0.9930,0.9800,0.9789,9.1,nan
1190,1.81e-04,0.6820,0.9789,0.9930,0.9800,0.9789,10.5,nan
1191,1.81e-04,0.7668,0.9789,0.9930,0.9800,0.9789,9.6,nan
1192,1.80e-04,0.5914,0.9789,0.9930,0.9800,0.9789,10.0,nan
1193,1.80e-04,0.6068,0.9789,0.9930,0.9800,0.9789,9.4,nan
1194,1.79e-04,0.6325,0.9789,0.9930,0.9800,0.9789,8.9,nan
1195,1.79e-04,0.9627,0.9789,0.9930,0.9800,0.9789,8.9,nan
1196,1.79e-04,0.7342,0.9789,0.9930,0.9800,0.9789,8.8,nan
1197,1.78e-04,0.6643,0.9789,0.9930,0.9800,0.9789,8.8,nan
1198,1.78e-04,0.3688,0.9718,0.9930,0.9733,0.9789,8.4,nan
1199,1.78e-04,0.6671,0.9718,0.9930,0.9733,0.9789,8.3,nan
1200,1.77e-04,0.5096,0.9718,0.9930,0.9733,0.9789,10.3,0.9850
1201,1.77e-04,0.5593,0.9789,0.9930,0.9800,0.9789,8.4,nan
1202,1.76e-04,0.8225,0.9789,0.9930,0.9800,0.9789,8.5,nan
1203,1.76e-04,0.8520,0.9789,0.9930,0.9800,0.9789,8.6,nan
1204,1.76e-04,0.6539,0.9789,0.9930,0.9800,0.9789,8.6,nan
1205,1.75e-04,0.6333,0.9789,0.9930,0.9800,0.9789,8.5,nan
1206,1.75e-04,0.5824,0.9789,0.9930,0.9800,0.9789,8.4,nan
1207,1.75e-04,0.7386,0.9789,0.9930,0.9800,0.9789,8.7,nan
1208,1.74e-04,0.7433,0.9789,0.9930,0.9800,0.9789,8.6,nan
1209,1.74e-04,0.7974,0.9789,0.9930,0.9800,0.9789,8.6,nan
1210,1.73e-04,0.7617,0.9789,0.9930,0.9800,0.9789,8.5,nan
1211,1.73e-04,0.5492,0.9789,0.9930,0.9800,0.9789,8.4,nan
1212,1.73e-04,0.5986,0.9789,0.9930,0.9800,0.9789,8.5,nan
1213,1.72e-04,0.9188,0.9789,0.9930,0.9800,0.9789,8.5,nan
1214,1.72e-04,0.6051,0.9789,0.9930,0.9800,0.9789,8.4,nan
1215,1.72e-04,0.7373,0.9789,0.9930,0.9800,0.9789,8.6,nan
1216,1.71e-04,0.9056,0.9789,0.9930,0.9800,0.9789,8.3,nan
1217,1.71e-04,0.6112,0.9789,0.9930,0.9800,0.9789,8.5,nan
1218,1.71e-04,0.6041,0.9789,0.9930,0.9800,0.9789,8.4,nan
1219,1.70e-04,0.5964,0.9859,0.9930,0.9867,0.9789,8.4,nan
1220,1.70e-04,0.3964,0.9789,0.9930,0.9800,0.9789,10.2,0.9850
1221,1.69e-04,0.4378,0.9789,0.9930,0.9800,0.9789,8.4,nan
1222,1.69e-04,0.5872,0.9789,0.9930,0.9800,0.9789,8.3,nan
1223,1.69e-04,0.5429,0.9789,0.9930,0.9800,0.9789,8.4,nan
1224,1.68e-04,0.8490,0.9859,0.9930,0.9867,0.9789,8.5,nan
1225,1.68e-04,0.6744,0.9789,0.9930,0.9800,0.9789,8.4,nan
1226,1.68e-04,0.7121,0.9789,0.9930,0.9800,0.9789,8.4,nan
1227,1.67e-04,0.7386,0.9789,0.9930,0.9800,0.9789,8.4,nan
1228,1.67e-04,0.6809,0.9789,0.9930,0.9800,0.9789,8.4,nan
1229,1.66e-04,0.7078,0.9789,0.9930,0.9800,0.9789,8.6,nan
1230,1.66e-04,0.9310,0.9718,0.9930,0.9733,0.9789,8.4,nan
1231,1.66e-04,0.6869,0.9718,0.9930,0.9733,0.9789,8.6,nan
1232,1.65e-04,0.5625,0.9718,0.9930,0.9733,0.9789,8.9,nan
1233,1.65e-04,0.8893,0.9789,0.9930,0.9800,0.9789,8.7,nan
1234,1.65e-04,0.8463,0.9789,0.9930,0.9800,0.9789,8.5,nan
1235,1.64e-04,0.5878,0.9789,0.9930,0.9800,0.9789,8.5,nan
1236,1.64e-04,0.5631,0.9789,0.9930,0.9800,0.9789,8.5,nan
1237,1.64e-04,0.6064,0.9718,0.9930,0.9733,0.9789,8.5,nan
1238,1.63e-04,0.7654,0.9718,0.9930,0.9733,0.9789,8.6,nan
1239,1.63e-04,0.6361,0.9789,0.9930,0.9800,0.9789,8.6,nan
1240,1.62e-04,0.5089,0.9789,0.9930,0.9800,0.9789,10.3,0.9800
1241,1.62e-04,0.7681,0.9718,0.9930,0.9733,0.9789,8.7,nan
1242,1.62e-04,0.6736,0.9789,0.9930,0.9800,0.9789,8.5,nan
1243,1.61e-04,0.6625,0.9789,0.9930,0.9800,0.9789,8.5,nan
1244,1.61e-04,0.6791,0.9789,0.9930,0.9800,0.9789,8.6,nan
1245,1.61e-04,0.4260,0.9789,0.9930,0.9800,0.9789,8.8,nan
1246,1.60e-04,0.9137,0.9789,0.9930,0.9800,0.9789,8.5,nan
1247,1.60e-04,0.5875,0.9789,0.9930,0.9800,0.9789,8.6,nan
1248,1.60e-04,0.8993,0.9789,0.9930,0.9800,0.9789,8.5,nan
1249,1.59e-04,0.6157,0.9789,0.9930,0.9800,0.9789,8.6,nan
1250,1.59e-04,0.8340,0.9789,0.9930,0.9800,0.9789,8.5,nan
1251,1.58e-04,0.5956,0.9789,0.9930,0.9800,0.9789,8.3,nan
1252,1.58e-04,0.8761,0.9789,0.9930,0.9800,0.9789,8.9,nan
1253,1.58e-04,0.6976,0.9859,0.9930,0.9867,0.9789,8.8,nan
1254,1.57e-04,0.7916,0.9859,0.9930,0.9867,0.9789,8.6,nan
1255,1.57e-04,0.7298,0.9789,0.9930,0.9800,0.9789,8.6,nan
1256,1.57e-04,0.9735,0.9789,0.9930,0.9800,0.9789,8.8,nan
1257,1.56e-04,0.5274,0.9859,0.9930,0.9867,0.9789,8.5,nan
1258,1.56e-04,0.7346,0.9859,0.9930,0.9867,0.9789,8.6,nan
1259,1.56e-04,0.4944,0.9859,0.9930,0.9867,0.9789,8.8,nan
1260,1.55e-04,0.6286,0.9859,0.9930,0.9867,0.9789,10.6,0.9850
1261,1.55e-04,0.6372,0.9789,0.9930,0.9800,0.9789,8.6,nan
1262,1.54e-04,0.8590,0.9859,0.9930,0.9867,0.9859,8.6,nan
1263,1.54e-04,0.7613,0.9859,0.9930,0.9867,0.9859,8.6,nan
1264,1.54e-04,0.8497,0.9859,0.9930,0.9867,0.9859,8.6,nan
1265,1.53e-04,0.9786,0.9859,0.9930,0.9867,0.9859,8.5,nan
1266,1.53e-04,0.5769,0.9859,0.9930,0.9867,0.9859,8.8,nan
1267,1.53e-04,0.3060,0.9789,0.9930,0.9800,0.9859,8.8,nan
1268,1.52e-04,0.6346,0.9789,0.9930,0.9800,0.9859,8.7,nan
1269,1.52e-04,0.6225,0.9789,0.9930,0.9800,0.9859,8.5,nan
1270,1.52e-04,0.4451,0.9859,0.9930,0.9867,0.9859,8.7,nan
1271,1.51e-04,0.7527,0.9859,0.9930,0.9867,0.9859,8.6,nan
1272,1.51e-04,0.9969,0.9859,0.9930,0.9867,0.9859,8.6,nan
1273,1.51e-04,0.8264,0.9789,0.9930,0.9800,0.9859,8.6,nan
1274,1.50e-04,0.9776,0.9859,0.9930,0.9867,0.9859,8.5,nan
1275,1.50e-04,0.7571,0.9859,0.9930,0.9867,0.9859,8.6,nan
1276,1.49e-04,0.4835,0.9859,0.9930,0.9867,0.9859,8.9,nan
1277,1.49e-04,0.9970,0.9859,0.9930,0.9867,0.9859,10.5,nan
1278,1.49e-04,0.7292,0.9859,0.9930,0.9867,0.9859,12.2,nan
1279,1.48e-04,0.7819,0.9859,0.9930,0.9867,0.9859,12.0,nan
1280,1.48e-04,0.4678,0.9859,0.9930,0.9867,0.9859,13.0,0.9850
1281,1.48e-04,0.8110,0.9859,0.9930,0.9867,0.9859,10.9,nan
1282,1.47e-04,0.7945,0.9859,0.9930,0.9867,0.9859,12.5,nan
1283,1.47e-04,0.8073,0.9859,0.9930,0.9867,0.9859,11.9,nan
1284,1.47e-04,0.4758,0.9859,0.9930,0.9867,0.9859,11.8,nan
1285,1.46e-04,0.8840,0.9789,0.9930,0.9800,0.9859,10.7,nan
1286,1.46e-04,0.7846,0.9859,0.9930,0.9867,0.9859,11.8,nan
1287,1.46e-04,0.5844,0.9789,0.9930,0.9800,0.9859,10.9,nan
1288,1.45e-04,0.6286,0.9859,0.9930,0.9867,0.9859,11.5,nan
1289,1.45e-04,0.6581,0.9859,0.9930,0.9867,0.9859,11.6,nan
1290,1.45e-04,0.6627,0.9859,0.9930,0.9867,0.9859,11.2,nan
1291,1.44e-04,0.5316,0.9859,0.9930,0.9867,0.9859,11.7,nan
1292,1.44e-04,0.6926,0.9859,0.9930,0.9867,0.9859,11.6,nan
1293,1.43e-04,0.7226,0.9789,0.9930,0.9800,0.9859,10.4,nan
1294,1.43e-04,0.4288,0.9789,0.9930,0.9800,0.9859,9.4,nan
1295,1.43e-04,0.8224,0.9859,0.9930,0.9867,0.9859,11.4,nan
1296,1.42e-04,0.7742,0.9859,0.9930,0.9867,0.9859,11.6,nan
1297,1.42e-04,0.5417,0.9859,0.9930,0.9867,0.9859,10.6,nan
1298,1.42e-04,0.5721,0.9859,0.9930,0.9867,0.9859,11.9,nan
1299,1.41e-04,0.7228,0.9859,0.9930,0.9867,0.9859,11.4,nan
1300,1.41e-04,0.7545,0.9859,0.9930,0.9867,0.9859,13.4,0.9850
1301,1.41e-04,0.9436,0.9789,0.9930,0.9800,0.9859,11.0,nan
1302,1.40e-04,0.6492,0.9789,0.9930,0.9800,0.9859,12.6,nan
1303,1.40e-04,0.8301,0.9789,0.9930,0.9800,0.9859,13.1,nan
1304,1.40e-04,0.5283,0.9789,0.9930,0.9800,0.9859,10.5,nan
1305,1.39e-04,0.6134,0.9789,0.9930,0.9800,0.9859,10.3,nan
1306,1.39e-04,0.7058,0.9789,0.9930,0.9800,0.9859,9.2,nan
1307,1.39e-04,0.9245,0.9789,0.9930,0.9800,0.9859,10.0,nan
1308,1.38e-04,0.6080,0.9789,0.9930,0.9800,0.9859,9.5,nan
1309,1.38e-04,0.5102,0.9789,0.9930,0.9800,0.9789,11.5,nan
1310,1.38e-04,0.6863,0.9789,0.9930,0.9800,0.9789,10.9,nan
1311,1.37e-04,0.7778,0.9859,0.9930,0.9867,0.9789,10.0,nan
1312,1.37e-04,0.6941,0.9859,0.9930,0.9867,0.9789,9.4,nan
1313,1.37e-04,0.7147,0.9789,0.9930,0.9800,0.9789,9.5,nan
1314,1.36e-04,0.8235,0.9789,0.9930,0.9800,0.9789,9.6,nan
1315,1.36e-04,0.4035,0.9789,0.9930,0.9800,0.9789,9.0,nan
1316,1.35e-04,0.5647,0.9789,0.9930,0.9800,0.9789,9.1,nan
1317,1.35e-04,0.8108,0.9789,0.9930,0.9800,0.9789,9.5,nan
1318,1.35e-04,0.8034,0.9789,0.9930,0.9800,0.9789,10.6,nan
1319,1.34e-04,0.7657,0.9789,0.9930,0.9800,0.9789,12.7,nan
1320,1.34e-04,0.6866,0.9789,0.9930,0.9800,0.9789,15.0,0.9800
1321,1.34e-04,0.5862,0.9789,0.9930,0.9800,0.9789,10.5,nan
1322,1.33e-04,0.6194,0.9789,0.9930,0.9800,0.9789,10.3,nan
1323,1.33e-04,0.7527,0.9789,0.9930,0.9800,0.9789,11.0,nan
1324,1.33e-04,0.7372,0.9789,0.9930,0.9800,0.9789,10.5,nan
1325,1.32e-04,0.5470,0.9789,0.9930,0.9800,0.9789,12.5,nan
1326,1.32e-04,0.7350,0.9789,0.9930,0.9800,0.9789,10.2,nan
1327,1.32e-04,0.5463,0.9859,0.9930,0.9867,0.9789,10.9,nan
1328,1.31e-04,0.6424,0.9859,0.9930,0.9867,0.9789,10.5,nan
1329,1.31e-04,0.6978,0.9859,0.9930,0.9867,0.9789,10.8,nan
1330,1.31e-04,0.4576,0.9859,0.9930,0.9867,0.9789,10.6,nan
1331,1.30e-04,0.4413,0.9859,0.9930,0.9867,0.9789,10.5,nan
1332,1.30e-04,0.8537,0.9859,0.9930,0.9867,0.9789,10.6,nan
1333,1.30e-04,0.8147,0.9859,0.9930,0.9867,0.9789,10.8,nan
1334,1.29e-04,0.6345,0.9859,0.9930,0.9867,0.9789,10.6,nan
1335,1.29e-04,0.6525,0.9859,0.9930,0.9867,0.9789,10.6,nan
1336,1.29e-04,0.6669,0.9859,0.9930,0.9867,0.9859,11.7,nan
1337,1.28e-04,0.8874,0.9859,0.9930,0.9867,0.9859,11.0,nan
1338,1.28e-04,0.7153,0.9789,0.9930,0.9800,0.9859,10.8,nan
1339,1.28e-04,0.8264,0.9789,0.9930,0.9800,0.9859,10.9,nan
1340,1.27e-04,0.8570,0.9789,0.9930,0.9800,0.9789,13.0,0.9850
1341,1.27e-04,0.5572,0.9789,0.9930,0.9800,0.9789,9.9,nan
1342,1.27e-04,0.6687,0.9789,0.9930,0.9800,0.9789,9.2,nan
1343,1.26e-04,0.5774,0.9789,0.9930,0.9800,0.9789,9.1,nan
1344,1.26e-04,1.0881,0.9789,0.9930,0.9800,0.9789,8.9,nan
1345,1.26e-04,0.7511,0.9789,0.9930,0.9800,0.9789,9.3,nan
1346,1.25e-04,0.6592,0.9789,0.9930,0.9800,0.9789,10.3,nan
1347,1.25e-04,0.8751,0.9789,0.9930,0.9800,0.9789,11.4,nan
1348,1.25e-04,0.6685,0.9789,0.9930,0.9800,0.9789,11.0,nan
1349,1.24e-04,0.9673,0.9789,0.9930,0.9800,0.9789,10.3,nan
1350,1.24e-04,0.7457,0.9789,0.9930,0.9800,0.9789,10.6,nan
1351,1.24e-04,0.7271,0.9789,0.9930,0.9800,0.9789,10.5,nan
1352,1.23e-04,0.6504,0.9789,0.9930,0.9800,0.9789,10.5,nan
1353,1.23e-04,0.5950,0.9789,0.9930,0.9800,0.9789,10.7,nan
1354,1.23e-04,0.5615,0.9789,0.9930,0.9800,0.9789,11.2,nan
1355,1.22e-04,0.7807,0.9718,0.9930,0.9733,0.9789,10.3,nan
1356,1.22e-04,0.6843,0.9718,0.9930,0.9733,0.9789,10.5,nan
1357,1.22e-04,0.9763,0.9789,0.9930,0.9800,0.9789,10.2,nan
1358,1.21e-04,0.7619,0.9789,0.9930,0.9800,0.9789,10.2,nan
1359,1.21e-04,0.6324,0.9789,0.9930,0.9800,0.9789,10.3,nan
1360,1.21e-04,0.7005,0.9789,0.9930,0.9800,0.9789,12.5,0.9850
1361,1.20e-04,0.5174,0.9789,0.9930,0.9800,0.9789,10.2,nan
1362,1.20e-04,0.6817,0.9789,0.9930,0.9800,0.9789,10.1,nan
1363,1.20e-04,0.6580,0.9789,0.9930,0.9800,0.9789,10.3,nan
1364,1.19e-04,0.4465,0.9789,0.9930,0.9800,0.9789,10.1,nan
1365,1.19e-04,0.4542,0.9789,0.9930,0.9800,0.9789,10.1,nan
1366,1.19e-04,1.0212,0.9789,0.9930,0.9800,0.9789,10.1,nan
1367,1.18e-04,0.4702,0.9789,0.9930,0.9800,0.9789,10.2,nan
1368,1.18e-04,0.7369,0.9789,0.9930,0.9800,0.9789,10.2,nan
1369,1.18e-04,0.5044,0.9789,0.9930,0.9800,0.9789,10.7,nan
1370,1.17e-04,0.5231,0.9789,0.9930,0.9800,0.9789,10.5,nan
1371,1.17e-04,0.4782,0.9789,0.9930,0.9800,0.9789,10.2,nan
1372,1.17e-04,0.6048,0.9789,0.9930,0.9800,0.9789,10.1,nan
1373,1.16e-04,0.6596,0.9789,0.9930,0.9800,0.9789,10.4,nan
1374,1.16e-04,0.4639,0.9789,0.9930,0.9800,0.9789,10.3,nan
1375,1.16e-04,0.9909,0.9789,0.9930,0.9800,0.9789,10.2,nan
1376,1.15e-04,0.7345,0.9718,0.9930,0.9733,0.9789,10.2,nan
1377,1.15e-04,0.7606,0.9648,0.9930,0.9667,0.9789,10.4,nan
1378,1.15e-04,0.8090,0.9789,0.9930,0.9800,0.9789,10.5,nan
1379,1.14e-04,1.0993,0.9789,0.9930,0.9800,0.9789,10.3,nan
1380,1.14e-04,0.6440,0.9789,0.9930,0.9800,0.9789,12.6,0.9850
1381,1.14e-04,0.5891,0.9789,0.9930,0.9800,0.9789,11.0,nan
1382,1.13e-04,0.5353,0.9789,0.9930,0.9800,0.9789,10.6,nan
1383,1.13e-04,0.6052,0.9789,0.9930,0.9800,0.9789,10.4,nan
1384,1.13e-04,0.6117,0.9789,0.9930,0.9800,0.9789,10.7,nan
1385,1.12e-04,0.7526,0.9789,0.9930,0.9800,0.9789,10.5,nan
1386,1.12e-04,1.0723,0.9789,0.9930,0.9800,0.9789,10.6,nan
1387,1.12e-04,0.7211,0.9789,0.9930,0.9800,0.9789,10.2,nan
1388,1.12e-04,0.6139,0.9789,0.9930,0.9800,0.9789,10.2,nan
1389,1.11e-04,0.7535,0.9789,0.9930,0.9800,0.9789,10.3,nan
1390,1.11e-04,0.4600,0.9789,0.9930,0.9800,0.9789,10.3,nan
1391,1.11e-04,0.7419,0.9789,0.9930,0.9800,0.9789,10.2,nan
1392,1.10e-04,0.8448,0.9789,0.9930,0.9800,0.9789,10.5,nan
1393,1.10e-04,0.8599,0.9789,0.9930,0.9800,0.9789,10.4,nan
1394,1.10e-04,0.7547,0.9789,0.9930,0.9800,0.9789,10.4,nan
1395,1.09e-04,0.8701,0.9859,0.9930,0.9867,0.9789,10.2,nan
1396,1.09e-04,0.5464,0.9859,0.9930,0.9867,0.9789,10.3,nan
1397,1.09e-04,0.6372,0.9789,0.9930,0.9800,0.9789,10.1,nan
1398,1.08e-04,0.6947,0.9789,0.9930,0.9800,0.9789,10.1,nan
1399,1.08e-04,0.6465,0.9718,0.9930,0.9733,0.9789,10.0,nan
1400,1.08e-04,0.9307,0.9718,0.9930,0.9733,0.9789,12.1,0.9850
1401,1.07e-04,0.5803,0.9789,0.9930,0.9800,0.9789,10.4,nan
1402,1.07e-04,0.5356,0.9789,0.9930,0.9800,0.9789,10.1,nan
1403,1.07e-04,0.4795,0.9789,0.9930,0.9800,0.9789,10.1,nan
1404,1.06e-04,0.7754,0.9789,0.9930,0.9800,0.9789,10.0,nan
1405,1.06e-04,0.4805,0.9789,0.9930,0.9800,0.9789,10.8,nan
1406,1.06e-04,0.7086,0.9859,0.9930,0.9867,0.9789,11.6,nan
1407,1.05e-04,0.6198,0.9789,0.9930,0.9800,0.9789,11.8,nan
1408,1.05e-04,0.7738,0.9789,0.9930,0.9800,0.9789,11.3,nan
1409,1.05e-04,0.8215,0.9859,0.9930,0.9867,0.9789,11.0,nan
1410,1.05e-04,0.5935,0.9859,0.9930,0.9867,0.9789,10.7,nan
1411,1.04e-04,0.3810,0.9859,0.9930,0.9867,0.9789,11.4,nan
1412,1.04e-04,0.7974,0.9859,0.9930,0.9867,0.9789,10.8,nan
1413,1.04e-04,0.4733,0.9789,0.9930,0.9800,0.9789,11.1,nan
1414,1.03e-04,0.6108,0.9718,0.9930,0.9733,0.9789,11.1,nan
1415,1.03e-04,0.5808,0.9718,0.9930,0.9733,0.9789,11.3,nan
1416,1.03e-04,0.4993,0.9718,0.9930,0.9733,0.9789,12.1,nan
1417,1.02e-04,0.7878,0.9789,0.9930,0.9800,0.9789,12.7,nan
1418,1.02e-04,0.7420,0.9789,0.9930,0.9800,0.9789,11.3,nan
1419,1.02e-04,0.8729,0.9789,0.9930,0.9800,0.9789,13.6,nan
1420,1.01e-04,0.6120,0.9789,0.9930,0.9800,0.9789,14.1,0.9800
1421,1.01e-04,0.5742,0.9789,0.9930,0.9800,0.9789,10.8,nan
1422,1.01e-04,0.6746,0.9789,0.9930,0.9800,0.9789,9.4,nan
1423,1.00e-04,0.6596,0.9789,0.9930,0.9800,0.9789,10.5,nan
1424,1.00e-04,0.5591,0.9789,0.9930,0.9800,0.9789,10.1,nan
1425,9.99e-05,0.4758,0.9789,0.9930,0.9800,0.9789,8.8,nan
1426,9.96e-05,0.7852,0.9789,0.9930,0.9800,0.9789,8.9,nan
1427,9.93e-05,0.6043,0.9789,0.9930,0.9800,0.9789,8.8,nan
1428,9.90e-05,0.5708,0.9789,0.9930,0.9800,0.9789,8.8,nan
1429,9.87e-05,0.6048,0.9789,0.9930,0.9800,0.9789,8.8,nan
1430,9.83e-05,0.8819,0.9789,0.9930,0.9800,0.9789,8.8,nan
1431,9.80e-05,0.5766,0.9789,0.9930,0.9800,0.9789,9.1,nan
1432,9.77e-05,0.4701,0.9789,0.9930,0.9800,0.9789,8.8,nan
1433,9.74e-05,0.8484,0.9789,0.9930,0.9800,0.9789,8.7,nan
1434,9.71e-05,0.6755,0.9789,0.9930,0.9800,0.9789,8.7,nan
1435,9.68e-05,0.4218,0.9789,0.9930,0.9800,0.9789,8.9,nan
1436,9.65e-05,0.6073,0.9789,0.9930,0.9800,0.9789,8.9,nan
1437,9.62e-05,0.7440,0.9789,0.9930,0.9800,0.9789,8.9,nan
1438,9.59e-05,0.6475,0.9789,0.9930,0.9800,0.9789,9.1,nan
1439,9.56e-05,0.6573,0.9789,0.9930,0.9800,0.9789,9.1,nan
1440,9.53e-05,0.4650,0.9718,0.9930,0.9733,0.9789,10.7,0.9800
1441,9.50e-05,0.5577,0.9789,0.9930,0.9800,0.9789,8.9,nan
1442,9.47e-05,0.7318,0.9789,0.9930,0.9800,0.9789,8.9,nan
1443,9.44e-05,0.7938,0.9789,0.9930,0.9800,0.9789,8.8,nan
1444,9.41e-05,0.7390,0.9789,0.9930,0.9800,0.9789,8.7,nan
1445,9.38e-05,0.5519,0.9789,0.9930,0.9800,0.9789,8.8,nan
1446,9.35e-05,0.5365,0.9789,0.9930,0.9800,0.9789,8.9,nan
1447,9.32e-05,0.5726,0.9789,0.9930,0.9800,0.9789,8.9,nan
1448,9.29e-05,0.8110,0.9789,0.9930,0.9800,0.9789,8.8,nan
1449,9.26e-05,0.5102,0.9789,0.9930,0.9800,0.9789,8.8,nan
1450,9.23e-05,1.0465,0.9789,0.9930,0.9800,0.9789,8.9,nan
1451,9.20e-05,0.7117,0.9789,0.9930,0.9800,0.9789,9.1,nan
1452,9.17e-05,0.8655,0.9789,0.9930,0.9800,0.9789,8.8,nan
1453,9.14e-05,0.5695,0.9789,0.9930,0.9800,0.9789,8.9,nan
1454,9.11e-05,0.9919,0.9789,0.9930,0.9800,0.9789,8.8,nan
1455,9.08e-05,0.4169,0.9789,0.9930,0.9800,0.9789,8.9,nan
1456,9.05e-05,0.7370,0.9859,0.9930,0.9867,0.9789,8.8,nan
1457,9.02e-05,0.7380,0.9859,0.9930,0.9867,0.9789,8.8,nan
1458,8.99e-05,0.8596,0.9859,0.9930,0.9867,0.9789,9.0,nan
1459,8.96e-05,0.9035,0.9859,0.9930,0.9867,0.9789,8.8,nan
1460,8.94e-05,0.8382,0.9718,0.9930,0.9733,0.9789,10.8,0.9850
1461,8.91e-05,0.5354,0.9789,0.9930,0.9800,0.9789,8.8,nan
1462,8.88e-05,0.8027,0.9789,0.9930,0.9800,0.9789,8.8,nan
1463,8.85e-05,0.6111,0.9789,0.9930,0.9800,0.9789,8.7,nan
1464,8.82e-05,0.5851,0.9789,0.9930,0.9800,0.9789,8.8,nan
1465,8.79e-05,0.6348,0.9789,0.9930,0.9800,0.9789,8.9,nan
1466,8.76e-05,0.9830,0.9789,0.9930,0.9800,0.9789,9.0,nan
1467,8.73e-05,0.5433,0.9789,0.9930,0.9800,0.9789,8.8,nan
1468,8.70e-05,0.5912,0.9789,0.9930,0.9800,0.9789,8.7,nan
1469,8.67e-05,0.8336,0.9789,0.9930,0.9800,0.9789,8.9,nan
1470,8.64e-05,0.7117,0.9789,0.9930,0.9800,0.9789,8.8,nan
1471,8.61e-05,0.9084,0.9789,0.9930,0.9800,0.9789,8.8,nan
1472,8.59e-05,0.5768,0.9789,0.9930,0.9800,0.9789,9.2,nan
1473,8.56e-05,0.6142,0.9789,0.9930,0.9800,0.9789,8.9,nan
1474,8.53e-05,0.6185,0.9789,0.9930,0.9800,0.9789,9.2,nan
1475,8.50e-05,0.4940,0.9789,0.9930,0.9800,0.9789,9.1,nan
1476,8.47e-05,0.5699,0.9859,0.9930,0.9867,0.9789,8.9,nan
1477,8.44e-05,0.7409,0.9789,0.9930,0.9800,0.9789,9.0,nan
1478,8.41e-05,0.8691,0.9859,0.9930,0.9867,0.9789,9.1,nan
1479,8.38e-05,0.4258,0.9789,0.9930,0.9800,0.9789,9.0,nan
1480,8.36e-05,0.6430,0.9789,0.9930,0.9800,0.9789,11.2,0.9850
1481,8.33e-05,0.5703,0.9789,0.9930,0.9800,0.9789,9.0,nan
1482,8.30e-05,0.8043,0.9789,0.9930,0.9800,0.9789,9.1,nan
1483,8.27e-05,0.6880,0.9789,0.9930,0.9800,0.9789,9.2,nan
1484,8.24e-05,0.3104,0.9789,0.9930,0.9800,0.9789,9.0,nan
1485,8.21e-05,0.6671,0.9789,0.9930,0.9800,0.9789,9.0,nan
1486,8.19e-05,0.6169,0.9789,0.9930,0.9800,0.9789,9.1,nan
1487,8.16e-05,0.7919,0.9789,0.9930,0.9800,0.9789,8.9,nan
1488,8.13e-05,0.7223,0.9789,0.9930,0.9800,0.9789,8.9,nan
1489,8.10e-05,0.6457,0.9789,0.9930,0.9800,0.9789,8.9,nan
1490,8.07e-05,0.5128,0.9789,0.9930,0.9800,0.9789,8.9,nan
1491,8.04e-05,0.7665,0.9789,0.9930,0.9800,0.9789,9.1,nan
1492,8.02e-05,0.8646,0.9789,0.9930,0.9800,0.9789,9.4,nan
1493,7.99e-05,0.7468,0.9789,0.9930,0.9800,0.9789,9.3,nan
1494,7.96e-05,0.5457,0.9789,0.9930,0.9800,0.9789,9.3,nan
1495,7.93e-05,0.5043,0.9789,0.9930,0.9800,0.9789,9.1,nan
1496,7.90e-05,0.7640,0.9789,0.9930,0.9800,0.9789,8.8,nan
1497,7.88e-05,0.6689,0.9789,0.9930,0.9800,0.9789,9.2,nan
1498,7.85e-05,0.7071,0.9789,0.9930,0.9800,0.9789,8.9,nan
1499,7.82e-05,0.5838,0.9789,0.9930,0.9800,0.9789,8.9,nan
1500,7.79e-05,0.7979,0.9789,0.9930,0.9800,0.9789,10.9,0.9850
1501,7.77e-05,0.8546,0.9789,0.9930,0.9800,0.9789,9.0,nan
1502,7.74e-05,0.5991,0.9789,0.9930,0.9800,0.9789,8.9,nan
1503,7.71e-05,0.8193,0.9789,0.9930,0.9800,0.9789,9.5,nan
1504,7.68e-05,0.6159,0.9789,0.9930,0.9800,0.9789,9.0,nan
1505,7.66e-05,0.3206,0.9718,0.9930,0.9733,0.9789,9.0,nan
1506,7.63e-05,0.6054,0.9718,0.9930,0.9733,0.9789,9.3,nan
1507,7.60e-05,0.5046,0.9789,0.9930,0.9800,0.9789,8.8,nan
1508,7.57e-05,1.0675,0.9789,0.9930,0.9800,0.9789,9.0,nan
1509,7.55e-05,0.6395,0.9789,0.9930,0.9800,0.9789,9.0,nan
1510,7.52e-05,0.7632,0.9789,0.9930,0.9800,0.9789,8.9,nan
1511,7.49e-05,0.4848,0.9789,0.9930,0.9800,0.9789,9.0,nan
1512,7.46e-05,0.7934,0.9789,0.9930,0.9800,0.9789,9.0,nan
1513,7.44e-05,0.6859,0.9789,0.9930,0.9800,0.9789,9.0,nan
1514,7.41e-05,0.7299,0.9789,0.9930,0.9800,0.9789,8.9,nan
1515,7.38e-05,0.8407,0.9718,0.9930,0.9733,0.9789,8.9,nan
1516,7.36e-05,0.6931,0.9789,0.9930,0.9800,0.9789,9.1,nan
1517,7.33e-05,0.6589,0.9789,0.9930,0.9800,0.9789,9.1,nan
1518,7.30e-05,0.2678,0.9789,0.9930,0.9800,0.9789,8.9,nan
1519,7.28e-05,0.6254,0.9789,0.9930,0.9800,0.9789,9.1,nan
1520,7.25e-05,0.5679,0.9789,0.9930,0.9800,0.9789,10.7,0.9850
1521,7.22e-05,0.5039,0.9789,0.9930,0.9800,0.9789,8.8,nan
1522,7.19e-05,1.0954,0.9718,0.9930,0.9733,0.9789,9.0,nan
1523,7.17e-05,0.5766,0.9718,0.9930,0.9733,0.9789,9.0,nan
1524,7.14e-05,0.5961,0.9789,0.9930,0.9800,0.9789,8.9,nan
1525,7.11e-05,0.7026,0.9789,0.9930,0.9800,0.9789,9.0,nan
1526,7.09e-05,0.5851,0.9789,0.9930,0.9800,0.9789,8.9,nan
1527,7.06e-05,0.4342,0.9789,0.9930,0.9800,0.9789,9.0,nan
1528,7.04e-05,0.7137,0.9789,0.9930,0.9800,0.9789,8.9,nan
1529,7.01e-05,0.4420,0.9789,0.9930,0.9800,0.9789,9.1,nan
1530,6.98e-05,0.9081,0.9789,0.9930,0.9800,0.9789,9.1,nan
1531,6.96e-05,0.7486,0.9789,0.9930,0.9800,0.9789,8.9,nan
1532,6.93e-05,0.7268,0.9789,0.9930,0.9800,0.9789,9.2,nan
1533,6.90e-05,0.5089,0.9789,0.9930,0.9800,0.9789,9.1,nan
1534,6.88e-05,0.6647,0.9789,0.9930,0.9800,0.9789,8.8,nan
1535,6.85e-05,0.5228,0.9789,0.9930,0.9800,0.9789,9.0,nan
1536,6.82e-05,0.8012,0.9789,0.9930,0.9800,0.9789,9.0,nan
1537,6.80e-05,0.7410,0.9789,0.9930,0.9800,0.9789,8.8,nan
1538,6.77e-05,0.8447,0.9789,0.9930,0.9800,0.9789,9.0,nan
1539,6.75e-05,0.9184,0.9789,0.9930,0.9800,0.9789,9.1,nan
1540,6.72e-05,0.6038,0.9789,0.9930,0.9800,0.9789,11.2,0.9850
1541,6.70e-05,0.5891,0.9789,0.9930,0.9800,0.9789,9.1,nan
1542,6.67e-05,0.5874,0.9789,0.9930,0.9800,0.9789,9.1,nan
1543,6.64e-05,0.8698,0.9789,0.9930,0.9800,0.9789,8.9,nan
1544,6.62e-05,0.4908,0.9789,0.9930,0.9800,0.9789,9.3,nan
1545,6.59e-05,0.6586,0.9789,0.9930,0.9800,0.9789,9.1,nan
1546,6.57e-05,0.6659,0.9789,0.9930,0.9800,0.9789,8.9,nan
1547,6.54e-05,0.5472,0.9789,0.9930,0.9800,0.9789,9.6,nan
1548,6.52e-05,0.7693,0.9789,0.9930,0.9800,0.9789,9.3,nan
1549,6.49e-05,0.4416,0.9789,0.9930,0.9800,0.9789,9.7,nan
1550,6.46e-05,0.6073,0.9789,0.9930,0.9800,0.9789,11.9,nan
1551,6.44e-05,0.9412,0.9789,0.9930,0.9800,0.9789,10.8,nan
1552,6.41e-05,0.5633,0.9718,0.9930,0.9733,0.9789,10.2,nan
1553,6.39e-05,0.4955,0.9789,0.9930,0.9800,0.9789,10.4,nan
1554,6.36e-05,0.5642,0.9789,0.9930,0.9800,0.9789,10.8,nan
1555,6.34e-05,0.6072,0.9789,0.9930,0.9800,0.9789,10.0,nan
1556,6.31e-05,0.6738,0.9789,0.9930,0.9800,0.9789,10.3,nan
1557,6.29e-05,0.7880,0.9789,0.9930,0.9800,0.9789,9.8,nan
1558,6.26e-05,0.6937,0.9789,0.9930,0.9800,0.9789,9.4,nan
1559,6.24e-05,0.7132,0.9789,0.9930,0.9800,0.9789,9.3,nan
1560,6.21e-05,0.6697,0.9789,0.9930,0.9800,0.9789,11.4,0.9850
1561,6.19e-05,0.9118,0.9789,0.9930,0.9800,0.9789,9.2,nan
1562,6.16e-05,0.7749,0.9789,0.9930,0.9800,0.9789,9.5,nan
1563,6.14e-05,0.6007,0.9789,0.9930,0.9800,0.9789,9.4,nan
1564,6.11e-05,0.7235,0.9789,0.9930,0.9800,0.9789,9.6,nan
1565,6.09e-05,0.6986,0.9789,0.9930,0.9800,0.9789,10.0,nan
1566,6.06e-05,0.6046,0.9789,0.9930,0.9800,0.9789,9.7,nan
1567,6.04e-05,0.6011,0.9789,0.9930,0.9800,0.9789,9.3,nan
1568,6.01e-05,0.6065,0.9789,0.9930,0.9800,0.9789,10.9,nan
1569,5.99e-05,0.8207,0.9789,0.9930,0.9800,0.9789,10.7,nan
1570,5.96e-05,0.6221,0.9789,0.9930,0.9800,0.9789,12.2,nan
1571,5.94e-05,0.6830,0.9789,0.9930,0.9800,0.9789,10.6,nan
1572,5.92e-05,0.6227,0.9789,0.9930,0.9800,0.9789,9.3,nan
1573,5.89e-05,0.7402,0.9789,0.9930,0.9800,0.9789,8.9,nan
1574,5.87e-05,0.5868,0.9789,0.9930,0.9800,0.9789,8.9,nan
1575,5.84e-05,0.7403,0.9789,0.9930,0.9800,0.9789,8.9,nan
1576,5.82e-05,0.6629,0.9789,0.9930,0.9800,0.9789,8.8,nan
1577,5.79e-05,0.6189,0.9789,0.9930,0.9800,0.9789,8.9,nan
1578,5.77e-05,0.7737,0.9789,0.9930,0.9800,0.9789,10.2,nan
1579,5.75e-05,0.5889,0.9789,0.9930,0.9800,0.9789,12.0,nan
1580,5.72e-05,0.8804,0.9789,0.9930,0.9800,0.9789,12.1,0.9850
1581,5.70e-05,0.8477,0.9789,0.9930,0.9800,0.9789,9.8,nan
1582,5.67e-05,0.6209,0.9789,0.9930,0.9800,0.9789,9.3,nan
1583,5.65e-05,0.7542,0.9789,0.9930,0.9800,0.9789,9.1,nan
1584,5.63e-05,0.6525,0.9789,0.9930,0.9800,0.9789,9.5,nan
1585,5.60e-05,0.7903,0.9789,0.9930,0.9800,0.9789,9.2,nan
1586,5.58e-05,0.3528,0.9789,0.9930,0.9800,0.9789,13.1,nan
1587,5.56e-05,0.7750,0.9789,0.9930,0.9800,0.9789,11.3,nan
1588,5.53e-05,0.7287,0.9789,0.9930,0.9800,0.9789,10.8,nan
1589,5.51e-05,0.3849,0.9789,0.9930,0.9800,0.9789,9.0,nan
1590,5.48e-05,0.8172,0.9789,0.9930,0.9800,0.9789,9.0,nan
1591,5.46e-05,0.6001,0.9789,0.9930,0.9800,0.9789,8.9,nan
1592,5.44e-05,0.5465,0.9789,0.9930,0.9800,0.9789,8.6,nan
1593,5.41e-05,0.5580,0.9789,0.9930,0.9800,0.9789,8.9,nan
1594,5.39e-05,0.5601,0.9789,0.9930,0.9800,0.9789,8.7,nan
1595,5.37e-05,0.6626,0.9789,0.9930,0.9800,0.9789,9.0,nan
1596,5.34e-05,0.7150,0.9789,0.9930,0.9800,0.9789,8.7,nan
1597,5.32e-05,0.7618,0.9789,0.9930,0.9800,0.9789,8.7,nan
1598,5.30e-05,0.5549,0.9789,0.9930,0.9800,0.9789,9.0,nan
1599,5.28e-05,0.8323,0.9789,0.9930,0.9800,0.9789,8.9,nan
1600,5.25e-05,0.7803,0.9789,0.9930,0.9800,0.9789,11.0,0.9850
1601,5.23e-05,0.6714,0.9789,0.9930,0.9800,0.9789,9.1,nan
1602,5.21e-05,0.6004,0.9789,0.9930,0.9800,0.9789,9.2,nan
1603,5.18e-05,0.6533,0.9789,0.9930,0.9800,0.9789,8.8,nan
1604,5.16e-05,0.5476,0.9789,0.9930,0.9800,0.9789,9.0,nan
1605,5.14e-05,0.5749,0.9789,0.9930,0.9800,0.9789,8.8,nan
1606,5.11e-05,0.6051,0.9789,0.9930,0.9800,0.9789,8.8,nan
1607,5.09e-05,0.7379,0.9789,0.9930,0.9800,0.9789,8.9,nan
1608,5.07e-05,0.4374,0.9789,0.9930,0.9800,0.9789,8.9,nan
1609,5.05e-05,0.4987,0.9789,0.9930,0.9800,0.9789,8.7,nan
1610,5.02e-05,0.7980,0.9789,0.9930,0.9800,0.9789,8.8,nan
1611,5.00e-05,0.8475,0.9789,0.9930,0.9800,0.9789,8.7,nan
1612,4.98e-05,0.5915,0.9789,0.9930,0.9800,0.9789,8.9,nan
1613,4.96e-05,0.6507,0.9789,0.9930,0.9800,0.9789,8.9,nan
1614,4.93e-05,0.6434,0.9789,0.9930,0.9800,0.9789,8.7,nan
1615,4.91e-05,0.6013,0.9789,0.9930,0.9800,0.9789,8.9,nan
1616,4.89e-05,0.5003,0.9789,0.9930,0.9800,0.9789,8.9,nan
1617,4.87e-05,0.6647,0.9789,0.9930,0.9800,0.9789,8.7,nan
1618,4.85e-05,0.8994,0.9789,0.9930,0.9800,0.9789,8.8,nan
1619,4.82e-05,0.5780,0.9789,0.9930,0.9800,0.9789,8.8,nan
1620,4.80e-05,0.5518,0.9789,0.9930,0.9800,0.9789,10.7,0.9850
1621,4.78e-05,0.8017,0.9789,0.9930,0.9800,0.9789,8.8,nan
1622,4.76e-05,0.6927,0.9789,0.9930,0.9800,0.9789,9.0,nan
1623,4.74e-05,0.6036,0.9789,0.9930,0.9800,0.9789,8.6,nan
1624,4.71e-05,0.6027,0.9789,0.9930,0.9800,0.9789,8.9,nan
1625,4.69e-05,0.5508,0.9789,0.9930,0.9800,0.9789,8.9,nan
1626,4.67e-05,0.5999,0.9789,0.9930,0.9800,0.9789,8.8,nan
1627,4.65e-05,0.6505,0.9789,0.9930,0.9800,0.9789,8.7,nan
1628,4.63e-05,0.4520,0.9789,0.9930,0.9800,0.9789,8.8,nan
1629,4.61e-05,0.5548,0.9789,0.9930,0.9800,0.9789,8.9,nan
1630,4.58e-05,0.5515,0.9789,0.9930,0.9800,0.9789,8.8,nan
1631,4.56e-05,0.6272,0.9789,0.9930,0.9800,0.9789,8.9,nan
1632,4.54e-05,0.5964,0.9789,0.9930,0.9800,0.9789,9.3,nan
1633,4.52e-05,0.4521,0.9789,0.9930,0.9800,0.9789,8.7,nan
1634,4.50e-05,0.5091,0.9789,0.9930,0.9800,0.9789,8.8,nan
1635,4.48e-05,0.6191,0.9789,0.9930,0.9800,0.9789,9.6,nan
1636,4.46e-05,0.6430,0.9789,0.9930,0.9800,0.9789,9.0,nan
1637,4.43e-05,0.8002,0.9789,0.9930,0.9800,0.9789,9.0,nan
1638,4.41e-05,0.5941,0.9789,0.9930,0.9800,0.9789,8.9,nan
1639,4.39e-05,0.5214,0.9789,0.9930,0.9800,0.9789,8.8,nan
1640,4.37e-05,0.6446,0.9789,0.9930,0.9800,0.9789,10.5,0.9850
1641,4.35e-05,0.8184,0.9789,0.9930,0.9800,0.9789,8.7,nan
1642,4.33e-05,0.6990,0.9789,0.9930,0.9800,0.9789,8.7,nan
1643,4.31e-05,0.6180,0.9789,0.9930,0.9800,0.9789,8.9,nan
1644,4.29e-05,0.7379,0.9789,0.9930,0.9800,0.9789,8.8,nan
1645,4.27e-05,0.5618,0.9789,0.9930,0.9800,0.9789,8.9,nan
1646,4.25e-05,0.6720,0.9789,0.9930,0.9800,0.9789,8.8,nan
1647,4.23e-05,0.4573,0.9789,0.9930,0.9800,0.9789,8.8,nan
1648,4.21e-05,0.5100,0.9789,0.9930,0.9800,0.9789,8.8,nan
1649,4.19e-05,0.4375,0.9789,0.9930,0.9800,0.9789,8.9,nan
1650,4.16e-05,0.5541,0.9789,0.9930,0.9800,0.9789,8.8,nan
1651,4.14e-05,0.5959,0.9789,0.9930,0.9800,0.9789,8.9,nan
1652,4.12e-05,0.6479,0.9789,0.9930,0.9800,0.9789,8.8,nan
1653,4.10e-05,0.6378,0.9789,0.9930,0.9800,0.9789,8.7,nan
1654,4.08e-05,0.7259,0.9789,0.9930,0.9800,0.9789,8.5,nan
1655,4.06e-05,0.7510,0.9789,0.9930,0.9800,0.9789,8.7,nan
1656,4.04e-05,0.5950,0.9789,0.9930,0.9800,0.9789,8.7,nan
1657,4.02e-05,0.6617,0.9789,0.9930,0.9800,0.9789,8.8,nan
1658,4.00e-05,0.5597,0.9789,0.9930,0.9800,0.9789,8.7,nan
1659,3.98e-05,0.8311,0.9789,0.9930,0.9800,0.9789,8.7,nan
1660,3.96e-05,0.4079,0.9789,0.9930,0.9800,0.9789,10.6,0.9850
1661,3.94e-05,0.7070,0.9789,0.9930,0.9800,0.9789,8.9,nan
1662,3.92e-05,0.3502,0.9789,0.9930,0.9800,0.9789,8.6,nan
1663,3.90e-05,0.8303,0.9789,0.9930,0.9800,0.9789,8.9,nan
1664,3.88e-05,0.6867,0.9789,0.9930,0.9800,0.9789,8.8,nan
1665,3.86e-05,0.7241,0.9789,0.9930,0.9800,0.9789,8.8,nan
1666,3.84e-05,0.7090,0.9789,0.9930,0.9800,0.9789,8.8,nan
1667,3.82e-05,0.5296,0.9789,0.9930,0.9800,0.9789,8.7,nan
1668,3.80e-05,0.7097,0.9789,0.9930,0.9800,0.9789,8.9,nan
1669,3.79e-05,0.6312,0.9789,0.9930,0.9800,0.9789,8.8,nan
1670,3.77e-05,0.7980,0.9789,0.9930,0.9800,0.9789,8.8,nan
1671,3.75e-05,0.5340,0.9789,0.9930,0.9800,0.9789,8.6,nan
1672,3.73e-05,0.6470,0.9789,0.9930,0.9800,0.9789,8.6,nan
1673,3.71e-05,0.5911,0.9789,0.9930,0.9800,0.9789,8.8,nan
1674,3.69e-05,0.5810,0.9789,0.9930,0.9800,0.9789,8.7,nan
1675,3.67e-05,0.5225,0.9789,0.9930,0.9800,0.9789,8.8,nan
1676,3.65e-05,0.4840,0.9789,0.9930,0.9800,0.9789,8.9,nan
1677,3.63e-05,0.5321,0.9789,0.9930,0.9800,0.9789,8.9,nan
1678,3.61e-05,0.8035,0.9789,0.9930,0.9800,0.9789,8.9,nan
1679,3.59e-05,0.7155,0.9789,0.9930,0.9800,0.9789,8.8,nan
1680,3.57e-05,0.8094,0.9789,0.9930,0.9800,0.9789,10.7,0.9850
1681,3.56e-05,0.4280,0.9789,0.9930,0.9800,0.9789,8.8,nan
1682,3.54e-05,0.7042,0.9789,0.9930,0.9800,0.9789,9.2,nan
1683,3.52e-05,0.6059,0.9789,0.9930,0.9800,0.9789,9.0,nan
1684,3.50e-05,0.8306,0.9789,0.9930,0.9800,0.9789,8.8,nan
1685,3.48e-05,0.6178,0.9789,0.9930,0.9800,0.9789,8.8,nan
1686,3.46e-05,0.5804,0.9789,0.9930,0.9800,0.9789,9.0,nan
1687,3.44e-05,0.6555,0.9789,0.9930,0.9800,0.9789,8.8,nan
1688,3.43e-05,0.6023,0.9789,0.9930,0.9800,0.9789,8.8,nan
1689,3.41e-05,0.3949,0.9789,0.9930,0.9800,0.9789,8.7,nan
1690,3.39e-05,0.7021,0.9789,0.9930,0.9800,0.9789,8.8,nan
1691,3.37e-05,0.7820,0.9789,0.9930,0.9800,0.9789,8.8,nan
1692,3.35e-05,0.6305,0.9789,0.9930,0.9800,0.9789,8.9,nan
1693,3.33e-05,0.8335,0.9789,0.9930,0.9800,0.9789,8.8,nan
1694,3.32e-05,0.7190,0.9789,0.9930,0.9800,0.9789,8.7,nan
1695,3.30e-05,0.8813,0.9789,0.9930,0.9800,0.9789,8.8,nan
1696,3.28e-05,0.8337,0.9789,0.9930,0.9800,0.9789,8.6,nan
1697,3.26e-05,0.7228,0.9789,0.9930,0.9800,0.9789,8.9,nan
1698,3.24e-05,0.8363,0.9789,0.9930,0.9800,0.9789,8.7,nan
1699,3.23e-05,0.5342,0.9789,0.9930,0.9800,0.9789,9.0,nan
1700,3.21e-05,0.5051,0.9789,0.9930,0.9800,0.9789,10.7,0.9850
1701,3.19e-05,0.7625,0.9789,0.9930,0.9800,0.9789,8.5,nan
1702,3.17e-05,0.7741,0.9789,0.9930,0.9800,0.9789,9.2,nan
1703,3.16e-05,0.7181,0.9789,0.9930,0.9800,0.9789,9.1,nan
1704,3.14e-05,0.7566,0.9789,0.9930,0.9800,0.9789,9.0,nan
1705,3.12e-05,0.7385,0.9789,0.9930,0.9800,0.9789,8.8,nan
1706,3.10e-05,0.4759,0.9789,0.9930,0.9800,0.9789,8.8,nan
1707,3.09e-05,0.5138,0.9789,0.9930,0.9800,0.9789,8.9,nan
1708,3.07e-05,0.6255,0.9789,0.9930,0.9800,0.9789,8.9,nan
1709,3.05e-05,0.5345,0.9789,0.9930,0.9800,0.9789,8.9,nan
1710,3.03e-05,0.6305,0.9789,0.9930,0.9800,0.9789,8.6,nan
1711,3.02e-05,0.8657,0.9789,0.9930,0.9800,0.9789,9.0,nan
1712,3.00e-05,0.4727,0.9789,0.9930,0.9800,0.9789,8.8,nan
1713,2.98e-05,0.4049,0.9789,0.9930,0.9800,0.9789,8.7,nan
1714,2.96e-05,0.6121,0.9789,0.9930,0.9800,0.9789,9.1,nan
1715,2.95e-05,0.6259,0.9789,0.9930,0.9800,0.9789,9.0,nan
1716,2.93e-05,0.8756,0.9789,0.9930,0.9800,0.9789,8.7,nan
1717,2.91e-05,0.5358,0.9789,0.9930,0.9800,0.9789,8.9,nan
1718,2.90e-05,0.6090,0.9789,0.9930,0.9800,0.9789,9.0,nan
1719,2.88e-05,0.6051,0.9789,0.9930,0.9800,0.9789,8.7,nan
1720,2.86e-05,0.4988,0.9789,0.9930,0.9800,0.9789,10.6,0.9850
1721,2.85e-05,0.5998,0.9789,0.9930,0.9800,0.9789,8.7,nan
1722,2.83e-05,0.6147,0.9789,0.9930,0.9800,0.9789,9.1,nan
1723,2.81e-05,0.5281,0.9789,0.9930,0.9800,0.9789,8.8,nan
1724,2.80e-05,0.6275,0.9789,0.9930,0.9800,0.9789,8.8,nan
1725,2.78e-05,0.6209,0.9789,0.9930,0.9800,0.9789,8.8,nan
1726,2.76e-05,0.5082,0.9789,0.9930,0.9800,0.9789,8.8,nan
1727,2.75e-05,0.6830,0.9789,0.9930,0.9800,0.9789,8.7,nan
1728,2.73e-05,0.8400,0.9789,0.9930,0.9800,0.9789,8.8,nan
1729,2.72e-05,0.4272,0.9789,0.9930,0.9800,0.9789,8.7,nan
1730,2.70e-05,0.4812,0.9789,0.9930,0.9800,0.9789,8.9,nan
1731,2.68e-05,0.5258,0.9789,0.9930,0.9800,0.9789,8.8,nan
1732,2.67e-05,0.6377,0.9789,0.9930,0.9800,0.9789,8.9,nan
1733,2.65e-05,0.6659,0.9789,0.9930,0.9800,0.9789,9.4,nan
1734,2.64e-05,0.3613,0.9789,0.9930,0.9800,0.9789,9.6,nan
1735,2.62e-05,0.6447,0.9789,0.9930,0.9800,0.9789,9.0,nan
1736,2.60e-05,0.5902,0.9789,0.9930,0.9800,0.9789,8.9,nan
1737,2.59e-05,0.6508,0.9789,0.9930,0.9800,0.9789,8.9,nan
1738,2.57e-05,0.6028,0.9789,0.9930,0.9800,0.9789,9.0,nan
1739,2.56e-05,0.6116,0.9789,0.9930,0.9800,0.9789,8.8,nan
1740,2.54e-05,0.8361,0.9789,0.9930,0.9800,0.9789,10.9,0.9850
1741,2.53e-05,0.2803,0.9789,0.9930,0.9800,0.9789,9.0,nan
1742,2.51e-05,0.6404,0.9789,0.9930,0.9800,0.9789,8.9,nan
1743,2.50e-05,0.6538,0.9789,0.9930,0.9800,0.9789,9.1,nan
1744,2.48e-05,0.5257,0.9789,0.9930,0.9800,0.9789,9.1,nan
1745,2.46e-05,0.5154,0.9789,0.9930,0.9800,0.9789,8.9,nan
1746,2.45e-05,0.7788,0.9789,0.9930,0.9800,0.9789,9.0,nan
1747,2.43e-05,0.5176,0.9789,0.9930,0.9800,0.9789,8.8,nan
1748,2.42e-05,0.7483,0.9789,0.9930,0.9800,0.9789,9.0,nan
1749,2.40e-05,0.6888,0.9789,0.9930,0.9800,0.9789,8.9,nan
1750,2.39e-05,0.7250,0.9789,0.9930,0.9800,0.9789,9.0,nan
1751,2.37e-05,0.7510,0.9789,0.9930,0.9800,0.9789,8.9,nan
1752,2.36e-05,0.7839,0.9789,0.9930,0.9800,0.9789,8.9,nan
1753,2.34e-05,0.5752,0.9789,0.9930,0.9800,0.9789,9.0,nan
1754,2.33e-05,0.4017,0.9789,0.9930,0.9800,0.9789,9.0,nan
1755,2.32e-05,0.6472,0.9789,0.9930,0.9800,0.9789,9.0,nan
1756,2.30e-05,0.5762,0.9789,0.9930,0.9800,0.9789,8.8,nan
1757,2.29e-05,0.3204,0.9789,0.9930,0.9800,0.9789,8.9,nan
1758,2.27e-05,0.5329,0.9789,0.9930,0.9800,0.9789,8.9,nan
1759,2.26e-05,0.4889,0.9789,0.9930,0.9800,0.9789,9.0,nan
1760,2.24e-05,0.7484,0.9789,0.9930,0.9800,0.9789,10.9,0.9850
1761,2.23e-05,0.6554,0.9789,0.9930,0.9800,0.9789,9.1,nan
1762,2.21e-05,0.9187,0.9789,0.9930,0.9800,0.9789,8.9,nan
1763,2.20e-05,0.5382,0.9789,0.9930,0.9800,0.9789,9.1,nan
1764,2.19e-05,0.5197,0.9789,0.9930,0.9800,0.9789,9.0,nan
1765,2.17e-05,0.7515,0.9789,0.9930,0.9800,0.9789,9.0,nan
1766,2.16e-05,0.7728,0.9789,0.9930,0.9800,0.9789,9.0,nan
1767,2.14e-05,0.7196,0.9789,0.9930,0.9800,0.9789,9.1,nan
1768,2.13e-05,0.6397,0.9789,0.9930,0.9800,0.9789,9.2,nan
1769,2.12e-05,0.5989,0.9789,0.9930,0.9800,0.9789,9.1,nan
1770,2.10e-05,0.5406,0.9789,0.9930,0.9800,0.9789,9.0,nan
1771,2.09e-05,0.6528,0.9789,0.9930,0.9800,0.9789,9.2,nan
1772,2.07e-05,0.4796,0.9789,0.9930,0.9800,0.9789,8.9,nan
1773,2.06e-05,0.6159,0.9789,0.9930,0.9800,0.9789,9.2,nan
1774,2.05e-05,0.5653,0.9789,0.9930,0.9800,0.9789,9.0,nan
1775,2.03e-05,0.6061,0.9789,0.9930,0.9800,0.9789,9.0,nan
1776,2.02e-05,0.6564,0.9789,0.9930,0.9800,0.9789,8.9,nan
1777,2.01e-05,0.6824,0.9789,0.9930,0.9800,0.9789,8.9,nan
1778,1.99e-05,0.6592,0.9789,0.9930,0.9800,0.9789,9.0,nan
1779,1.98e-05,0.5214,0.9789,0.9930,0.9800,0.9789,9.0,nan
1780,1.97e-05,0.6769,0.9789,0.9930,0.9800,0.9789,10.9,0.9850
1781,1.95e-05,0.5428,0.9789,0.9930,0.9800,0.9789,9.0,nan
1782,1.94e-05,0.7646,0.9789,0.9930,0.9800,0.9789,9.0,nan
1783,1.93e-05,0.7947,0.9789,0.9930,0.9800,0.9789,8.9,nan
1784,1.91e-05,0.8046,0.9789,0.9930,0.9800,0.9789,9.1,nan
1785,1.90e-05,0.6493,0.9789,0.9930,0.9800,0.9789,8.9,nan
1786,1.89e-05,0.4502,0.9789,0.9930,0.9800,0.9789,8.9,nan
1787,1.87e-05,0.4445,0.9789,0.9930,0.9800,0.9789,9.0,nan
1788,1.86e-05,0.5186,0.9789,0.9930,0.9800,0.9789,9.0,nan
1789,1.85e-05,0.5960,0.9789,0.9930,0.9800,0.9789,9.1,nan
1790,1.84e-05,0.6943,0.9789,0.9930,0.9800,0.9789,8.9,nan
1791,1.82e-05,0.6030,0.9789,0.9930,0.9800,0.9789,8.9,nan
1792,1.81e-05,0.8136,0.9789,0.9930,0.9800,0.9789,9.0,nan
1793,1.80e-05,0.8142,0.9789,0.9930,0.9800,0.9789,9.2,nan
1794,1.79e-05,0.6500,0.9789,0.9930,0.9800,0.9789,8.9,nan
1795,1.77e-05,0.5002,0.9789,0.9930,0.9800,0.9789,8.8,nan
1796,1.76e-05,0.7068,0.9789,0.9930,0.9800,0.9789,9.1,nan
1797,1.75e-05,0.5658,0.9789,0.9930,0.9800,0.9789,9.5,nan
1798,1.74e-05,0.5007,0.9789,0.9930,0.9800,0.9789,8.8,nan
1799,1.72e-05,0.6909,0.9789,0.9930,0.9800,0.9789,8.9,nan
1800,1.71e-05,0.6616,0.9789,0.9930,0.9800,0.9789,10.9,0.9850
1801,1.70e-05,0.5645,0.9789,0.9930,0.9800,0.9789,8.9,nan
1802,1.69e-05,0.8437,0.9789,0.9930,0.9800,0.9789,9.0,nan
1803,1.68e-05,0.6847,0.9789,0.9930,0.9800,0.9789,8.9,nan
1804,1.66e-05,0.5459,0.9789,0.9930,0.9800,0.9789,8.7,nan
1805,1.65e-05,0.9426,0.9789,0.9930,0.9800,0.9789,9.0,nan
1806,1.64e-05,0.4283,0.9789,0.9930,0.9800,0.9789,8.8,nan
1807,1.63e-05,0.4580,0.9789,0.9930,0.9800,0.9789,8.9,nan
1808,1.62e-05,0.8446,0.9789,0.9930,0.9800,0.9789,9.1,nan
1809,1.61e-05,0.6676,0.9789,0.9930,0.9800,0.9789,8.9,nan
1810,1.59e-05,0.8187,0.9789,0.9930,0.9800,0.9789,9.0,nan
1811,1.58e-05,0.7461,0.9789,0.9930,0.9800,0.9789,9.0,nan
1812,1.57e-05,0.7172,0.9789,0.9930,0.9800,0.9789,9.0,nan
1813,1.56e-05,0.6608,0.9789,0.9930,0.9800,0.9789,8.9,nan
1814,1.55e-05,0.5897,0.9789,0.9930,0.9800,0.9789,9.0,nan
1815,1.54e-05,0.4224,0.9789,0.9930,0.9800,0.9789,8.9,nan
1816,1.53e-05,0.6833,0.9789,0.9930,0.9800,0.9789,9.0,nan
1817,1.52e-05,0.8002,0.9789,0.9930,0.9800,0.9789,9.0,nan
1818,1.50e-05,0.4643,0.9789,0.9930,0.9800,0.9789,9.0,nan
1819,1.49e-05,0.6182,0.9789,0.9930,0.9800,0.9789,8.9,nan
1820,1.48e-05,0.7084,0.9789,0.9930,0.9800,0.9789,10.8,0.9850
1821,1.47e-05,0.6386,0.9789,0.9930,0.9800,0.9789,9.1,nan
1822,1.46e-05,0.9243,0.9789,0.9930,0.9800,0.9789,9.0,nan
1823,1.45e-05,0.5082,0.9789,0.9930,0.9800,0.9789,9.0,nan
1824,1.44e-05,0.4741,0.9789,0.9930,0.9800,0.9789,9.1,nan
1825,1.43e-05,0.7013,0.9789,0.9930,0.9800,0.9789,9.2,nan
1826,1.42e-05,0.6873,0.9789,0.9930,0.9800,0.9789,9.0,nan
1827,1.41e-05,0.4872,0.9789,0.9930,0.9800,0.9789,8.8,nan
1828,1.40e-05,0.5642,0.9789,0.9930,0.9800,0.9789,9.0,nan
1829,1.39e-05,0.6588,0.9789,0.9930,0.9800,0.9789,8.9,nan
1830,1.38e-05,0.6368,0.9789,0.9930,0.9800,0.9789,8.9,nan
1831,1.37e-05,0.6517,0.9789,0.9930,0.9800,0.9789,8.9,nan
1832,1.36e-05,0.5194,0.9789,0.9930,0.9800,0.9789,9.2,nan
1833,1.35e-05,0.4712,0.9789,0.9930,0.9800,0.9789,8.9,nan
1834,1.34e-05,0.5556,0.9789,0.9930,0.9800,0.9789,8.8,nan
1835,1.33e-05,0.7897,0.9789,0.9930,0.9800,0.9789,9.0,nan
1836,1.32e-05,0.6697,0.9789,0.9930,0.9800,0.9789,9.1,nan
1837,1.31e-05,0.5940,0.9789,0.9930,0.9800,0.9789,9.0,nan
1838,1.30e-05,0.6561,0.9789,0.9930,0.9800,0.9789,8.9,nan
1839,1.29e-05,0.8015,0.9789,0.9930,0.9800,0.9789,9.1,nan
1840,1.28e-05,1.0297,0.9789,0.9930,0.9800,0.9789,10.7,0.9850
1841,1.27e-05,0.6595,0.9789,0.9930,0.9800,0.9789,9.1,nan
1842,1.26e-05,0.7538,0.9789,0.9930,0.9800,0.9789,9.0,nan
1843,1.25e-05,0.4243,0.9789,0.9930,0.9800,0.9789,8.9,nan
1844,1.24e-05,0.8438,0.9789,0.9930,0.9800,0.9789,9.2,nan
1845,1.23e-05,0.7706,0.9789,0.9930,0.9800,0.9789,9.0,nan
1846,1.22e-05,0.5436,0.9789,0.9930,0.9800,0.9789,9.0,nan
1847,1.21e-05,0.4512,0.9789,0.9930,0.9800,0.9789,9.0,nan
1848,1.20e-05,0.8261,0.9789,0.9930,0.9800,0.9789,9.0,nan
1849,1.19e-05,0.9208,0.9789,0.9930,0.9800,0.9789,9.4,nan
1850,1.18e-05,0.6070,0.9789,0.9930,0.9800,0.9789,9.3,nan
1851,1.17e-05,0.6304,0.9789,0.9930,0.9800,0.9789,8.7,nan
1852,1.16e-05,0.7780,0.9789,0.9930,0.9800,0.9789,8.8,nan
1853,1.16e-05,0.6760,0.9789,0.9930,0.9800,0.9789,8.9,nan
1854,1.15e-05,0.4764,0.9789,0.9930,0.9800,0.9789,8.7,nan
1855,1.14e-05,0.6764,0.9789,0.9930,0.9800,0.9789,8.9,nan
1856,1.13e-05,0.7094,0.9789,0.9930,0.9800,0.9789,9.0,nan
1857,1.12e-05,0.7610,0.9789,0.9930,0.9800,0.9789,8.8,nan
1858,1.11e-05,0.7444,0.9789,0.9930,0.9800,0.9789,8.7,nan
1859,1.10e-05,0.6312,0.9789,0.9930,0.9800,0.9789,8.8,nan
1860,1.09e-05,0.4463,0.9789,0.9930,0.9800,0.9789,10.5,0.9850
1861,1.09e-05,0.8298,0.9789,0.9930,0.9800,0.9789,8.8,nan
1862,1.08e-05,0.5796,0.9789,0.9930,0.9800,0.9789,9.0,nan
1863,1.07e-05,0.7354,0.9789,0.9930,0.9800,0.9789,9.0,nan
1864,1.06e-05,0.6719,0.9789,0.9930,0.9800,0.9789,8.9,nan
1865,1.05e-05,0.7157,0.9789,0.9930,0.9800,0.9789,9.0,nan
1866,1.04e-05,0.8465,0.9789,0.9930,0.9800,0.9789,8.7,nan
1867,1.04e-05,0.7088,0.9789,0.9930,0.9800,0.9789,8.9,nan
1868,1.03e-05,0.8363,0.9789,0.9930,0.9800,0.9789,9.0,nan
1869,1.02e-05,0.4262,0.9789,0.9930,0.9800,0.9789,8.9,nan
1870,1.01e-05,0.4864,0.9789,0.9930,0.9800,0.9789,8.9,nan
1871,1.00e-05,0.7362,0.9789,0.9930,0.9800,0.9789,8.8,nan
1872,9.97e-06,0.7708,0.9789,0.9930,0.9800,0.9789,8.8,nan
1873,9.89e-06,0.5369,0.9789,0.9930,0.9800,0.9789,9.0,nan
1874,9.81e-06,0.6511,0.9789,0.9930,0.9800,0.9789,8.7,nan
1875,9.73e-06,0.4568,0.9789,0.9930,0.9800,0.9789,8.8,nan
1876,9.66e-06,0.6745,0.9789,0.9930,0.9800,0.9789,8.9,nan
1877,9.58e-06,0.7311,0.9789,0.9930,0.9800,0.9789,8.9,nan
1878,9.51e-06,0.3810,0.9789,0.9930,0.9800,0.9789,8.9,nan
1879,9.44e-06,0.7038,0.9789,0.9930,0.9800,0.9789,8.9,nan
1880,9.36e-06,0.9037,0.9789,0.9930,0.9800,0.9789,10.5,0.9850
1881,9.29e-06,0.6075,0.9789,0.9930,0.9800,0.9789,8.9,nan
1882,9.22e-06,0.6707,0.9789,0.9930,0.9800,0.9789,8.9,nan
1883,9.15e-06,0.7276,0.9789,0.9930,0.9800,0.9789,8.8,nan
1884,9.07e-06,0.7077,0.9789,0.9930,0.9800,0.9789,8.8,nan
1885,9.00e-06,0.8483,0.9789,0.9930,0.9800,0.9789,9.0,nan
1886,8.93e-06,0.9013,0.9789,0.9930,0.9800,0.9789,9.0,nan
1887,8.87e-06,0.6522,0.9789,0.9930,0.9800,0.9789,9.0,nan
1888,8.80e-06,0.6156,0.9789,0.9930,0.9800,0.9789,8.9,nan
1889,8.73e-06,0.8522,0.9789,0.9930,0.9800,0.9789,9.0,nan
1890,8.66e-06,0.7527,0.9789,0.9930,0.9800,0.9789,8.8,nan
1891,8.60e-06,0.7291,0.9789,0.9930,0.9800,0.9789,8.9,nan
1892,8.53e-06,0.9605,0.9789,0.9930,0.9800,0.9789,9.0,nan
1893,8.46e-06,0.6688,0.9789,0.9930,0.9800,0.9789,9.0,nan
1894,8.40e-06,0.4248,0.9789,0.9930,0.9800,0.9789,8.8,nan
1895,8.33e-06,0.7759,0.9789,0.9930,0.9800,0.9789,9.0,nan
1896,8.27e-06,0.9626,0.9789,0.9930,0.9800,0.9789,9.0,nan
1897,8.21e-06,0.6082,0.9789,0.9930,0.9800,0.9789,9.0,nan
1898,8.15e-06,0.6294,0.9789,0.9930,0.9800,0.9789,8.9,nan
1899,8.08e-06,0.9205,0.9789,0.9930,0.9800,0.9789,8.9,nan
1900,8.02e-06,0.7218,0.9789,0.9930,0.9800,0.9789,10.5,0.9850
1901,7.96e-06,0.7424,0.9789,0.9930,0.9800,0.9789,9.0,nan
1902,7.90e-06,0.5860,0.9789,0.9930,0.9800,0.9789,8.6,nan
1903,7.84e-06,0.8448,0.9789,0.9930,0.9800,0.9789,9.0,nan
1904,7.78e-06,0.6618,0.9789,0.9930,0.9800,0.9789,8.9,nan
1905,7.73e-06,0.6223,0.9789,0.9930,0.9800,0.9789,8.9,nan
1906,7.67e-06,0.7652,0.9789,0.9930,0.9800,0.9789,9.0,nan
1907,7.61e-06,0.5896,0.9789,0.9930,0.9800,0.9789,8.7,nan
1908,7.56e-06,0.9011,0.9789,0.9930,0.9800,0.9789,8.9,nan
1909,7.50e-06,0.5043,0.9789,0.9930,0.9800,0.9789,8.9,nan
1910,7.44e-06,0.6704,0.9789,0.9930,0.9800,0.9789,8.9,nan
1911,7.39e-06,0.8083,0.9789,0.9930,0.9800,0.9789,8.6,nan
1912,7.34e-06,0.3850,0.9789,0.9930,0.9800,0.9789,8.9,nan
1913,7.28e-06,0.6063,0.9789,0.9930,0.9800,0.9789,8.8,nan
1914,7.23e-06,0.7140,0.9789,0.9930,0.9800,0.9789,8.9,nan
1915,7.18e-06,0.9028,0.9789,0.9930,0.9800,0.9789,8.8,nan
1916,7.13e-06,0.6784,0.9789,0.9930,0.9800,0.9789,9.0,nan
1917,7.08e-06,0.8291,0.9789,0.9930,0.9800,0.9789,8.7,nan
1918,7.03e-06,0.9220,0.9789,0.9930,0.9800,0.9789,8.7,nan
1919,6.98e-06,0.4166,0.9789,0.9930,0.9800,0.9789,9.0,nan
1920,6.93e-06,0.7968,0.9789,0.9930,0.9800,0.9789,10.8,0.9850
1921,6.88e-06,0.7009,0.9789,0.9930,0.9800,0.9789,8.9,nan
1922,6.83e-06,0.7687,0.9789,0.9930,0.9800,0.9789,8.8,nan
1923,6.78e-06,0.5645,0.9789,0.9930,0.9800,0.9789,8.8,nan
1924,6.74e-06,1.0037,0.9789,0.9930,0.9800,0.9789,8.7,nan
1925,6.69e-06,0.8494,0.9789,0.9930,0.9800,0.9789,8.8,nan
1926,6.65e-06,0.7927,0.9789,0.9930,0.9800,0.9789,8.8,nan
1927,6.60e-06,0.6555,0.9789,0.9930,0.9800,0.9789,8.8,nan
1928,6.56e-06,0.5326,0.9789,0.9930,0.9800,0.9789,9.0,nan
1929,6.51e-06,0.5583,0.9789,0.9930,0.9800,0.9789,8.9,nan
1930,6.47e-06,0.5719,0.9789,0.9930,0.9800,0.9789,9.0,nan
1931,6.43e-06,0.6668,0.9789,0.9930,0.9800,0.9789,9.0,nan
1932,6.39e-06,0.8088,0.9789,0.9930,0.9800,0.9789,8.9,nan
1933,6.35e-06,0.5491,0.9789,0.9930,0.9800,0.9789,8.9,nan
1934,6.31e-06,0.7611,0.9789,0.9930,0.9800,0.9789,8.9,nan
1935,6.27e-06,0.5027,0.9789,0.9930,0.9800,0.9789,9.0,nan
1936,6.23e-06,0.6660,0.9789,0.9930,0.9800,0.9789,8.9,nan
1937,6.19e-06,0.7760,0.9789,0.9930,0.9800,0.9789,9.0,nan
1938,6.15e-06,0.6625,0.9789,0.9930,0.9800,0.9789,8.9,nan
1939,6.11e-06,0.7109,0.9789,0.9930,0.9800,0.9789,8.8,nan
1940,6.08e-06,0.8181,0.9789,0.9930,0.9800,0.9789,10.7,0.9850
1941,6.04e-06,0.7841,0.9789,0.9930,0.9800,0.9789,8.8,nan
1942,6.00e-06,0.7538,0.9789,0.9930,0.9800,0.9789,9.0,nan
1943,5.97e-06,0.6566,0.9789,0.9930,0.9800,0.9789,9.0,nan
1944,5.94e-06,0.6054,0.9789,0.9930,0.9800,0.9789,8.7,nan
1945,5.90e-06,0.8094,0.9789,0.9930,0.9800,0.9789,9.4,nan
1946,5.87e-06,0.5695,0.9789,0.9930,0.9800,0.9789,9.5,nan
1947,5.84e-06,0.7213,0.9789,0.9930,0.9800,0.9789,8.8,nan
1948,5.80e-06,0.7036,0.9789,0.9930,0.9800,0.9789,8.6,nan
1949,5.77e-06,0.6912,0.9789,0.9930,0.9800,0.9789,8.8,nan
1950,5.74e-06,0.8825,0.9789,0.9930,0.9800,0.9789,8.9,nan
1951,5.71e-06,0.5233,0.9789,0.9930,0.9800,0.9789,8.7,nan
1952,5.68e-06,0.8528,0.9789,0.9930,0.9800,0.9789,8.6,nan
1953,5.66e-06,0.6111,0.9789,0.9930,0.9800,0.9789,8.7,nan
1954,5.63e-06,0.8988,0.9789,0.9930,0.9800,0.9789,8.8,nan
1955,5.60e-06,0.7289,0.9789,0.9930,0.9800,0.9789,9.5,nan
1956,5.57e-06,0.8840,0.9789,0.9930,0.9800,0.9789,8.9,nan
1957,5.55e-06,0.5642,0.9789,0.9930,0.9800,0.9789,8.8,nan
1958,5.52e-06,0.7077,0.9789,0.9930,0.9800,0.9789,8.9,nan
1959,5.50e-06,0.6219,0.9789,0.9930,0.9800,0.9789,8.8,nan
1960,5.47e-06,0.2958,0.9789,0.9930,0.9800,0.9789,10.6,0.9850
1961,5.45e-06,0.4364,0.9789,0.9930,0.9800,0.9789,8.7,nan
1962,5.42e-06,0.5966,0.9789,0.9930,0.9800,0.9789,8.7,nan
1963,5.40e-06,0.8485,0.9789,0.9930,0.9800,0.9789,8.8,nan
1964,5.38e-06,0.6251,0.9789,0.9930,0.9800,0.9789,8.8,nan
1965,5.36e-06,0.6448,0.9789,0.9930,0.9800,0.9789,8.6,nan
1966,5.34e-06,0.5644,0.9789,0.9930,0.9800,0.9789,8.7,nan
1967,5.32e-06,0.7300,0.9789,0.9930,0.9800,0.9789,8.7,nan
1968,5.30e-06,0.5986,0.9789,0.9930,0.9800,0.9789,8.8,nan
1969,5.28e-06,0.5322,0.9789,0.9930,0.9800,0.9789,8.6,nan
1970,5.26e-06,0.8299,0.9789,0.9930,0.9800,0.9789,8.5,nan
1971,5.24e-06,0.9714,0.9789,0.9930,0.9800,0.9789,8.6,nan
1972,5.23e-06,0.6742,0.9789,0.9930,0.9800,0.9789,8.6,nan
1973,5.21e-06,0.5499,0.9789,0.9930,0.9800,0.9789,8.7,nan
1974,5.19e-06,0.7480,0.9789,0.9930,0.9800,0.9789,8.6,nan
1975,5.18e-06,0.6412,0.9789,0.9930,0.9800,0.9789,8.6,nan
1976,5.16e-06,0.5971,0.9789,0.9930,0.9800,0.9789,8.8,nan
1977,5.15e-06,0.6216,0.9789,0.9930,0.9800,0.9789,8.8,nan
1978,5.14e-06,0.6485,0.9789,0.9930,0.9800,0.9789,8.8,nan
1979,5.12e-06,0.7068,0.9789,0.9930,0.9800,0.9789,8.6,nan
1980,5.11e-06,0.7232,0.9789,0.9930,0.9800,0.9789,10.4,0.9850
1981,5.10e-06,0.6848,0.9789,0.9930,0.9800,0.9789,8.6,nan
1982,5.09e-06,0.4175,0.9789,0.9930,0.9800,0.9789,8.6,nan
1983,5.08e-06,0.5005,0.9789,0.9930,0.9800,0.9789,9.4,nan
1984,5.07e-06,0.7370,0.9789,0.9930,0.9800,0.9789,8.9,nan
1985,5.06e-06,0.8609,0.9789,0.9930,0.9800,0.9789,9.1,nan
1986,5.05e-06,0.6912,0.9789,0.9930,0.9800,0.9789,8.9,nan
1987,5.05e-06,0.5406,0.9789,0.9930,0.9800,0.9789,8.9,nan
1988,5.04e-06,0.7241,0.9789,0.9930,0.9800,0.9789,8.8,nan
1989,5.03e-06,0.4653,0.9789,0.9930,0.9800,0.9789,8.8,nan
1990,5.03e-06,0.7910,0.9789,0.9930,0.9800,0.9789,8.7,nan
1991,5.02e-06,0.5939,0.9789,0.9930,0.9800,0.9789,8.6,nan
1992,5.02e-06,0.8117,0.9789,0.9930,0.9800,0.9789,8.7,nan
1993,5.01e-06,0.8165,0.9789,0.9930,0.9800,0.9789,8.8,nan
1994,5.01e-06,0.5351,0.9789,0.9930,0.9800,0.9789,8.9,nan
1995,5.01e-06,0.5562,0.9789,0.9930,0.9800,0.9789,8.8,nan
1996,5.00e-06,0.5953,0.9789,0.9930,0.9800,0.9789,8.6,nan
1997,5.00e-06,0.6693,0.9789,0.9930,0.9800,0.9789,10.2,nan
1998,5.00e-06,0.7944,0.9789,0.9930,0.9800,0.9789,9.5,nan
1999,5.00e-06,0.7985,0.9789,0.9930,0.9800,0.9789,10.6,0.9850
