epoch,lr,train_loss,val_top1,val_top5,val_balanced,ema_top1,seconds,tracked_test_top1
0,5.00e-05,3.9255,0.0000,0.0000,0.0000,0.0000,27.5,0.0212
1,1.00e-04,3.9149,0.0000,0.0000,0.0000,0.0000,4.7,nan
2,1.50e-04,3.8972,0.0000,0.0000,0.0000,0.0000,4.5,nan
3,2.00e-04,3.8614,0.0000,0.0000,0.0000,0.0000,4.6,nan
4,2.50e-04,3.7822,0.0000,0.0000,0.0000,0.0000,4.5,nan
5,3.00e-04,3.6952,0.0000,0.0000,0.0000,0.0000,4.6,nan
6,3.50e-04,3.5809,0.0000,0.0000,0.0000,0.0000,4.7,nan
7,4.00e-04,3.4689,0.0000,0.0000,0.0000,0.0000,4.4,nan
8,4.50e-04,3.3357,0.0000,0.0000,0.0000,0.0000,4.5,nan
9,5.00e-04,3.2761,0.0000,0.0000,0.0000,0.0000,4.6,nan
10,5.00e-04,3.2879,0.0000,0.0000,0.0000,0.0000,4.7,nan
11,5.00e-04,3.0082,0.0000,0.0000,0.0000,0.0000,4.7,nan
12,5.00e-04,3.0965,0.0000,0.0000,0.0000,0.0000,4.4,nan
13,5.00e-04,2.9134,0.0000,0.0000,0.0000,0.0000,4.5,nan
14,5.00e-04,2.8498,0.0000,0.0000,0.0000,0.0000,4.5,nan
15,5.00e-04,2.6629,0.0000,0.0000,0.0000,0.0000,4.4,nan
16,5.00e-04,2.7762,0.0000,0.0000,0.0000,0.0000,4.5,nan
17,5.00e-04,2.6645,0.0000,0.0000,0.0000,0.0000,4.5,nan
18,5.00e-04,2.4497,0.0000,0.0000,0.0000,0.0000,4.3,nan
19,5.00e-04,2.4430,0.0000,0.0000,0.0000,0.0000,4.5,nan
20,5.00e-04,2.4480,0.0000,0.0000,0.0000,0.0000,7.5,0.3242
21,5.00e-04,2.4088,0.0000,0.0000,0.0000,0.0000,4.5,nan
22,5.00e-04,2.2707,0.0000,0.0000,0.0000,0.0000,4.5,nan
23,5.00e-04,2.1809,0.0000,0.0000,0.0000,0.0000,4.5,nan
24,5.00e-04,2.0178,0.0000,0.0000,0.0000,0.0000,4.4,nan
25,5.00e-04,2.0470,0.0000,0.0000,0.0000,0.0000,4.4,nan
26,5.00e-04,2.0316,0.0000,0.0000,0.0000,0.0000,4.3,nan
27,5.00e-04,2.1476,0.0000,0.0000,0.0000,0.0000,4.5,nan
28,5.00e-04,1.8410,0.0000,0.0000,0.0000,0.0000,4.5,nan
29,5.00e-04,1.8075,0.0000,0.0000,0.0000,0.0000,4.6,nan
30,5.00e-04,1.7113,0.0000,0.0000,0.0000,0.0000,4.8,nan
31,5.00e-04,1.7420,0.0000,0.0000,0.0000,0.0000,4.7,nan
32,5.00e-04,1.6125,0.0000,0.0000,0.0000,0.0000,4.7,nan
33,5.00e-04,1.9696,0.0000,0.0000,0.0000,0.0000,4.7,nan
34,5.00e-04,1.6579,0.0000,0.0000,0.0000,0.0000,4.5,nan
35,5.00e-04,1.4288,0.0000,0.0000,0.0000,0.0000,4.7,nan
36,5.00e-04,1.6202,0.0000,0.0000,0.0000,0.0000,4.7,nan
37,5.00e-04,1.6790,0.0000,0.0000,0.0000,0.0000,4.6,nan
38,5.00e-04,1.6135,0.0000,0.0000,0.0000,0.0000,4.4,nan
39,5.00e-04,1.4244,0.0000,0.0000,0.0000,0.0000,4.5,nan
40,5.00e-04,1.4769,0.0000,0.0000,0.0000,0.0000,7.3,0.4216
41,5.00e-04,1.7517,0.0000,0.0000,0.0000,0.0000,4.5,nan
42,5.00e-04,1.4897,0.0000,0.0000,0.0000,0.0000,4.7,nan
43,5.00e-04,1.6413,0.0000,0.0000,0.0000,0.0000,4.6,nan
44,5.00e-04,1.4142,0.0000,0.0000,0.0000,0.0000,4.4,nan
45,5.00e-04,1.3274,0.0000,0.0000,0.0000,0.0000,4.4,nan
46,5.00e-04,1.4675,0.0000,0.0000,0.0000,0.0000,4.4,nan
47,5.00e-04,1.4546,0.0000,0.0000,0.0000,0.0000,4.6,nan
48,5.00e-04,1.3402,0.0000,0.0000,0.0000,0.0000,4.6,nan
49,5.00e-04,1.5429,0.0000,0.0000,0.0000,0.0000,4.5,nan
50,4.99e-04,1.2863,0.0000,0.0000,0.0000,0.0000,4.5,nan
51,4.99e-04,1.4848,0.0000,0.0000,0.0000,0.0000,4.5,nan
52,4.99e-04,1.2462,0.0000,0.0000,0.0000,0.0000,4.5,nan
53,4.99e-04,1.5310,0.0000,0.0000,0.0000,0.0000,4.6,nan
54,4.99e-04,1.0874,0.0000,0.0000,0.0000,0.0000,4.4,nan
55,4.99e-04,1.2015,0.0000,0.0000,0.0000,0.0000,4.5,nan
56,4.99e-04,1.1122,0.0000,0.0000,0.0000,0.0000,4.5,nan
57,4.99e-04,1.2203,0.0000,0.0000,0.0000,0.0000,4.8,nan
58,4.99e-04,1.1244,0.0000,0.0000,0.0000,0.0000,4.5,nan
59,4.99e-04,1.4306,0.0000,0.0000,0.0000,0.0000,4.5,nan
60,4.99e-04,1.5388,0.0000,0.0000,0.0000,0.0000,7.5,0.5339
61,4.99e-04,1.2615,0.0000,0.0000,0.0000,0.0000,4.5,nan
62,4.99e-04,1.1408,0.0000,0.0000,0.0000,0.0000,4.6,nan
63,4.99e-04,0.9934,0.0000,0.0000,0.0000,0.0000,4.5,nan
64,4.99e-04,0.9899,0.0000,0.0000,0.0000,0.0000,4.6,nan
65,4.99e-04,1.0865,0.0000,0.0000,0.0000,0.0000,4.7,nan
66,4.99e-04,1.4386,0.0000,0.0000,0.0000,0.0000,4.6,nan
67,4.99e-04,1.1848,0.0000,0.0000,0.0000,0.0000,4.5,nan
68,4.99e-04,0.9632,0.0000,0.0000,0.0000,0.0000,4.8,nan
69,4.99e-04,1.0233,0.0000,0.0000,0.0000,0.0000,4.6,nan
70,4.99e-04,1.2538,0.0000,0.0000,0.0000,0.0000,4.6,nan
71,4.99e-04,1.3654,0.0000,0.0000,0.0000,0.0000,4.6,nan
72,4.99e-04,1.1967,0.0000,0.0000,0.0000,0.0000,4.5,nan
73,4.99e-04,0.9100,0.0000,0.0000,0.0000,0.0000,4.5,nan
74,4.99e-04,1.2425,0.0000,0.0000,0.0000,0.0000,4.3,nan
75,4.99e-04,1.0893,0.0000,0.0000,0.0000,0.0000,4.6,nan
76,4.99e-04,1.0664,0.0000,0.0000,0.0000,0.0000,4.6,nan
77,4.99e-04,0.7459,0.0000,0.0000,0.0000,0.0000,4.5,nan
78,4.99e-04,1.1845,0.0000,0.0000,0.0000,0.0000,4.4,nan
79,4.98e-04,1.0921,0.0000,0.0000,0.0000,0.0000,4.5,nan
80,4.98e-04,0.9329,0.0000,0.0000,0.0000,0.0000,7.6,0.5106
81,4.98e-04,1.3268,0.0000,0.0000,0.0000,0.0000,4.5,nan
82,4.98e-04,1.3719,0.0000,0.0000,0.0000,0.0000,4.5,nan
83,4.98e-04,1.4541,0.0000,0.0000,0.0000,0.0000,4.4,nan
84,4.98e-04,0.9867,0.0000,0.0000,0.0000,0.0000,4.6,nan
85,4.98e-04,1.0493,0.0000,0.0000,0.0000,0.0000,4.5,nan
86,4.98e-04,1.1142,0.0000,0.0000,0.0000,0.0000,4.4,nan
87,4.98e-04,1.3197,0.0000,0.0000,0.0000,0.0000,4.5,nan
88,4.98e-04,0.9887,0.0000,0.0000,0.0000,0.0000,4.4,nan
89,4.98e-04,0.9557,0.0000,0.0000,0.0000,0.0000,4.6,nan
90,4.98e-04,1.3914,0.0000,0.0000,0.0000,0.0000,4.3,nan
91,4.98e-04,1.0973,0.0000,0.0000,0.0000,0.0000,4.5,nan
92,4.98e-04,1.2240,0.0000,0.0000,0.0000,0.0000,4.4,nan
93,4.98e-04,1.1076,0.0000,0.0000,0.0000,0.0000,4.5,nan
94,4.98e-04,1.2890,0.0000,0.0000,0.0000,0.0000,4.5,nan
95,4.98e-04,1.0119,0.0000,0.0000,0.0000,0.0000,4.4,nan
96,4.98e-04,0.9736,0.0000,0.0000,0.0000,0.0000,4.4,nan
97,4.98e-04,0.9841,0.0000,0.0000,0.0000,0.0000,4.6,nan
98,4.98e-04,1.2916,0.0000,0.0000,0.0000,0.0000,4.4,nan
99,4.98e-04,0.9739,0.0000,0.0000,0.0000,0.0000,4.5,nan
100,4.97e-04,1.0931,0.0000,0.0000,0.0000,0.0000,7.6,0.5614
101,4.97e-04,1.1477,0.0000,0.0000,0.0000,0.0000,4.4,nan
102,4.97e-04,0.9558,0.0000,0.0000,0.0000,0.0000,4.5,nan
103,4.97e-04,1.2622,0.0000,0.0000,0.0000,0.0000,4.6,nan
104,4.97e-04,1.0355,0.0000,0.0000,0.0000,0.0000,4.3,nan
105,4.97e-04,1.3993,0.0000,0.0000,0.0000,0.0000,4.7,nan
106,4.97e-04,0.7952,0.0000,0.0000,0.0000,0.0000,4.4,nan
107,4.97e-04,1.0557,0.0000,0.0000,0.0000,0.0000,4.4,nan
108,4.97e-04,1.0770,0.0000,0.0000,0.0000,0.0000,4.4,nan
109,4.97e-04,1.2215,0.0000,0.0000,0.0000,0.0000,4.5,nan
110,4.97e-04,1.0250,0.0000,0.0000,0.0000,0.0000,4.6,nan
111,4.97e-04,1.0533,0.0000,0.0000,0.0000,0.0000,4.6,nan
112,4.97e-04,0.8673,0.0000,0.0000,0.0000,0.0000,4.3,nan
113,4.97e-04,1.4312,0.0000,0.0000,0.0000,0.0000,4.4,nan
114,4.97e-04,0.6587,0.0000,0.0000,0.0000,0.0000,4.6,nan
115,4.97e-04,0.9090,0.0000,0.0000,0.0000,0.0000,4.4,nan
116,4.96e-04,1.0449,0.0000,0.0000,0.0000,0.0000,5.2,nan
117,4.96e-04,1.2856,0.0000,0.0000,0.0000,0.0000,4.8,nan
118,4.96e-04,0.9851,0.0000,0.0000,0.0000,0.0000,4.6,nan
119,4.96e-04,0.8445,0.0000,0.0000,0.0000,0.0000,4.6,nan
120,4.96e-04,0.9322,0.0000,0.0000,0.0000,0.0000,7.6,0.6017
121,4.96e-04,0.8388,0.0000,0.0000,0.0000,0.0000,4.5,nan
122,4.96e-04,1.7744,0.0000,0.0000,0.0000,0.0000,4.6,nan
123,4.96e-04,1.3137,0.0000,0.0000,0.0000,0.0000,4.4,nan
124,4.96e-04,0.7722,0.0000,0.0000,0.0000,0.0000,4.4,nan
125,4.96e-04,0.7738,0.0000,0.0000,0.0000,0.0000,4.5,nan
126,4.96e-04,1.0496,0.0000,0.0000,0.0000,0.0000,4.4,nan
127,4.96e-04,0.9994,0.0000,0.0000,0.0000,0.0000,4.5,nan
128,4.96e-04,1.0467,0.0000,0.0000,0.0000,0.0000,4.5,nan
129,4.96e-04,0.9546,0.0000,0.0000,0.0000,0.0000,4.6,nan
130,4.96e-04,1.0305,0.0000,0.0000,0.0000,0.0000,4.3,nan
131,4.95e-04,0.6867,0.0000,0.0000,0.0000,0.0000,4.5,nan
132,4.95e-04,0.9851,0.0000,0.0000,0.0000,0.0000,4.5,nan
133,4.95e-04,1.0143,0.0000,0.0000,0.0000,0.0000,4.4,nan
134,4.95e-04,1.0137,0.0000,0.0000,0.0000,0.0000,4.6,nan
135,4.95e-04,1.2846,0.0000,0.0000,0.0000,0.0000,4.5,nan
136,4.95e-04,1.2013,0.0000,0.0000,0.0000,0.0000,4.5,nan
137,4.95e-04,0.8915,0.0000,0.0000,0.0000,0.0000,4.6,nan
138,4.95e-04,0.7679,0.0000,0.0000,0.0000,0.0000,4.3,nan
139,4.95e-04,1.1658,0.0000,0.0000,0.0000,0.0000,4.5,nan
140,4.95e-04,1.0464,0.0000,0.0000,0.0000,0.0000,7.2,0.5212
141,4.95e-04,1.1957,0.0000,0.0000,0.0000,0.0000,4.5,nan
142,4.95e-04,0.8320,0.0000,0.0000,0.0000,0.0000,4.4,nan
143,4.94e-04,0.9649,0.0000,0.0000,0.0000,0.0000,4.6,nan
144,4.94e-04,0.6995,0.0000,0.0000,0.0000,0.0000,4.6,nan
145,4.94e-04,0.7878,0.0000,0.0000,0.0000,0.0000,4.5,nan
146,4.94e-04,0.9222,0.0000,0.0000,0.0000,0.0000,4.4,nan
147,4.94e-04,0.8854,0.0000,0.0000,0.0000,0.0000,4.5,nan
148,4.94e-04,1.1260,0.0000,0.0000,0.0000,0.0000,4.6,nan
149,4.94e-04,1.0473,0.0000,0.0000,0.0000,0.0000,4.5,nan
150,4.94e-04,1.0968,0.0000,0.0000,0.0000,0.0000,4.3,nan
151,4.94e-04,0.9211,0.0000,0.0000,0.0000,0.0000,4.5,nan
152,4.94e-04,0.9943,0.0000,0.0000,0.0000,0.0000,4.4,nan
153,4.94e-04,1.6622,0.0000,0.0000,0.0000,0.0000,4.5,nan
154,4.94e-04,1.5221,0.0000,0.0000,0.0000,0.0000,4.4,nan
155,4.93e-04,0.9975,0.0000,0.0000,0.0000,0.0000,4.5,nan
156,4.93e-04,0.7885,0.0000,0.0000,0.0000,0.0000,4.6,nan
157,4.93e-04,1.3134,0.0000,0.0000,0.0000,0.0000,4.5,nan
158,4.93e-04,0.9940,0.0000,0.0000,0.0000,0.0000,4.6,nan
159,4.93e-04,1.0491,0.0000,0.0000,0.0000,0.0000,4.4,nan
160,4.93e-04,0.9838,0.0000,0.0000,0.0000,0.0000,7.7,0.5763
161,4.93e-04,1.0463,0.0000,0.0000,0.0000,0.0000,4.9,nan
162,4.93e-04,0.8653,0.0000,0.0000,0.0000,0.0000,5.0,nan
163,4.93e-04,0.8218,0.0000,0.0000,0.0000,0.0000,4.7,nan
164,4.93e-04,0.9589,0.0000,0.0000,0.0000,0.0000,4.8,nan
165,4.93e-04,1.0011,0.0000,0.0000,0.0000,0.0000,4.6,nan
166,4.92e-04,0.7924,0.0000,0.0000,0.0000,0.0000,4.6,nan
167,4.92e-04,1.3509,0.0000,0.0000,0.0000,0.0000,4.5,nan
168,4.92e-04,0.8072,0.0000,0.0000,0.0000,0.0000,4.8,nan
169,4.92e-04,0.8030,0.0000,0.0000,0.0000,0.0000,4.3,nan
170,4.92e-04,0.9886,0.0000,0.0000,0.0000,0.0000,4.6,nan
171,4.92e-04,0.7567,0.0000,0.0000,0.0000,0.0000,4.7,nan
172,4.92e-04,0.9247,0.0000,0.0000,0.0000,0.0000,4.6,nan
173,4.92e-04,0.9148,0.0000,0.0000,0.0000,0.0000,4.5,nan
174,4.92e-04,0.9369,0.0000,0.0000,0.0000,0.0000,4.4,nan
175,4.92e-04,1.1069,0.0000,0.0000,0.0000,0.0000,4.5,nan
176,4.91e-04,0.8578,0.0000,0.0000,0.0000,0.0000,4.5,nan
177,4.91e-04,0.6392,0.0000,0.0000,0.0000,0.0000,4.5,nan
178,4.91e-04,0.9112,0.0000,0.0000,0.0000,0.0000,4.5,nan
179,4.91e-04,1.0307,0.0000,0.0000,0.0000,0.0000,4.4,nan
180,4.91e-04,0.6373,0.0000,0.0000,0.0000,0.0000,7.7,0.6547
181,4.91e-04,1.0852,0.0000,0.0000,0.0000,0.0000,4.4,nan
182,4.91e-04,0.9316,0.0000,0.0000,0.0000,0.0000,4.4,nan
183,4.91e-04,0.7957,0.0000,0.0000,0.0000,0.0000,4.6,nan
184,4.91e-04,0.7373,0.0000,0.0000,0.0000,0.0000,4.5,nan
185,4.91e-04,1.0184,0.0000,0.0000,0.0000,0.0000,4.5,nan
186,4.90e-04,1.0089,0.0000,0.0000,0.0000,0.0000,4.5,nan
187,4.90e-04,1.3294,0.0000,0.0000,0.0000,0.0000,4.7,nan
188,4.90e-04,0.7949,0.0000,0.0000,0.0000,0.0000,4.6,nan
189,4.90e-04,1.8731,0.0000,0.0000,0.0000,0.0000,4.5,nan
190,4.90e-04,1.0603,0.0000,0.0000,0.0000,0.0000,4.6,nan
191,4.90e-04,0.8704,0.0000,0.0000,0.0000,0.0000,4.3,nan
192,4.90e-04,0.9085,0.0000,0.0000,0.0000,0.0000,4.5,nan
193,4.90e-04,0.8916,0.0000,0.0000,0.0000,0.0000,4.4,nan
194,4.90e-04,1.0121,0.0000,0.0000,0.0000,0.0000,4.6,nan
195,4.89e-04,0.8651,0.0000,0.0000,0.0000,0.0000,4.5,nan
196,4.89e-04,0.7679,0.0000,0.0000,0.0000,0.0000,4.5,nan
197,4.89e-04,0.7303,0.0000,0.0000,0.0000,0.0000,4.4,nan
198,4.89e-04,0.9436,0.0000,0.0000,0.0000,0.0000,4.6,nan
199,4.89e-04,0.9708,0.0000,0.0000,0.0000,0.0000,4.5,nan
200,4.89e-04,1.0071,0.0000,0.0000,0.0000,0.0000,7.8,0.5360
201,4.89e-04,0.6528,0.0000,0.0000,0.0000,0.0000,4.7,nan
202,4.89e-04,1.0284,0.0000,0.0000,0.0000,0.0000,4.3,nan
203,4.88e-04,0.9820,0.0000,0.0000,0.0000,0.0000,4.5,nan
204,4.88e-04,0.9099,0.0000,0.0000,0.0000,0.0000,4.4,nan
205,4.88e-04,0.6321,0.0000,0.0000,0.0000,0.0000,4.6,nan
206,4.88e-04,0.8643,0.0000,0.0000,0.0000,0.0000,4.4,nan
207,4.88e-04,0.7792,0.0000,0.0000,0.0000,0.0000,4.5,nan
208,4.88e-04,0.7554,0.0000,0.0000,0.0000,0.0000,4.6,nan
209,4.88e-04,1.2419,0.0000,0.0000,0.0000,0.0000,4.6,nan
210,4.88e-04,1.0521,0.0000,0.0000,0.0000,0.0000,4.5,nan
211,4.88e-04,0.7226,0.0000,0.0000,0.0000,0.0000,4.5,nan
212,4.87e-04,0.9578,0.0000,0.0000,0.0000,0.0000,4.5,nan
213,4.87e-04,0.6060,0.0000,0.0000,0.0000,0.0000,4.5,nan
214,4.87e-04,1.5799,0.0000,0.0000,0.0000,0.0000,4.6,nan
215,4.87e-04,0.6763,0.0000,0.0000,0.0000,0.0000,4.4,nan
216,4.87e-04,0.7096,0.0000,0.0000,0.0000,0.0000,4.5,nan
217,4.87e-04,0.6706,0.0000,0.0000,0.0000,0.0000,4.6,nan
218,4.87e-04,0.5031,0.0000,0.0000,0.0000,0.0000,4.5,nan
219,4.87e-04,0.7732,0.0000,0.0000,0.0000,0.0000,4.6,nan
220,4.86e-04,0.8189,0.0000,0.0000,0.0000,0.0000,7.4,0.6017
221,4.86e-04,0.7789,0.0000,0.0000,0.0000,0.0000,4.5,nan
222,4.86e-04,0.6241,0.0000,0.0000,0.0000,0.0000,4.5,nan
223,4.86e-04,0.7889,0.0000,0.0000,0.0000,0.0000,4.4,nan
224,4.86e-04,1.1140,0.0000,0.0000,0.0000,0.0000,4.5,nan
225,4.86e-04,0.7507,0.0000,0.0000,0.0000,0.0000,4.5,nan
226,4.86e-04,0.6613,0.0000,0.0000,0.0000,0.0000,4.7,nan
227,4.86e-04,0.8564,0.0000,0.0000,0.0000,0.0000,4.6,nan
228,4.85e-04,0.7065,0.0000,0.0000,0.0000,0.0000,4.5,nan
229,4.85e-04,0.5580,0.0000,0.0000,0.0000,0.0000,4.5,nan
230,4.85e-04,1.0467,0.0000,0.0000,0.0000,0.0000,5.0,nan
231,4.85e-04,0.8153,0.0000,0.0000,0.0000,0.0000,7.1,nan
232,4.85e-04,0.7008,0.0000,0.0000,0.0000,0.0000,5.8,nan
233,4.85e-04,0.9054,0.0000,0.0000,0.0000,0.0000,6.1,nan
234,4.85e-04,0.7505,0.0000,0.0000,0.0000,0.0000,5.3,nan
235,4.84e-04,0.9015,0.0000,0.0000,0.0000,0.0000,5.2,nan
236,4.84e-04,0.7505,0.0000,0.0000,0.0000,0.0000,4.6,nan
237,4.84e-04,0.6022,0.0000,0.0000,0.0000,0.0000,4.5,nan
238,4.84e-04,0.5640,0.0000,0.0000,0.0000,0.0000,4.5,nan
239,4.84e-04,0.7186,0.0000,0.0000,0.0000,0.0000,4.7,nan
240,4.84e-04,0.8737,0.0000,0.0000,0.0000,0.0000,8.2,0.6059
241,4.84e-04,0.7417,0.0000,0.0000,0.0000,0.0000,4.6,nan
242,4.83e-04,1.0758,0.0000,0.0000,0.0000,0.0000,4.7,nan
243,4.83e-04,1.3306,0.0000,0.0000,0.0000,0.0000,4.6,nan
244,4.83e-04,1.3382,0.0000,0.0000,0.0000,0.0000,4.5,nan
245,4.83e-04,0.6637,0.0000,0.0000,0.0000,0.0000,5.5,nan
246,4.83e-04,0.8264,0.0000,0.0000,0.0000,0.0000,5.5,nan
247,4.83e-04,1.2297,0.0000,0.0000,0.0000,0.0000,5.7,nan
248,4.83e-04,1.0045,0.0000,0.0000,0.0000,0.0000,5.8,nan
249,4.82e-04,0.7992,0.0000,0.0000,0.0000,0.0000,5.8,nan
250,4.82e-04,0.9640,0.0000,0.0000,0.0000,0.0000,4.5,nan
251,4.82e-04,0.8054,0.0000,0.0000,0.0000,0.0000,4.4,nan
252,4.82e-04,1.2003,0.0000,0.0000,0.0000,0.0000,4.9,nan
253,4.82e-04,1.0676,0.0000,0.0000,0.0000,0.0000,5.1,nan
254,4.82e-04,0.9837,0.0000,0.0000,0.0000,0.0000,5.2,nan
255,4.82e-04,0.7536,0.0000,0.0000,0.0000,0.0000,5.7,nan
256,4.81e-04,0.7565,0.0000,0.0000,0.0000,0.0000,5.7,nan
257,4.81e-04,0.8750,0.0000,0.0000,0.0000,0.0000,5.6,nan
258,4.81e-04,0.8036,0.0000,0.0000,0.0000,0.0000,5.6,nan
259,4.81e-04,0.7254,0.0000,0.0000,0.0000,0.0000,5.2,nan
260,4.81e-04,0.8320,0.0000,0.0000,0.0000,0.0000,8.8,0.6504
261,4.81e-04,1.0000,0.0000,0.0000,0.0000,0.0000,5.0,nan
262,4.81e-04,0.8017,0.0000,0.0000,0.0000,0.0000,4.5,nan
263,4.80e-04,1.0074,0.0000,0.0000,0.0000,0.0000,4.3,nan
264,4.80e-04,0.6251,0.0000,0.0000,0.0000,0.0000,4.5,nan
265,4.80e-04,0.6372,0.0000,0.0000,0.0000,0.0000,4.2,nan
266,4.80e-04,0.7163,0.0000,0.0000,0.0000,0.0000,4.3,nan
267,4.80e-04,0.7188,0.0000,0.0000,0.0000,0.0000,4.6,nan
268,4.80e-04,1.2206,0.0000,0.0000,0.0000,0.0000,4.8,nan
269,4.79e-04,0.8262,0.0000,0.0000,0.0000,0.0000,4.6,nan
270,4.79e-04,1.1444,0.0000,0.0000,0.0000,0.0000,4.5,nan
271,4.79e-04,1.0360,0.0000,0.0000,0.0000,0.0000,4.5,nan
272,4.79e-04,0.6841,0.0000,0.0000,0.0000,0.0000,4.6,nan
273,4.79e-04,0.5823,0.0000,0.0000,0.0000,0.0000,5.0,nan
274,4.79e-04,1.2691,0.0000,0.0000,0.0000,0.0000,4.8,nan
275,4.79e-04,1.0003,0.0000,0.0000,0.0000,0.0000,4.5,nan
276,4.78e-04,0.6743,0.0000,0.0000,0.0000,0.0000,4.3,nan
277,4.78e-04,0.7277,0.0000,0.0000,0.0000,0.0000,4.4,nan
278,4.78e-04,0.7611,0.0000,0.0000,0.0000,0.0000,4.6,nan
279,4.78e-04,0.9710,0.0000,0.0000,0.0000,0.0000,4.3,nan
280,4.78e-04,0.8045,0.0000,0.0000,0.0000,0.0000,7.5,0.6102
281,4.78e-04,0.8319,0.0000,0.0000,0.0000,0.0000,4.2,nan
282,4.77e-04,0.8536,0.0000,0.0000,0.0000,0.0000,4.3,nan
283,4.77e-04,0.7322,0.0000,0.0000,0.0000,0.0000,4.3,nan
284,4.77e-04,0.6951,0.0000,0.0000,0.0000,0.0000,4.4,nan
285,4.77e-04,0.9429,0.0000,0.0000,0.0000,0.0000,4.3,nan
286,4.77e-04,0.9104,0.0000,0.0000,0.0000,0.0000,4.4,nan
287,4.77e-04,0.6870,0.0000,0.0000,0.0000,0.0000,4.3,nan
288,4.76e-04,0.5068,0.0000,0.0000,0.0000,0.0000,4.5,nan
289,4.76e-04,0.7169,0.0000,0.0000,0.0000,0.0000,5.2,nan
290,4.76e-04,0.7671,0.0000,0.0000,0.0000,0.0000,4.9,nan
291,4.76e-04,1.2788,0.0000,0.0000,0.0000,0.0000,5.4,nan
292,4.76e-04,1.0697,0.0000,0.0000,0.0000,0.0000,4.8,nan
293,4.76e-04,1.2517,0.0000,0.0000,0.0000,0.0000,4.5,nan
294,4.75e-04,0.7676,0.0000,0.0000,0.0000,0.0000,4.7,nan
295,4.75e-04,0.7721,0.0000,0.0000,0.0000,0.0000,4.8,nan
296,4.75e-04,0.7390,0.0000,0.0000,0.0000,0.0000,5.4,nan
297,4.75e-04,0.8848,0.0000,0.0000,0.0000,0.0000,5.6,nan
298,4.75e-04,0.9675,0.0000,0.0000,0.0000,0.0000,5.2,nan
299,4.75e-04,0.9795,0.0000,0.0000,0.0000,0.0000,5.6,nan
300,4.74e-04,0.9659,0.0000,0.0000,0.0000,0.0000,9.2,0.6144
301,4.74e-04,0.7641,0.0000,0.0000,0.0000,0.0000,4.9,nan
302,4.74e-04,0.8982,0.0000,0.0000,0.0000,0.0000,5.6,nan
303,4.74e-04,0.9364,0.0000,0.0000,0.0000,0.0000,4.8,nan
304,4.74e-04,0.7501,0.0000,0.0000,0.0000,0.0000,4.6,nan
305,4.73e-04,0.6967,0.0000,0.0000,0.0000,0.0000,5.3,nan
306,4.73e-04,0.7442,0.0000,0.0000,0.0000,0.0000,6.0,nan
307,4.73e-04,0.7318,0.0000,0.0000,0.0000,0.0000,5.2,nan
308,4.73e-04,0.9389,0.0000,0.0000,0.0000,0.0000,4.9,nan
309,4.73e-04,0.5492,0.0000,0.0000,0.0000,0.0000,4.8,nan
310,4.73e-04,0.8712,0.0000,0.0000,0.0000,0.0000,4.6,nan
311,4.72e-04,0.9505,0.0000,0.0000,0.0000,0.0000,4.7,nan
312,4.72e-04,0.6996,0.0000,0.0000,0.0000,0.0000,4.7,nan
313,4.72e-04,0.9062,0.0000,0.0000,0.0000,0.0000,4.6,nan
314,4.72e-04,0.8009,0.0000,0.0000,0.0000,0.0000,4.6,nan
315,4.72e-04,1.1222,0.0000,0.0000,0.0000,0.0000,4.7,nan
316,4.72e-04,1.1376,0.0000,0.0000,0.0000,0.0000,5.3,nan
317,4.71e-04,1.0874,0.0000,0.0000,0.0000,0.0000,5.4,nan
318,4.71e-04,0.5698,0.0000,0.0000,0.0000,0.0000,4.9,nan
319,4.71e-04,1.0020,0.0000,0.0000,0.0000,0.0000,4.8,nan
320,4.71e-04,0.7079,0.0000,0.0000,0.0000,0.0000,7.5,0.5996
321,4.71e-04,1.2701,0.0000,0.0000,0.0000,0.0000,4.7,nan
322,4.70e-04,0.8102,0.0000,0.0000,0.0000,0.0000,4.8,nan
323,4.70e-04,0.6060,0.0000,0.0000,0.0000,0.0000,5.6,nan
324,4.70e-04,0.8806,0.0000,0.0000,0.0000,0.0000,4.9,nan
325,4.70e-04,0.6896,0.0000,0.0000,0.0000,0.0000,5.0,nan
326,4.70e-04,1.0959,0.0000,0.0000,0.0000,0.0000,4.8,nan
327,4.69e-04,0.6024,0.0000,0.0000,0.0000,0.0000,4.8,nan
328,4.69e-04,0.8759,0.0000,0.0000,0.0000,0.0000,4.9,nan
329,4.69e-04,0.8971,0.0000,0.0000,0.0000,0.0000,6.3,nan
330,4.69e-04,0.5233,0.0000,0.0000,0.0000,0.0000,6.9,nan
331,4.69e-04,0.8587,0.0000,0.0000,0.0000,0.0000,6.1,nan
332,4.69e-04,0.9771,0.0000,0.0000,0.0000,0.0000,5.9,nan
333,4.68e-04,0.8022,0.0000,0.0000,0.0000,0.0000,5.8,nan
334,4.68e-04,0.7334,0.0000,0.0000,0.0000,0.0000,5.9,nan
335,4.68e-04,0.7936,0.0000,0.0000,0.0000,0.0000,5.9,nan
336,4.68e-04,1.1721,0.0000,0.0000,0.0000,0.0000,6.1,nan
337,4.68e-04,0.7312,0.0000,0.0000,0.0000,0.0000,6.2,nan
338,4.67e-04,1.2091,0.0000,0.0000,0.0000,0.0000,5.7,nan
339,4.67e-04,0.6775,0.0000,0.0000,0.0000,0.0000,5.9,nan
340,4.67e-04,0.5877,0.0000,0.0000,0.0000,0.0000,10.1,0.6398
341,4.67e-04,1.1834,0.0000,0.0000,0.0000,0.0000,6.1,nan
342,4.67e-04,1.0243,0.0000,0.0000,0.0000,0.0000,5.9,nan
343,4.66e-04,0.4934,0.0000,0.0000,0.0000,0.0000,6.1,nan
344,4.66e-04,0.5206,0.0000,0.0000,0.0000,0.0000,5.8,nan
345,4.66e-04,0.7031,0.0000,0.0000,0.0000,0.0000,5.8,nan
346,4.66e-04,1.0352,0.0000,0.0000,0.0000,0.0000,5.9,nan
347,4.66e-04,0.7288,0.0000,0.0000,0.0000,0.0000,5.8,nan
348,4.65e-04,0.7810,0.0000,0.0000,0.0000,0.0000,5.6,nan
349,4.65e-04,0.6505,0.0000,0.0000,0.0000,0.0000,5.9,nan
350,4.65e-04,0.7762,0.0000,0.0000,0.0000,0.0000,5.9,nan
351,4.65e-04,0.9301,0.0000,0.0000,0.0000,0.0000,5.9,nan
352,4.65e-04,0.6279,0.0000,0.0000,0.0000,0.0000,5.8,nan
353,4.64e-04,0.6194,0.0000,0.0000,0.0000,0.0000,5.9,nan
354,4.64e-04,0.8463,0.0000,0.0000,0.0000,0.0000,6.0,nan
355,4.64e-04,0.6562,0.0000,0.0000,0.0000,0.0000,5.8,nan
356,4.64e-04,0.8334,0.0000,0.0000,0.0000,0.0000,6.0,nan
357,4.64e-04,1.0091,0.0000,0.0000,0.0000,0.0000,5.9,nan
358,4.63e-04,0.6363,0.0000,0.0000,0.0000,0.0000,5.7,nan
359,4.63e-04,0.6574,0.0000,0.0000,0.0000,0.0000,5.9,nan
360,4.63e-04,0.8557,0.0000,0.0000,0.0000,0.0000,10.2,0.6610
361,4.63e-04,1.2767,0.0000,0.0000,0.0000,0.0000,6.0,nan
362,4.63e-04,0.6808,0.0000,0.0000,0.0000,0.0000,6.3,nan
363,4.62e-04,0.8684,0.0000,0.0000,0.0000,0.0000,6.1,nan
364,4.62e-04,0.9256,0.0000,0.0000,0.0000,0.0000,5.8,nan
365,4.62e-04,0.9320,0.0000,0.0000,0.0000,0.0000,6.2,nan
366,4.62e-04,0.7442,0.0000,0.0000,0.0000,0.0000,6.0,nan
367,4.62e-04,0.7545,0.0000,0.0000,0.0000,0.0000,6.1,nan
368,4.61e-04,1.0274,0.0000,0.0000,0.0000,0.0000,6.0,nan
369,4.61e-04,0.7128,0.0000,0.0000,0.0000,0.0000,6.1,nan
370,4.61e-04,0.4913,0.0000,0.0000,0.0000,0.0000,6.2,nan
371,4.61e-04,0.7219,0.0000,0.0000,0.0000,0.0000,6.2,nan
372,4.60e-04,0.6784,0.0000,0.0000,0.0000,0.0000,6.1,nan
373,4.60e-04,0.6516,0.0000,0.0000,0.0000,0.0000,5.8,nan
374,4.60e-04,1.0477,0.0000,0.0000,0.0000,0.0000,6.2,nan
375,4.60e-04,1.1918,0.0000,0.0000,0.0000,0.0000,5.9,nan
376,4.60e-04,0.7621,0.0000,0.0000,0.0000,0.0000,5.9,nan
377,4.59e-04,0.7881,0.0000,0.0000,0.0000,0.0000,6.1,nan
378,4.59e-04,0.6839,0.0000,0.0000,0.0000,0.0000,6.0,nan
379,4.59e-04,0.8274,0.0000,0.0000,0.0000,0.0000,5.9,nan
380,4.59e-04,0.6543,0.0000,0.0000,0.0000,0.0000,9.5,0.6186
381,4.59e-04,1.1264,0.0000,0.0000,0.0000,0.0000,6.0,nan
382,4.58e-04,0.9948,0.0000,0.0000,0.0000,0.0000,5.8,nan
383,4.58e-04,0.7103,0.0000,0.0000,0.0000,0.0000,6.1,nan
384,4.58e-04,0.7944,0.0000,0.0000,0.0000,0.0000,6.3,nan
385,4.58e-04,0.7190,0.0000,0.0000,0.0000,0.0000,5.8,nan
386,4.57e-04,0.8789,0.0000,0.0000,0.0000,0.0000,5.8,nan
387,4.57e-04,1.0198,0.0000,0.0000,0.0000,0.0000,5.9,nan
388,4.57e-04,0.5808,0.0000,0.0000,0.0000,0.0000,5.7,nan
389,4.57e-04,0.5888,0.0000,0.0000,0.0000,0.0000,5.8,nan
390,4.57e-04,0.7299,0.0000,0.0000,0.0000,0.0000,5.7,nan
391,4.56e-04,0.6875,0.0000,0.0000,0.0000,0.0000,6.1,nan
392,4.56e-04,0.6094,0.0000,0.0000,0.0000,0.0000,6.3,nan
393,4.56e-04,0.9873,0.0000,0.0000,0.0000,0.0000,6.8,nan
394,4.56e-04,0.7122,0.0000,0.0000,0.0000,0.0000,6.5,nan
395,4.55e-04,0.7193,0.0000,0.0000,0.0000,0.0000,6.0,nan
396,4.55e-04,0.7951,0.0000,0.0000,0.0000,0.0000,6.2,nan
397,4.55e-04,0.8951,0.0000,0.0000,0.0000,0.0000,5.9,nan
398,4.55e-04,0.5411,0.0000,0.0000,0.0000,0.0000,6.1,nan
399,4.55e-04,0.7724,0.0000,0.0000,0.0000,0.0000,6.0,nan
400,4.54e-04,0.7694,0.0000,0.0000,0.0000,0.0000,10.1,0.6144
401,4.54e-04,0.7895,0.0000,0.0000,0.0000,0.0000,6.3,nan
402,4.54e-04,0.7646,0.0000,0.0000,0.0000,0.0000,6.1,nan
403,4.54e-04,0.7274,0.0000,0.0000,0.0000,0.0000,6.0,nan
404,4.53e-04,0.5898,0.0000,0.0000,0.0000,0.0000,6.2,nan
405,4.53e-04,0.5223,0.0000,0.0000,0.0000,0.0000,6.1,nan
406,4.53e-04,0.6140,0.0000,0.0000,0.0000,0.0000,6.3,nan
407,4.53e-04,0.8485,0.0000,0.0000,0.0000,0.0000,6.1,nan
408,4.53e-04,1.1120,0.0000,0.0000,0.0000,0.0000,6.1,nan
409,4.52e-04,0.5027,0.0000,0.0000,0.0000,0.0000,6.0,nan
410,4.52e-04,0.8157,0.0000,0.0000,0.0000,0.0000,6.1,nan
411,4.52e-04,0.5467,0.0000,0.0000,0.0000,0.0000,6.1,nan
412,4.52e-04,0.6505,0.0000,0.0000,0.0000,0.0000,6.2,nan
413,4.51e-04,0.6293,0.0000,0.0000,0.0000,0.0000,6.1,nan
414,4.51e-04,0.7677,0.0000,0.0000,0.0000,0.0000,6.0,nan
415,4.51e-04,0.8218,0.0000,0.0000,0.0000,0.0000,5.7,nan
416,4.51e-04,0.9534,0.0000,0.0000,0.0000,0.0000,6.0,nan
417,4.50e-04,0.6020,0.0000,0.0000,0.0000,0.0000,6.1,nan
418,4.50e-04,1.2080,0.0000,0.0000,0.0000,0.0000,6.3,nan
419,4.50e-04,0.6872,0.0000,0.0000,0.0000,0.0000,5.7,nan
420,4.50e-04,0.8285,0.0000,0.0000,0.0000,0.0000,9.8,0.6165
421,4.49e-04,0.6872,0.0000,0.0000,0.0000,0.0000,5.8,nan
422,4.49e-04,0.5771,0.0000,0.0000,0.0000,0.0000,6.2,nan
423,4.49e-04,0.6272,0.0000,0.0000,0.0000,0.0000,6.1,nan
424,4.49e-04,0.5483,0.0000,0.0000,0.0000,0.0000,6.0,nan
425,4.49e-04,0.9723,0.0000,0.0000,0.0000,0.0000,6.0,nan
426,4.48e-04,0.6116,0.0000,0.0000,0.0000,0.0000,5.9,nan
427,4.48e-04,0.6624,0.0000,0.0000,0.0000,0.0000,6.1,nan
428,4.48e-04,0.9074,0.0000,0.0000,0.0000,0.0000,6.0,nan
429,4.48e-04,0.7821,0.0000,0.0000,0.0000,0.0000,6.1,nan
430,4.47e-04,0.5883,0.0000,0.0000,0.0000,0.0000,5.9,nan
431,4.47e-04,0.9519,0.0000,0.0000,0.0000,0.0000,6.0,nan
432,4.47e-04,0.7038,0.0000,0.0000,0.0000,0.0000,5.6,nan
433,4.47e-04,0.7068,0.0000,0.0000,0.0000,0.0000,5.9,nan
434,4.46e-04,0.7478,0.0000,0.0000,0.0000,0.0000,5.8,nan
435,4.46e-04,0.8982,0.0000,0.0000,0.0000,0.0000,5.9,nan
436,4.46e-04,0.7181,0.0000,0.0000,0.0000,0.0000,5.9,nan
437,4.46e-04,1.3321,0.0000,0.0000,0.0000,0.0000,5.9,nan
438,4.45e-04,0.5984,0.0000,0.0000,0.0000,0.0000,5.7,nan
439,4.45e-04,0.8301,0.0000,0.0000,0.0000,0.0000,6.0,nan
440,4.45e-04,0.8208,0.0000,0.0000,0.0000,0.0000,9.3,0.6631
441,4.45e-04,1.0774,0.0000,0.0000,0.0000,0.0000,5.9,nan
442,4.44e-04,1.0667,0.0000,0.0000,0.0000,0.0000,6.0,nan
443,4.44e-04,0.6476,0.0000,0.0000,0.0000,0.0000,6.2,nan
444,4.44e-04,0.7926,0.0000,0.0000,0.0000,0.0000,6.2,nan
445,4.44e-04,1.0359,0.0000,0.0000,0.0000,0.0000,6.8,nan
446,4.43e-04,0.9378,0.0000,0.0000,0.0000,0.0000,6.5,nan
447,4.43e-04,0.7911,0.0000,0.0000,0.0000,0.0000,6.2,nan
448,4.43e-04,0.8973,0.0000,0.0000,0.0000,0.0000,6.2,nan
449,4.43e-04,0.7680,0.0000,0.0000,0.0000,0.0000,6.5,nan
450,4.42e-04,0.3639,0.0000,0.0000,0.0000,0.0000,6.3,nan
451,4.42e-04,0.6391,0.0000,0.0000,0.0000,0.0000,6.2,nan
452,4.42e-04,0.5802,0.0000,0.0000,0.0000,0.0000,5.7,nan
453,4.42e-04,0.9670,0.0000,0.0000,0.0000,0.0000,6.2,nan
454,4.41e-04,0.7207,0.0000,0.0000,0.0000,0.0000,5.9,nan
455,4.41e-04,0.7195,0.0000,0.0000,0.0000,0.0000,6.5,nan
456,4.41e-04,0.6980,0.0000,0.0000,0.0000,0.0000,6.5,nan
457,4.41e-04,0.3918,0.0000,0.0000,0.0000,0.0000,6.7,nan
458,4.40e-04,0.7445,0.0000,0.0000,0.0000,0.0000,6.1,nan
459,4.40e-04,0.8768,0.0000,0.0000,0.0000,0.0000,6.4,nan
460,4.40e-04,0.9822,0.0000,0.0000,0.0000,0.0000,10.2,0.6653
461,4.40e-04,0.5511,0.0000,0.0000,0.0000,0.0000,5.9,nan
462,4.39e-04,0.8192,0.0000,0.0000,0.0000,0.0000,6.1,nan
463,4.39e-04,0.7530,0.0000,0.0000,0.0000,0.0000,6.0,nan
464,4.39e-04,0.9753,0.0000,0.0000,0.0000,0.0000,6.0,nan
465,4.39e-04,0.7664,0.0000,0.0000,0.0000,0.0000,6.3,nan
466,4.38e-04,0.5745,0.0000,0.0000,0.0000,0.0000,6.3,nan
467,4.38e-04,0.5621,0.0000,0.0000,0.0000,0.0000,6.2,nan
468,4.38e-04,0.9528,0.0000,0.0000,0.0000,0.0000,6.1,nan
469,4.38e-04,1.0365,0.0000,0.0000,0.0000,0.0000,6.6,nan
470,4.37e-04,0.9980,0.0000,0.0000,0.0000,0.0000,6.6,nan
471,4.37e-04,0.6703,0.0000,0.0000,0.0000,0.0000,6.6,nan
472,4.37e-04,0.9160,0.0000,0.0000,0.0000,0.0000,6.3,nan
473,4.37e-04,0.7959,0.0000,0.0000,0.0000,0.0000,6.1,nan
474,4.36e-04,0.4746,0.0000,0.0000,0.0000,0.0000,5.8,nan
475,4.36e-04,0.8666,0.0000,0.0000,0.0000,0.0000,6.2,nan
476,4.36e-04,0.5203,0.0000,0.0000,0.0000,0.0000,5.9,nan
477,4.35e-04,0.9541,0.0000,0.0000,0.0000,0.0000,6.1,nan
478,4.35e-04,0.7241,0.0000,0.0000,0.0000,0.0000,6.1,nan
479,4.35e-04,0.5544,0.0000,0.0000,0.0000,0.0000,5.8,nan
480,4.35e-04,0.8347,0.0000,0.0000,0.0000,0.0000,10.2,0.5720
481,4.34e-04,0.5242,0.0000,0.0000,0.0000,0.0000,6.4,nan
482,4.34e-04,1.0182,0.0000,0.0000,0.0000,0.0000,6.0,nan
483,4.34e-04,0.9226,0.0000,0.0000,0.0000,0.0000,7.2,nan
484,4.34e-04,0.9172,0.0000,0.0000,0.0000,0.0000,6.1,nan
485,4.33e-04,0.9934,0.0000,0.0000,0.0000,0.0000,6.0,nan
486,4.33e-04,0.6372,0.0000,0.0000,0.0000,0.0000,6.4,nan
487,4.33e-04,1.2735,0.0000,0.0000,0.0000,0.0000,6.2,nan
488,4.33e-04,1.1470,0.0000,0.0000,0.0000,0.0000,6.2,nan
489,4.32e-04,0.7410,0.0000,0.0000,0.0000,0.0000,6.0,nan
490,4.32e-04,0.6296,0.0000,0.0000,0.0000,0.0000,6.1,nan
491,4.32e-04,0.7163,0.0000,0.0000,0.0000,0.0000,6.0,nan
492,4.32e-04,0.5021,0.0000,0.0000,0.0000,0.0000,6.0,nan
493,4.31e-04,0.6719,0.0000,0.0000,0.0000,0.0000,6.2,nan
494,4.31e-04,0.8447,0.0000,0.0000,0.0000,0.0000,6.0,nan
495,4.31e-04,0.9647,0.0000,0.0000,0.0000,0.0000,6.1,nan
496,4.30e-04,1.4123,0.0000,0.0000,0.0000,0.0000,6.0,nan
497,4.30e-04,0.6120,0.0000,0.0000,0.0000,0.0000,6.4,nan
498,4.30e-04,0.8728,0.0000,0.0000,0.0000,0.0000,6.0,nan
499,4.30e-04,0.8458,0.0000,0.0000,0.0000,0.0000,5.9,nan
500,4.29e-04,0.8858,0.0000,0.0000,0.0000,0.0000,10.2,0.6123
501,4.29e-04,0.8681,0.0000,0.0000,0.0000,0.0000,6.0,nan
502,4.29e-04,0.8825,0.0000,0.0000,0.0000,0.0000,6.5,nan
503,4.29e-04,0.9186,0.0000,0.0000,0.0000,0.0000,7.2,nan
504,4.28e-04,1.0586,0.0000,0.0000,0.0000,0.0000,6.0,nan
505,4.28e-04,0.8447,0.0000,0.0000,0.0000,0.0000,6.1,nan
506,4.28e-04,0.9928,0.0000,0.0000,0.0000,0.0000,6.1,nan
507,4.27e-04,0.6076,0.0000,0.0000,0.0000,0.0000,6.0,nan
508,4.27e-04,0.8023,0.0000,0.0000,0.0000,0.0000,6.0,nan
509,4.27e-04,1.0116,0.0000,0.0000,0.0000,0.0000,6.2,nan
510,4.27e-04,0.7262,0.0000,0.0000,0.0000,0.0000,5.8,nan
511,4.26e-04,1.0075,0.0000,0.0000,0.0000,0.0000,6.0,nan
512,4.26e-04,0.6732,0.0000,0.0000,0.0000,0.0000,6.1,nan
513,4.26e-04,0.8289,0.0000,0.0000,0.0000,0.0000,6.0,nan
514,4.25e-04,0.9700,0.0000,0.0000,0.0000,0.0000,6.2,nan
515,4.25e-04,0.7421,0.0000,0.0000,0.0000,0.0000,5.8,nan
516,4.25e-04,0.9338,0.0000,0.0000,0.0000,0.0000,6.4,nan
517,4.25e-04,0.7623,0.0000,0.0000,0.0000,0.0000,6.2,nan
518,4.24e-04,0.6312,0.0000,0.0000,0.0000,0.0000,6.2,nan
519,4.24e-04,0.8197,0.0000,0.0000,0.0000,0.0000,6.2,nan
520,4.24e-04,1.0445,0.0000,0.0000,0.0000,0.0000,10.3,0.6229
521,4.23e-04,0.7304,0.0000,0.0000,0.0000,0.0000,6.1,nan
522,4.23e-04,0.3578,0.0000,0.0000,0.0000,0.0000,5.9,nan
523,4.23e-04,1.0415,0.0000,0.0000,0.0000,0.0000,6.1,nan
524,4.23e-04,0.6983,0.0000,0.0000,0.0000,0.0000,6.1,nan
525,4.22e-04,1.0423,0.0000,0.0000,0.0000,0.0000,6.1,nan
526,4.22e-04,0.7073,0.0000,0.0000,0.0000,0.0000,6.2,nan
527,4.22e-04,0.8202,0.0000,0.0000,0.0000,0.0000,6.5,nan
528,4.22e-04,0.6671,0.0000,0.0000,0.0000,0.0000,6.6,nan
529,4.21e-04,1.0030,0.0000,0.0000,0.0000,0.0000,6.1,nan
530,4.21e-04,0.8409,0.0000,0.0000,0.0000,0.0000,6.0,nan
531,4.21e-04,0.6144,0.0000,0.0000,0.0000,0.0000,6.2,nan
532,4.20e-04,0.9318,0.0000,0.0000,0.0000,0.0000,5.9,nan
533,4.20e-04,0.5194,0.0000,0.0000,0.0000,0.0000,5.9,nan
534,4.20e-04,0.9377,0.0000,0.0000,0.0000,0.0000,6.4,nan
535,4.19e-04,0.8357,0.0000,0.0000,0.0000,0.0000,6.5,nan
536,4.19e-04,0.9356,0.0000,0.0000,0.0000,0.0000,6.1,nan
537,4.19e-04,0.6502,0.0000,0.0000,0.0000,0.0000,6.4,nan
538,4.19e-04,0.4878,0.0000,0.0000,0.0000,0.0000,6.2,nan
539,4.18e-04,0.9409,0.0000,0.0000,0.0000,0.0000,6.3,nan
540,4.18e-04,0.5077,0.0000,0.0000,0.0000,0.0000,10.1,0.6737
541,4.18e-04,0.6892,0.0000,0.0000,0.0000,0.0000,6.3,nan
542,4.17e-04,0.9498,0.0000,0.0000,0.0000,0.0000,6.2,nan
543,4.17e-04,0.4599,0.0000,0.0000,0.0000,0.0000,6.2,nan
544,4.17e-04,0.7630,0.0000,0.0000,0.0000,0.0000,6.1,nan
545,4.17e-04,0.5943,0.0000,0.0000,0.0000,0.0000,6.3,nan
546,4.16e-04,0.8040,0.0000,0.0000,0.0000,0.0000,5.9,nan
547,4.16e-04,0.6792,0.0000,0.0000,0.0000,0.0000,6.2,nan
548,4.16e-04,0.9485,0.0000,0.0000,0.0000,0.0000,6.4,nan
549,4.15e-04,0.6864,0.0000,0.0000,0.0000,0.0000,6.3,nan
550,4.15e-04,0.5429,0.0000,0.0000,0.0000,0.0000,6.9,nan
551,4.15e-04,0.7243,0.0000,0.0000,0.0000,0.0000,6.7,nan
552,4.15e-04,0.6563,0.0000,0.0000,0.0000,0.0000,5.9,nan
553,4.14e-04,0.8147,0.0000,0.0000,0.0000,0.0000,6.3,nan
554,4.14e-04,0.8742,0.0000,0.0000,0.0000,0.0000,6.1,nan
555,4.14e-04,0.8421,0.0000,0.0000,0.0000,0.0000,6.0,nan
556,4.13e-04,0.4697,0.0000,0.0000,0.0000,0.0000,5.9,nan
557,4.13e-04,0.8610,0.0000,0.0000,0.0000,0.0000,6.2,nan
558,4.13e-04,0.6040,0.0000,0.0000,0.0000,0.0000,6.0,nan
559,4.12e-04,0.8995,0.0000,0.0000,0.0000,0.0000,6.4,nan
560,4.12e-04,0.6863,0.0000,0.0000,0.0000,0.0000,10.5,0.6483
561,4.12e-04,0.9000,0.0000,0.0000,0.0000,0.0000,6.3,nan
562,4.12e-04,0.9432,0.0000,0.0000,0.0000,0.0000,5.8,nan
563,4.11e-04,1.0911,0.0000,0.0000,0.0000,0.0000,6.3,nan
564,4.11e-04,0.5845,0.0000,0.0000,0.0000,0.0000,6.1,nan
565,4.11e-04,0.9463,0.0000,0.0000,0.0000,0.0000,6.2,nan
566,4.10e-04,0.7582,0.0000,0.0000,0.0000,0.0000,6.0,nan
567,4.10e-04,0.5962,0.0000,0.0000,0.0000,0.0000,6.2,nan
568,4.10e-04,1.0954,0.0000,0.0000,0.0000,0.0000,5.7,nan
569,4.09e-04,0.7235,0.0000,0.0000,0.0000,0.0000,6.0,nan
570,4.09e-04,0.5435,0.0000,0.0000,0.0000,0.0000,6.0,nan
571,4.09e-04,0.3471,0.0000,0.0000,0.0000,0.0000,5.8,nan
572,4.09e-04,0.5708,0.0000,0.0000,0.0000,0.0000,5.9,nan
573,4.08e-04,0.8890,0.0000,0.0000,0.0000,0.0000,6.7,nan
574,4.08e-04,0.8378,0.0000,0.0000,0.0000,0.0000,6.2,nan
575,4.08e-04,0.9207,0.0000,0.0000,0.0000,0.0000,6.4,nan
576,4.07e-04,0.3678,0.0000,0.0000,0.0000,0.0000,5.9,nan
577,4.07e-04,0.8317,0.0000,0.0000,0.0000,0.0000,5.7,nan
578,4.07e-04,0.8397,0.0000,0.0000,0.0000,0.0000,6.0,nan
579,4.06e-04,0.9488,0.0000,0.0000,0.0000,0.0000,5.7,nan
580,4.06e-04,0.7597,0.0000,0.0000,0.0000,0.0000,9.6,0.6165
581,4.06e-04,0.9453,0.0000,0.0000,0.0000,0.0000,6.3,nan
582,4.05e-04,0.8994,0.0000,0.0000,0.0000,0.0000,5.8,nan
583,4.05e-04,0.9699,0.0000,0.0000,0.0000,0.0000,5.9,nan
584,4.05e-04,0.9529,0.0000,0.0000,0.0000,0.0000,6.2,nan
585,4.05e-04,0.7335,0.0000,0.0000,0.0000,0.0000,6.2,nan
586,4.04e-04,0.6909,0.0000,0.0000,0.0000,0.0000,6.2,nan
587,4.04e-04,0.7353,0.0000,0.0000,0.0000,0.0000,6.4,nan
588,4.04e-04,0.6431,0.0000,0.0000,0.0000,0.0000,6.1,nan
589,4.03e-04,0.6599,0.0000,0.0000,0.0000,0.0000,6.3,nan
590,4.03e-04,1.4798,0.0000,0.0000,0.0000,0.0000,5.9,nan
591,4.03e-04,0.6593,0.0000,0.0000,0.0000,0.0000,6.0,nan
592,4.02e-04,0.8760,0.0000,0.0000,0.0000,0.0000,6.1,nan
593,4.02e-04,0.8095,0.0000,0.0000,0.0000,0.0000,6.1,nan
594,4.02e-04,0.7861,0.0000,0.0000,0.0000,0.0000,6.3,nan
595,4.01e-04,0.6302,0.0000,0.0000,0.0000,0.0000,6.0,nan
596,4.01e-04,0.7116,0.0000,0.0000,0.0000,0.0000,6.2,nan
597,4.01e-04,0.9045,0.0000,0.0000,0.0000,0.0000,6.0,nan
598,4.01e-04,0.7925,0.0000,0.0000,0.0000,0.0000,6.6,nan
599,4.00e-04,0.6714,0.0000,0.0000,0.0000,0.0000,6.1,nan
600,4.00e-04,0.6292,0.0000,0.0000,0.0000,0.0000,10.0,0.6674
601,4.00e-04,0.5179,0.0000,0.0000,0.0000,0.0000,6.7,nan
602,3.99e-04,0.7482,0.0000,0.0000,0.0000,0.0000,6.3,nan
603,3.99e-04,0.9632,0.0000,0.0000,0.0000,0.0000,6.0,nan
604,3.99e-04,1.0148,0.0000,0.0000,0.0000,0.0000,5.8,nan
605,3.98e-04,0.5620,0.0000,0.0000,0.0000,0.0000,6.2,nan
606,3.98e-04,0.5834,0.0000,0.0000,0.0000,0.0000,6.1,nan
607,3.98e-04,0.6822,0.0000,0.0000,0.0000,0.0000,6.0,nan
608,3.97e-04,0.8918,0.0000,0.0000,0.0000,0.0000,6.1,nan
609,3.97e-04,0.5955,0.0000,0.0000,0.0000,0.0000,5.9,nan
610,3.97e-04,1.0990,0.0000,0.0000,0.0000,0.0000,6.0,nan
611,3.96e-04,0.7962,0.0000,0.0000,0.0000,0.0000,6.3,nan
612,3.96e-04,0.7865,0.0000,0.0000,0.0000,0.0000,6.2,nan
613,3.96e-04,0.9476,0.0000,0.0000,0.0000,0.0000,6.7,nan
614,3.95e-04,0.6479,0.0000,0.0000,0.0000,0.0000,6.1,nan
615,3.95e-04,0.7410,0.0000,0.0000,0.0000,0.0000,6.2,nan
616,3.95e-04,0.7156,0.0000,0.0000,0.0000,0.0000,7.1,nan
617,3.95e-04,0.8230,0.0000,0.0000,0.0000,0.0000,6.6,nan
618,3.94e-04,0.8918,0.0000,0.0000,0.0000,0.0000,6.0,nan
619,3.94e-04,0.6085,0.0000,0.0000,0.0000,0.0000,5.9,nan
620,3.94e-04,0.7186,0.0000,0.0000,0.0000,0.0000,10.8,0.6462
621,3.93e-04,1.1853,0.0000,0.0000,0.0000,0.0000,6.3,nan
622,3.93e-04,0.7727,0.0000,0.0000,0.0000,0.0000,6.3,nan
623,3.93e-04,0.7991,0.0000,0.0000,0.0000,0.0000,6.4,nan
624,3.92e-04,0.8194,0.0000,0.0000,0.0000,0.0000,6.1,nan
625,3.92e-04,0.7981,0.0000,0.0000,0.0000,0.0000,6.4,nan
626,3.92e-04,0.6724,0.0000,0.0000,0.0000,0.0000,6.2,nan
627,3.91e-04,0.7352,0.0000,0.0000,0.0000,0.0000,6.5,nan
628,3.91e-04,0.8355,0.0000,0.0000,0.0000,0.0000,6.7,nan
629,3.91e-04,0.7065,0.0000,0.0000,0.0000,0.0000,6.2,nan
630,3.90e-04,0.9366,0.0000,0.0000,0.0000,0.0000,6.4,nan
631,3.90e-04,0.6235,0.0000,0.0000,0.0000,0.0000,6.1,nan
632,3.90e-04,0.8197,0.0000,0.0000,0.0000,0.0000,6.2,nan
633,3.89e-04,0.7426,0.0000,0.0000,0.0000,0.0000,6.5,nan
634,3.89e-04,1.1008,0.0000,0.0000,0.0000,0.0000,8.0,nan
635,3.89e-04,0.5514,0.0000,0.0000,0.0000,0.0000,8.2,nan
636,3.88e-04,0.7067,0.0000,0.0000,0.0000,0.0000,8.3,nan
637,3.88e-04,0.8109,0.0000,0.0000,0.0000,0.0000,6.8,nan
638,3.88e-04,1.1436,0.0000,0.0000,0.0000,0.0000,7.2,nan
639,3.87e-04,0.8490,0.0000,0.0000,0.0000,0.0000,6.8,nan
640,3.87e-04,0.7414,0.0000,0.0000,0.0000,0.0000,10.4,0.6631
641,3.87e-04,0.6911,0.0000,0.0000,0.0000,0.0000,6.6,nan
642,3.86e-04,0.7458,0.0000,0.0000,0.0000,0.0000,7.6,nan
643,3.86e-04,0.4986,0.0000,0.0000,0.0000,0.0000,7.2,nan
644,3.86e-04,0.8797,0.0000,0.0000,0.0000,0.0000,6.9,nan
645,3.85e-04,1.0206,0.0000,0.0000,0.0000,0.0000,7.6,nan
646,3.85e-04,0.8721,0.0000,0.0000,0.0000,0.0000,7.3,nan
647,3.85e-04,0.5588,0.0000,0.0000,0.0000,0.0000,6.4,nan
648,3.84e-04,0.6988,0.0000,0.0000,0.0000,0.0000,6.7,nan
649,3.84e-04,0.8651,0.0000,0.0000,0.0000,0.0000,6.4,nan
650,3.84e-04,1.0522,0.0000,0.0000,0.0000,0.0000,6.5,nan
651,3.83e-04,0.8994,0.0000,0.0000,0.0000,0.0000,5.8,nan
652,3.83e-04,0.6769,0.0000,0.0000,0.0000,0.0000,6.0,nan
653,3.83e-04,0.6442,0.0000,0.0000,0.0000,0.0000,6.3,nan
654,3.82e-04,0.4652,0.0000,0.0000,0.0000,0.0000,6.3,nan
655,3.82e-04,0.4635,0.0000,0.0000,0.0000,0.0000,7.1,nan
656,3.82e-04,0.8506,0.0000,0.0000,0.0000,0.0000,6.0,nan
657,3.81e-04,0.8710,0.0000,0.0000,0.0000,0.0000,6.2,nan
658,3.81e-04,0.8922,0.0000,0.0000,0.0000,0.0000,5.8,nan
659,3.81e-04,1.3693,0.0000,0.0000,0.0000,0.0000,7.0,nan
660,3.80e-04,0.6855,0.0000,0.0000,0.0000,0.0000,10.9,0.6356
661,3.80e-04,1.0971,0.0000,0.0000,0.0000,0.0000,6.5,nan
662,3.80e-04,0.6106,0.0000,0.0000,0.0000,0.0000,6.3,nan
663,3.79e-04,0.5993,0.0000,0.0000,0.0000,0.0000,6.1,nan
664,3.79e-04,0.6539,0.0000,0.0000,0.0000,0.0000,6.2,nan
665,3.79e-04,0.4834,0.0000,0.0000,0.0000,0.0000,6.1,nan
666,3.78e-04,1.1837,0.0000,0.0000,0.0000,0.0000,6.5,nan
667,3.78e-04,0.3471,0.0000,0.0000,0.0000,0.0000,6.5,nan
668,3.78e-04,0.6195,0.0000,0.0000,0.0000,0.0000,6.1,nan
669,3.77e-04,0.7505,0.0000,0.0000,0.0000,0.0000,5.9,nan
670,3.77e-04,0.8393,0.0000,0.0000,0.0000,0.0000,6.1,nan
671,3.77e-04,1.0810,0.0000,0.0000,0.0000,0.0000,6.2,nan
672,3.76e-04,0.6602,0.0000,0.0000,0.0000,0.0000,6.2,nan
673,3.76e-04,0.8754,0.0000,0.0000,0.0000,0.0000,6.3,nan
674,3.76e-04,0.5893,0.0000,0.0000,0.0000,0.0000,6.2,nan
675,3.75e-04,0.6328,0.0000,0.0000,0.0000,0.0000,6.4,nan
676,3.75e-04,0.8617,0.0000,0.0000,0.0000,0.0000,6.3,nan
677,3.75e-04,0.8419,0.0000,0.0000,0.0000,0.0000,5.9,nan
678,3.74e-04,0.9676,0.0000,0.0000,0.0000,0.0000,6.0,nan
679,3.74e-04,0.5937,0.0000,0.0000,0.0000,0.0000,5.9,nan
680,3.74e-04,0.6670,0.0000,0.0000,0.0000,0.0000,9.7,0.6186
681,3.73e-04,0.4822,0.0000,0.0000,0.0000,0.0000,5.8,nan
682,3.73e-04,0.5352,0.0000,0.0000,0.0000,0.0000,6.2,nan
683,3.73e-04,0.4988,0.0000,0.0000,0.0000,0.0000,6.0,nan
684,3.72e-04,0.7264,0.0000,0.0000,0.0000,0.0000,6.4,nan
685,3.72e-04,0.7760,0.0000,0.0000,0.0000,0.0000,6.3,nan
686,3.72e-04,0.6280,0.0000,0.0000,0.0000,0.0000,6.0,nan
687,3.71e-04,0.9715,0.0000,0.0000,0.0000,0.0000,6.0,nan
688,3.71e-04,0.4490,0.0000,0.0000,0.0000,0.0000,5.9,nan
689,3.71e-04,0.9469,0.0000,0.0000,0.0000,0.0000,6.4,nan
690,3.70e-04,0.8586,0.0000,0.0000,0.0000,0.0000,5.9,nan
691,3.70e-04,0.7973,0.0000,0.0000,0.0000,0.0000,6.0,nan
692,3.70e-04,1.1683,0.0000,0.0000,0.0000,0.0000,5.9,nan
693,3.69e-04,1.0828,0.0000,0.0000,0.0000,0.0000,6.4,nan
694,3.69e-04,0.9972,0.0000,0.0000,0.0000,0.0000,6.1,nan
695,3.69e-04,1.0111,0.0000,0.0000,0.0000,0.0000,6.1,nan
696,3.68e-04,0.8846,0.0000,0.0000,0.0000,0.0000,5.9,nan
697,3.68e-04,0.6467,0.0000,0.0000,0.0000,0.0000,6.0,nan
698,3.68e-04,0.8998,0.0000,0.0000,0.0000,0.0000,6.6,nan
699,3.67e-04,0.4271,0.0000,0.0000,0.0000,0.0000,5.9,nan
700,3.67e-04,0.3510,0.0000,0.0000,0.0000,0.0000,9.9,0.6314
701,3.66e-04,0.4854,0.0000,0.0000,0.0000,0.0000,6.0,nan
702,3.66e-04,1.1454,0.0000,0.0000,0.0000,0.0000,5.9,nan
703,3.66e-04,1.1309,0.0000,0.0000,0.0000,0.0000,6.1,nan
704,3.65e-04,0.8968,0.0000,0.0000,0.0000,0.0000,5.8,nan
705,3.65e-04,0.7927,0.0000,0.0000,0.0000,0.0000,5.9,nan
706,3.65e-04,0.6512,0.0000,0.0000,0.0000,0.0000,6.0,nan
707,3.64e-04,0.6589,0.0000,0.0000,0.0000,0.0000,6.3,nan
708,3.64e-04,0.4399,0.0000,0.0000,0.0000,0.0000,5.8,nan
709,3.64e-04,0.4758,0.0000,0.0000,0.0000,0.0000,6.4,nan
710,3.63e-04,0.5566,0.0000,0.0000,0.0000,0.0000,6.3,nan
711,3.63e-04,0.8525,0.0000,0.0000,0.0000,0.0000,6.1,nan
712,3.63e-04,0.5634,0.0000,0.0000,0.0000,0.0000,6.0,nan
713,3.62e-04,0.6009,0.0000,0.0000,0.0000,0.0000,6.0,nan
714,3.62e-04,0.6706,0.0000,0.0000,0.0000,0.0000,5.9,nan
715,3.62e-04,0.3375,0.0000,0.0000,0.0000,0.0000,6.4,nan
716,3.61e-04,0.8421,0.0000,0.0000,0.0000,0.0000,6.7,nan
717,3.61e-04,0.9506,0.0000,0.0000,0.0000,0.0000,6.9,nan
718,3.61e-04,0.8108,0.0000,0.0000,0.0000,0.0000,5.8,nan
719,3.60e-04,0.7215,0.0000,0.0000,0.0000,0.0000,5.7,nan
720,3.60e-04,0.8259,0.0000,0.0000,0.0000,0.0000,9.8,0.6398
721,3.59e-04,0.6221,0.0000,0.0000,0.0000,0.0000,5.9,nan
722,3.59e-04,0.6114,0.0000,0.0000,0.0000,0.0000,6.2,nan
723,3.59e-04,0.6312,0.0000,0.0000,0.0000,0.0000,6.2,nan
724,3.58e-04,0.8958,0.0000,0.0000,0.0000,0.0000,6.3,nan
725,3.58e-04,0.6585,0.0000,0.0000,0.0000,0.0000,7.1,nan
726,3.58e-04,0.4536,0.0000,0.0000,0.0000,0.0000,7.1,nan
727,3.57e-04,0.4125,0.0000,0.0000,0.0000,0.0000,7.1,nan
728,3.57e-04,0.6477,0.0000,0.0000,0.0000,0.0000,6.0,nan
729,3.57e-04,0.5001,0.0000,0.0000,0.0000,0.0000,6.2,nan
730,3.56e-04,0.7820,0.0000,0.0000,0.0000,0.0000,6.0,nan
731,3.56e-04,0.5332,0.0000,0.0000,0.0000,0.0000,6.4,nan
732,3.56e-04,0.8655,0.0000,0.0000,0.0000,0.0000,6.0,nan
733,3.55e-04,0.6702,0.0000,0.0000,0.0000,0.0000,6.3,nan
734,3.55e-04,0.7161,0.0000,0.0000,0.0000,0.0000,6.3,nan
735,3.55e-04,0.7942,0.0000,0.0000,0.0000,0.0000,6.2,nan
736,3.54e-04,0.6798,0.0000,0.0000,0.0000,0.0000,6.2,nan
737,3.54e-04,1.0848,0.0000,0.0000,0.0000,0.0000,6.3,nan
738,3.53e-04,0.7365,0.0000,0.0000,0.0000,0.0000,6.0,nan
739,3.53e-04,0.5305,0.0000,0.0000,0.0000,0.0000,6.1,nan
740,3.53e-04,0.8143,0.0000,0.0000,0.0000,0.0000,10.0,0.6081
741,3.52e-04,0.6734,0.0000,0.0000,0.0000,0.0000,6.1,nan
742,3.52e-04,0.8188,0.0000,0.0000,0.0000,0.0000,6.1,nan
743,3.52e-04,0.6339,0.0000,0.0000,0.0000,0.0000,6.4,nan
744,3.51e-04,1.0219,0.0000,0.0000,0.0000,0.0000,6.2,nan
745,3.51e-04,0.5378,0.0000,0.0000,0.0000,0.0000,6.3,nan
746,3.51e-04,0.7647,0.0000,0.0000,0.0000,0.0000,6.4,nan
747,3.50e-04,0.4263,0.0000,0.0000,0.0000,0.0000,6.5,nan
748,3.50e-04,0.9418,0.0000,0.0000,0.0000,0.0000,6.5,nan
749,3.50e-04,0.8234,0.0000,0.0000,0.0000,0.0000,5.8,nan
750,3.49e-04,0.5528,0.0000,0.0000,0.0000,0.0000,6.0,nan
751,3.49e-04,0.6415,0.0000,0.0000,0.0000,0.0000,6.3,nan
752,3.48e-04,0.6905,0.0000,0.0000,0.0000,0.0000,5.9,nan
753,3.48e-04,1.0190,0.0000,0.0000,0.0000,0.0000,6.4,nan
754,3.48e-04,0.5010,0.0000,0.0000,0.0000,0.0000,5.7,nan
755,3.47e-04,0.9326,0.0000,0.0000,0.0000,0.0000,6.8,nan
756,3.47e-04,1.0077,0.0000,0.0000,0.0000,0.0000,6.4,nan
757,3.47e-04,0.7422,0.0000,0.0000,0.0000,0.0000,6.1,nan
758,3.46e-04,0.9258,0.0000,0.0000,0.0000,0.0000,6.4,nan
759,3.46e-04,0.7707,0.0000,0.0000,0.0000,0.0000,6.1,nan
760,3.46e-04,0.6049,0.0000,0.0000,0.0000,0.0000,10.3,0.6017
761,3.45e-04,0.8287,0.0000,0.0000,0.0000,0.0000,6.6,nan
762,3.45e-04,0.4881,0.0000,0.0000,0.0000,0.0000,6.4,nan
763,3.44e-04,0.7155,0.0000,0.0000,0.0000,0.0000,5.9,nan
764,3.44e-04,0.4473,0.0000,0.0000,0.0000,0.0000,6.6,nan
765,3.44e-04,0.6463,0.0000,0.0000,0.0000,0.0000,6.0,nan
766,3.43e-04,0.7678,0.0000,0.0000,0.0000,0.0000,6.6,nan
767,3.43e-04,0.8553,0.0000,0.0000,0.0000,0.0000,6.1,nan
768,3.43e-04,0.5358,0.0000,0.0000,0.0000,0.0000,5.9,nan
769,3.42e-04,0.5763,0.0000,0.0000,0.0000,0.0000,6.4,nan
770,3.42e-04,0.4607,0.0000,0.0000,0.0000,0.0000,6.2,nan
771,3.42e-04,0.9225,0.0000,0.0000,0.0000,0.0000,6.2,nan
772,3.41e-04,0.9235,0.0000,0.0000,0.0000,0.0000,6.2,nan
773,3.41e-04,0.5494,0.0000,0.0000,0.0000,0.0000,6.2,nan
774,3.40e-04,0.7099,0.0000,0.0000,0.0000,0.0000,6.2,nan
775,3.40e-04,0.6407,0.0000,0.0000,0.0000,0.0000,6.2,nan
776,3.40e-04,0.8166,0.0000,0.0000,0.0000,0.0000,6.1,nan
777,3.39e-04,0.7754,0.0000,0.0000,0.0000,0.0000,6.0,nan
778,3.39e-04,0.7842,0.0000,0.0000,0.0000,0.0000,6.1,nan
779,3.39e-04,0.9935,0.0000,0.0000,0.0000,0.0000,6.1,nan
780,3.38e-04,0.5871,0.0000,0.0000,0.0000,0.0000,10.0,0.6737
781,3.38e-04,0.7287,0.0000,0.0000,0.0000,0.0000,5.8,nan
782,3.38e-04,0.8189,0.0000,0.0000,0.0000,0.0000,6.6,nan
783,3.37e-04,0.8923,0.0000,0.0000,0.0000,0.0000,6.2,nan
784,3.37e-04,0.4840,0.0000,0.0000,0.0000,0.0000,6.3,nan
785,3.36e-04,0.6769,0.0000,0.0000,0.0000,0.0000,6.2,nan
786,3.36e-04,0.6867,0.0000,0.0000,0.0000,0.0000,6.3,nan
787,3.36e-04,0.9134,0.0000,0.0000,0.0000,0.0000,6.1,nan
788,3.35e-04,0.6118,0.0000,0.0000,0.0000,0.0000,6.1,nan
789,3.35e-04,1.0223,0.0000,0.0000,0.0000,0.0000,6.1,nan
790,3.35e-04,0.9272,0.0000,0.0000,0.0000,0.0000,6.0,nan
791,3.34e-04,1.0439,0.0000,0.0000,0.0000,0.0000,6.3,nan
792,3.34e-04,0.5660,0.0000,0.0000,0.0000,0.0000,6.1,nan
793,3.33e-04,0.4958,0.0000,0.0000,0.0000,0.0000,5.8,nan
794,3.33e-04,0.7214,0.0000,0.0000,0.0000,0.0000,6.2,nan
795,3.33e-04,0.5400,0.0000,0.0000,0.0000,0.0000,6.4,nan
796,3.32e-04,0.4103,0.0000,0.0000,0.0000,0.0000,6.2,nan
797,3.32e-04,0.6768,0.0000,0.0000,0.0000,0.0000,6.2,nan
798,3.32e-04,0.9137,0.0000,0.0000,0.0000,0.0000,5.9,nan
799,3.31e-04,0.8613,0.0000,0.0000,0.0000,0.0000,6.3,nan
800,3.31e-04,0.7084,0.0000,0.0000,0.0000,0.0000,10.1,0.6610
801,3.31e-04,0.8248,0.0000,0.0000,0.0000,0.0000,6.2,nan
802,3.30e-04,0.6239,0.0000,0.0000,0.0000,0.0000,6.1,nan
803,3.30e-04,0.6701,0.0000,0.0000,0.0000,0.0000,5.9,nan
804,3.29e-04,0.6740,0.0000,0.0000,0.0000,0.0000,5.9,nan
805,3.29e-04,0.8825,0.0000,0.0000,0.0000,0.0000,5.9,nan
806,3.29e-04,0.4903,0.0000,0.0000,0.0000,0.0000,6.0,nan
807,3.28e-04,0.4064,0.0000,0.0000,0.0000,0.0000,5.9,nan
808,3.28e-04,0.8252,0.0000,0.0000,0.0000,0.0000,6.0,nan
809,3.28e-04,0.5616,0.0000,0.0000,0.0000,0.0000,6.3,nan
810,3.27e-04,0.7010,0.0000,0.0000,0.0000,0.0000,6.1,nan
811,3.27e-04,0.7519,0.0000,0.0000,0.0000,0.0000,6.5,nan
812,3.26e-04,0.5229,0.0000,0.0000,0.0000,0.0000,6.3,nan
813,3.26e-04,1.1413,0.0000,0.0000,0.0000,0.0000,6.6,nan
814,3.26e-04,0.7814,0.0000,0.0000,0.0000,0.0000,6.2,nan
815,3.25e-04,1.1234,0.0000,0.0000,0.0000,0.0000,6.4,nan
816,3.25e-04,0.6457,0.0000,0.0000,0.0000,0.0000,6.2,nan
817,3.25e-04,0.6806,0.0000,0.0000,0.0000,0.0000,6.1,nan
818,3.24e-04,0.8728,0.0000,0.0000,0.0000,0.0000,6.3,nan
819,3.24e-04,0.8035,0.0000,0.0000,0.0000,0.0000,6.3,nan
820,3.23e-04,0.7698,0.0000,0.0000,0.0000,0.0000,10.5,0.6356
821,3.23e-04,0.8522,0.0000,0.0000,0.0000,0.0000,6.1,nan
822,3.23e-04,0.7706,0.0000,0.0000,0.0000,0.0000,6.5,nan
823,3.22e-04,0.7389,0.0000,0.0000,0.0000,0.0000,6.4,nan
824,3.22e-04,0.4786,0.0000,0.0000,0.0000,0.0000,6.1,nan
825,3.22e-04,0.7073,0.0000,0.0000,0.0000,0.0000,7.0,nan
826,3.21e-04,0.6721,0.0000,0.0000,0.0000,0.0000,6.1,nan
827,3.21e-04,0.4299,0.0000,0.0000,0.0000,0.0000,5.9,nan
828,3.20e-04,1.1834,0.0000,0.0000,0.0000,0.0000,6.2,nan
829,3.20e-04,1.1571,0.0000,0.0000,0.0000,0.0000,6.6,nan
830,3.20e-04,0.4691,0.0000,0.0000,0.0000,0.0000,7.7,nan
831,3.19e-04,0.9358,0.0000,0.0000,0.0000,0.0000,7.3,nan
832,3.19e-04,0.8482,0.0000,0.0000,0.0000,0.0000,6.1,nan
833,3.19e-04,0.6137,0.0000,0.0000,0.0000,0.0000,6.2,nan
834,3.18e-04,0.5601,0.0000,0.0000,0.0000,0.0000,6.0,nan
835,3.18e-04,0.6115,0.0000,0.0000,0.0000,0.0000,6.0,nan
836,3.17e-04,0.7595,0.0000,0.0000,0.0000,0.0000,5.8,nan
837,3.17e-04,0.6103,0.0000,0.0000,0.0000,0.0000,5.5,nan
838,3.17e-04,0.6668,0.0000,0.0000,0.0000,0.0000,5.8,nan
839,3.16e-04,1.0802,0.0000,0.0000,0.0000,0.0000,5.9,nan
840,3.16e-04,0.9045,0.0000,0.0000,0.0000,0.0000,10.0,0.6610
841,3.16e-04,0.8602,0.0000,0.0000,0.0000,0.0000,5.7,nan
842,3.15e-04,0.9059,0.0000,0.0000,0.0000,0.0000,5.9,nan
843,3.15e-04,0.7511,0.0000,0.0000,0.0000,0.0000,6.0,nan
844,3.14e-04,0.8536,0.0000,0.0000,0.0000,0.0000,6.1,nan
845,3.14e-04,0.7101,0.0000,0.0000,0.0000,0.0000,6.2,nan
846,3.14e-04,0.8163,0.0000,0.0000,0.0000,0.0000,5.7,nan
847,3.13e-04,0.4029,0.0000,0.0000,0.0000,0.0000,6.0,nan
848,3.13e-04,0.5467,0.0000,0.0000,0.0000,0.0000,5.9,nan
849,3.13e-04,0.5996,0.0000,0.0000,0.0000,0.0000,6.1,nan
850,3.12e-04,0.9479,0.0000,0.0000,0.0000,0.0000,5.7,nan
851,3.12e-04,1.1641,0.0000,0.0000,0.0000,0.0000,5.6,nan
852,3.11e-04,0.5076,0.0000,0.0000,0.0000,0.0000,6.3,nan
853,3.11e-04,0.7995,0.0000,0.0000,0.0000,0.0000,5.9,nan
854,3.11e-04,0.8799,0.0000,0.0000,0.0000,0.0000,6.0,nan
855,3.10e-04,0.5744,0.0000,0.0000,0.0000,0.0000,6.8,nan
856,3.10e-04,0.5636,0.0000,0.0000,0.0000,0.0000,6.3,nan
857,3.09e-04,0.7896,0.0000,0.0000,0.0000,0.0000,6.3,nan
858,3.09e-04,0.8420,0.0000,0.0000,0.0000,0.0000,6.4,nan
859,3.09e-04,0.5248,0.0000,0.0000,0.0000,0.0000,6.7,nan
860,3.08e-04,0.6880,0.0000,0.0000,0.0000,0.0000,10.0,0.6314
861,3.08e-04,0.9211,0.0000,0.0000,0.0000,0.0000,6.1,nan
862,3.08e-04,0.5317,0.0000,0.0000,0.0000,0.0000,5.9,nan
863,3.07e-04,0.7963,0.0000,0.0000,0.0000,0.0000,6.1,nan
864,3.07e-04,0.7407,0.0000,0.0000,0.0000,0.0000,6.3,nan
865,3.06e-04,0.8701,0.0000,0.0000,0.0000,0.0000,6.2,nan
866,3.06e-04,0.7089,0.0000,0.0000,0.0000,0.0000,6.0,nan
867,3.06e-04,0.4305,0.0000,0.0000,0.0000,0.0000,6.0,nan
868,3.05e-04,0.8107,0.0000,0.0000,0.0000,0.0000,5.9,nan
869,3.05e-04,0.6120,0.0000,0.0000,0.0000,0.0000,6.0,nan
870,3.05e-04,0.6604,0.0000,0.0000,0.0000,0.0000,6.2,nan
871,3.04e-04,0.7590,0.0000,0.0000,0.0000,0.0000,5.8,nan
872,3.04e-04,0.6307,0.0000,0.0000,0.0000,0.0000,6.2,nan
873,3.03e-04,0.6697,0.0000,0.0000,0.0000,0.0000,6.4,nan
874,3.03e-04,0.9279,0.0000,0.0000,0.0000,0.0000,5.9,nan
875,3.03e-04,0.5448,0.0000,0.0000,0.0000,0.0000,6.4,nan
876,3.02e-04,0.4902,0.0000,0.0000,0.0000,0.0000,6.4,nan
877,3.02e-04,0.8047,0.0000,0.0000,0.0000,0.0000,6.3,nan
878,3.01e-04,0.4604,0.0000,0.0000,0.0000,0.0000,6.7,nan
879,3.01e-04,0.4541,0.0000,0.0000,0.0000,0.0000,6.4,nan
880,3.01e-04,0.8448,0.0000,0.0000,0.0000,0.0000,10.4,0.6822
881,3.00e-04,0.5135,0.0000,0.0000,0.0000,0.0000,6.2,nan
882,3.00e-04,0.7700,0.0000,0.0000,0.0000,0.0000,6.1,nan
883,3.00e-04,1.1028,0.0000,0.0000,0.0000,0.0000,6.3,nan
884,2.99e-04,0.5997,0.0000,0.0000,0.0000,0.0000,6.2,nan
885,2.99e-04,0.7282,0.0000,0.0000,0.0000,0.0000,6.0,nan
886,2.98e-04,1.0497,0.0000,0.0000,0.0000,0.0000,6.1,nan
887,2.98e-04,1.2696,0.0000,0.0000,0.0000,0.0000,6.5,nan
888,2.98e-04,0.8665,0.0000,0.0000,0.0000,0.0000,6.2,nan
889,2.97e-04,1.0174,0.0000,0.0000,0.0000,0.0000,6.6,nan
890,2.97e-04,0.4942,0.0000,0.0000,0.0000,0.0000,6.6,nan
891,2.96e-04,0.7049,0.0000,0.0000,0.0000,0.0000,6.6,nan
892,2.96e-04,1.3102,0.0000,0.0000,0.0000,0.0000,6.0,nan
893,2.96e-04,0.5162,0.0000,0.0000,0.0000,0.0000,6.1,nan
894,2.95e-04,0.7350,0.0000,0.0000,0.0000,0.0000,6.1,nan
895,2.95e-04,1.1217,0.0000,0.0000,0.0000,0.0000,5.9,nan
896,2.95e-04,0.8210,0.0000,0.0000,0.0000,0.0000,6.4,nan
897,2.94e-04,0.7654,0.0000,0.0000,0.0000,0.0000,7.1,nan
898,2.94e-04,0.6321,0.0000,0.0000,0.0000,0.0000,6.8,nan
899,2.93e-04,0.8397,0.0000,0.0000,0.0000,0.0000,6.0,nan
900,2.93e-04,0.7672,0.0000,0.0000,0.0000,0.0000,9.6,0.6398
901,2.93e-04,0.7376,0.0000,0.0000,0.0000,0.0000,6.4,nan
902,2.92e-04,0.7911,0.0000,0.0000,0.0000,0.0000,7.5,nan
903,2.92e-04,0.6510,0.0000,0.0000,0.0000,0.0000,7.8,nan
904,2.91e-04,0.6617,0.0000,0.0000,0.0000,0.0000,7.3,nan
905,2.91e-04,0.5645,0.0000,0.0000,0.0000,0.0000,7.5,nan
906,2.91e-04,0.9561,0.0000,0.0000,0.0000,0.0000,7.1,nan
907,2.90e-04,0.5049,0.0000,0.0000,0.0000,0.0000,6.4,nan
908,2.90e-04,0.5332,0.0000,0.0000,0.0000,0.0000,6.7,nan
909,2.90e-04,0.7110,0.0000,0.0000,0.0000,0.0000,6.5,nan
910,2.89e-04,0.6978,0.0000,0.0000,0.0000,0.0000,6.5,nan
911,2.89e-04,0.9831,0.0000,0.0000,0.0000,0.0000,6.5,nan
912,2.88e-04,0.5972,0.0000,0.0000,0.0000,0.0000,7.1,nan
913,2.88e-04,0.6734,0.0000,0.0000,0.0000,0.0000,6.5,nan
914,2.88e-04,0.4751,0.0000,0.0000,0.0000,0.0000,6.6,nan
915,2.87e-04,0.8097,0.0000,0.0000,0.0000,0.0000,6.1,nan
916,2.87e-04,0.7888,0.0000,0.0000,0.0000,0.0000,6.3,nan
917,2.86e-04,0.6418,0.0000,0.0000,0.0000,0.0000,5.8,nan
918,2.86e-04,0.5772,0.0000,0.0000,0.0000,0.0000,6.4,nan
919,2.86e-04,0.5958,0.0000,0.0000,0.0000,0.0000,6.4,nan
920,2.85e-04,0.7198,0.0000,0.0000,0.0000,0.0000,10.4,0.6843
921,2.85e-04,0.6162,0.0000,0.0000,0.0000,0.0000,6.6,nan
922,2.84e-04,0.6908,0.0000,0.0000,0.0000,0.0000,6.2,nan
923,2.84e-04,1.0262,0.0000,0.0000,0.0000,0.0000,6.2,nan
924,2.84e-04,0.8568,0.0000,0.0000,0.0000,0.0000,6.7,nan
925,2.83e-04,0.7592,0.0000,0.0000,0.0000,0.0000,6.2,nan
926,2.83e-04,0.6092,0.0000,0.0000,0.0000,0.0000,6.1,nan
927,2.83e-04,0.7399,0.0000,0.0000,0.0000,0.0000,5.8,nan
928,2.82e-04,0.5021,0.0000,0.0000,0.0000,0.0000,6.0,nan
929,2.82e-04,0.6877,0.0000,0.0000,0.0000,0.0000,5.9,nan
930,2.81e-04,1.0968,0.0000,0.0000,0.0000,0.0000,6.1,nan
931,2.81e-04,0.7537,0.0000,0.0000,0.0000,0.0000,6.0,nan
932,2.81e-04,0.6473,0.0000,0.0000,0.0000,0.0000,6.0,nan
933,2.80e-04,0.6382,0.0000,0.0000,0.0000,0.0000,5.8,nan
934,2.80e-04,0.4440,0.0000,0.0000,0.0000,0.0000,6.3,nan
935,2.79e-04,0.7971,0.0000,0.0000,0.0000,0.0000,6.3,nan
936,2.79e-04,0.8250,0.0000,0.0000,0.0000,0.0000,5.9,nan
937,2.79e-04,0.7318,0.0000,0.0000,0.0000,0.0000,6.3,nan
938,2.78e-04,0.6596,0.0000,0.0000,0.0000,0.0000,5.9,nan
939,2.78e-04,0.6407,0.0000,0.0000,0.0000,0.0000,5.8,nan
940,2.78e-04,0.9016,0.0000,0.0000,0.0000,0.0000,9.0,0.6737
941,2.77e-04,0.5243,0.0000,0.0000,0.0000,0.0000,6.1,nan
942,2.77e-04,0.9883,0.0000,0.0000,0.0000,0.0000,5.7,nan
943,2.76e-04,0.5660,0.0000,0.0000,0.0000,0.0000,5.8,nan
944,2.76e-04,0.4351,0.0000,0.0000,0.0000,0.0000,5.8,nan
945,2.76e-04,0.7246,0.0000,0.0000,0.0000,0.0000,5.9,nan
946,2.75e-04,0.6932,0.0000,0.0000,0.0000,0.0000,6.0,nan
947,2.75e-04,0.6392,0.0000,0.0000,0.0000,0.0000,5.7,nan
948,2.74e-04,1.0795,0.0000,0.0000,0.0000,0.0000,5.7,nan
949,2.74e-04,0.9147,0.0000,0.0000,0.0000,0.0000,5.8,nan
950,2.74e-04,0.6836,0.0000,0.0000,0.0000,0.0000,5.8,nan
951,2.73e-04,0.8404,0.0000,0.0000,0.0000,0.0000,6.1,nan
952,2.73e-04,0.5833,0.0000,0.0000,0.0000,0.0000,5.7,nan
953,2.72e-04,0.5913,0.0000,0.0000,0.0000,0.0000,5.4,nan
954,2.72e-04,0.5429,0.0000,0.0000,0.0000,0.0000,6.2,nan
955,2.72e-04,0.6012,0.0000,0.0000,0.0000,0.0000,5.5,nan
956,2.71e-04,0.6768,0.0000,0.0000,0.0000,0.0000,5.9,nan
957,2.71e-04,0.4509,0.0000,0.0000,0.0000,0.0000,5.8,nan
958,2.71e-04,0.5999,0.0000,0.0000,0.0000,0.0000,5.7,nan
959,2.70e-04,0.8105,0.0000,0.0000,0.0000,0.0000,5.9,nan
960,2.70e-04,0.6583,0.0000,0.0000,0.0000,0.0000,9.7,0.6674
961,2.69e-04,0.6153,0.0000,0.0000,0.0000,0.0000,5.9,nan
962,2.69e-04,0.7387,0.0000,0.0000,0.0000,0.0000,6.0,nan
963,2.69e-04,0.6051,0.0000,0.0000,0.0000,0.0000,5.6,nan
964,2.68e-04,0.4456,0.0000,0.0000,0.0000,0.0000,6.0,nan
965,2.68e-04,1.0659,0.0000,0.0000,0.0000,0.0000,5.9,nan
966,2.67e-04,0.6862,0.0000,0.0000,0.0000,0.0000,5.6,nan
967,2.67e-04,0.7101,0.0000,0.0000,0.0000,0.0000,5.5,nan
968,2.67e-04,0.9338,0.0000,0.0000,0.0000,0.0000,5.6,nan
969,2.66e-04,0.5507,0.0000,0.0000,0.0000,0.0000,5.5,nan
970,2.66e-04,0.5325,0.0000,0.0000,0.0000,0.0000,5.8,nan
971,2.65e-04,0.5906,0.0000,0.0000,0.0000,0.0000,5.8,nan
972,2.65e-04,0.7564,0.0000,0.0000,0.0000,0.0000,5.8,nan
973,2.65e-04,0.5640,0.0000,0.0000,0.0000,0.0000,6.0,nan
974,2.64e-04,0.6966,0.0000,0.0000,0.0000,0.0000,5.9,nan
975,2.64e-04,0.7435,0.0000,0.0000,0.0000,0.0000,5.6,nan
976,2.63e-04,0.8953,0.0000,0.0000,0.0000,0.0000,5.7,nan
977,2.63e-04,0.6015,0.0000,0.0000,0.0000,0.0000,5.9,nan
978,2.63e-04,0.8515,0.0000,0.0000,0.0000,0.0000,5.9,nan
979,2.62e-04,0.7543,0.0000,0.0000,0.0000,0.0000,6.0,nan
980,2.62e-04,0.7132,0.0000,0.0000,0.0000,0.0000,9.3,0.6907
981,2.62e-04,0.5096,0.0000,0.0000,0.0000,0.0000,6.3,nan
982,2.61e-04,0.8654,0.0000,0.0000,0.0000,0.0000,5.8,nan
983,2.61e-04,0.5145,0.0000,0.0000,0.0000,0.0000,5.6,nan
984,2.60e-04,0.6811,0.0000,0.0000,0.0000,0.0000,5.7,nan
985,2.60e-04,0.7768,0.0000,0.0000,0.0000,0.0000,5.9,nan
986,2.60e-04,0.7001,0.0000,0.0000,0.0000,0.0000,5.6,nan
987,2.59e-04,0.9229,0.0000,0.0000,0.0000,0.0000,5.9,nan
988,2.59e-04,0.9027,0.0000,0.0000,0.0000,0.0000,6.0,nan
989,2.58e-04,1.3011,0.0000,0.0000,0.0000,0.0000,6.0,nan
990,2.58e-04,0.5855,0.0000,0.0000,0.0000,0.0000,5.8,nan
991,2.58e-04,0.8021,0.0000,0.0000,0.0000,0.0000,6.1,nan
992,2.57e-04,0.3481,0.0000,0.0000,0.0000,0.0000,6.1,nan
993,2.57e-04,0.5402,0.0000,0.0000,0.0000,0.0000,5.8,nan
994,2.56e-04,0.7829,0.0000,0.0000,0.0000,0.0000,6.2,nan
995,2.56e-04,0.6180,0.0000,0.0000,0.0000,0.0000,5.9,nan
996,2.56e-04,0.6188,0.0000,0.0000,0.0000,0.0000,5.6,nan
997,2.55e-04,0.3868,0.0000,0.0000,0.0000,0.0000,5.8,nan
998,2.55e-04,0.6234,0.0000,0.0000,0.0000,0.0000,5.8,nan
999,2.55e-04,0.5044,0.0000,0.0000,0.0000,0.0000,5.6,nan
1000,2.54e-04,0.6928,0.0000,0.0000,0.0000,0.0000,9.6,0.6907
1001,2.54e-04,0.5793,0.0000,0.0000,0.0000,0.0000,5.7,nan
1002,2.53e-04,0.7616,0.0000,0.0000,0.0000,0.0000,5.9,nan
1003,2.53e-04,0.6741,0.0000,0.0000,0.0000,0.0000,5.7,nan
1004,2.53e-04,0.7666,0.0000,0.0000,0.0000,0.0000,5.6,nan
1005,2.52e-04,0.9106,0.0000,0.0000,0.0000,0.0000,5.9,nan
1006,2.52e-04,0.5061,0.0000,0.0000,0.0000,0.0000,5.9,nan
1007,2.51e-04,0.4324,0.0000,0.0000,0.0000,0.0000,5.8,nan
1008,2.51e-04,0.8611,0.0000,0.0000,0.0000,0.0000,5.7,nan
1009,2.51e-04,0.6805,0.0000,0.0000,0.0000,0.0000,5.6,nan
1010,2.50e-04,0.8749,0.0000,0.0000,0.0000,0.0000,5.8,nan
1011,2.50e-04,0.8578,0.0000,0.0000,0.0000,0.0000,6.3,nan
1012,2.49e-04,0.7537,0.0000,0.0000,0.0000,0.0000,5.9,nan
1013,2.49e-04,0.4770,0.0000,0.0000,0.0000,0.0000,5.7,nan
1014,2.49e-04,0.4360,0.0000,0.0000,0.0000,0.0000,5.6,nan
1015,2.48e-04,0.4378,0.0000,0.0000,0.0000,0.0000,5.9,nan
1016,2.48e-04,0.4290,0.0000,0.0000,0.0000,0.0000,5.8,nan
1017,2.47e-04,0.7516,0.0000,0.0000,0.0000,0.0000,5.6,nan
1018,2.47e-04,0.5226,0.0000,0.0000,0.0000,0.0000,5.8,nan
1019,2.47e-04,0.5307,0.0000,0.0000,0.0000,0.0000,5.8,nan
1020,2.46e-04,0.7035,0.0000,0.0000,0.0000,0.0000,9.1,0.6716
1021,2.46e-04,0.7413,0.0000,0.0000,0.0000,0.0000,6.3,nan
1022,2.46e-04,0.8758,0.0000,0.0000,0.0000,0.0000,5.8,nan
1023,2.45e-04,0.6180,0.0000,0.0000,0.0000,0.0000,6.1,nan
1024,2.45e-04,0.5936,0.0000,0.0000,0.0000,0.0000,6.1,nan
1025,2.44e-04,0.6424,0.0000,0.0000,0.0000,0.0000,5.7,nan
1026,2.44e-04,0.6104,0.0000,0.0000,0.0000,0.0000,6.0,nan
1027,2.44e-04,0.5729,0.0000,0.0000,0.0000,0.0000,5.9,nan
1028,2.43e-04,0.4326,0.0000,0.0000,0.0000,0.0000,5.5,nan
1029,2.43e-04,0.4721,0.0000,0.0000,0.0000,0.0000,5.6,nan
1030,2.42e-04,0.8213,0.0000,0.0000,0.0000,0.0000,6.0,nan
1031,2.42e-04,0.7249,0.0000,0.0000,0.0000,0.0000,5.8,nan
1032,2.42e-04,0.9285,0.0000,0.0000,0.0000,0.0000,5.8,nan
1033,2.41e-04,1.1653,0.0000,0.0000,0.0000,0.0000,5.7,nan
1034,2.41e-04,0.6271,0.0000,0.0000,0.0000,0.0000,5.6,nan
1035,2.40e-04,0.7169,0.0000,0.0000,0.0000,0.0000,5.8,nan
1036,2.40e-04,0.7405,0.0000,0.0000,0.0000,0.0000,5.6,nan
1037,2.40e-04,0.6540,0.0000,0.0000,0.0000,0.0000,6.3,nan
1038,2.39e-04,0.8370,0.0000,0.0000,0.0000,0.0000,6.2,nan
1039,2.39e-04,0.5873,0.0000,0.0000,0.0000,0.0000,6.1,nan
1040,2.38e-04,0.5857,0.0000,0.0000,0.0000,0.0000,9.8,0.6631
1041,2.38e-04,0.8891,0.0000,0.0000,0.0000,0.0000,6.0,nan
1042,2.38e-04,1.0836,0.0000,0.0000,0.0000,0.0000,5.9,nan
1043,2.37e-04,0.4240,0.0000,0.0000,0.0000,0.0000,6.1,nan
1044,2.37e-04,0.3461,0.0000,0.0000,0.0000,0.0000,6.5,nan
1045,2.37e-04,0.5967,0.0000,0.0000,0.0000,0.0000,6.2,nan
1046,2.36e-04,0.6252,0.0000,0.0000,0.0000,0.0000,6.9,nan
1047,2.36e-04,0.8622,0.0000,0.0000,0.0000,0.0000,6.7,nan
1048,2.35e-04,0.6808,0.0000,0.0000,0.0000,0.0000,5.9,nan
1049,2.35e-04,0.3698,0.0000,0.0000,0.0000,0.0000,6.3,nan
1050,2.35e-04,0.7084,0.0000,0.0000,0.0000,0.0000,6.1,nan
1051,2.34e-04,0.5153,0.0000,0.0000,0.0000,0.0000,6.0,nan
1052,2.34e-04,0.7767,0.0000,0.0000,0.0000,0.0000,6.1,nan
1053,2.33e-04,0.4572,0.0000,0.0000,0.0000,0.0000,6.3,nan
1054,2.33e-04,0.9124,0.0000,0.0000,0.0000,0.0000,5.8,nan
1055,2.33e-04,0.7889,0.0000,0.0000,0.0000,0.0000,6.0,nan
1056,2.32e-04,0.8799,0.0000,0.0000,0.0000,0.0000,6.0,nan
1057,2.32e-04,0.6338,0.0000,0.0000,0.0000,0.0000,5.9,nan
1058,2.31e-04,0.6215,0.0000,0.0000,0.0000,0.0000,5.9,nan
1059,2.31e-04,0.6540,0.0000,0.0000,0.0000,0.0000,6.1,nan
1060,2.31e-04,0.8964,0.0000,0.0000,0.0000,0.0000,9.8,0.6589
1061,2.30e-04,0.5825,0.0000,0.0000,0.0000,0.0000,6.0,nan
1062,2.30e-04,0.5580,0.0000,0.0000,0.0000,0.0000,5.9,nan
1063,2.30e-04,0.6943,0.0000,0.0000,0.0000,0.0000,6.1,nan
1064,2.29e-04,0.8295,0.0000,0.0000,0.0000,0.0000,6.1,nan
1065,2.29e-04,0.5158,0.0000,0.0000,0.0000,0.0000,6.3,nan
1066,2.28e-04,0.8099,0.0000,0.0000,0.0000,0.0000,6.2,nan
1067,2.28e-04,0.5262,0.0000,0.0000,0.0000,0.0000,6.5,nan
1068,2.28e-04,0.9246,0.0000,0.0000,0.0000,0.0000,6.1,nan
1069,2.27e-04,1.0057,0.0000,0.0000,0.0000,0.0000,6.2,nan
1070,2.27e-04,0.6887,0.0000,0.0000,0.0000,0.0000,6.2,nan
1071,2.26e-04,0.6444,0.0000,0.0000,0.0000,0.0000,6.3,nan
1072,2.26e-04,0.6695,0.0000,0.0000,0.0000,0.0000,6.2,nan
1073,2.26e-04,0.8383,0.0000,0.0000,0.0000,0.0000,6.1,nan
1074,2.25e-04,0.5667,0.0000,0.0000,0.0000,0.0000,6.3,nan
1075,2.25e-04,0.6891,0.0000,0.0000,0.0000,0.0000,6.1,nan
1076,2.24e-04,0.4725,0.0000,0.0000,0.0000,0.0000,6.0,nan
1077,2.24e-04,0.7165,0.0000,0.0000,0.0000,0.0000,6.1,nan
1078,2.24e-04,0.8811,0.0000,0.0000,0.0000,0.0000,6.3,nan
1079,2.23e-04,0.6028,0.0000,0.0000,0.0000,0.0000,6.7,nan
1080,2.23e-04,0.7374,0.0000,0.0000,0.0000,0.0000,9.8,0.6631
1081,2.23e-04,0.6055,0.0000,0.0000,0.0000,0.0000,6.0,nan
1082,2.22e-04,0.9080,0.0000,0.0000,0.0000,0.0000,6.2,nan
1083,2.22e-04,1.0577,0.0000,0.0000,0.0000,0.0000,6.3,nan
1084,2.21e-04,0.7362,0.0000,0.0000,0.0000,0.0000,5.8,nan
1085,2.21e-04,0.5571,0.0000,0.0000,0.0000,0.0000,6.0,nan
1086,2.21e-04,0.6399,0.0000,0.0000,0.0000,0.0000,6.3,nan
1087,2.20e-04,0.5631,0.0000,0.0000,0.0000,0.0000,6.5,nan
1088,2.20e-04,0.4967,0.0000,0.0000,0.0000,0.0000,6.2,nan
1089,2.19e-04,0.7387,0.0000,0.0000,0.0000,0.0000,6.0,nan
1090,2.19e-04,0.3696,0.0000,0.0000,0.0000,0.0000,6.1,nan
1091,2.19e-04,1.0708,0.0000,0.0000,0.0000,0.0000,6.1,nan
1092,2.18e-04,0.6247,0.0000,0.0000,0.0000,0.0000,6.0,nan
1093,2.18e-04,0.7734,0.0000,0.0000,0.0000,0.0000,6.5,nan
1094,2.18e-04,0.6575,0.0000,0.0000,0.0000,0.0000,6.0,nan
1095,2.17e-04,0.6273,0.0000,0.0000,0.0000,0.0000,5.9,nan
1096,2.17e-04,0.5465,0.0000,0.0000,0.0000,0.0000,6.1,nan
1097,2.16e-04,0.6723,0.0000,0.0000,0.0000,0.0000,6.0,nan
1098,2.16e-04,1.1097,0.0000,0.0000,0.0000,0.0000,6.1,nan
1099,2.16e-04,0.4530,0.0000,0.0000,0.0000,0.0000,6.7,nan
1100,2.15e-04,0.8687,0.0000,0.0000,0.0000,0.0000,11.6,0.6441
1101,2.15e-04,1.0677,0.0000,0.0000,0.0000,0.0000,6.4,nan
1102,2.14e-04,0.9553,0.0000,0.0000,0.0000,0.0000,6.2,nan
1103,2.14e-04,0.8740,0.0000,0.0000,0.0000,0.0000,6.5,nan
1104,2.14e-04,0.6810,0.0000,0.0000,0.0000,0.0000,6.4,nan
1105,2.13e-04,0.4532,0.0000,0.0000,0.0000,0.0000,6.6,nan
1106,2.13e-04,0.5196,0.0000,0.0000,0.0000,0.0000,5.9,nan
1107,2.12e-04,0.6301,0.0000,0.0000,0.0000,0.0000,6.0,nan
1108,2.12e-04,0.7205,0.0000,0.0000,0.0000,0.0000,6.0,nan
1109,2.12e-04,0.4969,0.0000,0.0000,0.0000,0.0000,6.1,nan
1110,2.11e-04,0.4572,0.0000,0.0000,0.0000,0.0000,7.1,nan
1111,2.11e-04,0.4344,0.0000,0.0000,0.0000,0.0000,7.8,nan
1112,2.11e-04,0.6967,0.0000,0.0000,0.0000,0.0000,7.8,nan
1113,2.10e-04,1.0237,0.0000,0.0000,0.0000,0.0000,7.5,nan
1114,2.10e-04,0.4018,0.0000,0.0000,0.0000,0.0000,7.2,nan
1115,2.09e-04,0.8488,0.0000,0.0000,0.0000,0.0000,6.8,nan
1116,2.09e-04,0.7805,0.0000,0.0000,0.0000,0.0000,7.3,nan
1117,2.09e-04,0.7776,0.0000,0.0000,0.0000,0.0000,6.6,nan
1118,2.08e-04,0.9124,0.0000,0.0000,0.0000,0.0000,6.3,nan
1119,2.08e-04,0.6184,0.0000,0.0000,0.0000,0.0000,6.3,nan
1120,2.07e-04,0.7732,0.0000,0.0000,0.0000,0.0000,10.1,0.6949
1121,2.07e-04,0.8172,0.0000,0.0000,0.0000,0.0000,7.2,nan
1122,2.07e-04,0.4506,0.0000,0.0000,0.0000,0.0000,7.1,nan
1123,2.06e-04,0.7090,0.0000,0.0000,0.0000,0.0000,6.7,nan
1124,2.06e-04,0.5628,0.0000,0.0000,0.0000,0.0000,7.2,nan
1125,2.06e-04,0.8696,0.0000,0.0000,0.0000,0.0000,6.8,nan
1126,2.05e-04,0.7485,0.0000,0.0000,0.0000,0.0000,7.0,nan
1127,2.05e-04,0.7914,0.0000,0.0000,0.0000,0.0000,7.0,nan
1128,2.04e-04,0.6404,0.0000,0.0000,0.0000,0.0000,7.0,nan
1129,2.04e-04,0.8297,0.0000,0.0000,0.0000,0.0000,7.2,nan
1130,2.04e-04,0.4998,0.0000,0.0000,0.0000,0.0000,6.9,nan
1131,2.03e-04,0.5757,0.0000,0.0000,0.0000,0.0000,7.1,nan
1132,2.03e-04,0.6685,0.0000,0.0000,0.0000,0.0000,6.8,nan
1133,2.02e-04,0.6550,0.0000,0.0000,0.0000,0.0000,6.9,nan
1134,2.02e-04,0.7103,0.0000,0.0000,0.0000,0.0000,6.7,nan
1135,2.02e-04,0.6127,0.0000,0.0000,0.0000,0.0000,6.8,nan
1136,2.01e-04,0.5512,0.0000,0.0000,0.0000,0.0000,6.6,nan
1137,2.01e-04,0.4754,0.0000,0.0000,0.0000,0.0000,6.2,nan
1138,2.01e-04,0.6531,0.0000,0.0000,0.0000,0.0000,6.6,nan
1139,2.00e-04,1.0175,0.0000,0.0000,0.0000,0.0000,7.1,nan
1140,2.00e-04,0.7510,0.0000,0.0000,0.0000,0.0000,11.5,0.6102
1141,1.99e-04,1.1196,0.0000,0.0000,0.0000,0.0000,6.2,nan
1142,1.99e-04,0.8575,0.0000,0.0000,0.0000,0.0000,5.9,nan
1143,1.99e-04,1.0447,0.0000,0.0000,0.0000,0.0000,6.0,nan
1144,1.98e-04,0.6678,0.0000,0.0000,0.0000,0.0000,5.9,nan
1145,1.98e-04,0.6184,0.0000,0.0000,0.0000,0.0000,6.0,nan
1146,1.98e-04,0.7154,0.0000,0.0000,0.0000,0.0000,6.1,nan
1147,1.97e-04,0.4993,0.0000,0.0000,0.0000,0.0000,5.7,nan
1148,1.97e-04,0.6804,0.0000,0.0000,0.0000,0.0000,5.8,nan
1149,1.96e-04,0.9230,0.0000,0.0000,0.0000,0.0000,8.0,nan
1150,1.96e-04,0.4226,0.0000,0.0000,0.0000,0.0000,7.8,nan
1151,1.96e-04,0.7860,0.0000,0.0000,0.0000,0.0000,6.8,nan
1152,1.95e-04,0.8270,0.0000,0.0000,0.0000,0.0000,6.8,nan
1153,1.95e-04,0.6701,0.0000,0.0000,0.0000,0.0000,7.5,nan
1154,1.94e-04,0.5545,0.0000,0.0000,0.0000,0.0000,7.2,nan
1155,1.94e-04,0.8390,0.0000,0.0000,0.0000,0.0000,6.9,nan
1156,1.94e-04,0.7747,0.0000,0.0000,0.0000,0.0000,7.2,nan
1157,1.93e-04,0.6807,0.0000,0.0000,0.0000,0.0000,8.2,nan
1158,1.93e-04,0.6356,0.0000,0.0000,0.0000,0.0000,7.8,nan
1159,1.93e-04,0.7887,0.0000,0.0000,0.0000,0.0000,7.3,nan
1160,1.92e-04,0.6976,0.0000,0.0000,0.0000,0.0000,11.1,0.6716
1161,1.92e-04,0.5220,0.0000,0.0000,0.0000,0.0000,6.5,nan
1162,1.91e-04,0.5150,0.0000,0.0000,0.0000,0.0000,6.4,nan
1163,1.91e-04,0.7212,0.0000,0.0000,0.0000,0.0000,5.9,nan
1164,1.91e-04,0.7344,0.0000,0.0000,0.0000,0.0000,5.9,nan
1165,1.90e-04,0.6757,0.0000,0.0000,0.0000,0.0000,5.7,nan
1166,1.90e-04,0.5114,0.0000,0.0000,0.0000,0.0000,5.9,nan
1167,1.90e-04,0.5514,0.0000,0.0000,0.0000,0.0000,5.8,nan
1168,1.89e-04,0.7491,0.0000,0.0000,0.0000,0.0000,5.7,nan
1169,1.89e-04,0.6488,0.0000,0.0000,0.0000,0.0000,6.0,nan
1170,1.88e-04,0.7546,0.0000,0.0000,0.0000,0.0000,6.3,nan
1171,1.88e-04,0.7755,0.0000,0.0000,0.0000,0.0000,6.1,nan
1172,1.88e-04,0.7564,0.0000,0.0000,0.0000,0.0000,6.0,nan
1173,1.87e-04,0.5668,0.0000,0.0000,0.0000,0.0000,5.8,nan
1174,1.87e-04,0.5806,0.0000,0.0000,0.0000,0.0000,5.6,nan
1175,1.87e-04,0.8693,0.0000,0.0000,0.0000,0.0000,6.0,nan
1176,1.86e-04,0.6613,0.0000,0.0000,0.0000,0.0000,6.1,nan
1177,1.86e-04,1.1025,0.0000,0.0000,0.0000,0.0000,5.9,nan
1178,1.85e-04,0.7881,0.0000,0.0000,0.0000,0.0000,6.6,nan
1179,1.85e-04,0.8537,0.0000,0.0000,0.0000,0.0000,6.4,nan
1180,1.85e-04,0.5161,0.0000,0.0000,0.0000,0.0000,12.3,0.6716
1181,1.84e-04,0.8013,0.0000,0.0000,0.0000,0.0000,7.4,nan
1182,1.84e-04,0.6331,0.0000,0.0000,0.0000,0.0000,7.4,nan
1183,1.84e-04,0.6858,0.0000,0.0000,0.0000,0.0000,7.1,nan
1184,1.83e-04,0.6801,0.0000,0.0000,0.0000,0.0000,7.4,nan
1185,1.83e-04,0.7348,0.0000,0.0000,0.0000,0.0000,6.6,nan
1186,1.82e-04,0.6550,0.0000,0.0000,0.0000,0.0000,5.9,nan
1187,1.82e-04,0.8398,0.0000,0.0000,0.0000,0.0000,6.1,nan
1188,1.82e-04,0.8610,0.0000,0.0000,0.0000,0.0000,5.9,nan
1189,1.81e-04,0.9615,0.0000,0.0000,0.0000,0.0000,6.2,nan
1190,1.81e-04,0.6713,0.0000,0.0000,0.0000,0.0000,6.1,nan
1191,1.81e-04,0.4714,0.0000,0.0000,0.0000,0.0000,5.9,nan
1192,1.80e-04,0.7044,0.0000,0.0000,0.0000,0.0000,6.3,nan
1193,1.80e-04,0.6848,0.0000,0.0000,0.0000,0.0000,6.1,nan
1194,1.79e-04,0.4940,0.0000,0.0000,0.0000,0.0000,6.5,nan
1195,1.79e-04,0.9317,0.0000,0.0000,0.0000,0.0000,6.1,nan
1196,1.79e-04,0.8269,0.0000,0.0000,0.0000,0.0000,6.1,nan
1197,1.78e-04,0.4801,0.0000,0.0000,0.0000,0.0000,6.4,nan
1198,1.78e-04,0.6901,0.0000,0.0000,0.0000,0.0000,5.8,nan
1199,1.78e-04,0.5346,0.0000,0.0000,0.0000,0.0000,5.9,nan
1200,1.77e-04,0.6322,0.0000,0.0000,0.0000,0.0000,9.5,0.6377
1201,1.77e-04,0.4257,0.0000,0.0000,0.0000,0.0000,5.8,nan
1202,1.76e-04,0.7302,0.0000,0.0000,0.0000,0.0000,5.9,nan
1203,1.76e-04,0.6900,0.0000,0.0000,0.0000,0.0000,5.9,nan
1204,1.76e-04,0.9243,0.0000,0.0000,0.0000,0.0000,6.2,nan
1205,1.75e-04,0.8849,0.0000,0.0000,0.0000,0.0000,6.0,nan
1206,1.75e-04,0.6936,0.0000,0.0000,0.0000,0.0000,6.2,nan
1207,1.75e-04,0.4924,0.0000,0.0000,0.0000,0.0000,6.4,nan
1208,1.74e-04,0.9990,0.0000,0.0000,0.0000,0.0000,6.1,nan
1209,1.74e-04,0.6506,0.0000,0.0000,0.0000,0.0000,6.2,nan
1210,1.73e-04,0.9616,0.0000,0.0000,0.0000,0.0000,6.3,nan
1211,1.73e-04,0.7713,0.0000,0.0000,0.0000,0.0000,6.2,nan
1212,1.73e-04,0.5545,0.0000,0.0000,0.0000,0.0000,6.3,nan
1213,1.72e-04,0.6392,0.0000,0.0000,0.0000,0.0000,6.6,nan
1214,1.72e-04,0.4963,0.0000,0.0000,0.0000,0.0000,6.1,nan
1215,1.72e-04,0.8709,0.0000,0.0000,0.0000,0.0000,5.9,nan
1216,1.71e-04,0.7549,0.0000,0.0000,0.0000,0.0000,6.0,nan
1217,1.71e-04,0.5267,0.0000,0.0000,0.0000,0.0000,6.0,nan
1218,1.71e-04,0.8009,0.0000,0.0000,0.0000,0.0000,6.4,nan
1219,1.70e-04,0.6340,0.0000,0.0000,0.0000,0.0000,6.2,nan
1220,1.70e-04,0.4215,0.0000,0.0000,0.0000,0.0000,9.8,0.6822
1221,1.69e-04,0.7525,0.0000,0.0000,0.0000,0.0000,5.9,nan
1222,1.69e-04,0.6468,0.0000,0.0000,0.0000,0.0000,6.2,nan
1223,1.69e-04,0.6849,0.0000,0.0000,0.0000,0.0000,6.3,nan
1224,1.68e-04,0.6270,0.0000,0.0000,0.0000,0.0000,6.2,nan
1225,1.68e-04,0.5202,0.0000,0.0000,0.0000,0.0000,6.0,nan
1226,1.68e-04,0.7887,0.0000,0.0000,0.0000,0.0000,5.9,nan
1227,1.67e-04,0.7998,0.0000,0.0000,0.0000,0.0000,5.8,nan
1228,1.67e-04,0.6184,0.0000,0.0000,0.0000,0.0000,6.5,nan
1229,1.66e-04,0.5268,0.0000,0.0000,0.0000,0.0000,6.0,nan
1230,1.66e-04,0.8796,0.0000,0.0000,0.0000,0.0000,6.2,nan
1231,1.66e-04,0.4651,0.0000,0.0000,0.0000,0.0000,6.1,nan
1232,1.65e-04,0.5928,0.0000,0.0000,0.0000,0.0000,6.5,nan
1233,1.65e-04,0.7902,0.0000,0.0000,0.0000,0.0000,6.2,nan
1234,1.65e-04,0.8045,0.0000,0.0000,0.0000,0.0000,6.0,nan
1235,1.64e-04,0.3888,0.0000,0.0000,0.0000,0.0000,6.4,nan
1236,1.64e-04,0.5927,0.0000,0.0000,0.0000,0.0000,6.4,nan
1237,1.64e-04,0.6702,0.0000,0.0000,0.0000,0.0000,6.0,nan
1238,1.63e-04,0.6870,0.0000,0.0000,0.0000,0.0000,6.1,nan
1239,1.63e-04,0.5297,0.0000,0.0000,0.0000,0.0000,6.0,nan
1240,1.62e-04,0.8876,0.0000,0.0000,0.0000,0.0000,10.6,0.6504
1241,1.62e-04,0.5298,0.0000,0.0000,0.0000,0.0000,6.6,nan
1242,1.62e-04,0.6661,0.0000,0.0000,0.0000,0.0000,6.3,nan
1243,1.61e-04,0.6469,0.0000,0.0000,0.0000,0.0000,6.4,nan
1244,1.61e-04,0.5335,0.0000,0.0000,0.0000,0.0000,6.1,nan
1245,1.61e-04,0.9613,0.0000,0.0000,0.0000,0.0000,6.1,nan
1246,1.60e-04,0.5636,0.0000,0.0000,0.0000,0.0000,6.3,nan
1247,1.60e-04,0.7055,0.0000,0.0000,0.0000,0.0000,6.4,nan
1248,1.60e-04,0.6574,0.0000,0.0000,0.0000,0.0000,6.5,nan
1249,1.59e-04,0.3823,0.0000,0.0000,0.0000,0.0000,6.6,nan
1250,1.59e-04,0.5651,0.0000,0.0000,0.0000,0.0000,6.4,nan
1251,1.58e-04,0.9400,0.0000,0.0000,0.0000,0.0000,6.4,nan
1252,1.58e-04,0.7131,0.0000,0.0000,0.0000,0.0000,6.4,nan
1253,1.58e-04,0.6571,0.0000,0.0000,0.0000,0.0000,6.4,nan
1254,1.57e-04,0.9791,0.0000,0.0000,0.0000,0.0000,6.7,nan
1255,1.57e-04,0.5807,0.0000,0.0000,0.0000,0.0000,6.0,nan
1256,1.57e-04,0.6778,0.0000,0.0000,0.0000,0.0000,6.0,nan
1257,1.56e-04,0.4289,0.0000,0.0000,0.0000,0.0000,6.4,nan
1258,1.56e-04,0.8358,0.0000,0.0000,0.0000,0.0000,5.8,nan
1259,1.56e-04,0.5497,0.0000,0.0000,0.0000,0.0000,5.9,nan
1260,1.55e-04,0.8415,0.0000,0.0000,0.0000,0.0000,9.3,0.6780
1261,1.55e-04,0.6061,0.0000,0.0000,0.0000,0.0000,6.4,nan
1262,1.55e-04,0.5813,0.0000,0.0000,0.0000,0.0000,6.3,nan
1263,1.54e-04,0.9474,0.0000,0.0000,0.0000,0.0000,6.4,nan
1264,1.54e-04,0.7130,0.0000,0.0000,0.0000,0.0000,6.1,nan
1265,1.53e-04,0.6808,0.0000,0.0000,0.0000,0.0000,6.2,nan
1266,1.53e-04,0.4335,0.0000,0.0000,0.0000,0.0000,6.4,nan
1267,1.53e-04,0.5315,0.0000,0.0000,0.0000,0.0000,6.2,nan
1268,1.52e-04,0.6150,0.0000,0.0000,0.0000,0.0000,5.8,nan
1269,1.52e-04,0.7218,0.0000,0.0000,0.0000,0.0000,5.8,nan
1270,1.52e-04,0.5129,0.0000,0.0000,0.0000,0.0000,6.1,nan
1271,1.51e-04,0.8667,0.0000,0.0000,0.0000,0.0000,6.2,nan
1272,1.51e-04,0.6595,0.0000,0.0000,0.0000,0.0000,6.2,nan
1273,1.51e-04,0.5845,0.0000,0.0000,0.0000,0.0000,5.9,nan
1274,1.50e-04,0.6069,0.0000,0.0000,0.0000,0.0000,6.3,nan
1275,1.50e-04,0.6030,0.0000,0.0000,0.0000,0.0000,6.0,nan
1276,1.50e-04,0.6101,0.0000,0.0000,0.0000,0.0000,6.4,nan
1277,1.49e-04,1.0406,0.0000,0.0000,0.0000,0.0000,6.2,nan
1278,1.49e-04,0.6732,0.0000,0.0000,0.0000,0.0000,6.0,nan
1279,1.48e-04,0.7626,0.0000,0.0000,0.0000,0.0000,6.6,nan
1280,1.48e-04,0.6395,0.0000,0.0000,0.0000,0.0000,10.2,0.6547
1281,1.48e-04,0.9306,0.0000,0.0000,0.0000,0.0000,6.1,nan
1282,1.47e-04,0.4702,0.0000,0.0000,0.0000,0.0000,6.8,nan
1283,1.47e-04,0.6331,0.0000,0.0000,0.0000,0.0000,7.2,nan
1284,1.47e-04,0.5336,0.0000,0.0000,0.0000,0.0000,6.3,nan
1285,1.46e-04,0.7994,0.0000,0.0000,0.0000,0.0000,6.4,nan
1286,1.46e-04,0.5936,0.0000,0.0000,0.0000,0.0000,6.3,nan
1287,1.46e-04,0.6302,0.0000,0.0000,0.0000,0.0000,6.3,nan
1288,1.45e-04,0.7809,0.0000,0.0000,0.0000,0.0000,6.7,nan
1289,1.45e-04,0.5979,0.0000,0.0000,0.0000,0.0000,6.6,nan
1290,1.45e-04,0.6312,0.0000,0.0000,0.0000,0.0000,6.7,nan
1291,1.44e-04,0.6257,0.0000,0.0000,0.0000,0.0000,6.6,nan
1292,1.44e-04,0.5926,0.0000,0.0000,0.0000,0.0000,6.2,nan
1293,1.44e-04,0.7539,0.0000,0.0000,0.0000,0.0000,6.1,nan
1294,1.43e-04,0.6034,0.0000,0.0000,0.0000,0.0000,6.3,nan
1295,1.43e-04,0.6612,0.0000,0.0000,0.0000,0.0000,6.4,nan
1296,1.42e-04,0.8055,0.0000,0.0000,0.0000,0.0000,6.3,nan
1297,1.42e-04,0.6896,0.0000,0.0000,0.0000,0.0000,6.5,nan
1298,1.42e-04,0.5148,0.0000,0.0000,0.0000,0.0000,6.2,nan
1299,1.41e-04,0.4685,0.0000,0.0000,0.0000,0.0000,6.0,nan
1300,1.41e-04,1.1672,0.0000,0.0000,0.0000,0.0000,11.6,0.6843
1301,1.41e-04,0.7849,0.0000,0.0000,0.0000,0.0000,6.3,nan
1302,1.40e-04,0.7676,0.0000,0.0000,0.0000,0.0000,6.3,nan
1303,1.40e-04,0.6845,0.0000,0.0000,0.0000,0.0000,6.3,nan
1304,1.40e-04,0.7174,0.0000,0.0000,0.0000,0.0000,6.3,nan
1305,1.39e-04,0.6453,0.0000,0.0000,0.0000,0.0000,6.7,nan
1306,1.39e-04,0.8549,0.0000,0.0000,0.0000,0.0000,6.2,nan
1307,1.39e-04,0.8589,0.0000,0.0000,0.0000,0.0000,6.3,nan
1308,1.38e-04,0.7313,0.0000,0.0000,0.0000,0.0000,5.9,nan
1309,1.38e-04,0.5229,0.0000,0.0000,0.0000,0.0000,6.2,nan
1310,1.38e-04,0.7239,0.0000,0.0000,0.0000,0.0000,6.3,nan
1311,1.37e-04,0.5068,0.0000,0.0000,0.0000,0.0000,6.3,nan
1312,1.37e-04,0.9686,0.0000,0.0000,0.0000,0.0000,6.5,nan
1313,1.37e-04,0.8546,0.0000,0.0000,0.0000,0.0000,6.4,nan
1314,1.36e-04,0.7027,0.0000,0.0000,0.0000,0.0000,6.0,nan
1315,1.36e-04,0.9024,0.0000,0.0000,0.0000,0.0000,6.1,nan
1316,1.36e-04,0.6798,0.0000,0.0000,0.0000,0.0000,6.1,nan
1317,1.35e-04,0.6798,0.0000,0.0000,0.0000,0.0000,5.9,nan
1318,1.35e-04,0.5384,0.0000,0.0000,0.0000,0.0000,6.2,nan
1319,1.34e-04,0.5679,0.0000,0.0000,0.0000,0.0000,6.2,nan
1320,1.34e-04,0.9038,0.0000,0.0000,0.0000,0.0000,9.8,0.6907
1321,1.34e-04,0.7640,0.0000,0.0000,0.0000,0.0000,6.0,nan
1322,1.33e-04,0.4937,0.0000,0.0000,0.0000,0.0000,6.5,nan
1323,1.33e-04,0.5999,0.0000,0.0000,0.0000,0.0000,6.3,nan
1324,1.33e-04,0.5996,0.0000,0.0000,0.0000,0.0000,6.2,nan
1325,1.32e-04,0.4003,0.0000,0.0000,0.0000,0.0000,6.5,nan
1326,1.32e-04,0.7218,0.0000,0.0000,0.0000,0.0000,6.3,nan
1327,1.32e-04,1.0411,0.0000,0.0000,0.0000,0.0000,6.4,nan
1328,1.31e-04,0.5119,0.0000,0.0000,0.0000,0.0000,5.9,nan
1329,1.31e-04,0.8564,0.0000,0.0000,0.0000,0.0000,5.9,nan
1330,1.31e-04,0.8063,0.0000,0.0000,0.0000,0.0000,6.0,nan
1331,1.30e-04,0.9647,0.0000,0.0000,0.0000,0.0000,6.1,nan
1332,1.30e-04,0.9557,0.0000,0.0000,0.0000,0.0000,6.3,nan
1333,1.30e-04,0.6088,0.0000,0.0000,0.0000,0.0000,6.2,nan
1334,1.29e-04,0.6420,0.0000,0.0000,0.0000,0.0000,6.4,nan
1335,1.29e-04,0.7061,0.0000,0.0000,0.0000,0.0000,6.5,nan
1336,1.29e-04,0.6615,0.0000,0.0000,0.0000,0.0000,6.6,nan
1337,1.28e-04,0.4569,0.0000,0.0000,0.0000,0.0000,6.3,nan
1338,1.28e-04,0.7356,0.0000,0.0000,0.0000,0.0000,6.2,nan
1339,1.28e-04,0.5194,0.0000,0.0000,0.0000,0.0000,6.5,nan
1340,1.27e-04,0.5569,0.0000,0.0000,0.0000,0.0000,10.3,0.6843
1341,1.27e-04,0.8329,0.0000,0.0000,0.0000,0.0000,6.6,nan
1342,1.27e-04,0.5203,0.0000,0.0000,0.0000,0.0000,6.0,nan
1343,1.26e-04,0.7266,0.0000,0.0000,0.0000,0.0000,6.2,nan
1344,1.26e-04,0.4722,0.0000,0.0000,0.0000,0.0000,6.4,nan
1345,1.26e-04,0.9278,0.0000,0.0000,0.0000,0.0000,6.0,nan
1346,1.25e-04,0.7560,0.0000,0.0000,0.0000,0.0000,6.3,nan
1347,1.25e-04,0.8070,0.0000,0.0000,0.0000,0.0000,6.6,nan
1348,1.25e-04,0.7866,0.0000,0.0000,0.0000,0.0000,6.9,nan
1349,1.24e-04,0.8859,0.0000,0.0000,0.0000,0.0000,6.3,nan
1350,1.24e-04,0.4853,0.0000,0.0000,0.0000,0.0000,6.2,nan
1351,1.24e-04,0.8642,0.0000,0.0000,0.0000,0.0000,6.1,nan
1352,1.23e-04,0.9147,0.0000,0.0000,0.0000,0.0000,6.6,nan
1353,1.23e-04,0.5091,0.0000,0.0000,0.0000,0.0000,5.9,nan
1354,1.23e-04,0.4633,0.0000,0.0000,0.0000,0.0000,6.6,nan
1355,1.22e-04,0.6303,0.0000,0.0000,0.0000,0.0000,6.1,nan
1356,1.22e-04,0.5964,0.0000,0.0000,0.0000,0.0000,5.8,nan
1357,1.22e-04,0.9528,0.0000,0.0000,0.0000,0.0000,6.1,nan
1358,1.21e-04,0.7134,0.0000,0.0000,0.0000,0.0000,6.1,nan
1359,1.21e-04,0.8075,0.0000,0.0000,0.0000,0.0000,5.8,nan
1360,1.21e-04,0.6621,0.0000,0.0000,0.0000,0.0000,10.0,0.6949
1361,1.20e-04,0.8228,0.0000,0.0000,0.0000,0.0000,5.8,nan
1362,1.20e-04,0.6855,0.0000,0.0000,0.0000,0.0000,5.8,nan
1363,1.20e-04,0.6406,0.0000,0.0000,0.0000,0.0000,5.7,nan
1364,1.19e-04,0.6427,0.0000,0.0000,0.0000,0.0000,5.9,nan
1365,1.19e-04,0.9964,0.0000,0.0000,0.0000,0.0000,5.8,nan
1366,1.19e-04,0.5728,0.0000,0.0000,0.0000,0.0000,5.9,nan
1367,1.18e-04,0.5245,0.0000,0.0000,0.0000,0.0000,6.0,nan
1368,1.18e-04,0.6708,0.0000,0.0000,0.0000,0.0000,6.2,nan
1369,1.18e-04,0.5926,0.0000,0.0000,0.0000,0.0000,5.9,nan
1370,1.17e-04,0.8459,0.0000,0.0000,0.0000,0.0000,6.1,nan
1371,1.17e-04,0.3709,0.0000,0.0000,0.0000,0.0000,6.2,nan
1372,1.17e-04,0.8326,0.0000,0.0000,0.0000,0.0000,6.2,nan
1373,1.16e-04,0.5221,0.0000,0.0000,0.0000,0.0000,6.2,nan
1374,1.16e-04,0.5815,0.0000,0.0000,0.0000,0.0000,6.1,nan
1375,1.16e-04,0.5047,0.0000,0.0000,0.0000,0.0000,6.6,nan
1376,1.15e-04,0.8758,0.0000,0.0000,0.0000,0.0000,6.3,nan
1377,1.15e-04,0.4343,0.0000,0.0000,0.0000,0.0000,6.4,nan
1378,1.15e-04,0.4355,0.0000,0.0000,0.0000,0.0000,5.8,nan
1379,1.14e-04,0.8171,0.0000,0.0000,0.0000,0.0000,6.2,nan
1380,1.14e-04,0.5957,0.0000,0.0000,0.0000,0.0000,10.2,0.7034
1381,1.14e-04,0.5427,0.0000,0.0000,0.0000,0.0000,6.0,nan
1382,1.13e-04,0.4822,0.0000,0.0000,0.0000,0.0000,6.3,nan
1383,1.13e-04,0.6138,0.0000,0.0000,0.0000,0.0000,6.1,nan
1384,1.13e-04,0.6941,0.0000,0.0000,0.0000,0.0000,6.3,nan
1385,1.12e-04,0.9238,0.0000,0.0000,0.0000,0.0000,6.1,nan
1386,1.12e-04,0.5110,0.0000,0.0000,0.0000,0.0000,5.8,nan
1387,1.12e-04,0.7087,0.0000,0.0000,0.0000,0.0000,6.2,nan
1388,1.12e-04,0.8459,0.0000,0.0000,0.0000,0.0000,6.0,nan
1389,1.11e-04,0.4930,0.0000,0.0000,0.0000,0.0000,6.3,nan
1390,1.11e-04,0.7934,0.0000,0.0000,0.0000,0.0000,6.1,nan
1391,1.11e-04,0.6635,0.0000,0.0000,0.0000,0.0000,6.3,nan
1392,1.10e-04,0.8015,0.0000,0.0000,0.0000,0.0000,6.1,nan
1393,1.10e-04,0.8681,0.0000,0.0000,0.0000,0.0000,6.2,nan
1394,1.10e-04,0.4870,0.0000,0.0000,0.0000,0.0000,5.9,nan
1395,1.09e-04,0.7831,0.0000,0.0000,0.0000,0.0000,5.7,nan
1396,1.09e-04,0.6305,0.0000,0.0000,0.0000,0.0000,5.8,nan
1397,1.09e-04,0.5977,0.0000,0.0000,0.0000,0.0000,6.2,nan
1398,1.08e-04,0.6387,0.0000,0.0000,0.0000,0.0000,6.2,nan
1399,1.08e-04,0.7759,0.0000,0.0000,0.0000,0.0000,6.0,nan
1400,1.08e-04,0.6972,0.0000,0.0000,0.0000,0.0000,9.9,0.6886
1401,1.07e-04,0.6840,0.0000,0.0000,0.0000,0.0000,6.1,nan
1402,1.07e-04,0.9630,0.0000,0.0000,0.0000,0.0000,6.1,nan
1403,1.07e-04,0.5407,0.0000,0.0000,0.0000,0.0000,5.9,nan
1404,1.06e-04,0.7458,0.0000,0.0000,0.0000,0.0000,6.2,nan
1405,1.06e-04,0.5312,0.0000,0.0000,0.0000,0.0000,6.2,nan
1406,1.06e-04,0.4957,0.0000,0.0000,0.0000,0.0000,6.2,nan
1407,1.05e-04,0.9887,0.0000,0.0000,0.0000,0.0000,6.2,nan
1408,1.05e-04,0.4889,0.0000,0.0000,0.0000,0.0000,6.1,nan
1409,1.05e-04,0.6238,0.0000,0.0000,0.0000,0.0000,6.3,nan
1410,1.05e-04,0.4653,0.0000,0.0000,0.0000,0.0000,6.0,nan
1411,1.04e-04,0.8300,0.0000,0.0000,0.0000,0.0000,6.3,nan
1412,1.04e-04,0.6829,0.0000,0.0000,0.0000,0.0000,5.9,nan
1413,1.04e-04,0.6315,0.0000,0.0000,0.0000,0.0000,6.1,nan
1414,1.03e-04,0.7127,0.0000,0.0000,0.0000,0.0000,6.3,nan
1415,1.03e-04,0.5492,0.0000,0.0000,0.0000,0.0000,6.1,nan
1416,1.03e-04,0.3444,0.0000,0.0000,0.0000,0.0000,6.5,nan
1417,1.02e-04,0.7557,0.0000,0.0000,0.0000,0.0000,6.3,nan
1418,1.02e-04,0.6400,0.0000,0.0000,0.0000,0.0000,6.0,nan
1419,1.02e-04,0.8128,0.0000,0.0000,0.0000,0.0000,5.7,nan
1420,1.01e-04,0.9196,0.0000,0.0000,0.0000,0.0000,10.1,0.6758
1421,1.01e-04,0.6381,0.0000,0.0000,0.0000,0.0000,6.2,nan
1422,1.01e-04,0.7447,0.0000,0.0000,0.0000,0.0000,6.0,nan
1423,1.01e-04,0.5273,0.0000,0.0000,0.0000,0.0000,6.3,nan
1424,1.00e-04,1.0188,0.0000,0.0000,0.0000,0.0000,6.4,nan
1425,9.99e-05,0.7750,0.0000,0.0000,0.0000,0.0000,6.1,nan
1426,9.96e-05,0.5426,0.0000,0.0000,0.0000,0.0000,6.1,nan
1427,9.93e-05,0.8269,0.0000,0.0000,0.0000,0.0000,6.1,nan
1428,9.90e-05,0.7230,0.0000,0.0000,0.0000,0.0000,5.9,nan
1429,9.87e-05,0.7014,0.0000,0.0000,0.0000,0.0000,6.4,nan
1430,9.84e-05,0.6580,0.0000,0.0000,0.0000,0.0000,6.1,nan
1431,9.80e-05,0.7370,0.0000,0.0000,0.0000,0.0000,6.1,nan
1432,9.77e-05,0.6128,0.0000,0.0000,0.0000,0.0000,6.0,nan
1433,9.74e-05,0.7627,0.0000,0.0000,0.0000,0.0000,5.9,nan
1434,9.71e-05,0.6523,0.0000,0.0000,0.0000,0.0000,6.3,nan
1435,9.68e-05,0.4848,0.0000,0.0000,0.0000,0.0000,6.4,nan
1436,9.65e-05,0.6536,0.0000,0.0000,0.0000,0.0000,5.8,nan
1437,9.62e-05,0.2465,0.0000,0.0000,0.0000,0.0000,5.9,nan
1438,9.59e-05,0.4065,0.0000,0.0000,0.0000,0.0000,5.8,nan
1439,9.56e-05,0.7166,0.0000,0.0000,0.0000,0.0000,5.9,nan
1440,9.53e-05,0.8318,0.0000,0.0000,0.0000,0.0000,9.6,0.7034
1441,9.50e-05,0.9598,0.0000,0.0000,0.0000,0.0000,6.3,nan
1442,9.47e-05,0.8061,0.0000,0.0000,0.0000,0.0000,6.4,nan
1443,9.44e-05,0.8040,0.0000,0.0000,0.0000,0.0000,6.1,nan
1444,9.41e-05,0.4746,0.0000,0.0000,0.0000,0.0000,6.8,nan
1445,9.38e-05,0.5035,0.0000,0.0000,0.0000,0.0000,6.2,nan
1446,9.35e-05,0.7975,0.0000,0.0000,0.0000,0.0000,6.0,nan
1447,9.32e-05,0.6647,0.0000,0.0000,0.0000,0.0000,6.3,nan
1448,9.29e-05,0.5087,0.0000,0.0000,0.0000,0.0000,6.2,nan
1449,9.26e-05,0.7718,0.0000,0.0000,0.0000,0.0000,5.7,nan
1450,9.23e-05,0.7668,0.0000,0.0000,0.0000,0.0000,5.9,nan
1451,9.20e-05,0.8187,0.0000,0.0000,0.0000,0.0000,6.3,nan
1452,9.17e-05,0.3251,0.0000,0.0000,0.0000,0.0000,6.4,nan
1453,9.14e-05,0.6299,0.0000,0.0000,0.0000,0.0000,5.9,nan
1454,9.11e-05,0.5472,0.0000,0.0000,0.0000,0.0000,6.3,nan
1455,9.08e-05,0.6490,0.0000,0.0000,0.0000,0.0000,6.2,nan
1456,9.05e-05,0.8149,0.0000,0.0000,0.0000,0.0000,6.3,nan
1457,9.02e-05,0.5417,0.0000,0.0000,0.0000,0.0000,6.3,nan
1458,8.99e-05,0.3584,0.0000,0.0000,0.0000,0.0000,6.4,nan
1459,8.97e-05,0.8206,0.0000,0.0000,0.0000,0.0000,6.1,nan
1460,8.94e-05,0.5078,0.0000,0.0000,0.0000,0.0000,10.6,0.6801
1461,8.91e-05,0.7991,0.0000,0.0000,0.0000,0.0000,6.0,nan
1462,8.88e-05,0.5913,0.0000,0.0000,0.0000,0.0000,6.2,nan
1463,8.85e-05,0.8489,0.0000,0.0000,0.0000,0.0000,6.1,nan
1464,8.82e-05,0.7697,0.0000,0.0000,0.0000,0.0000,6.2,nan
1465,8.79e-05,0.6902,0.0000,0.0000,0.0000,0.0000,6.0,nan
1466,8.76e-05,0.4139,0.0000,0.0000,0.0000,0.0000,6.3,nan
1467,8.73e-05,0.5601,0.0000,0.0000,0.0000,0.0000,6.3,nan
1468,8.70e-05,0.7067,0.0000,0.0000,0.0000,0.0000,6.5,nan
1469,8.67e-05,0.7026,0.0000,0.0000,0.0000,0.0000,6.0,nan
1470,8.64e-05,0.5733,0.0000,0.0000,0.0000,0.0000,6.5,nan
1471,8.62e-05,0.6474,0.0000,0.0000,0.0000,0.0000,6.2,nan
1472,8.59e-05,0.8558,0.0000,0.0000,0.0000,0.0000,6.2,nan
1473,8.56e-05,0.5262,0.0000,0.0000,0.0000,0.0000,6.3,nan
1474,8.53e-05,0.8878,0.0000,0.0000,0.0000,0.0000,5.9,nan
1475,8.50e-05,0.5538,0.0000,0.0000,0.0000,0.0000,6.4,nan
1476,8.47e-05,0.5051,0.0000,0.0000,0.0000,0.0000,6.3,nan
1477,8.44e-05,0.7196,0.0000,0.0000,0.0000,0.0000,6.3,nan
1478,8.41e-05,0.7225,0.0000,0.0000,0.0000,0.0000,6.3,nan
1479,8.39e-05,0.6755,0.0000,0.0000,0.0000,0.0000,6.2,nan
1480,8.36e-05,0.8898,0.0000,0.0000,0.0000,0.0000,10.6,0.6864
1481,8.33e-05,0.7489,0.0000,0.0000,0.0000,0.0000,6.5,nan
1482,8.30e-05,0.9163,0.0000,0.0000,0.0000,0.0000,6.3,nan
1483,8.27e-05,0.5825,0.0000,0.0000,0.0000,0.0000,6.4,nan
1484,8.24e-05,0.8348,0.0000,0.0000,0.0000,0.0000,6.5,nan
1485,8.21e-05,0.4378,0.0000,0.0000,0.0000,0.0000,6.4,nan
1486,8.19e-05,0.5712,0.0000,0.0000,0.0000,0.0000,6.1,nan
1487,8.16e-05,0.6304,0.0000,0.0000,0.0000,0.0000,6.4,nan
1488,8.13e-05,0.6510,0.0000,0.0000,0.0000,0.0000,6.4,nan
1489,8.10e-05,0.7817,0.0000,0.0000,0.0000,0.0000,6.4,nan
1490,8.07e-05,0.5683,0.0000,0.0000,0.0000,0.0000,6.2,nan
1491,8.05e-05,0.5430,0.0000,0.0000,0.0000,0.0000,6.1,nan
1492,8.02e-05,0.6914,0.0000,0.0000,0.0000,0.0000,5.9,nan
1493,7.99e-05,0.5058,0.0000,0.0000,0.0000,0.0000,6.6,nan
1494,7.96e-05,0.9608,0.0000,0.0000,0.0000,0.0000,6.6,nan
1495,7.93e-05,0.7252,0.0000,0.0000,0.0000,0.0000,6.5,nan
1496,7.91e-05,0.5658,0.0000,0.0000,0.0000,0.0000,6.3,nan
1497,7.88e-05,0.5599,0.0000,0.0000,0.0000,0.0000,5.7,nan
1498,7.85e-05,0.4340,0.0000,0.0000,0.0000,0.0000,5.9,nan
1499,7.82e-05,0.6271,0.0000,0.0000,0.0000,0.0000,5.9,nan
1500,7.79e-05,0.4555,0.0000,0.0000,0.0000,0.0000,10.3,0.6992
1501,7.77e-05,0.6702,0.0000,0.0000,0.0000,0.0000,6.4,nan
1502,7.74e-05,0.6763,0.0000,0.0000,0.0000,0.0000,6.3,nan
1503,7.71e-05,0.6554,0.0000,0.0000,0.0000,0.0000,6.3,nan
1504,7.68e-05,0.8108,0.0000,0.0000,0.0000,0.0000,6.6,nan
1505,7.66e-05,0.5592,0.0000,0.0000,0.0000,0.0000,6.7,nan
1506,7.63e-05,0.7872,0.0000,0.0000,0.0000,0.0000,6.5,nan
1507,7.60e-05,0.3613,0.0000,0.0000,0.0000,0.0000,6.3,nan
1508,7.57e-05,0.5176,0.0000,0.0000,0.0000,0.0000,6.3,nan
1509,7.55e-05,0.8289,0.0000,0.0000,0.0000,0.0000,6.4,nan
1510,7.52e-05,0.7206,0.0000,0.0000,0.0000,0.0000,6.3,nan
1511,7.49e-05,0.6906,0.0000,0.0000,0.0000,0.0000,6.3,nan
1512,7.46e-05,0.9724,0.0000,0.0000,0.0000,0.0000,6.3,nan
1513,7.44e-05,0.5065,0.0000,0.0000,0.0000,0.0000,6.5,nan
1514,7.41e-05,0.5827,0.0000,0.0000,0.0000,0.0000,6.3,nan
1515,7.38e-05,0.5988,0.0000,0.0000,0.0000,0.0000,6.0,nan
1516,7.36e-05,0.9045,0.0000,0.0000,0.0000,0.0000,6.2,nan
1517,7.33e-05,0.6671,0.0000,0.0000,0.0000,0.0000,6.1,nan
1518,7.30e-05,0.3860,0.0000,0.0000,0.0000,0.0000,6.0,nan
1519,7.28e-05,0.8296,0.0000,0.0000,0.0000,0.0000,6.7,nan
1520,7.25e-05,0.8356,0.0000,0.0000,0.0000,0.0000,10.4,0.6758
1521,7.22e-05,0.7541,0.0000,0.0000,0.0000,0.0000,6.6,nan
1522,7.20e-05,0.5843,0.0000,0.0000,0.0000,0.0000,6.3,nan
1523,7.17e-05,0.4609,0.0000,0.0000,0.0000,0.0000,6.2,nan
1524,7.14e-05,0.5934,0.0000,0.0000,0.0000,0.0000,6.4,nan
1525,7.12e-05,0.4906,0.0000,0.0000,0.0000,0.0000,6.0,nan
1526,7.09e-05,0.4665,0.0000,0.0000,0.0000,0.0000,6.4,nan
1527,7.06e-05,0.3107,0.0000,0.0000,0.0000,0.0000,6.6,nan
1528,7.04e-05,0.6726,0.0000,0.0000,0.0000,0.0000,6.0,nan
1529,7.01e-05,0.4407,0.0000,0.0000,0.0000,0.0000,5.8,nan
1530,6.98e-05,0.6837,0.0000,0.0000,0.0000,0.0000,6.2,nan
1531,6.96e-05,0.5689,0.0000,0.0000,0.0000,0.0000,6.3,nan
1532,6.93e-05,0.8377,0.0000,0.0000,0.0000,0.0000,6.1,nan
1533,6.90e-05,0.7440,0.0000,0.0000,0.0000,0.0000,6.1,nan
1534,6.88e-05,0.7216,0.0000,0.0000,0.0000,0.0000,6.8,nan
1535,6.85e-05,0.6768,0.0000,0.0000,0.0000,0.0000,6.7,nan
1536,6.83e-05,0.7862,0.0000,0.0000,0.0000,0.0000,6.1,nan
1537,6.80e-05,0.6213,0.0000,0.0000,0.0000,0.0000,6.5,nan
1538,6.77e-05,0.6867,0.0000,0.0000,0.0000,0.0000,6.6,nan
1539,6.75e-05,0.7448,0.0000,0.0000,0.0000,0.0000,6.1,nan
1540,6.72e-05,0.6397,0.0000,0.0000,0.0000,0.0000,10.5,0.6695
1541,6.70e-05,0.5666,0.0000,0.0000,0.0000,0.0000,6.1,nan
1542,6.67e-05,0.9185,0.0000,0.0000,0.0000,0.0000,6.1,nan
1543,6.64e-05,0.7875,0.0000,0.0000,0.0000,0.0000,6.4,nan
1544,6.62e-05,0.5103,0.0000,0.0000,0.0000,0.0000,6.1,nan
1545,6.59e-05,0.5575,0.0000,0.0000,0.0000,0.0000,5.8,nan
1546,6.57e-05,0.4935,0.0000,0.0000,0.0000,0.0000,6.3,nan
1547,6.54e-05,0.7127,0.0000,0.0000,0.0000,0.0000,6.2,nan
1548,6.52e-05,0.6617,0.0000,0.0000,0.0000,0.0000,6.2,nan
1549,6.49e-05,0.6420,0.0000,0.0000,0.0000,0.0000,6.4,nan
1550,6.46e-05,0.4424,0.0000,0.0000,0.0000,0.0000,6.5,nan
1551,6.44e-05,0.8187,0.0000,0.0000,0.0000,0.0000,6.4,nan
1552,6.41e-05,0.7044,0.0000,0.0000,0.0000,0.0000,6.8,nan
1553,6.39e-05,0.6533,0.0000,0.0000,0.0000,0.0000,6.8,nan
1554,6.36e-05,0.4576,0.0000,0.0000,0.0000,0.0000,6.0,nan
1555,6.34e-05,0.6708,0.0000,0.0000,0.0000,0.0000,6.1,nan
1556,6.31e-05,0.4879,0.0000,0.0000,0.0000,0.0000,5.9,nan
1557,6.29e-05,0.5978,0.0000,0.0000,0.0000,0.0000,6.1,nan
1558,6.26e-05,0.8185,0.0000,0.0000,0.0000,0.0000,6.1,nan
1559,6.24e-05,0.5738,0.0000,0.0000,0.0000,0.0000,6.0,nan
1560,6.21e-05,0.8540,0.0000,0.0000,0.0000,0.0000,10.4,0.7097
1561,6.19e-05,0.6906,0.0000,0.0000,0.0000,0.0000,6.3,nan
1562,6.16e-05,0.6568,0.0000,0.0000,0.0000,0.0000,6.2,nan
1563,6.14e-05,0.5723,0.0000,0.0000,0.0000,0.0000,6.3,nan
1564,6.11e-05,0.6917,0.0000,0.0000,0.0000,0.0000,6.1,nan
1565,6.09e-05,0.8502,0.0000,0.0000,0.0000,0.0000,6.1,nan
1566,6.06e-05,0.7423,0.0000,0.0000,0.0000,0.0000,6.2,nan
1567,6.04e-05,0.4744,0.0000,0.0000,0.0000,0.0000,6.1,nan
1568,6.01e-05,0.8292,0.0000,0.0000,0.0000,0.0000,6.4,nan
1569,5.99e-05,0.7360,0.0000,0.0000,0.0000,0.0000,6.1,nan
1570,5.97e-05,0.8936,0.0000,0.0000,0.0000,0.0000,6.4,nan
1571,5.94e-05,0.6594,0.0000,0.0000,0.0000,0.0000,7.0,nan
1572,5.92e-05,0.5618,0.0000,0.0000,0.0000,0.0000,6.3,nan
1573,5.89e-05,0.6870,0.0000,0.0000,0.0000,0.0000,6.2,nan
1574,5.87e-05,0.4917,0.0000,0.0000,0.0000,0.0000,6.2,nan
1575,5.84e-05,0.6253,0.0000,0.0000,0.0000,0.0000,6.2,nan
1576,5.82e-05,0.6630,0.0000,0.0000,0.0000,0.0000,6.0,nan
1577,5.80e-05,0.7749,0.0000,0.0000,0.0000,0.0000,6.1,nan
1578,5.77e-05,0.6398,0.0000,0.0000,0.0000,0.0000,6.3,nan
1579,5.75e-05,0.7463,0.0000,0.0000,0.0000,0.0000,6.2,nan
1580,5.72e-05,0.8598,0.0000,0.0000,0.0000,0.0000,10.5,0.6886
1581,5.70e-05,0.8406,0.0000,0.0000,0.0000,0.0000,6.5,nan
1582,5.68e-05,0.8780,0.0000,0.0000,0.0000,0.0000,6.1,nan
1583,5.65e-05,0.3554,0.0000,0.0000,0.0000,0.0000,6.2,nan
1584,5.63e-05,0.3208,0.0000,0.0000,0.0000,0.0000,6.4,nan
1585,5.60e-05,0.7355,0.0000,0.0000,0.0000,0.0000,6.6,nan
1586,5.58e-05,0.5496,0.0000,0.0000,0.0000,0.0000,6.5,nan
1587,5.56e-05,0.4080,0.0000,0.0000,0.0000,0.0000,6.0,nan
1588,5.53e-05,0.4288,0.0000,0.0000,0.0000,0.0000,6.3,nan
1589,5.51e-05,0.8125,0.0000,0.0000,0.0000,0.0000,6.5,nan
1590,5.49e-05,0.9671,0.0000,0.0000,0.0000,0.0000,6.7,nan
1591,5.46e-05,0.7487,0.0000,0.0000,0.0000,0.0000,6.5,nan
1592,5.44e-05,1.0351,0.0000,0.0000,0.0000,0.0000,6.3,nan
1593,5.42e-05,0.7656,0.0000,0.0000,0.0000,0.0000,6.1,nan
1594,5.39e-05,0.7393,0.0000,0.0000,0.0000,0.0000,6.5,nan
1595,5.37e-05,0.4561,0.0000,0.0000,0.0000,0.0000,6.7,nan
1596,5.35e-05,0.9799,0.0000,0.0000,0.0000,0.0000,6.3,nan
1597,5.32e-05,0.5366,0.0000,0.0000,0.0000,0.0000,6.3,nan
1598,5.30e-05,0.8037,0.0000,0.0000,0.0000,0.0000,6.2,nan
1599,5.28e-05,0.7674,0.0000,0.0000,0.0000,0.0000,6.4,nan
1600,5.25e-05,0.4711,0.0000,0.0000,0.0000,0.0000,10.5,0.6928
1601,5.23e-05,0.5299,0.0000,0.0000,0.0000,0.0000,6.7,nan
1602,5.21e-05,0.8108,0.0000,0.0000,0.0000,0.0000,6.2,nan
1603,5.18e-05,0.8924,0.0000,0.0000,0.0000,0.0000,6.2,nan
1604,5.16e-05,0.8183,0.0000,0.0000,0.0000,0.0000,6.3,nan
1605,5.14e-05,0.4335,0.0000,0.0000,0.0000,0.0000,6.4,nan
1606,5.12e-05,0.8452,0.0000,0.0000,0.0000,0.0000,6.1,nan
1607,5.09e-05,0.6739,0.0000,0.0000,0.0000,0.0000,6.3,nan
1608,5.07e-05,0.6860,0.0000,0.0000,0.0000,0.0000,5.7,nan
1609,5.05e-05,0.5915,0.0000,0.0000,0.0000,0.0000,5.9,nan
1610,5.02e-05,0.6472,0.0000,0.0000,0.0000,0.0000,5.9,nan
1611,5.00e-05,0.3695,0.0000,0.0000,0.0000,0.0000,6.0,nan
1612,4.98e-05,0.8213,0.0000,0.0000,0.0000,0.0000,6.3,nan
1613,4.96e-05,0.6087,0.0000,0.0000,0.0000,0.0000,5.8,nan
1614,4.94e-05,0.4639,0.0000,0.0000,0.0000,0.0000,6.2,nan
1615,4.91e-05,0.6289,0.0000,0.0000,0.0000,0.0000,5.7,nan
1616,4.89e-05,0.6137,0.0000,0.0000,0.0000,0.0000,5.9,nan
1617,4.87e-05,0.7100,0.0000,0.0000,0.0000,0.0000,6.2,nan
1618,4.85e-05,0.4996,0.0000,0.0000,0.0000,0.0000,6.0,nan
1619,4.82e-05,0.8033,0.0000,0.0000,0.0000,0.0000,6.4,nan
1620,4.80e-05,0.6075,0.0000,0.0000,0.0000,0.0000,10.0,0.6864
1621,4.78e-05,0.7931,0.0000,0.0000,0.0000,0.0000,6.3,nan
1622,4.76e-05,0.4112,0.0000,0.0000,0.0000,0.0000,7.0,nan
1623,4.74e-05,0.5008,0.0000,0.0000,0.0000,0.0000,6.4,nan
1624,4.71e-05,0.7508,0.0000,0.0000,0.0000,0.0000,6.0,nan
1625,4.69e-05,0.8315,0.0000,0.0000,0.0000,0.0000,6.5,nan
1626,4.67e-05,0.7320,0.0000,0.0000,0.0000,0.0000,6.0,nan
1627,4.65e-05,0.7898,0.0000,0.0000,0.0000,0.0000,6.0,nan
1628,4.63e-05,0.7407,0.0000,0.0000,0.0000,0.0000,5.8,nan
1629,4.61e-05,0.7308,0.0000,0.0000,0.0000,0.0000,6.2,nan
1630,4.58e-05,0.5153,0.0000,0.0000,0.0000,0.0000,6.2,nan
1631,4.56e-05,0.6466,0.0000,0.0000,0.0000,0.0000,5.9,nan
1632,4.54e-05,0.5833,0.0000,0.0000,0.0000,0.0000,6.2,nan
1633,4.52e-05,0.5787,0.0000,0.0000,0.0000,0.0000,7.4,nan
1634,4.50e-05,0.9939,0.0000,0.0000,0.0000,0.0000,6.5,nan
1635,4.48e-05,0.5508,0.0000,0.0000,0.0000,0.0000,7.3,nan
1636,4.46e-05,0.4982,0.0000,0.0000,0.0000,0.0000,7.5,nan
1637,4.44e-05,0.4758,0.0000,0.0000,0.0000,0.0000,6.1,nan
1638,4.41e-05,0.6336,0.0000,0.0000,0.0000,0.0000,6.1,nan
1639,4.39e-05,0.8789,0.0000,0.0000,0.0000,0.0000,6.5,nan
1640,4.37e-05,0.6578,0.0000,0.0000,0.0000,0.0000,10.4,0.6822
1641,4.35e-05,0.6642,0.0000,0.0000,0.0000,0.0000,6.3,nan
1642,4.33e-05,0.6194,0.0000,0.0000,0.0000,0.0000,6.1,nan
1643,4.31e-05,0.8158,0.0000,0.0000,0.0000,0.0000,5.9,nan
1644,4.29e-05,0.4185,0.0000,0.0000,0.0000,0.0000,6.1,nan
1645,4.27e-05,0.5534,0.0000,0.0000,0.0000,0.0000,6.0,nan
1646,4.25e-05,0.6505,0.0000,0.0000,0.0000,0.0000,6.1,nan
1647,4.23e-05,0.9135,0.0000,0.0000,0.0000,0.0000,6.2,nan
1648,4.21e-05,0.7669,0.0000,0.0000,0.0000,0.0000,6.3,nan
1649,4.19e-05,0.6093,0.0000,0.0000,0.0000,0.0000,6.2,nan
1650,4.17e-05,0.5855,0.0000,0.0000,0.0000,0.0000,6.5,nan
1651,4.14e-05,0.6544,0.0000,0.0000,0.0000,0.0000,5.9,nan
1652,4.12e-05,0.5635,0.0000,0.0000,0.0000,0.0000,6.0,nan
1653,4.10e-05,0.6816,0.0000,0.0000,0.0000,0.0000,6.0,nan
1654,4.08e-05,0.6022,0.0000,0.0000,0.0000,0.0000,6.0,nan
1655,4.06e-05,0.7698,0.0000,0.0000,0.0000,0.0000,6.6,nan
1656,4.04e-05,0.5491,0.0000,0.0000,0.0000,0.0000,7.6,nan
1657,4.02e-05,0.5152,0.0000,0.0000,0.0000,0.0000,5.8,nan
1658,4.00e-05,0.7759,0.0000,0.0000,0.0000,0.0000,6.2,nan
1659,3.98e-05,0.5020,0.0000,0.0000,0.0000,0.0000,5.9,nan
1660,3.96e-05,0.5426,0.0000,0.0000,0.0000,0.0000,10.7,0.6886
1661,3.94e-05,0.7808,0.0000,0.0000,0.0000,0.0000,6.3,nan
1662,3.92e-05,0.5004,0.0000,0.0000,0.0000,0.0000,5.9,nan
1663,3.90e-05,0.5219,0.0000,0.0000,0.0000,0.0000,5.9,nan
1664,3.88e-05,0.3317,0.0000,0.0000,0.0000,0.0000,6.1,nan
1665,3.86e-05,0.7270,0.0000,0.0000,0.0000,0.0000,6.5,nan
1666,3.84e-05,0.9364,0.0000,0.0000,0.0000,0.0000,6.1,nan
1667,3.82e-05,0.5393,0.0000,0.0000,0.0000,0.0000,6.2,nan
1668,3.81e-05,0.7148,0.0000,0.0000,0.0000,0.0000,6.0,nan
1669,3.79e-05,0.5301,0.0000,0.0000,0.0000,0.0000,6.2,nan
1670,3.77e-05,0.6012,0.0000,0.0000,0.0000,0.0000,5.8,nan
1671,3.75e-05,0.8201,0.0000,0.0000,0.0000,0.0000,6.1,nan
1672,3.73e-05,0.6950,0.0000,0.0000,0.0000,0.0000,6.3,nan
1673,3.71e-05,0.7673,0.0000,0.0000,0.0000,0.0000,6.1,nan
1674,3.69e-05,0.8212,0.0000,0.0000,0.0000,0.0000,6.0,nan
1675,3.67e-05,0.8922,0.0000,0.0000,0.0000,0.0000,6.5,nan
1676,3.65e-05,0.4023,0.0000,0.0000,0.0000,0.0000,5.9,nan
1677,3.63e-05,0.5961,0.0000,0.0000,0.0000,0.0000,6.1,nan
1678,3.61e-05,0.6906,0.0000,0.0000,0.0000,0.0000,5.8,nan
1679,3.59e-05,0.4909,0.0000,0.0000,0.0000,0.0000,6.0,nan
1680,3.58e-05,0.9900,0.0000,0.0000,0.0000,0.0000,11.9,0.6949
1681,3.56e-05,0.9052,0.0000,0.0000,0.0000,0.0000,5.9,nan
1682,3.54e-05,0.6010,0.0000,0.0000,0.0000,0.0000,5.6,nan
1683,3.52e-05,0.7374,0.0000,0.0000,0.0000,0.0000,6.1,nan
1684,3.50e-05,0.8706,0.0000,0.0000,0.0000,0.0000,6.4,nan
1685,3.48e-05,0.6774,0.0000,0.0000,0.0000,0.0000,6.7,nan
1686,3.46e-05,0.8468,0.0000,0.0000,0.0000,0.0000,6.2,nan
1687,3.44e-05,0.7601,0.0000,0.0000,0.0000,0.0000,5.7,nan
1688,3.43e-05,0.8494,0.0000,0.0000,0.0000,0.0000,6.4,nan
1689,3.41e-05,0.5709,0.0000,0.0000,0.0000,0.0000,6.2,nan
1690,3.39e-05,0.6126,0.0000,0.0000,0.0000,0.0000,6.0,nan
1691,3.37e-05,0.6436,0.0000,0.0000,0.0000,0.0000,5.9,nan
1692,3.35e-05,0.5288,0.0000,0.0000,0.0000,0.0000,6.0,nan
1693,3.33e-05,0.4837,0.0000,0.0000,0.0000,0.0000,5.9,nan
1694,3.32e-05,0.8272,0.0000,0.0000,0.0000,0.0000,5.7,nan
1695,3.30e-05,0.7044,0.0000,0.0000,0.0000,0.0000,6.3,nan
1696,3.28e-05,0.6786,0.0000,0.0000,0.0000,0.0000,5.9,nan
1697,3.26e-05,1.0375,0.0000,0.0000,0.0000,0.0000,6.4,nan
1698,3.24e-05,0.5997,0.0000,0.0000,0.0000,0.0000,6.4,nan
1699,3.23e-05,0.5901,0.0000,0.0000,0.0000,0.0000,6.2,nan
1700,3.21e-05,0.5359,0.0000,0.0000,0.0000,0.0000,9.8,0.6780
1701,3.19e-05,0.7082,0.0000,0.0000,0.0000,0.0000,5.7,nan
1702,3.17e-05,0.4763,0.0000,0.0000,0.0000,0.0000,6.3,nan
1703,3.16e-05,0.7739,0.0000,0.0000,0.0000,0.0000,6.2,nan
1704,3.14e-05,0.6063,0.0000,0.0000,0.0000,0.0000,6.0,nan
1705,3.12e-05,0.4280,0.0000,0.0000,0.0000,0.0000,6.2,nan
1706,3.10e-05,0.3656,0.0000,0.0000,0.0000,0.0000,6.7,nan
1707,3.09e-05,0.6618,0.0000,0.0000,0.0000,0.0000,7.1,nan
1708,3.07e-05,0.9348,0.0000,0.0000,0.0000,0.0000,6.5,nan
1709,3.05e-05,0.4154,0.0000,0.0000,0.0000,0.0000,6.8,nan
1710,3.03e-05,0.6631,0.0000,0.0000,0.0000,0.0000,6.5,nan
1711,3.02e-05,0.6533,0.0000,0.0000,0.0000,0.0000,8.0,nan
1712,3.00e-05,0.3835,0.0000,0.0000,0.0000,0.0000,7.5,nan
1713,2.98e-05,0.6247,0.0000,0.0000,0.0000,0.0000,7.6,nan
1714,2.97e-05,0.4064,0.0000,0.0000,0.0000,0.0000,7.0,nan
1715,2.95e-05,0.5376,0.0000,0.0000,0.0000,0.0000,6.7,nan
1716,2.93e-05,0.6516,0.0000,0.0000,0.0000,0.0000,6.3,nan
1717,2.91e-05,0.6535,0.0000,0.0000,0.0000,0.0000,6.1,nan
1718,2.90e-05,0.5200,0.0000,0.0000,0.0000,0.0000,6.5,nan
1719,2.88e-05,1.0159,0.0000,0.0000,0.0000,0.0000,6.9,nan
1720,2.86e-05,0.7723,0.0000,0.0000,0.0000,0.0000,11.0,0.6992
1721,2.85e-05,0.7057,0.0000,0.0000,0.0000,0.0000,7.0,nan
1722,2.83e-05,0.6442,0.0000,0.0000,0.0000,0.0000,7.3,nan
1723,2.81e-05,0.9088,0.0000,0.0000,0.0000,0.0000,7.2,nan
1724,2.80e-05,1.0480,0.0000,0.0000,0.0000,0.0000,7.4,nan
1725,2.78e-05,0.6365,0.0000,0.0000,0.0000,0.0000,7.7,nan
1726,2.77e-05,0.6749,0.0000,0.0000,0.0000,0.0000,6.9,nan
1727,2.75e-05,0.4901,0.0000,0.0000,0.0000,0.0000,6.3,nan
1728,2.73e-05,0.4740,0.0000,0.0000,0.0000,0.0000,6.9,nan
1729,2.72e-05,0.6126,0.0000,0.0000,0.0000,0.0000,6.9,nan
1730,2.70e-05,0.5920,0.0000,0.0000,0.0000,0.0000,6.3,nan
1731,2.68e-05,0.6621,0.0000,0.0000,0.0000,0.0000,6.4,nan
1732,2.67e-05,0.7419,0.0000,0.0000,0.0000,0.0000,6.8,nan
1733,2.65e-05,0.9710,0.0000,0.0000,0.0000,0.0000,6.4,nan
1734,2.64e-05,0.7621,0.0000,0.0000,0.0000,0.0000,7.5,nan
1735,2.62e-05,0.6296,0.0000,0.0000,0.0000,0.0000,6.6,nan
1736,2.60e-05,0.6496,0.0000,0.0000,0.0000,0.0000,6.5,nan
1737,2.59e-05,0.5341,0.0000,0.0000,0.0000,0.0000,6.3,nan
1738,2.57e-05,0.5836,0.0000,0.0000,0.0000,0.0000,6.3,nan
1739,2.56e-05,0.7258,0.0000,0.0000,0.0000,0.0000,6.4,nan
1740,2.54e-05,0.7854,0.0000,0.0000,0.0000,0.0000,10.7,0.7034
1741,2.53e-05,0.9871,0.0000,0.0000,0.0000,0.0000,6.5,nan
1742,2.51e-05,0.6955,0.0000,0.0000,0.0000,0.0000,7.5,nan
1743,2.50e-05,0.6133,0.0000,0.0000,0.0000,0.0000,7.0,nan
1744,2.48e-05,0.9110,0.0000,0.0000,0.0000,0.0000,6.5,nan
1745,2.47e-05,0.5650,0.0000,0.0000,0.0000,0.0000,7.0,nan
1746,2.45e-05,0.5334,0.0000,0.0000,0.0000,0.0000,6.7,nan
1747,2.43e-05,0.8029,0.0000,0.0000,0.0000,0.0000,6.8,nan
1748,2.42e-05,0.4903,0.0000,0.0000,0.0000,0.0000,6.7,nan
1749,2.40e-05,0.6682,0.0000,0.0000,0.0000,0.0000,6.2,nan
1750,2.39e-05,0.9632,0.0000,0.0000,0.0000,0.0000,6.5,nan
1751,2.37e-05,0.6061,0.0000,0.0000,0.0000,0.0000,6.1,nan
1752,2.36e-05,0.4623,0.0000,0.0000,0.0000,0.0000,7.0,nan
1753,2.34e-05,0.4676,0.0000,0.0000,0.0000,0.0000,7.6,nan
1754,2.33e-05,0.5718,0.0000,0.0000,0.0000,0.0000,6.0,nan
1755,2.32e-05,0.8430,0.0000,0.0000,0.0000,0.0000,5.8,nan
1756,2.30e-05,0.4660,0.0000,0.0000,0.0000,0.0000,6.0,nan
1757,2.29e-05,0.5774,0.0000,0.0000,0.0000,0.0000,6.0,nan
1758,2.27e-05,0.5776,0.0000,0.0000,0.0000,0.0000,6.3,nan
1759,2.26e-05,0.6288,0.0000,0.0000,0.0000,0.0000,6.6,nan
1760,2.24e-05,0.5814,0.0000,0.0000,0.0000,0.0000,10.8,0.6992
1761,2.23e-05,0.9184,0.0000,0.0000,0.0000,0.0000,6.4,nan
1762,2.21e-05,0.6237,0.0000,0.0000,0.0000,0.0000,6.4,nan
1763,2.20e-05,0.5914,0.0000,0.0000,0.0000,0.0000,6.7,nan
1764,2.19e-05,0.3745,0.0000,0.0000,0.0000,0.0000,6.6,nan
1765,2.17e-05,0.8144,0.0000,0.0000,0.0000,0.0000,6.5,nan
1766,2.16e-05,0.4094,0.0000,0.0000,0.0000,0.0000,6.3,nan
1767,2.14e-05,0.4634,0.0000,0.0000,0.0000,0.0000,6.5,nan
1768,2.13e-05,0.6479,0.0000,0.0000,0.0000,0.0000,6.9,nan
1769,2.12e-05,0.5968,0.0000,0.0000,0.0000,0.0000,6.3,nan
1770,2.10e-05,0.4865,0.0000,0.0000,0.0000,0.0000,6.7,nan
1771,2.09e-05,0.6036,0.0000,0.0000,0.0000,0.0000,6.6,nan
1772,2.07e-05,0.8278,0.0000,0.0000,0.0000,0.0000,6.8,nan
1773,2.06e-05,0.6798,0.0000,0.0000,0.0000,0.0000,6.3,nan
1774,2.05e-05,0.8979,0.0000,0.0000,0.0000,0.0000,6.7,nan
1775,2.03e-05,0.5280,0.0000,0.0000,0.0000,0.0000,6.7,nan
1776,2.02e-05,0.6406,0.0000,0.0000,0.0000,0.0000,6.6,nan
1777,2.01e-05,0.5340,0.0000,0.0000,0.0000,0.0000,6.7,nan
1778,1.99e-05,0.6817,0.0000,0.0000,0.0000,0.0000,6.7,nan
1779,1.98e-05,0.6293,0.0000,0.0000,0.0000,0.0000,6.6,nan
1780,1.97e-05,0.5364,0.0000,0.0000,0.0000,0.0000,11.7,0.7076
1781,1.95e-05,0.4950,0.0000,0.0000,0.0000,0.0000,7.0,nan
1782,1.94e-05,0.5758,0.0000,0.0000,0.0000,0.0000,6.7,nan
1783,1.93e-05,0.7864,0.0000,0.0000,0.0000,0.0000,6.5,nan
1784,1.91e-05,0.5423,0.0000,0.0000,0.0000,0.0000,7.3,nan
1785,1.90e-05,0.5749,0.0000,0.0000,0.0000,0.0000,6.9,nan
1786,1.89e-05,0.6897,0.0000,0.0000,0.0000,0.0000,6.6,nan
1787,1.87e-05,0.6529,0.0000,0.0000,0.0000,0.0000,6.3,nan
1788,1.86e-05,0.7106,0.0000,0.0000,0.0000,0.0000,6.7,nan
1789,1.85e-05,0.6228,0.0000,0.0000,0.0000,0.0000,6.7,nan
1790,1.84e-05,0.4614,0.0000,0.0000,0.0000,0.0000,6.6,nan
1791,1.82e-05,0.6391,0.0000,0.0000,0.0000,0.0000,6.7,nan
1792,1.81e-05,0.8787,0.0000,0.0000,0.0000,0.0000,6.9,nan
1793,1.80e-05,0.5716,0.0000,0.0000,0.0000,0.0000,6.4,nan
1794,1.79e-05,0.3999,0.0000,0.0000,0.0000,0.0000,6.5,nan
1795,1.77e-05,0.5324,0.0000,0.0000,0.0000,0.0000,6.5,nan
1796,1.76e-05,0.7338,0.0000,0.0000,0.0000,0.0000,6.5,nan
1797,1.75e-05,0.5488,0.0000,0.0000,0.0000,0.0000,6.2,nan
1798,1.74e-05,0.6576,0.0000,0.0000,0.0000,0.0000,6.3,nan
1799,1.72e-05,0.6941,0.0000,0.0000,0.0000,0.0000,6.5,nan
1800,1.71e-05,0.4298,0.0000,0.0000,0.0000,0.0000,10.8,0.6970
1801,1.70e-05,0.5053,0.0000,0.0000,0.0000,0.0000,6.4,nan
1802,1.69e-05,0.5766,0.0000,0.0000,0.0000,0.0000,6.3,nan
1803,1.68e-05,0.8327,0.0000,0.0000,0.0000,0.0000,6.6,nan
1804,1.67e-05,0.7190,0.0000,0.0000,0.0000,0.0000,6.7,nan
1805,1.65e-05,0.7738,0.0000,0.0000,0.0000,0.0000,6.6,nan
1806,1.64e-05,0.5705,0.0000,0.0000,0.0000,0.0000,6.5,nan
1807,1.63e-05,0.4342,0.0000,0.0000,0.0000,0.0000,6.2,nan
1808,1.62e-05,0.5800,0.0000,0.0000,0.0000,0.0000,6.5,nan
1809,1.61e-05,0.5216,0.0000,0.0000,0.0000,0.0000,6.1,nan
1810,1.59e-05,0.5657,0.0000,0.0000,0.0000,0.0000,6.5,nan
1811,1.58e-05,0.7229,0.0000,0.0000,0.0000,0.0000,6.4,nan
1812,1.57e-05,0.6519,0.0000,0.0000,0.0000,0.0000,6.7,nan
1813,1.56e-05,1.0571,0.0000,0.0000,0.0000,0.0000,6.2,nan
1814,1.55e-05,0.6722,0.0000,0.0000,0.0000,0.0000,6.8,nan
1815,1.54e-05,0.9762,0.0000,0.0000,0.0000,0.0000,6.6,nan
1816,1.53e-05,0.3539,0.0000,0.0000,0.0000,0.0000,6.5,nan
1817,1.52e-05,0.7858,0.0000,0.0000,0.0000,0.0000,6.4,nan
1818,1.50e-05,0.8645,0.0000,0.0000,0.0000,0.0000,6.7,nan
1819,1.49e-05,0.4823,0.0000,0.0000,0.0000,0.0000,6.2,nan
1820,1.48e-05,0.7476,0.0000,0.0000,0.0000,0.0000,10.7,0.6970
1821,1.47e-05,0.6975,0.0000,0.0000,0.0000,0.0000,6.3,nan
1822,1.46e-05,0.8614,0.0000,0.0000,0.0000,0.0000,6.6,nan
1823,1.45e-05,0.8008,0.0000,0.0000,0.0000,0.0000,6.7,nan
1824,1.44e-05,0.8293,0.0000,0.0000,0.0000,0.0000,6.7,nan
1825,1.43e-05,0.8334,0.0000,0.0000,0.0000,0.0000,6.3,nan
1826,1.42e-05,0.5143,0.0000,0.0000,0.0000,0.0000,6.6,nan
1827,1.41e-05,0.6648,0.0000,0.0000,0.0000,0.0000,6.4,nan
1828,1.40e-05,0.8005,0.0000,0.0000,0.0000,0.0000,6.7,nan
1829,1.39e-05,0.5310,0.0000,0.0000,0.0000,0.0000,6.8,nan
1830,1.38e-05,0.4948,0.0000,0.0000,0.0000,0.0000,7.1,nan
1831,1.37e-05,0.5783,0.0000,0.0000,0.0000,0.0000,6.2,nan
1832,1.36e-05,0.8225,0.0000,0.0000,0.0000,0.0000,6.0,nan
1833,1.35e-05,0.8233,0.0000,0.0000,0.0000,0.0000,5.9,nan
1834,1.34e-05,0.5511,0.0000,0.0000,0.0000,0.0000,6.1,nan
1835,1.33e-05,0.6206,0.0000,0.0000,0.0000,0.0000,5.7,nan
1836,1.32e-05,0.6374,0.0000,0.0000,0.0000,0.0000,5.6,nan
1837,1.31e-05,0.7739,0.0000,0.0000,0.0000,0.0000,5.5,nan
1838,1.30e-05,0.7477,0.0000,0.0000,0.0000,0.0000,5.9,nan
1839,1.29e-05,0.9103,0.0000,0.0000,0.0000,0.0000,5.7,nan
1840,1.28e-05,0.6104,0.0000,0.0000,0.0000,0.0000,9.9,0.7055
1841,1.27e-05,0.5578,0.0000,0.0000,0.0000,0.0000,5.7,nan
1842,1.26e-05,0.6114,0.0000,0.0000,0.0000,0.0000,5.8,nan
1843,1.25e-05,0.6156,0.0000,0.0000,0.0000,0.0000,5.8,nan
1844,1.24e-05,0.4476,0.0000,0.0000,0.0000,0.0000,6.2,nan
1845,1.23e-05,0.5299,0.0000,0.0000,0.0000,0.0000,6.0,nan
1846,1.22e-05,0.7732,0.0000,0.0000,0.0000,0.0000,6.0,nan
1847,1.21e-05,0.8041,0.0000,0.0000,0.0000,0.0000,6.0,nan
1848,1.20e-05,0.6196,0.0000,0.0000,0.0000,0.0000,5.7,nan
1849,1.19e-05,0.4742,0.0000,0.0000,0.0000,0.0000,5.8,nan
1850,1.18e-05,0.6502,0.0000,0.0000,0.0000,0.0000,5.7,nan
1851,1.17e-05,0.5439,0.0000,0.0000,0.0000,0.0000,5.7,nan
1852,1.16e-05,0.6071,0.0000,0.0000,0.0000,0.0000,5.6,nan
1853,1.16e-05,0.8306,0.0000,0.0000,0.0000,0.0000,6.0,nan
1854,1.15e-05,0.6619,0.0000,0.0000,0.0000,0.0000,5.8,nan
1855,1.14e-05,0.2053,0.0000,0.0000,0.0000,0.0000,5.8,nan
1856,1.13e-05,0.6464,0.0000,0.0000,0.0000,0.0000,6.1,nan
1857,1.12e-05,0.7222,0.0000,0.0000,0.0000,0.0000,5.6,nan
1858,1.11e-05,0.5623,0.0000,0.0000,0.0000,0.0000,6.0,nan
1859,1.10e-05,0.7363,0.0000,0.0000,0.0000,0.0000,5.7,nan
1860,1.09e-05,0.5243,0.0000,0.0000,0.0000,0.0000,9.7,0.7034
1861,1.09e-05,0.7954,0.0000,0.0000,0.0000,0.0000,5.9,nan
1862,1.08e-05,0.6263,0.0000,0.0000,0.0000,0.0000,5.6,nan
1863,1.07e-05,0.5176,0.0000,0.0000,0.0000,0.0000,5.8,nan
1864,1.06e-05,0.7284,0.0000,0.0000,0.0000,0.0000,5.7,nan
1865,1.05e-05,0.8173,0.0000,0.0000,0.0000,0.0000,5.7,nan
1866,1.04e-05,0.8711,0.0000,0.0000,0.0000,0.0000,5.5,nan
1867,1.04e-05,0.6052,0.0000,0.0000,0.0000,0.0000,5.5,nan
1868,1.03e-05,0.5705,0.0000,0.0000,0.0000,0.0000,6.0,nan
1869,1.02e-05,0.4620,0.0000,0.0000,0.0000,0.0000,5.9,nan
1870,1.01e-05,0.7593,0.0000,0.0000,0.0000,0.0000,5.8,nan
1871,1.00e-05,0.7435,0.0000,0.0000,0.0000,0.0000,6.0,nan
1872,9.97e-06,0.4940,0.0000,0.0000,0.0000,0.0000,6.0,nan
1873,9.89e-06,0.8007,0.0000,0.0000,0.0000,0.0000,5.8,nan
1874,9.81e-06,0.5171,0.0000,0.0000,0.0000,0.0000,5.8,nan
1875,9.74e-06,0.7457,0.0000,0.0000,0.0000,0.0000,5.7,nan
1876,9.66e-06,0.8645,0.0000,0.0000,0.0000,0.0000,5.9,nan
1877,9.59e-06,0.8161,0.0000,0.0000,0.0000,0.0000,5.9,nan
1878,9.51e-06,0.4925,0.0000,0.0000,0.0000,0.0000,6.4,nan
1879,9.44e-06,0.7777,0.0000,0.0000,0.0000,0.0000,5.8,nan
1880,9.36e-06,0.6364,0.0000,0.0000,0.0000,0.0000,9.4,0.7076
1881,9.29e-06,0.4189,0.0000,0.0000,0.0000,0.0000,5.8,nan
1882,9.22e-06,0.4063,0.0000,0.0000,0.0000,0.0000,6.2,nan
1883,9.15e-06,0.4743,0.0000,0.0000,0.0000,0.0000,5.8,nan
1884,9.08e-06,0.5259,0.0000,0.0000,0.0000,0.0000,6.3,nan
1885,9.01e-06,0.9426,0.0000,0.0000,0.0000,0.0000,5.6,nan
1886,8.94e-06,0.7928,0.0000,0.0000,0.0000,0.0000,5.8,nan
1887,8.87e-06,0.6554,0.0000,0.0000,0.0000,0.0000,6.0,nan
1888,8.80e-06,0.7327,0.0000,0.0000,0.0000,0.0000,6.0,nan
1889,8.73e-06,0.4110,0.0000,0.0000,0.0000,0.0000,5.5,nan
1890,8.66e-06,0.7833,0.0000,0.0000,0.0000,0.0000,5.8,nan
1891,8.60e-06,0.7393,0.0000,0.0000,0.0000,0.0000,5.6,nan
1892,8.53e-06,0.6527,0.0000,0.0000,0.0000,0.0000,5.7,nan
1893,8.47e-06,0.7054,0.0000,0.0000,0.0000,0.0000,6.0,nan
1894,8.40e-06,0.8557,0.0000,0.0000,0.0000,0.0000,6.1,nan
1895,8.34e-06,0.7601,0.0000,0.0000,0.0000,0.0000,6.1,nan
1896,8.27e-06,0.5448,0.0000,0.0000,0.0000,0.0000,6.1,nan
1897,8.21e-06,0.5309,0.0000,0.0000,0.0000,0.0000,5.9,nan
1898,8.15e-06,0.2588,0.0000,0.0000,0.0000,0.0000,5.9,nan
1899,8.09e-06,0.6374,0.0000,0.0000,0.0000,0.0000,5.7,nan
1900,8.02e-06,0.5907,0.0000,0.0000,0.0000,0.0000,8.9,0.6907
1901,7.96e-06,0.5234,0.0000,0.0000,0.0000,0.0000,5.8,nan
1902,7.90e-06,0.7290,0.0000,0.0000,0.0000,0.0000,6.1,nan
1903,7.84e-06,0.9833,0.0000,0.0000,0.0000,0.0000,5.8,nan
1904,7.79e-06,0.5337,0.0000,0.0000,0.0000,0.0000,5.6,nan
1905,7.73e-06,0.6390,0.0000,0.0000,0.0000,0.0000,5.7,nan
1906,7.67e-06,0.4735,0.0000,0.0000,0.0000,0.0000,5.8,nan
1907,7.61e-06,0.6888,0.0000,0.0000,0.0000,0.0000,6.2,nan
1908,7.56e-06,0.6733,0.0000,0.0000,0.0000,0.0000,5.6,nan
1909,7.50e-06,0.3589,0.0000,0.0000,0.0000,0.0000,5.7,nan
1910,7.45e-06,0.5297,0.0000,0.0000,0.0000,0.0000,5.6,nan
1911,7.39e-06,0.6388,0.0000,0.0000,0.0000,0.0000,5.9,nan
1912,7.34e-06,0.7665,0.0000,0.0000,0.0000,0.0000,5.7,nan
1913,7.28e-06,0.8096,0.0000,0.0000,0.0000,0.0000,5.8,nan
1914,7.23e-06,0.6212,0.0000,0.0000,0.0000,0.0000,5.6,nan
1915,7.18e-06,0.6510,0.0000,0.0000,0.0000,0.0000,5.8,nan
1916,7.13e-06,0.7126,0.0000,0.0000,0.0000,0.0000,6.0,nan
1917,7.08e-06,0.4317,0.0000,0.0000,0.0000,0.0000,5.6,nan
1918,7.03e-06,0.5989,0.0000,0.0000,0.0000,0.0000,5.8,nan
1919,6.98e-06,0.5830,0.0000,0.0000,0.0000,0.0000,5.5,nan
1920,6.93e-06,0.8667,0.0000,0.0000,0.0000,0.0000,9.3,0.6970
1921,6.88e-06,0.6798,0.0000,0.0000,0.0000,0.0000,5.8,nan
1922,6.83e-06,0.7193,0.0000,0.0000,0.0000,0.0000,5.7,nan
1923,6.79e-06,0.7996,0.0000,0.0000,0.0000,0.0000,5.7,nan
1924,6.74e-06,0.9433,0.0000,0.0000,0.0000,0.0000,5.7,nan
1925,6.69e-06,0.5721,0.0000,0.0000,0.0000,0.0000,5.7,nan
1926,6.65e-06,0.7052,0.0000,0.0000,0.0000,0.0000,5.9,nan
1927,6.60e-06,0.4150,0.0000,0.0000,0.0000,0.0000,6.0,nan
1928,6.56e-06,0.6830,0.0000,0.0000,0.0000,0.0000,5.7,nan
1929,6.52e-06,0.8364,0.0000,0.0000,0.0000,0.0000,6.1,nan
1930,6.47e-06,0.4205,0.0000,0.0000,0.0000,0.0000,5.9,nan
1931,6.43e-06,0.6391,0.0000,0.0000,0.0000,0.0000,5.8,nan
1932,6.39e-06,0.8554,0.0000,0.0000,0.0000,0.0000,6.0,nan
1933,6.35e-06,0.5317,0.0000,0.0000,0.0000,0.0000,5.6,nan
1934,6.31e-06,0.4705,0.0000,0.0000,0.0000,0.0000,5.8,nan
1935,6.27e-06,0.7881,0.0000,0.0000,0.0000,0.0000,5.7,nan
1936,6.23e-06,0.3072,0.0000,0.0000,0.0000,0.0000,5.8,nan
1937,6.19e-06,0.7095,0.0000,0.0000,0.0000,0.0000,5.9,nan
1938,6.15e-06,0.6978,0.0000,0.0000,0.0000,0.0000,6.2,nan
1939,6.11e-06,0.8376,0.0000,0.0000,0.0000,0.0000,5.8,nan
1940,6.08e-06,0.4924,0.0000,0.0000,0.0000,0.0000,9.5,0.6970
1941,6.04e-06,0.5797,0.0000,0.0000,0.0000,0.0000,7.0,nan
1942,6.01e-06,0.4248,0.0000,0.0000,0.0000,0.0000,7.2,nan
1943,5.97e-06,0.6418,0.0000,0.0000,0.0000,0.0000,6.6,nan
1944,5.94e-06,0.5856,0.0000,0.0000,0.0000,0.0000,7.0,nan
1945,5.90e-06,0.7084,0.0000,0.0000,0.0000,0.0000,6.6,nan
1946,5.87e-06,0.5134,0.0000,0.0000,0.0000,0.0000,6.4,nan
1947,5.84e-06,0.8995,0.0000,0.0000,0.0000,0.0000,6.4,nan
1948,5.81e-06,0.5527,0.0000,0.0000,0.0000,0.0000,6.5,nan
1949,5.77e-06,0.7704,0.0000,0.0000,0.0000,0.0000,6.4,nan
1950,5.74e-06,0.6918,0.0000,0.0000,0.0000,0.0000,6.8,nan
1951,5.71e-06,0.8963,0.0000,0.0000,0.0000,0.0000,6.3,nan
1952,5.68e-06,0.7600,0.0000,0.0000,0.0000,0.0000,6.6,nan
1953,5.66e-06,0.6523,0.0000,0.0000,0.0000,0.0000,6.2,nan
1954,5.63e-06,0.6391,0.0000,0.0000,0.0000,0.0000,6.4,nan
1955,5.60e-06,0.8015,0.0000,0.0000,0.0000,0.0000,6.5,nan
1956,5.57e-06,0.5369,0.0000,0.0000,0.0000,0.0000,6.7,nan
1957,5.55e-06,0.5720,0.0000,0.0000,0.0000,0.0000,6.5,nan
1958,5.52e-06,0.7282,0.0000,0.0000,0.0000,0.0000,6.4,nan
1959,5.50e-06,0.5713,0.0000,0.0000,0.0000,0.0000,6.3,nan
1960,5.47e-06,0.6642,0.0000,0.0000,0.0000,0.0000,10.4,0.7013
1961,5.45e-06,0.6012,0.0000,0.0000,0.0000,0.0000,6.3,nan
1962,5.42e-06,0.7311,0.0000,0.0000,0.0000,0.0000,7.0,nan
1963,5.40e-06,0.8072,0.0000,0.0000,0.0000,0.0000,6.6,nan
1964,5.38e-06,0.5891,0.0000,0.0000,0.0000,0.0000,6.3,nan
1965,5.36e-06,0.6569,0.0000,0.0000,0.0000,0.0000,6.4,nan
1966,5.34e-06,0.6036,0.0000,0.0000,0.0000,0.0000,6.2,nan
1967,5.32e-06,0.6073,0.0000,0.0000,0.0000,0.0000,6.0,nan
1968,5.30e-06,0.8029,0.0000,0.0000,0.0000,0.0000,6.6,nan
1969,5.28e-06,0.6209,0.0000,0.0000,0.0000,0.0000,6.4,nan
1970,5.26e-06,0.6846,0.0000,0.0000,0.0000,0.0000,6.8,nan
1971,5.24e-06,0.6652,0.0000,0.0000,0.0000,0.0000,6.5,nan
1972,5.23e-06,0.5520,0.0000,0.0000,0.0000,0.0000,6.1,nan
1973,5.21e-06,0.7175,0.0000,0.0000,0.0000,0.0000,6.9,nan
1974,5.19e-06,0.5772,0.0000,0.0000,0.0000,0.0000,6.6,nan
1975,5.18e-06,0.8601,0.0000,0.0000,0.0000,0.0000,6.6,nan
1976,5.16e-06,0.8210,0.0000,0.0000,0.0000,0.0000,6.8,nan
1977,5.15e-06,0.7441,0.0000,0.0000,0.0000,0.0000,6.4,nan
1978,5.14e-06,0.5441,0.0000,0.0000,0.0000,0.0000,6.4,nan
1979,5.12e-06,0.7783,0.0000,0.0000,0.0000,0.0000,6.7,nan
1980,5.11e-06,0.6374,0.0000,0.0000,0.0000,0.0000,10.4,0.7055
1981,5.10e-06,0.8275,0.0000,0.0000,0.0000,0.0000,6.8,nan
1982,5.09e-06,0.4350,0.0000,0.0000,0.0000,0.0000,6.2,nan
1983,5.08e-06,0.4123,0.0000,0.0000,0.0000,0.0000,6.6,nan
1984,5.07e-06,0.8410,0.0000,0.0000,0.0000,0.0000,6.6,nan
1985,5.06e-06,0.8427,0.0000,0.0000,0.0000,0.0000,6.1,nan
1986,5.05e-06,0.3497,0.0000,0.0000,0.0000,0.0000,6.4,nan
1987,5.05e-06,0.6816,0.0000,0.0000,0.0000,0.0000,6.3,nan
1988,5.04e-06,0.5763,0.0000,0.0000,0.0000,0.0000,6.4,nan
1989,5.03e-06,0.6381,0.0000,0.0000,0.0000,0.0000,6.3,nan
1990,5.03e-06,0.4732,0.0000,0.0000,0.0000,0.0000,6.3,nan
1991,5.02e-06,0.7548,0.0000,0.0000,0.0000,0.0000,6.2,nan
1992,5.02e-06,0.4092,0.0000,0.0000,0.0000,0.0000,6.4,nan
1993,5.01e-06,0.5733,0.0000,0.0000,0.0000,0.0000,6.1,nan
1994,5.01e-06,0.6387,0.0000,0.0000,0.0000,0.0000,6.2,nan
1995,5.01e-06,0.6794,0.0000,0.0000,0.0000,0.0000,6.2,nan
1996,5.00e-06,0.7930,0.0000,0.0000,0.0000,0.0000,6.2,nan
1997,5.00e-06,0.4378,0.0000,0.0000,0.0000,0.0000,6.3,nan
1998,5.00e-06,0.8939,0.0000,0.0000,0.0000,0.0000,6.2,nan
1999,5.00e-06,0.6787,0.0000,0.0000,0.0000,0.0000,9.9,0.7013
