epoch,lr,train_loss,val_top1,val_top5,val_balanced,ema_top1,seconds,tracked_test_top1
0,5.00e-05,3.9180,0.0000,0.0000,0.0000,0.0000,52.8,0.0191
1,1.00e-04,3.9126,0.0000,0.0000,0.0000,0.0000,6.9,nan
2,1.50e-04,3.8827,0.0000,0.0000,0.0000,0.0000,7.5,nan
3,2.00e-04,3.8340,0.0000,0.0000,0.0000,0.0000,7.1,nan
4,2.50e-04,3.7706,0.0000,0.0000,0.0000,0.0000,7.0,nan
5,3.00e-04,3.6539,0.0000,0.0000,0.0000,0.0000,7.6,nan
6,3.50e-04,3.5739,0.0000,0.0000,0.0000,0.0000,7.8,nan
7,4.00e-04,3.4287,0.0000,0.0000,0.0000,0.0000,7.5,nan
8,4.50e-04,3.3401,0.0000,0.0000,0.0000,0.0000,7.9,nan
9,5.00e-04,3.2217,0.0000,0.0000,0.0000,0.0000,6.9,nan
10,5.00e-04,3.1535,0.0000,0.0000,0.0000,0.0000,7.5,nan
11,5.00e-04,3.0048,0.0000,0.0000,0.0000,0.0000,7.6,nan
12,5.00e-04,2.9435,0.0000,0.0000,0.0000,0.0000,7.3,nan
13,5.00e-04,2.7694,0.0000,0.0000,0.0000,0.0000,7.4,nan
14,5.00e-04,2.9421,0.0000,0.0000,0.0000,0.0000,7.8,nan
15,5.00e-04,2.7280,0.0000,0.0000,0.0000,0.0000,5.9,nan
16,5.00e-04,2.8111,0.0000,0.0000,0.0000,0.0000,4.5,nan
17,5.00e-04,2.6160,0.0000,0.0000,0.0000,0.0000,4.9,nan
18,5.00e-04,2.4689,0.0000,0.0000,0.0000,0.0000,6.0,nan
19,5.00e-04,2.5672,0.0000,0.0000,0.0000,0.0000,5.4,nan
20,5.00e-04,2.2960,0.0000,0.0000,0.0000,0.0000,7.6,0.2881
21,5.00e-04,2.3056,0.0000,0.0000,0.0000,0.0000,4.8,nan
22,5.00e-04,2.4607,0.0000,0.0000,0.0000,0.0000,5.0,nan
23,5.00e-04,2.2010,0.0000,0.0000,0.0000,0.0000,4.6,nan
24,5.00e-04,2.3737,0.0000,0.0000,0.0000,0.0000,4.8,nan
25,5.00e-04,2.1197,0.0000,0.0000,0.0000,0.0000,5.6,nan
26,5.00e-04,1.9576,0.0000,0.0000,0.0000,0.0000,5.5,nan
27,5.00e-04,2.0852,0.0000,0.0000,0.0000,0.0000,7.7,nan
28,5.00e-04,1.8912,0.0000,0.0000,0.0000,0.0000,7.8,nan
29,5.00e-04,2.0685,0.0000,0.0000,0.0000,0.0000,7.7,nan
30,5.00e-04,1.9907,0.0000,0.0000,0.0000,0.0000,7.0,nan
31,5.00e-04,1.8148,0.0000,0.0000,0.0000,0.0000,7.0,nan
32,5.00e-04,1.6998,0.0000,0.0000,0.0000,0.0000,7.2,nan
33,5.00e-04,1.5735,0.0000,0.0000,0.0000,0.0000,6.9,nan
34,5.00e-04,1.7442,0.0000,0.0000,0.0000,0.0000,7.3,nan
35,5.00e-04,1.5249,0.0000,0.0000,0.0000,0.0000,7.2,nan
36,5.00e-04,1.8034,0.0000,0.0000,0.0000,0.0000,6.9,nan
37,5.00e-04,1.6112,0.0000,0.0000,0.0000,0.0000,7.0,nan
38,5.00e-04,2.2096,0.0000,0.0000,0.0000,0.0000,7.3,nan
39,5.00e-04,1.6631,0.0000,0.0000,0.0000,0.0000,7.0,nan
40,5.00e-04,1.6100,0.0000,0.0000,0.0000,0.0000,12.2,0.4492
41,5.00e-04,1.3295,0.0000,0.0000,0.0000,0.0000,7.8,nan
42,5.00e-04,1.5444,0.0000,0.0000,0.0000,0.0000,7.7,nan
43,5.00e-04,1.6421,0.0000,0.0000,0.0000,0.0000,7.1,nan
44,5.00e-04,1.5062,0.0000,0.0000,0.0000,0.0000,7.0,nan
45,5.00e-04,1.3725,0.0000,0.0000,0.0000,0.0000,7.3,nan
46,5.00e-04,1.2696,0.0000,0.0000,0.0000,0.0000,7.6,nan
47,5.00e-04,1.2089,0.0000,0.0000,0.0000,0.0000,7.2,nan
48,5.00e-04,1.1718,0.0000,0.0000,0.0000,0.0000,7.1,nan
49,5.00e-04,1.3999,0.0000,0.0000,0.0000,0.0000,7.3,nan
50,4.99e-04,1.0515,0.0000,0.0000,0.0000,0.0000,7.7,nan
51,4.99e-04,1.0704,0.0000,0.0000,0.0000,0.0000,7.6,nan
52,4.99e-04,1.5851,0.0000,0.0000,0.0000,0.0000,7.7,nan
53,4.99e-04,1.5709,0.0000,0.0000,0.0000,0.0000,7.3,nan
54,4.99e-04,1.4411,0.0000,0.0000,0.0000,0.0000,7.5,nan
55,4.99e-04,1.1150,0.0000,0.0000,0.0000,0.0000,6.9,nan
56,4.99e-04,1.1937,0.0000,0.0000,0.0000,0.0000,7.1,nan
57,4.99e-04,1.0133,0.0000,0.0000,0.0000,0.0000,7.4,nan
58,4.99e-04,1.1079,0.0000,0.0000,0.0000,0.0000,7.6,nan
59,4.99e-04,1.0421,0.0000,0.0000,0.0000,0.0000,7.3,nan
60,4.99e-04,1.0414,0.0000,0.0000,0.0000,0.0000,12.1,0.5169
61,4.99e-04,0.8744,0.0000,0.0000,0.0000,0.0000,6.8,nan
62,4.99e-04,1.4156,0.0000,0.0000,0.0000,0.0000,7.3,nan
63,4.99e-04,1.1006,0.0000,0.0000,0.0000,0.0000,7.4,nan
64,4.99e-04,1.0234,0.0000,0.0000,0.0000,0.0000,7.3,nan
65,4.99e-04,1.2194,0.0000,0.0000,0.0000,0.0000,7.3,nan
66,4.99e-04,1.0496,0.0000,0.0000,0.0000,0.0000,7.2,nan
67,4.99e-04,1.6588,0.0000,0.0000,0.0000,0.0000,7.6,nan
68,4.99e-04,1.2753,0.0000,0.0000,0.0000,0.0000,7.3,nan
69,4.99e-04,0.8630,0.0000,0.0000,0.0000,0.0000,7.0,nan
70,4.99e-04,1.2335,0.0000,0.0000,0.0000,0.0000,7.3,nan
71,4.99e-04,1.7484,0.0000,0.0000,0.0000,0.0000,7.4,nan
72,4.99e-04,1.2236,0.0000,0.0000,0.0000,0.0000,6.9,nan
73,4.99e-04,1.0082,0.0000,0.0000,0.0000,0.0000,7.0,nan
74,4.99e-04,1.0033,0.0000,0.0000,0.0000,0.0000,7.8,nan
75,4.99e-04,1.0553,0.0000,0.0000,0.0000,0.0000,7.5,nan
76,4.99e-04,0.8808,0.0000,0.0000,0.0000,0.0000,7.7,nan
77,4.99e-04,0.8524,0.0000,0.0000,0.0000,0.0000,7.1,nan
78,4.99e-04,1.0202,0.0000,0.0000,0.0000,0.0000,7.2,nan
79,4.98e-04,1.3853,0.0000,0.0000,0.0000,0.0000,5.9,nan
80,4.98e-04,1.1251,0.0000,0.0000,0.0000,0.0000,8.0,0.5487
81,4.98e-04,1.2338,0.0000,0.0000,0.0000,0.0000,6.0,nan
82,4.98e-04,0.8352,0.0000,0.0000,0.0000,0.0000,5.4,nan
83,4.98e-04,1.2819,0.0000,0.0000,0.0000,0.0000,4.7,nan
84,4.98e-04,0.9431,0.0000,0.0000,0.0000,0.0000,4.6,nan
85,4.98e-04,1.2713,0.0000,0.0000,0.0000,0.0000,4.6,nan
86,4.98e-04,1.4269,0.0000,0.0000,0.0000,0.0000,5.0,nan
87,4.98e-04,0.9199,0.0000,0.0000,0.0000,0.0000,4.4,nan
88,4.98e-04,1.1678,0.0000,0.0000,0.0000,0.0000,5.1,nan
89,4.98e-04,0.9096,0.0000,0.0000,0.0000,0.0000,5.8,nan
90,4.98e-04,1.3451,0.0000,0.0000,0.0000,0.0000,5.4,nan
91,4.98e-04,0.8499,0.0000,0.0000,0.0000,0.0000,7.6,nan
92,4.98e-04,1.2026,0.0000,0.0000,0.0000,0.0000,8.1,nan
93,4.98e-04,0.7016,0.0000,0.0000,0.0000,0.0000,7.0,nan
94,4.98e-04,1.2491,0.0000,0.0000,0.0000,0.0000,7.3,nan
95,4.98e-04,0.9086,0.0000,0.0000,0.0000,0.0000,7.3,nan
96,4.98e-04,1.2656,0.0000,0.0000,0.0000,0.0000,7.2,nan
97,4.98e-04,0.8279,0.0000,0.0000,0.0000,0.0000,7.4,nan
98,4.98e-04,0.8931,0.0000,0.0000,0.0000,0.0000,7.4,nan
99,4.98e-04,1.0683,0.0000,0.0000,0.0000,0.0000,7.7,nan
100,4.97e-04,1.0801,0.0000,0.0000,0.0000,0.0000,12.1,0.5212
101,4.97e-04,0.9239,0.0000,0.0000,0.0000,0.0000,7.7,nan
102,4.97e-04,1.0779,0.0000,0.0000,0.0000,0.0000,7.3,nan
103,4.97e-04,0.9763,0.0000,0.0000,0.0000,0.0000,7.6,nan
104,4.97e-04,1.1781,0.0000,0.0000,0.0000,0.0000,7.5,nan
105,4.97e-04,0.8559,0.0000,0.0000,0.0000,0.0000,7.6,nan
106,4.97e-04,1.1123,0.0000,0.0000,0.0000,0.0000,7.0,nan
107,4.97e-04,0.8895,0.0000,0.0000,0.0000,0.0000,7.1,nan
108,4.97e-04,0.8501,0.0000,0.0000,0.0000,0.0000,7.8,nan
109,4.97e-04,1.5748,0.0000,0.0000,0.0000,0.0000,7.7,nan
110,4.97e-04,1.0398,0.0000,0.0000,0.0000,0.0000,7.3,nan
111,4.97e-04,1.0229,0.0000,0.0000,0.0000,0.0000,7.5,nan
112,4.97e-04,0.8453,0.0000,0.0000,0.0000,0.0000,7.3,nan
113,4.97e-04,0.8205,0.0000,0.0000,0.0000,0.0000,7.2,nan
114,4.97e-04,1.0283,0.0000,0.0000,0.0000,0.0000,7.2,nan
115,4.97e-04,1.3766,0.0000,0.0000,0.0000,0.0000,7.4,nan
116,4.96e-04,1.1029,0.0000,0.0000,0.0000,0.0000,7.6,nan
117,4.96e-04,0.9578,0.0000,0.0000,0.0000,0.0000,7.5,nan
118,4.96e-04,1.0652,0.0000,0.0000,0.0000,0.0000,7.7,nan
119,4.96e-04,1.0984,0.0000,0.0000,0.0000,0.0000,7.6,nan
120,4.96e-04,1.2918,0.0000,0.0000,0.0000,0.0000,12.4,0.6144
121,4.96e-04,0.9283,0.0000,0.0000,0.0000,0.0000,7.3,nan
122,4.96e-04,0.7130,0.0000,0.0000,0.0000,0.0000,7.3,nan
123,4.96e-04,0.8705,0.0000,0.0000,0.0000,0.0000,7.9,nan
124,4.96e-04,0.8243,0.0000,0.0000,0.0000,0.0000,7.2,nan
125,4.96e-04,1.0726,0.0000,0.0000,0.0000,0.0000,7.7,nan
126,4.96e-04,0.9722,0.0000,0.0000,0.0000,0.0000,7.4,nan
127,4.96e-04,0.6626,0.0000,0.0000,0.0000,0.0000,7.4,nan
128,4.96e-04,1.2423,0.0000,0.0000,0.0000,0.0000,7.6,nan
129,4.96e-04,1.0007,0.0000,0.0000,0.0000,0.0000,7.9,nan
130,4.96e-04,1.0150,0.0000,0.0000,0.0000,0.0000,7.7,nan
131,4.95e-04,1.0507,0.0000,0.0000,0.0000,0.0000,7.6,nan
132,4.95e-04,1.0610,0.0000,0.0000,0.0000,0.0000,7.5,nan
133,4.95e-04,0.7981,0.0000,0.0000,0.0000,0.0000,7.5,nan
134,4.95e-04,0.8318,0.0000,0.0000,0.0000,0.0000,7.5,nan
135,4.95e-04,0.6954,0.0000,0.0000,0.0000,0.0000,7.3,nan
136,4.95e-04,1.2533,0.0000,0.0000,0.0000,0.0000,7.9,nan
137,4.95e-04,0.9571,0.0000,0.0000,0.0000,0.0000,8.4,nan
138,4.95e-04,1.0377,0.0000,0.0000,0.0000,0.0000,7.3,nan
139,4.95e-04,1.0866,0.0000,0.0000,0.0000,0.0000,7.2,nan
140,4.95e-04,1.0201,0.0000,0.0000,0.0000,0.0000,10.4,0.5932
141,4.95e-04,0.8451,0.0000,0.0000,0.0000,0.0000,4.6,nan
142,4.95e-04,0.8301,0.0000,0.0000,0.0000,0.0000,5.5,nan
143,4.94e-04,1.0113,0.0000,0.0000,0.0000,0.0000,5.7,nan
144,4.94e-04,0.7642,0.0000,0.0000,0.0000,0.0000,5.0,nan
145,4.94e-04,1.0513,0.0000,0.0000,0.0000,0.0000,4.6,nan
146,4.94e-04,1.0278,0.0000,0.0000,0.0000,0.0000,4.6,nan
147,4.94e-04,0.7506,0.0000,0.0000,0.0000,0.0000,4.7,nan
148,4.94e-04,0.7089,0.0000,0.0000,0.0000,0.0000,4.5,nan
149,4.94e-04,1.0052,0.0000,0.0000,0.0000,0.0000,4.5,nan
150,4.94e-04,0.5708,0.0000,0.0000,0.0000,0.0000,5.4,nan
151,4.94e-04,0.9816,0.0000,0.0000,0.0000,0.0000,5.5,nan
152,4.94e-04,1.3327,0.0000,0.0000,0.0000,0.0000,7.4,nan
153,4.94e-04,1.5932,0.0000,0.0000,0.0000,0.0000,7.5,nan
154,4.94e-04,1.1402,0.0000,0.0000,0.0000,0.0000,7.6,nan
155,4.93e-04,0.8916,0.0000,0.0000,0.0000,0.0000,7.7,nan
156,4.93e-04,1.0783,0.0000,0.0000,0.0000,0.0000,7.3,nan
157,4.93e-04,0.7512,0.0000,0.0000,0.0000,0.0000,7.4,nan
158,4.93e-04,0.8906,0.0000,0.0000,0.0000,0.0000,7.2,nan
159,4.93e-04,0.9571,0.0000,0.0000,0.0000,0.0000,7.4,nan
160,4.93e-04,0.9995,0.0000,0.0000,0.0000,0.0000,12.5,0.5975
161,4.93e-04,0.7910,0.0000,0.0000,0.0000,0.0000,7.7,nan
162,4.93e-04,0.8949,0.0000,0.0000,0.0000,0.0000,7.6,nan
163,4.93e-04,0.9417,0.0000,0.0000,0.0000,0.0000,7.2,nan
164,4.93e-04,0.7857,0.0000,0.0000,0.0000,0.0000,7.3,nan
165,4.93e-04,0.9933,0.0000,0.0000,0.0000,0.0000,7.1,nan
166,4.92e-04,1.0621,0.0000,0.0000,0.0000,0.0000,7.3,nan
167,4.92e-04,0.6224,0.0000,0.0000,0.0000,0.0000,7.3,nan
168,4.92e-04,0.7463,0.0000,0.0000,0.0000,0.0000,8.1,nan
169,4.92e-04,1.0071,0.0000,0.0000,0.0000,0.0000,7.1,nan
170,4.92e-04,1.1189,0.0000,0.0000,0.0000,0.0000,7.0,nan
171,4.92e-04,1.1668,0.0000,0.0000,0.0000,0.0000,7.2,nan
172,4.92e-04,0.7504,0.0000,0.0000,0.0000,0.0000,7.0,nan
173,4.92e-04,1.2295,0.0000,0.0000,0.0000,0.0000,6.9,nan
174,4.92e-04,0.9415,0.0000,0.0000,0.0000,0.0000,7.6,nan
175,4.92e-04,1.0782,0.0000,0.0000,0.0000,0.0000,7.4,nan
176,4.91e-04,1.0927,0.0000,0.0000,0.0000,0.0000,7.5,nan
177,4.91e-04,0.6168,0.0000,0.0000,0.0000,0.0000,7.6,nan
178,4.91e-04,0.7628,0.0000,0.0000,0.0000,0.0000,7.3,nan
179,4.91e-04,0.6808,0.0000,0.0000,0.0000,0.0000,7.6,nan
180,4.91e-04,1.0328,0.0000,0.0000,0.0000,0.0000,12.3,0.5572
181,4.91e-04,0.8778,0.0000,0.0000,0.0000,0.0000,7.6,nan
182,4.91e-04,1.2875,0.0000,0.0000,0.0000,0.0000,8.0,nan
183,4.91e-04,0.8650,0.0000,0.0000,0.0000,0.0000,7.4,nan
184,4.91e-04,0.9570,0.0000,0.0000,0.0000,0.0000,7.6,nan
185,4.91e-04,0.8545,0.0000,0.0000,0.0000,0.0000,7.3,nan
186,4.90e-04,0.8926,0.0000,0.0000,0.0000,0.0000,7.5,nan
187,4.90e-04,0.9041,0.0000,0.0000,0.0000,0.0000,7.7,nan
188,4.90e-04,0.5641,0.0000,0.0000,0.0000,0.0000,7.2,nan
189,4.90e-04,0.6757,0.0000,0.0000,0.0000,0.0000,6.9,nan
190,4.90e-04,0.8131,0.0000,0.0000,0.0000,0.0000,7.6,nan
191,4.90e-04,0.7560,0.0000,0.0000,0.0000,0.0000,7.3,nan
192,4.90e-04,0.9800,0.0000,0.0000,0.0000,0.0000,7.1,nan
193,4.90e-04,0.7684,0.0000,0.0000,0.0000,0.0000,6.9,nan
194,4.90e-04,0.7583,0.0000,0.0000,0.0000,0.0000,7.5,nan
195,4.89e-04,0.7816,0.0000,0.0000,0.0000,0.0000,7.7,nan
196,4.89e-04,0.9733,0.0000,0.0000,0.0000,0.0000,7.7,nan
197,4.89e-04,0.9573,0.0000,0.0000,0.0000,0.0000,7.8,nan
198,4.89e-04,1.0894,0.0000,0.0000,0.0000,0.0000,7.3,nan
199,4.89e-04,0.7958,0.0000,0.0000,0.0000,0.0000,7.8,nan
200,4.89e-04,0.8817,0.0000,0.0000,0.0000,0.0000,12.4,0.6017
201,4.89e-04,1.2280,0.0000,0.0000,0.0000,0.0000,7.4,nan
202,4.89e-04,1.0377,0.0000,0.0000,0.0000,0.0000,4.8,nan
203,4.88e-04,0.6470,0.0000,0.0000,0.0000,0.0000,4.5,nan
204,4.88e-04,1.0903,0.0000,0.0000,0.0000,0.0000,5.6,nan
205,4.88e-04,0.9294,0.0000,0.0000,0.0000,0.0000,5.5,nan
206,4.88e-04,1.1499,0.0000,0.0000,0.0000,0.0000,5.0,nan
207,4.88e-04,0.9409,0.0000,0.0000,0.0000,0.0000,4.5,nan
208,4.88e-04,1.0224,0.0000,0.0000,0.0000,0.0000,4.4,nan
209,4.88e-04,0.8004,0.0000,0.0000,0.0000,0.0000,4.8,nan
210,4.88e-04,0.7567,0.0000,0.0000,0.0000,0.0000,4.6,nan
211,4.88e-04,1.0630,0.0000,0.0000,0.0000,0.0000,4.5,nan
212,4.87e-04,0.8258,0.0000,0.0000,0.0000,0.0000,5.6,nan
213,4.87e-04,0.8963,0.0000,0.0000,0.0000,0.0000,5.4,nan
214,4.87e-04,0.7255,0.0000,0.0000,0.0000,0.0000,6.8,nan
215,4.87e-04,0.9740,0.0000,0.0000,0.0000,0.0000,7.1,nan
216,4.87e-04,0.8180,0.0000,0.0000,0.0000,0.0000,7.7,nan
217,4.87e-04,0.6250,0.0000,0.0000,0.0000,0.0000,7.4,nan
218,4.87e-04,0.7673,0.0000,0.0000,0.0000,0.0000,7.1,nan
219,4.87e-04,0.8228,0.0000,0.0000,0.0000,0.0000,7.4,nan
220,4.86e-04,1.0567,0.0000,0.0000,0.0000,0.0000,12.0,0.6250
221,4.86e-04,0.6821,0.0000,0.0000,0.0000,0.0000,7.6,nan
222,4.86e-04,0.9072,0.0000,0.0000,0.0000,0.0000,7.3,nan
223,4.86e-04,0.6512,0.0000,0.0000,0.0000,0.0000,7.1,nan
224,4.86e-04,0.9419,0.0000,0.0000,0.0000,0.0000,7.0,nan
225,4.86e-04,0.8116,0.0000,0.0000,0.0000,0.0000,7.4,nan
226,4.86e-04,0.7834,0.0000,0.0000,0.0000,0.0000,7.3,nan
227,4.86e-04,1.1831,0.0000,0.0000,0.0000,0.0000,7.8,nan
228,4.85e-04,0.9503,0.0000,0.0000,0.0000,0.0000,7.5,nan
229,4.85e-04,1.1378,0.0000,0.0000,0.0000,0.0000,7.5,nan
230,4.85e-04,0.7083,0.0000,0.0000,0.0000,0.0000,7.5,nan
231,4.85e-04,1.1566,0.0000,0.0000,0.0000,0.0000,7.5,nan
232,4.85e-04,0.9559,0.0000,0.0000,0.0000,0.0000,7.8,nan
233,4.85e-04,0.8011,0.0000,0.0000,0.0000,0.0000,7.5,nan
234,4.85e-04,1.1110,0.0000,0.0000,0.0000,0.0000,8.2,nan
235,4.84e-04,0.9342,0.0000,0.0000,0.0000,0.0000,6.9,nan
236,4.84e-04,0.6518,0.0000,0.0000,0.0000,0.0000,7.8,nan
237,4.84e-04,1.3176,0.0000,0.0000,0.0000,0.0000,7.8,nan
238,4.84e-04,0.9379,0.0000,0.0000,0.0000,0.0000,7.7,nan
239,4.84e-04,1.0532,0.0000,0.0000,0.0000,0.0000,7.8,nan
240,4.84e-04,0.9192,0.0000,0.0000,0.0000,0.0000,12.1,0.5657
241,4.84e-04,0.7123,0.0000,0.0000,0.0000,0.0000,7.7,nan
242,4.83e-04,1.0908,0.0000,0.0000,0.0000,0.0000,7.8,nan
243,4.83e-04,0.9782,0.0000,0.0000,0.0000,0.0000,7.5,nan
244,4.83e-04,0.8363,0.0000,0.0000,0.0000,0.0000,7.0,nan
245,4.83e-04,0.8784,0.0000,0.0000,0.0000,0.0000,7.3,nan
246,4.83e-04,0.7538,0.0000,0.0000,0.0000,0.0000,6.9,nan
247,4.83e-04,0.9010,0.0000,0.0000,0.0000,0.0000,7.1,nan
248,4.83e-04,0.8818,0.0000,0.0000,0.0000,0.0000,7.8,nan
249,4.82e-04,1.0213,0.0000,0.0000,0.0000,0.0000,7.7,nan
250,4.82e-04,0.8075,0.0000,0.0000,0.0000,0.0000,8.0,nan
251,4.82e-04,0.8562,0.0000,0.0000,0.0000,0.0000,7.1,nan
252,4.82e-04,0.8518,0.0000,0.0000,0.0000,0.0000,7.7,nan
253,4.82e-04,0.9267,0.0000,0.0000,0.0000,0.0000,7.7,nan
254,4.82e-04,0.7571,0.0000,0.0000,0.0000,0.0000,7.3,nan
255,4.82e-04,0.6227,0.0000,0.0000,0.0000,0.0000,7.5,nan
256,4.81e-04,0.5705,0.0000,0.0000,0.0000,0.0000,7.6,nan
257,4.81e-04,0.9326,0.0000,0.0000,0.0000,0.0000,7.2,nan
258,4.81e-04,0.8559,0.0000,0.0000,0.0000,0.0000,7.3,nan
259,4.81e-04,0.6951,0.0000,0.0000,0.0000,0.0000,8.0,nan
260,4.81e-04,1.1984,0.0000,0.0000,0.0000,0.0000,12.2,0.6038
261,4.81e-04,0.7305,0.0000,0.0000,0.0000,0.0000,7.3,nan
262,4.81e-04,0.5750,0.0000,0.0000,0.0000,0.0000,7.2,nan
263,4.80e-04,0.6485,0.0000,0.0000,0.0000,0.0000,6.2,nan
264,4.80e-04,0.8750,0.0000,0.0000,0.0000,0.0000,4.5,nan
265,4.80e-04,0.6211,0.0000,0.0000,0.0000,0.0000,4.9,nan
266,4.80e-04,0.7524,0.0000,0.0000,0.0000,0.0000,5.8,nan
267,4.80e-04,0.8768,0.0000,0.0000,0.0000,0.0000,5.6,nan
268,4.80e-04,0.8857,0.0000,0.0000,0.0000,0.0000,4.7,nan
269,4.79e-04,0.8019,0.0000,0.0000,0.0000,0.0000,4.6,nan
270,4.79e-04,0.7691,0.0000,0.0000,0.0000,0.0000,4.6,nan
271,4.79e-04,0.7511,0.0000,0.0000,0.0000,0.0000,5.0,nan
272,4.79e-04,0.9709,0.0000,0.0000,0.0000,0.0000,4.6,nan
273,4.79e-04,0.8541,0.0000,0.0000,0.0000,0.0000,5.4,nan
274,4.79e-04,0.8839,0.0000,0.0000,0.0000,0.0000,6.4,nan
275,4.79e-04,0.7555,0.0000,0.0000,0.0000,0.0000,6.4,nan
276,4.78e-04,0.8903,0.0000,0.0000,0.0000,0.0000,7.6,nan
277,4.78e-04,0.5589,0.0000,0.0000,0.0000,0.0000,7.4,nan
278,4.78e-04,1.1502,0.0000,0.0000,0.0000,0.0000,7.4,nan
279,4.78e-04,0.8824,0.0000,0.0000,0.0000,0.0000,7.4,nan
280,4.78e-04,0.8365,0.0000,0.0000,0.0000,0.0000,12.2,0.6059
281,4.78e-04,0.7808,0.0000,0.0000,0.0000,0.0000,7.3,nan
282,4.77e-04,1.1217,0.0000,0.0000,0.0000,0.0000,7.4,nan
283,4.77e-04,0.8110,0.0000,0.0000,0.0000,0.0000,6.8,nan
284,4.77e-04,0.6923,0.0000,0.0000,0.0000,0.0000,7.5,nan
285,4.77e-04,0.7173,0.0000,0.0000,0.0000,0.0000,7.4,nan
286,4.77e-04,1.1322,0.0000,0.0000,0.0000,0.0000,7.3,nan
287,4.77e-04,0.8669,0.0000,0.0000,0.0000,0.0000,7.0,nan
288,4.76e-04,1.1977,0.0000,0.0000,0.0000,0.0000,7.7,nan
289,4.76e-04,1.0851,0.0000,0.0000,0.0000,0.0000,7.5,nan
290,4.76e-04,1.1426,0.0000,0.0000,0.0000,0.0000,7.6,nan
291,4.76e-04,0.6596,0.0000,0.0000,0.0000,0.0000,7.3,nan
292,4.76e-04,0.7706,0.0000,0.0000,0.0000,0.0000,7.7,nan
293,4.76e-04,0.8591,0.0000,0.0000,0.0000,0.0000,7.4,nan
294,4.75e-04,0.7297,0.0000,0.0000,0.0000,0.0000,7.0,nan
295,4.75e-04,0.6746,0.0000,0.0000,0.0000,0.0000,7.3,nan
296,4.75e-04,0.7107,0.0000,0.0000,0.0000,0.0000,7.2,nan
297,4.75e-04,0.6587,0.0000,0.0000,0.0000,0.0000,7.6,nan
298,4.75e-04,0.9279,0.0000,0.0000,0.0000,0.0000,6.9,nan
299,4.75e-04,1.0473,0.0000,0.0000,0.0000,0.0000,7.5,nan
300,4.74e-04,0.6707,0.0000,0.0000,0.0000,0.0000,12.6,0.5953
301,4.74e-04,0.8521,0.0000,0.0000,0.0000,0.0000,7.1,nan
302,4.74e-04,0.8810,0.0000,0.0000,0.0000,0.0000,7.4,nan
303,4.74e-04,0.7699,0.0000,0.0000,0.0000,0.0000,7.4,nan
304,4.74e-04,0.8576,0.0000,0.0000,0.0000,0.0000,7.5,nan
305,4.73e-04,0.8385,0.0000,0.0000,0.0000,0.0000,7.6,nan
306,4.73e-04,1.2062,0.0000,0.0000,0.0000,0.0000,7.3,nan
307,4.73e-04,0.7542,0.0000,0.0000,0.0000,0.0000,7.1,nan
308,4.73e-04,0.5603,0.0000,0.0000,0.0000,0.0000,7.5,nan
309,4.73e-04,0.6601,0.0000,0.0000,0.0000,0.0000,7.5,nan
310,4.73e-04,1.2601,0.0000,0.0000,0.0000,0.0000,7.3,nan
311,4.72e-04,0.8501,0.0000,0.0000,0.0000,0.0000,7.3,nan
312,4.72e-04,1.0940,0.0000,0.0000,0.0000,0.0000,7.5,nan
313,4.72e-04,0.4988,0.0000,0.0000,0.0000,0.0000,7.9,nan
314,4.72e-04,1.0912,0.0000,0.0000,0.0000,0.0000,7.5,nan
315,4.72e-04,0.8812,0.0000,0.0000,0.0000,0.0000,7.6,nan
316,4.72e-04,1.2505,0.0000,0.0000,0.0000,0.0000,7.7,nan
317,4.71e-04,0.6549,0.0000,0.0000,0.0000,0.0000,7.2,nan
318,4.71e-04,1.2354,0.0000,0.0000,0.0000,0.0000,6.9,nan
319,4.71e-04,0.9833,0.0000,0.0000,0.0000,0.0000,7.3,nan
320,4.71e-04,0.8149,0.0000,0.0000,0.0000,0.0000,12.7,0.5339
321,4.71e-04,0.4837,0.0000,0.0000,0.0000,0.0000,7.4,nan
322,4.70e-04,0.9513,0.0000,0.0000,0.0000,0.0000,7.6,nan
323,4.70e-04,0.7917,0.0000,0.0000,0.0000,0.0000,7.7,nan
324,4.70e-04,0.9873,0.0000,0.0000,0.0000,0.0000,7.3,nan
325,4.70e-04,0.9782,0.0000,0.0000,0.0000,0.0000,7.3,nan
326,4.70e-04,0.7791,0.0000,0.0000,0.0000,0.0000,4.5,nan
327,4.69e-04,0.7627,0.0000,0.0000,0.0000,0.0000,4.9,nan
328,4.69e-04,0.9893,0.0000,0.0000,0.0000,0.0000,5.7,nan
329,4.69e-04,0.8139,0.0000,0.0000,0.0000,0.0000,5.8,nan
330,4.69e-04,1.6222,0.0000,0.0000,0.0000,0.0000,5.0,nan
331,4.69e-04,0.8504,0.0000,0.0000,0.0000,0.0000,4.5,nan
332,4.69e-04,0.8198,0.0000,0.0000,0.0000,0.0000,4.5,nan
333,4.68e-04,0.8792,0.0000,0.0000,0.0000,0.0000,4.9,nan
334,4.68e-04,1.0098,0.0000,0.0000,0.0000,0.0000,4.6,nan
335,4.68e-04,1.2743,0.0000,0.0000,0.0000,0.0000,4.7,nan
336,4.68e-04,0.9488,0.0000,0.0000,0.0000,0.0000,6.0,nan
337,4.68e-04,0.7324,0.0000,0.0000,0.0000,0.0000,5.8,nan
338,4.67e-04,0.7819,0.0000,0.0000,0.0000,0.0000,7.3,nan
339,4.67e-04,0.4941,0.0000,0.0000,0.0000,0.0000,7.5,nan
340,4.67e-04,1.2848,0.0000,0.0000,0.0000,0.0000,12.3,0.6292
341,4.67e-04,0.9788,0.0000,0.0000,0.0000,0.0000,7.5,nan
342,4.67e-04,0.7127,0.0000,0.0000,0.0000,0.0000,7.7,nan
343,4.66e-04,0.8911,0.0000,0.0000,0.0000,0.0000,7.5,nan
344,4.66e-04,0.8818,0.0000,0.0000,0.0000,0.0000,8.4,nan
345,4.66e-04,0.8792,0.0000,0.0000,0.0000,0.0000,8.1,nan
346,4.66e-04,0.8096,0.0000,0.0000,0.0000,0.0000,7.7,nan
347,4.66e-04,0.8775,0.0000,0.0000,0.0000,0.0000,7.8,nan
348,4.65e-04,1.0377,0.0000,0.0000,0.0000,0.0000,8.2,nan
349,4.65e-04,0.9046,0.0000,0.0000,0.0000,0.0000,9.6,nan
350,4.65e-04,0.6986,0.0000,0.0000,0.0000,0.0000,9.5,nan
351,4.65e-04,0.7773,0.0000,0.0000,0.0000,0.0000,9.1,nan
352,4.65e-04,1.1795,0.0000,0.0000,0.0000,0.0000,9.6,nan
353,4.64e-04,0.5979,0.0000,0.0000,0.0000,0.0000,9.2,nan
354,4.64e-04,0.8112,0.0000,0.0000,0.0000,0.0000,9.3,nan
355,4.64e-04,0.7859,0.0000,0.0000,0.0000,0.0000,9.0,nan
356,4.64e-04,0.9870,0.0000,0.0000,0.0000,0.0000,9.3,nan
357,4.64e-04,0.8847,0.0000,0.0000,0.0000,0.0000,8.5,nan
358,4.63e-04,0.7480,0.0000,0.0000,0.0000,0.0000,8.0,nan
359,4.63e-04,0.6713,0.0000,0.0000,0.0000,0.0000,7.5,nan
360,4.63e-04,0.6743,0.0000,0.0000,0.0000,0.0000,12.3,0.5932
361,4.63e-04,1.2763,0.0000,0.0000,0.0000,0.0000,7.8,nan
362,4.63e-04,1.1432,0.0000,0.0000,0.0000,0.0000,7.8,nan
363,4.62e-04,0.6521,0.0000,0.0000,0.0000,0.0000,7.4,nan
364,4.62e-04,0.9637,0.0000,0.0000,0.0000,0.0000,7.2,nan
365,4.62e-04,0.7470,0.0000,0.0000,0.0000,0.0000,8.1,nan
366,4.62e-04,0.7934,0.0000,0.0000,0.0000,0.0000,8.1,nan
367,4.62e-04,0.9816,0.0000,0.0000,0.0000,0.0000,8.6,nan
368,4.61e-04,0.6172,0.0000,0.0000,0.0000,0.0000,7.8,nan
369,4.61e-04,0.7877,0.0000,0.0000,0.0000,0.0000,7.9,nan
370,4.61e-04,0.7970,0.0000,0.0000,0.0000,0.0000,7.4,nan
371,4.61e-04,0.5865,0.0000,0.0000,0.0000,0.0000,7.3,nan
372,4.60e-04,0.7132,0.0000,0.0000,0.0000,0.0000,8.1,nan
373,4.60e-04,0.8325,0.0000,0.0000,0.0000,0.0000,7.7,nan
374,4.60e-04,0.9441,0.0000,0.0000,0.0000,0.0000,8.7,nan
375,4.60e-04,0.5451,0.0000,0.0000,0.0000,0.0000,8.7,nan
376,4.60e-04,0.6725,0.0000,0.0000,0.0000,0.0000,9.1,nan
377,4.59e-04,0.9581,0.0000,0.0000,0.0000,0.0000,8.5,nan
378,4.59e-04,0.6714,0.0000,0.0000,0.0000,0.0000,8.3,nan
379,4.59e-04,0.9557,0.0000,0.0000,0.0000,0.0000,8.3,nan
380,4.59e-04,0.6610,0.0000,0.0000,0.0000,0.0000,14.6,0.5847
381,4.59e-04,0.6328,0.0000,0.0000,0.0000,0.0000,8.2,nan
382,4.58e-04,0.8743,0.0000,0.0000,0.0000,0.0000,8.2,nan
383,4.58e-04,0.9345,0.0000,0.0000,0.0000,0.0000,9.0,nan
384,4.58e-04,1.0414,0.0000,0.0000,0.0000,0.0000,8.5,nan
385,4.58e-04,0.5445,0.0000,0.0000,0.0000,0.0000,8.0,nan
386,4.57e-04,0.9586,0.0000,0.0000,0.0000,0.0000,8.5,nan
387,4.57e-04,0.7114,0.0000,0.0000,0.0000,0.0000,8.1,nan
388,4.57e-04,1.0864,0.0000,0.0000,0.0000,0.0000,8.7,nan
389,4.57e-04,0.7959,0.0000,0.0000,0.0000,0.0000,8.9,nan
390,4.57e-04,0.6402,0.0000,0.0000,0.0000,0.0000,8.0,nan
391,4.56e-04,0.5661,0.0000,0.0000,0.0000,0.0000,6.6,nan
392,4.56e-04,0.5047,0.0000,0.0000,0.0000,0.0000,6.0,nan
393,4.56e-04,0.9535,0.0000,0.0000,0.0000,0.0000,6.2,nan
394,4.56e-04,0.9326,0.0000,0.0000,0.0000,0.0000,6.6,nan
395,4.55e-04,0.7564,0.0000,0.0000,0.0000,0.0000,7.3,nan
396,4.55e-04,1.2949,0.0000,0.0000,0.0000,0.0000,7.3,nan
397,4.55e-04,1.1097,0.0000,0.0000,0.0000,0.0000,7.0,nan
398,4.55e-04,1.0254,0.0000,0.0000,0.0000,0.0000,6.2,nan
399,4.55e-04,0.7116,0.0000,0.0000,0.0000,0.0000,5.7,nan
400,4.54e-04,0.6997,0.0000,0.0000,0.0000,0.0000,9.8,0.6229
401,4.54e-04,0.9110,0.0000,0.0000,0.0000,0.0000,6.7,nan
402,4.54e-04,0.8102,0.0000,0.0000,0.0000,0.0000,6.2,nan
403,4.54e-04,0.7232,0.0000,0.0000,0.0000,0.0000,5.8,nan
404,4.53e-04,0.5869,0.0000,0.0000,0.0000,0.0000,6.5,nan
405,4.53e-04,1.2028,0.0000,0.0000,0.0000,0.0000,6.5,nan
406,4.53e-04,0.6770,0.0000,0.0000,0.0000,0.0000,8.0,nan
407,4.53e-04,1.2055,0.0000,0.0000,0.0000,0.0000,7.9,nan
408,4.53e-04,1.0331,0.0000,0.0000,0.0000,0.0000,8.3,nan
409,4.52e-04,0.8914,0.0000,0.0000,0.0000,0.0000,8.3,nan
410,4.52e-04,0.6418,0.0000,0.0000,0.0000,0.0000,8.2,nan
411,4.52e-04,0.7942,0.0000,0.0000,0.0000,0.0000,8.4,nan
412,4.52e-04,0.9380,0.0000,0.0000,0.0000,0.0000,7.8,nan
413,4.51e-04,0.8623,0.0000,0.0000,0.0000,0.0000,8.6,nan
414,4.51e-04,1.1253,0.0000,0.0000,0.0000,0.0000,8.0,nan
415,4.51e-04,0.6908,0.0000,0.0000,0.0000,0.0000,8.8,nan
416,4.51e-04,0.8536,0.0000,0.0000,0.0000,0.0000,8.3,nan
417,4.50e-04,0.4302,0.0000,0.0000,0.0000,0.0000,7.9,nan
418,4.50e-04,0.9664,0.0000,0.0000,0.0000,0.0000,9.1,nan
419,4.50e-04,1.0485,0.0000,0.0000,0.0000,0.0000,8.8,nan
420,4.50e-04,0.7444,0.0000,0.0000,0.0000,0.0000,14.7,0.6059
421,4.49e-04,1.0358,0.0000,0.0000,0.0000,0.0000,8.2,nan
422,4.49e-04,0.6129,0.0000,0.0000,0.0000,0.0000,8.3,nan
423,4.49e-04,0.7723,0.0000,0.0000,0.0000,0.0000,8.8,nan
424,4.49e-04,0.9588,0.0000,0.0000,0.0000,0.0000,8.8,nan
425,4.49e-04,0.6327,0.0000,0.0000,0.0000,0.0000,7.9,nan
426,4.48e-04,0.5752,0.0000,0.0000,0.0000,0.0000,8.4,nan
427,4.48e-04,0.8376,0.0000,0.0000,0.0000,0.0000,8.3,nan
428,4.48e-04,0.9102,0.0000,0.0000,0.0000,0.0000,8.3,nan
429,4.48e-04,0.5615,0.0000,0.0000,0.0000,0.0000,7.5,nan
430,4.47e-04,0.9118,0.0000,0.0000,0.0000,0.0000,8.5,nan
431,4.47e-04,0.8037,0.0000,0.0000,0.0000,0.0000,8.1,nan
432,4.47e-04,0.9051,0.0000,0.0000,0.0000,0.0000,7.9,nan
433,4.47e-04,0.6917,0.0000,0.0000,0.0000,0.0000,8.7,nan
434,4.46e-04,0.8068,0.0000,0.0000,0.0000,0.0000,8.8,nan
435,4.46e-04,0.6194,0.0000,0.0000,0.0000,0.0000,8.0,nan
436,4.46e-04,0.6199,0.0000,0.0000,0.0000,0.0000,8.0,nan
437,4.46e-04,0.7763,0.0000,0.0000,0.0000,0.0000,8.7,nan
438,4.45e-04,1.0762,0.0000,0.0000,0.0000,0.0000,8.4,nan
439,4.45e-04,0.7678,0.0000,0.0000,0.0000,0.0000,7.9,nan
440,4.45e-04,0.6567,0.0000,0.0000,0.0000,0.0000,13.6,0.6462
441,4.45e-04,0.9268,0.0000,0.0000,0.0000,0.0000,8.5,nan
442,4.44e-04,1.0206,0.0000,0.0000,0.0000,0.0000,8.4,nan
443,4.44e-04,0.9154,0.0000,0.0000,0.0000,0.0000,8.2,nan
444,4.44e-04,0.5870,0.0000,0.0000,0.0000,0.0000,7.6,nan
445,4.44e-04,0.9709,0.0000,0.0000,0.0000,0.0000,8.4,nan
446,4.43e-04,0.4958,0.0000,0.0000,0.0000,0.0000,8.3,nan
447,4.43e-04,0.5779,0.0000,0.0000,0.0000,0.0000,8.5,nan
448,4.43e-04,1.2353,0.0000,0.0000,0.0000,0.0000,8.5,nan
449,4.43e-04,0.7860,0.0000,0.0000,0.0000,0.0000,8.2,nan
450,4.42e-04,0.9328,0.0000,0.0000,0.0000,0.0000,8.1,nan
451,4.42e-04,0.6625,0.0000,0.0000,0.0000,0.0000,8.3,nan
452,4.42e-04,0.7190,0.0000,0.0000,0.0000,0.0000,8.7,nan
453,4.42e-04,0.6087,0.0000,0.0000,0.0000,0.0000,8.5,nan
454,4.41e-04,1.0782,0.0000,0.0000,0.0000,0.0000,8.7,nan
455,4.41e-04,0.8623,0.0000,0.0000,0.0000,0.0000,7.8,nan
456,4.41e-04,0.6202,0.0000,0.0000,0.0000,0.0000,8.7,nan
457,4.41e-04,0.9418,0.0000,0.0000,0.0000,0.0000,8.7,nan
458,4.40e-04,0.6983,0.0000,0.0000,0.0000,0.0000,8.7,nan
459,4.40e-04,0.7874,0.0000,0.0000,0.0000,0.0000,8.6,nan
460,4.40e-04,1.0012,0.0000,0.0000,0.0000,0.0000,9.3,0.5996
461,4.40e-04,0.9521,0.0000,0.0000,0.0000,0.0000,5.9,nan
462,4.39e-04,0.8719,0.0000,0.0000,0.0000,0.0000,6.4,nan
463,4.39e-04,0.5320,0.0000,0.0000,0.0000,0.0000,6.4,nan
464,4.39e-04,0.5908,0.0000,0.0000,0.0000,0.0000,6.5,nan
465,4.39e-04,0.8253,0.0000,0.0000,0.0000,0.0000,6.5,nan
466,4.38e-04,0.7515,0.0000,0.0000,0.0000,0.0000,5.6,nan
467,4.38e-04,0.6483,0.0000,0.0000,0.0000,0.0000,5.7,nan
468,4.38e-04,0.5866,0.0000,0.0000,0.0000,0.0000,5.7,nan
469,4.38e-04,0.7828,0.0000,0.0000,0.0000,0.0000,6.4,nan
470,4.37e-04,0.7278,0.0000,0.0000,0.0000,0.0000,5.4,nan
471,4.37e-04,0.8244,0.0000,0.0000,0.0000,0.0000,5.6,nan
472,4.37e-04,0.7005,0.0000,0.0000,0.0000,0.0000,6.8,nan
473,4.37e-04,0.6579,0.0000,0.0000,0.0000,0.0000,6.7,nan
474,4.36e-04,0.7197,0.0000,0.0000,0.0000,0.0000,7.8,nan
475,4.36e-04,0.9664,0.0000,0.0000,0.0000,0.0000,8.0,nan
476,4.36e-04,0.8373,0.0000,0.0000,0.0000,0.0000,8.4,nan
477,4.35e-04,0.8988,0.0000,0.0000,0.0000,0.0000,8.7,nan
478,4.35e-04,0.8710,0.0000,0.0000,0.0000,0.0000,7.6,nan
479,4.35e-04,0.8890,0.0000,0.0000,0.0000,0.0000,8.7,nan
480,4.35e-04,0.5156,0.0000,0.0000,0.0000,0.0000,14.0,0.5911
481,4.34e-04,0.6697,0.0000,0.0000,0.0000,0.0000,8.2,nan
482,4.34e-04,1.1741,0.0000,0.0000,0.0000,0.0000,8.2,nan
483,4.34e-04,0.6884,0.0000,0.0000,0.0000,0.0000,8.9,nan
484,4.34e-04,0.9647,0.0000,0.0000,0.0000,0.0000,8.6,nan
485,4.33e-04,0.9712,0.0000,0.0000,0.0000,0.0000,8.4,nan
486,4.33e-04,1.1334,0.0000,0.0000,0.0000,0.0000,8.0,nan
487,4.33e-04,0.4535,0.0000,0.0000,0.0000,0.0000,8.3,nan
488,4.33e-04,0.8528,0.0000,0.0000,0.0000,0.0000,8.1,nan
489,4.32e-04,0.6362,0.0000,0.0000,0.0000,0.0000,8.0,nan
490,4.32e-04,0.7208,0.0000,0.0000,0.0000,0.0000,7.7,nan
491,4.32e-04,1.1068,0.0000,0.0000,0.0000,0.0000,7.9,nan
492,4.32e-04,0.8230,0.0000,0.0000,0.0000,0.0000,7.7,nan
493,4.31e-04,1.0376,0.0000,0.0000,0.0000,0.0000,8.1,nan
494,4.31e-04,0.7854,0.0000,0.0000,0.0000,0.0000,7.8,nan
495,4.31e-04,1.1136,0.0000,0.0000,0.0000,0.0000,8.1,nan
496,4.30e-04,1.0478,0.0000,0.0000,0.0000,0.0000,8.7,nan
497,4.30e-04,0.7719,0.0000,0.0000,0.0000,0.0000,8.5,nan
498,4.30e-04,0.8261,0.0000,0.0000,0.0000,0.0000,7.8,nan
499,4.30e-04,0.5908,0.0000,0.0000,0.0000,0.0000,8.7,nan
500,4.29e-04,0.6522,0.0000,0.0000,0.0000,0.0000,13.5,0.5847
501,4.29e-04,0.6404,0.0000,0.0000,0.0000,0.0000,8.3,nan
502,4.29e-04,0.8405,0.0000,0.0000,0.0000,0.0000,7.7,nan
503,4.29e-04,0.8194,0.0000,0.0000,0.0000,0.0000,8.9,nan
504,4.28e-04,0.6780,0.0000,0.0000,0.0000,0.0000,8.4,nan
505,4.28e-04,0.7453,0.0000,0.0000,0.0000,0.0000,9.1,nan
506,4.28e-04,0.5413,0.0000,0.0000,0.0000,0.0000,7.5,nan
507,4.27e-04,0.8051,0.0000,0.0000,0.0000,0.0000,8.3,nan
508,4.27e-04,1.0045,0.0000,0.0000,0.0000,0.0000,8.8,nan
509,4.27e-04,0.9928,0.0000,0.0000,0.0000,0.0000,8.7,nan
510,4.27e-04,0.4502,0.0000,0.0000,0.0000,0.0000,8.7,nan
511,4.26e-04,0.5478,0.0000,0.0000,0.0000,0.0000,8.5,nan
512,4.26e-04,0.7162,0.0000,0.0000,0.0000,0.0000,7.8,nan
513,4.26e-04,0.9464,0.0000,0.0000,0.0000,0.0000,8.4,nan
514,4.25e-04,0.6409,0.0000,0.0000,0.0000,0.0000,8.2,nan
515,4.25e-04,0.4915,0.0000,0.0000,0.0000,0.0000,8.7,nan
516,4.25e-04,0.7983,0.0000,0.0000,0.0000,0.0000,8.4,nan
517,4.25e-04,0.8899,0.0000,0.0000,0.0000,0.0000,8.3,nan
518,4.24e-04,0.7845,0.0000,0.0000,0.0000,0.0000,8.1,nan
519,4.24e-04,1.0679,0.0000,0.0000,0.0000,0.0000,8.2,nan
520,4.24e-04,0.9725,0.0000,0.0000,0.0000,0.0000,14.2,0.5953
521,4.23e-04,0.5254,0.0000,0.0000,0.0000,0.0000,8.6,nan
522,4.23e-04,0.6121,0.0000,0.0000,0.0000,0.0000,8.3,nan
523,4.23e-04,0.7073,0.0000,0.0000,0.0000,0.0000,7.9,nan
524,4.23e-04,1.0016,0.0000,0.0000,0.0000,0.0000,8.6,nan
525,4.22e-04,0.8712,0.0000,0.0000,0.0000,0.0000,8.0,nan
526,4.22e-04,0.9105,0.0000,0.0000,0.0000,0.0000,8.0,nan
527,4.22e-04,0.9124,0.0000,0.0000,0.0000,0.0000,5.7,nan
528,4.22e-04,0.7448,0.0000,0.0000,0.0000,0.0000,5.6,nan
529,4.21e-04,1.3105,0.0000,0.0000,0.0000,0.0000,6.0,nan
530,4.21e-04,0.8384,0.0000,0.0000,0.0000,0.0000,6.5,nan
531,4.21e-04,0.9558,0.0000,0.0000,0.0000,0.0000,6.8,nan
532,4.20e-04,1.1700,0.0000,0.0000,0.0000,0.0000,5.9,nan
533,4.20e-04,0.6011,0.0000,0.0000,0.0000,0.0000,5.7,nan
534,4.20e-04,0.6624,0.0000,0.0000,0.0000,0.0000,5.6,nan
535,4.19e-04,0.7713,0.0000,0.0000,0.0000,0.0000,5.7,nan
536,4.19e-04,0.8406,0.0000,0.0000,0.0000,0.0000,6.0,nan
537,4.19e-04,0.7422,0.0000,0.0000,0.0000,0.0000,5.5,nan
538,4.19e-04,0.8028,0.0000,0.0000,0.0000,0.0000,5.8,nan
539,4.18e-04,0.6157,0.0000,0.0000,0.0000,0.0000,6.8,nan
540,4.18e-04,0.6827,0.0000,0.0000,0.0000,0.0000,11.3,0.6144
541,4.18e-04,0.6700,0.0000,0.0000,0.0000,0.0000,7.8,nan
542,4.17e-04,0.7692,0.0000,0.0000,0.0000,0.0000,8.3,nan
543,4.17e-04,1.1997,0.0000,0.0000,0.0000,0.0000,8.4,nan
544,4.17e-04,0.8128,0.0000,0.0000,0.0000,0.0000,7.9,nan
545,4.17e-04,0.7445,0.0000,0.0000,0.0000,0.0000,8.6,nan
546,4.16e-04,0.8115,0.0000,0.0000,0.0000,0.0000,7.9,nan
547,4.16e-04,0.7862,0.0000,0.0000,0.0000,0.0000,7.7,nan
548,4.16e-04,0.6023,0.0000,0.0000,0.0000,0.0000,7.8,nan
549,4.15e-04,0.8625,0.0000,0.0000,0.0000,0.0000,8.7,nan
550,4.15e-04,0.9479,0.0000,0.0000,0.0000,0.0000,8.6,nan
551,4.15e-04,0.6172,0.0000,0.0000,0.0000,0.0000,8.5,nan
552,4.15e-04,0.8306,0.0000,0.0000,0.0000,0.0000,8.3,nan
553,4.14e-04,0.8662,0.0000,0.0000,0.0000,0.0000,7.9,nan
554,4.14e-04,0.7184,0.0000,0.0000,0.0000,0.0000,8.7,nan
555,4.14e-04,1.0006,0.0000,0.0000,0.0000,0.0000,8.2,nan
556,4.13e-04,0.8107,0.0000,0.0000,0.0000,0.0000,7.9,nan
557,4.13e-04,0.6393,0.0000,0.0000,0.0000,0.0000,8.6,nan
558,4.13e-04,0.9268,0.0000,0.0000,0.0000,0.0000,7.9,nan
559,4.12e-04,1.2146,0.0000,0.0000,0.0000,0.0000,7.8,nan
560,4.12e-04,0.7598,0.0000,0.0000,0.0000,0.0000,13.9,0.6250
561,4.12e-04,0.7548,0.0000,0.0000,0.0000,0.0000,8.1,nan
562,4.12e-04,0.4604,0.0000,0.0000,0.0000,0.0000,7.9,nan
563,4.11e-04,0.7616,0.0000,0.0000,0.0000,0.0000,7.8,nan
564,4.11e-04,1.0491,0.0000,0.0000,0.0000,0.0000,8.9,nan
565,4.11e-04,0.6745,0.0000,0.0000,0.0000,0.0000,8.3,nan
566,4.10e-04,0.7589,0.0000,0.0000,0.0000,0.0000,7.9,nan
567,4.10e-04,0.4127,0.0000,0.0000,0.0000,0.0000,8.8,nan
568,4.10e-04,0.8818,0.0000,0.0000,0.0000,0.0000,8.6,nan
569,4.09e-04,0.6989,0.0000,0.0000,0.0000,0.0000,8.4,nan
570,4.09e-04,0.8066,0.0000,0.0000,0.0000,0.0000,8.4,nan
571,4.09e-04,0.6539,0.0000,0.0000,0.0000,0.0000,8.0,nan
572,4.09e-04,1.0019,0.0000,0.0000,0.0000,0.0000,8.5,nan
573,4.08e-04,0.6552,0.0000,0.0000,0.0000,0.0000,8.2,nan
574,4.08e-04,0.9024,0.0000,0.0000,0.0000,0.0000,8.1,nan
575,4.08e-04,0.8317,0.0000,0.0000,0.0000,0.0000,8.1,nan
576,4.07e-04,0.7473,0.0000,0.0000,0.0000,0.0000,7.9,nan
577,4.07e-04,0.8342,0.0000,0.0000,0.0000,0.0000,8.8,nan
578,4.07e-04,0.7596,0.0000,0.0000,0.0000,0.0000,8.6,nan
579,4.06e-04,0.8784,0.0000,0.0000,0.0000,0.0000,8.4,nan
580,4.06e-04,0.8373,0.0000,0.0000,0.0000,0.0000,13.3,0.5911
581,4.06e-04,0.9742,0.0000,0.0000,0.0000,0.0000,9.3,nan
582,4.05e-04,0.9959,0.0000,0.0000,0.0000,0.0000,8.3,nan
583,4.05e-04,0.6895,0.0000,0.0000,0.0000,0.0000,7.8,nan
584,4.05e-04,0.6626,0.0000,0.0000,0.0000,0.0000,8.4,nan
585,4.05e-04,0.5631,0.0000,0.0000,0.0000,0.0000,8.8,nan
586,4.04e-04,0.7673,0.0000,0.0000,0.0000,0.0000,8.5,nan
587,4.04e-04,0.8267,0.0000,0.0000,0.0000,0.0000,8.7,nan
588,4.04e-04,0.8854,0.0000,0.0000,0.0000,0.0000,8.7,nan
589,4.03e-04,1.0144,0.0000,0.0000,0.0000,0.0000,8.3,nan
590,4.03e-04,0.6265,0.0000,0.0000,0.0000,0.0000,7.8,nan
591,4.03e-04,0.8112,0.0000,0.0000,0.0000,0.0000,8.4,nan
592,4.02e-04,1.2333,0.0000,0.0000,0.0000,0.0000,8.0,nan
593,4.02e-04,0.6293,0.0000,0.0000,0.0000,0.0000,7.7,nan
594,4.02e-04,0.7322,0.0000,0.0000,0.0000,0.0000,8.1,nan
595,4.01e-04,0.7671,0.0000,0.0000,0.0000,0.0000,5.6,nan
596,4.01e-04,0.8212,0.0000,0.0000,0.0000,0.0000,5.3,nan
597,4.01e-04,0.9684,0.0000,0.0000,0.0000,0.0000,7.0,nan
598,4.01e-04,0.8312,0.0000,0.0000,0.0000,0.0000,6.4,nan
599,4.00e-04,1.1275,0.0000,0.0000,0.0000,0.0000,6.5,nan
600,4.00e-04,0.7611,0.0000,0.0000,0.0000,0.0000,9.7,0.6398
601,4.00e-04,0.7645,0.0000,0.0000,0.0000,0.0000,5.7,nan
602,3.99e-04,0.8182,0.0000,0.0000,0.0000,0.0000,6.3,nan
603,3.99e-04,0.7846,0.0000,0.0000,0.0000,0.0000,6.6,nan
604,3.99e-04,0.7570,0.0000,0.0000,0.0000,0.0000,5.8,nan
605,3.98e-04,0.7315,0.0000,0.0000,0.0000,0.0000,5.6,nan
606,3.98e-04,0.6480,0.0000,0.0000,0.0000,0.0000,7.0,nan
607,3.98e-04,1.0273,0.0000,0.0000,0.0000,0.0000,6.3,nan
608,3.97e-04,0.7904,0.0000,0.0000,0.0000,0.0000,7.8,nan
609,3.97e-04,0.9277,0.0000,0.0000,0.0000,0.0000,8.4,nan
610,3.97e-04,0.8443,0.0000,0.0000,0.0000,0.0000,7.8,nan
611,3.96e-04,0.7077,0.0000,0.0000,0.0000,0.0000,8.7,nan
612,3.96e-04,1.1959,0.0000,0.0000,0.0000,0.0000,8.7,nan
613,3.96e-04,0.8565,0.0000,0.0000,0.0000,0.0000,8.0,nan
614,3.95e-04,0.5720,0.0000,0.0000,0.0000,0.0000,7.9,nan
615,3.95e-04,0.7803,0.0000,0.0000,0.0000,0.0000,8.3,nan
616,3.95e-04,0.5341,0.0000,0.0000,0.0000,0.0000,8.1,nan
617,3.95e-04,1.2365,0.0000,0.0000,0.0000,0.0000,8.3,nan
618,3.94e-04,0.9599,0.0000,0.0000,0.0000,0.0000,7.8,nan
619,3.94e-04,0.5896,0.0000,0.0000,0.0000,0.0000,8.0,nan
620,3.94e-04,0.6771,0.0000,0.0000,0.0000,0.0000,13.4,0.6059
621,3.93e-04,0.8203,0.0000,0.0000,0.0000,0.0000,8.3,nan
622,3.93e-04,0.5815,0.0000,0.0000,0.0000,0.0000,8.1,nan
623,3.93e-04,0.9558,0.0000,0.0000,0.0000,0.0000,7.7,nan
624,3.92e-04,0.9022,0.0000,0.0000,0.0000,0.0000,7.8,nan
625,3.92e-04,1.0448,0.0000,0.0000,0.0000,0.0000,8.6,nan
626,3.92e-04,0.9291,0.0000,0.0000,0.0000,0.0000,8.3,nan
627,3.91e-04,0.6463,0.0000,0.0000,0.0000,0.0000,8.3,nan
628,3.91e-04,0.6539,0.0000,0.0000,0.0000,0.0000,8.7,nan
629,3.91e-04,0.7978,0.0000,0.0000,0.0000,0.0000,8.8,nan
630,3.90e-04,0.6299,0.0000,0.0000,0.0000,0.0000,9.5,nan
631,3.90e-04,0.7641,0.0000,0.0000,0.0000,0.0000,9.2,nan
632,3.90e-04,0.6322,0.0000,0.0000,0.0000,0.0000,8.5,nan
633,3.89e-04,0.6117,0.0000,0.0000,0.0000,0.0000,8.6,nan
634,3.89e-04,0.7344,0.0000,0.0000,0.0000,0.0000,8.0,nan
635,3.89e-04,0.7120,0.0000,0.0000,0.0000,0.0000,8.3,nan
636,3.88e-04,1.1905,0.0000,0.0000,0.0000,0.0000,8.1,nan
637,3.88e-04,0.6793,0.0000,0.0000,0.0000,0.0000,8.4,nan
638,3.88e-04,0.9236,0.0000,0.0000,0.0000,0.0000,8.5,nan
639,3.87e-04,0.4321,0.0000,0.0000,0.0000,0.0000,8.6,nan
640,3.87e-04,0.8367,0.0000,0.0000,0.0000,0.0000,14.4,0.6589
641,3.87e-04,1.3191,0.0000,0.0000,0.0000,0.0000,8.1,nan
642,3.86e-04,0.8386,0.0000,0.0000,0.0000,0.0000,8.3,nan
643,3.86e-04,0.9433,0.0000,0.0000,0.0000,0.0000,8.0,nan
644,3.86e-04,0.6341,0.0000,0.0000,0.0000,0.0000,8.7,nan
645,3.85e-04,0.8146,0.0000,0.0000,0.0000,0.0000,8.3,nan
646,3.85e-04,0.7508,0.0000,0.0000,0.0000,0.0000,7.8,nan
647,3.85e-04,0.7920,0.0000,0.0000,0.0000,0.0000,8.8,nan
648,3.84e-04,0.5503,0.0000,0.0000,0.0000,0.0000,9.2,nan
649,3.84e-04,1.2705,0.0000,0.0000,0.0000,0.0000,8.6,nan
650,3.84e-04,0.8243,0.0000,0.0000,0.0000,0.0000,8.7,nan
651,3.83e-04,0.7221,0.0000,0.0000,0.0000,0.0000,8.9,nan
652,3.83e-04,1.0305,0.0000,0.0000,0.0000,0.0000,8.3,nan
653,3.83e-04,0.6094,0.0000,0.0000,0.0000,0.0000,7.9,nan
654,3.82e-04,0.7866,0.0000,0.0000,0.0000,0.0000,8.3,nan
655,3.82e-04,0.6446,0.0000,0.0000,0.0000,0.0000,8.9,nan
656,3.82e-04,1.0539,0.0000,0.0000,0.0000,0.0000,8.8,nan
657,3.81e-04,1.2495,0.0000,0.0000,0.0000,0.0000,8.3,nan
658,3.81e-04,1.0785,0.0000,0.0000,0.0000,0.0000,8.6,nan
659,3.81e-04,0.8056,0.0000,0.0000,0.0000,0.0000,8.5,nan
660,3.80e-04,0.8696,0.0000,0.0000,0.0000,0.0000,12.0,0.6441
661,3.80e-04,0.7708,0.0000,0.0000,0.0000,0.0000,5.5,nan
662,3.80e-04,0.7188,0.0000,0.0000,0.0000,0.0000,5.9,nan
663,3.79e-04,0.6891,0.0000,0.0000,0.0000,0.0000,6.4,nan
664,3.79e-04,0.8164,0.0000,0.0000,0.0000,0.0000,6.1,nan
665,3.79e-04,0.7539,0.0000,0.0000,0.0000,0.0000,6.7,nan
666,3.78e-04,0.9176,0.0000,0.0000,0.0000,0.0000,6.4,nan
667,3.78e-04,1.0054,0.0000,0.0000,0.0000,0.0000,6.0,nan
668,3.78e-04,0.8539,0.0000,0.0000,0.0000,0.0000,5.5,nan
669,3.77e-04,0.8785,0.0000,0.0000,0.0000,0.0000,5.6,nan
670,3.77e-04,0.5636,0.0000,0.0000,0.0000,0.0000,6.0,nan
671,3.77e-04,0.6141,0.0000,0.0000,0.0000,0.0000,5.5,nan
672,3.76e-04,0.7078,0.0000,0.0000,0.0000,0.0000,5.4,nan
673,3.76e-04,0.7344,0.0000,0.0000,0.0000,0.0000,6.5,nan
674,3.76e-04,0.6972,0.0000,0.0000,0.0000,0.0000,6.4,nan
675,3.75e-04,0.3908,0.0000,0.0000,0.0000,0.0000,7.8,nan
676,3.75e-04,0.8225,0.0000,0.0000,0.0000,0.0000,8.0,nan
677,3.75e-04,0.9146,0.0000,0.0000,0.0000,0.0000,8.7,nan
678,3.74e-04,0.3964,0.0000,0.0000,0.0000,0.0000,8.5,nan
679,3.74e-04,0.8499,0.0000,0.0000,0.0000,0.0000,7.7,nan
680,3.74e-04,0.8376,0.0000,0.0000,0.0000,0.0000,14.0,0.5869
681,3.73e-04,0.6006,0.0000,0.0000,0.0000,0.0000,8.0,nan
682,3.73e-04,0.6437,0.0000,0.0000,0.0000,0.0000,8.1,nan
683,3.73e-04,0.6345,0.0000,0.0000,0.0000,0.0000,8.3,nan
684,3.72e-04,0.6512,0.0000,0.0000,0.0000,0.0000,8.3,nan
685,3.72e-04,0.7832,0.0000,0.0000,0.0000,0.0000,8.3,nan
686,3.72e-04,0.7702,0.0000,0.0000,0.0000,0.0000,8.4,nan
687,3.71e-04,0.7442,0.0000,0.0000,0.0000,0.0000,8.5,nan
688,3.71e-04,1.1719,0.0000,0.0000,0.0000,0.0000,8.3,nan
689,3.71e-04,0.7415,0.0000,0.0000,0.0000,0.0000,8.4,nan
690,3.70e-04,0.4923,0.0000,0.0000,0.0000,0.0000,7.8,nan
691,3.70e-04,0.7306,0.0000,0.0000,0.0000,0.0000,8.3,nan
692,3.70e-04,0.6949,0.0000,0.0000,0.0000,0.0000,8.6,nan
693,3.69e-04,0.7947,0.0000,0.0000,0.0000,0.0000,7.6,nan
694,3.69e-04,0.6937,0.0000,0.0000,0.0000,0.0000,8.5,nan
695,3.69e-04,0.9647,0.0000,0.0000,0.0000,0.0000,8.0,nan
696,3.68e-04,0.3807,0.0000,0.0000,0.0000,0.0000,8.1,nan
697,3.68e-04,0.8359,0.0000,0.0000,0.0000,0.0000,8.9,nan
698,3.68e-04,0.6964,0.0000,0.0000,0.0000,0.0000,8.7,nan
699,3.67e-04,0.8727,0.0000,0.0000,0.0000,0.0000,8.5,nan
700,3.67e-04,0.6992,0.0000,0.0000,0.0000,0.0000,14.0,0.6525
701,3.66e-04,0.7178,0.0000,0.0000,0.0000,0.0000,8.4,nan
702,3.66e-04,0.9284,0.0000,0.0000,0.0000,0.0000,7.8,nan
703,3.66e-04,0.5970,0.0000,0.0000,0.0000,0.0000,8.2,nan
704,3.65e-04,0.6055,0.0000,0.0000,0.0000,0.0000,8.1,nan
705,3.65e-04,0.7658,0.0000,0.0000,0.0000,0.0000,8.3,nan
706,3.65e-04,0.7467,0.0000,0.0000,0.0000,0.0000,8.2,nan
707,3.64e-04,0.8366,0.0000,0.0000,0.0000,0.0000,8.4,nan
708,3.64e-04,0.7933,0.0000,0.0000,0.0000,0.0000,12.2,nan
709,3.64e-04,0.5561,0.0000,0.0000,0.0000,0.0000,11.2,nan
710,3.63e-04,0.5309,0.0000,0.0000,0.0000,0.0000,9.4,nan
711,3.63e-04,0.7178,0.0000,0.0000,0.0000,0.0000,8.1,nan
712,3.63e-04,0.6655,0.0000,0.0000,0.0000,0.0000,8.8,nan
713,3.62e-04,1.2000,0.0000,0.0000,0.0000,0.0000,8.1,nan
714,3.62e-04,0.6355,0.0000,0.0000,0.0000,0.0000,7.9,nan
715,3.62e-04,0.7997,0.0000,0.0000,0.0000,0.0000,8.3,nan
716,3.61e-04,1.2199,0.0000,0.0000,0.0000,0.0000,7.9,nan
717,3.61e-04,0.7317,0.0000,0.0000,0.0000,0.0000,8.7,nan
718,3.61e-04,0.8348,0.0000,0.0000,0.0000,0.0000,7.8,nan
719,3.60e-04,0.6636,0.0000,0.0000,0.0000,0.0000,8.4,nan
720,3.60e-04,0.8152,0.0000,0.0000,0.0000,0.0000,14.2,0.6356
721,3.59e-04,0.6735,0.0000,0.0000,0.0000,0.0000,8.3,nan
722,3.59e-04,0.6096,0.0000,0.0000,0.0000,0.0000,7.6,nan
723,3.59e-04,0.7636,0.0000,0.0000,0.0000,0.0000,8.2,nan
724,3.58e-04,0.6499,0.0000,0.0000,0.0000,0.0000,8.1,nan
725,3.58e-04,0.6812,0.0000,0.0000,0.0000,0.0000,8.0,nan
726,3.58e-04,0.7238,0.0000,0.0000,0.0000,0.0000,8.2,nan
727,3.57e-04,0.7100,0.0000,0.0000,0.0000,0.0000,8.2,nan
728,3.57e-04,0.6411,0.0000,0.0000,0.0000,0.0000,7.7,nan
729,3.57e-04,1.1979,0.0000,0.0000,0.0000,0.0000,5.5,nan
730,3.56e-04,0.5795,0.0000,0.0000,0.0000,0.0000,5.5,nan
731,3.56e-04,0.7230,0.0000,0.0000,0.0000,0.0000,6.1,nan
732,3.56e-04,0.5682,0.0000,0.0000,0.0000,0.0000,6.7,nan
733,3.55e-04,0.9539,0.0000,0.0000,0.0000,0.0000,6.4,nan
734,3.55e-04,1.0946,0.0000,0.0000,0.0000,0.0000,6.6,nan
735,3.55e-04,0.7176,0.0000,0.0000,0.0000,0.0000,6.3,nan
736,3.54e-04,0.8350,0.0000,0.0000,0.0000,0.0000,5.6,nan
737,3.54e-04,0.4565,0.0000,0.0000,0.0000,0.0000,5.4,nan
738,3.53e-04,0.7805,0.0000,0.0000,0.0000,0.0000,5.5,nan
739,3.53e-04,0.8047,0.0000,0.0000,0.0000,0.0000,5.8,nan
740,3.53e-04,0.5597,0.0000,0.0000,0.0000,0.0000,8.9,0.6165
741,3.52e-04,0.5963,0.0000,0.0000,0.0000,0.0000,6.3,nan
742,3.52e-04,0.7065,0.0000,0.0000,0.0000,0.0000,6.6,nan
743,3.52e-04,0.8455,0.0000,0.0000,0.0000,0.0000,7.2,nan
744,3.51e-04,0.6904,0.0000,0.0000,0.0000,0.0000,8.5,nan
745,3.51e-04,0.9856,0.0000,0.0000,0.0000,0.0000,7.8,nan
746,3.51e-04,0.7329,0.0000,0.0000,0.0000,0.0000,8.1,nan
747,3.50e-04,0.8880,0.0000,0.0000,0.0000,0.0000,8.3,nan
748,3.50e-04,0.8072,0.0000,0.0000,0.0000,0.0000,8.2,nan
749,3.50e-04,0.8440,0.0000,0.0000,0.0000,0.0000,7.9,nan
750,3.49e-04,0.4510,0.0000,0.0000,0.0000,0.0000,7.7,nan
751,3.49e-04,0.6254,0.0000,0.0000,0.0000,0.0000,8.3,nan
752,3.48e-04,0.7023,0.0000,0.0000,0.0000,0.0000,8.5,nan
753,3.48e-04,0.6110,0.0000,0.0000,0.0000,0.0000,8.0,nan
754,3.48e-04,0.7512,0.0000,0.0000,0.0000,0.0000,8.8,nan
755,3.47e-04,0.6598,0.0000,0.0000,0.0000,0.0000,7.9,nan
756,3.47e-04,0.7433,0.0000,0.0000,0.0000,0.0000,7.8,nan
757,3.47e-04,0.6157,0.0000,0.0000,0.0000,0.0000,7.8,nan
758,3.46e-04,0.4840,0.0000,0.0000,0.0000,0.0000,8.4,nan
759,3.46e-04,0.8650,0.0000,0.0000,0.0000,0.0000,8.4,nan
760,3.46e-04,0.5643,0.0000,0.0000,0.0000,0.0000,13.0,0.5742
761,3.45e-04,0.7966,0.0000,0.0000,0.0000,0.0000,8.8,nan
762,3.45e-04,0.8111,0.0000,0.0000,0.0000,0.0000,8.4,nan
763,3.44e-04,0.5791,0.0000,0.0000,0.0000,0.0000,8.9,nan
764,3.44e-04,1.3176,0.0000,0.0000,0.0000,0.0000,8.1,nan
765,3.44e-04,0.7066,0.0000,0.0000,0.0000,0.0000,8.5,nan
766,3.43e-04,0.8702,0.0000,0.0000,0.0000,0.0000,8.9,nan
767,3.43e-04,0.9465,0.0000,0.0000,0.0000,0.0000,7.8,nan
768,3.43e-04,0.6917,0.0000,0.0000,0.0000,0.0000,8.0,nan
769,3.42e-04,0.8548,0.0000,0.0000,0.0000,0.0000,8.6,nan
770,3.42e-04,0.8625,0.0000,0.0000,0.0000,0.0000,8.4,nan
771,3.42e-04,0.7350,0.0000,0.0000,0.0000,0.0000,8.0,nan
772,3.41e-04,0.7972,0.0000,0.0000,0.0000,0.0000,8.5,nan
773,3.41e-04,0.6234,0.0000,0.0000,0.0000,0.0000,8.4,nan
774,3.40e-04,0.5914,0.0000,0.0000,0.0000,0.0000,8.5,nan
775,3.40e-04,0.5992,0.0000,0.0000,0.0000,0.0000,8.1,nan
776,3.40e-04,0.7051,0.0000,0.0000,0.0000,0.0000,8.4,nan
777,3.39e-04,0.5394,0.0000,0.0000,0.0000,0.0000,7.9,nan
778,3.39e-04,0.8827,0.0000,0.0000,0.0000,0.0000,7.8,nan
779,3.39e-04,0.7180,0.0000,0.0000,0.0000,0.0000,8.2,nan
780,3.38e-04,0.7585,0.0000,0.0000,0.0000,0.0000,13.2,0.6483
781,3.38e-04,0.5733,0.0000,0.0000,0.0000,0.0000,8.4,nan
782,3.38e-04,0.8231,0.0000,0.0000,0.0000,0.0000,7.9,nan
783,3.37e-04,0.6863,0.0000,0.0000,0.0000,0.0000,8.1,nan
784,3.37e-04,0.8587,0.0000,0.0000,0.0000,0.0000,8.9,nan
785,3.36e-04,0.6012,0.0000,0.0000,0.0000,0.0000,7.7,nan
786,3.36e-04,0.8708,0.0000,0.0000,0.0000,0.0000,8.4,nan
787,3.36e-04,0.6975,0.0000,0.0000,0.0000,0.0000,8.0,nan
788,3.35e-04,0.8123,0.0000,0.0000,0.0000,0.0000,8.5,nan
789,3.35e-04,0.8534,0.0000,0.0000,0.0000,0.0000,9.2,nan
790,3.35e-04,0.5890,0.0000,0.0000,0.0000,0.0000,8.3,nan
791,3.34e-04,0.5924,0.0000,0.0000,0.0000,0.0000,8.3,nan
792,3.34e-04,0.8533,0.0000,0.0000,0.0000,0.0000,8.6,nan
793,3.33e-04,0.5707,0.0000,0.0000,0.0000,0.0000,8.2,nan
794,3.33e-04,0.7383,0.0000,0.0000,0.0000,0.0000,8.3,nan
795,3.33e-04,0.6087,0.0000,0.0000,0.0000,0.0000,8.0,nan
796,3.32e-04,0.6431,0.0000,0.0000,0.0000,0.0000,8.0,nan
797,3.32e-04,0.6131,0.0000,0.0000,0.0000,0.0000,7.6,nan
798,3.32e-04,0.7717,0.0000,0.0000,0.0000,0.0000,8.2,nan
799,3.31e-04,0.7742,0.0000,0.0000,0.0000,0.0000,5.4,nan
800,3.31e-04,1.0208,0.0000,0.0000,0.0000,0.0000,9.5,0.6102
801,3.31e-04,0.9321,0.0000,0.0000,0.0000,0.0000,6.5,nan
802,3.30e-04,0.7711,0.0000,0.0000,0.0000,0.0000,6.4,nan
803,3.30e-04,0.7586,0.0000,0.0000,0.0000,0.0000,6.6,nan
804,3.29e-04,0.6622,0.0000,0.0000,0.0000,0.0000,6.5,nan
805,3.29e-04,0.6856,0.0000,0.0000,0.0000,0.0000,5.9,nan
806,3.29e-04,0.7301,0.0000,0.0000,0.0000,0.0000,5.5,nan
807,3.28e-04,0.5528,0.0000,0.0000,0.0000,0.0000,5.6,nan
808,3.28e-04,0.6314,0.0000,0.0000,0.0000,0.0000,6.2,nan
809,3.28e-04,0.9124,0.0000,0.0000,0.0000,0.0000,5.5,nan
810,3.27e-04,0.7642,0.0000,0.0000,0.0000,0.0000,5.4,nan
811,3.27e-04,0.3960,0.0000,0.0000,0.0000,0.0000,6.2,nan
812,3.26e-04,0.7099,0.0000,0.0000,0.0000,0.0000,6.5,nan
813,3.26e-04,0.5896,0.0000,0.0000,0.0000,0.0000,7.6,nan
814,3.26e-04,0.5424,0.0000,0.0000,0.0000,0.0000,8.0,nan
815,3.25e-04,0.4501,0.0000,0.0000,0.0000,0.0000,8.2,nan
816,3.25e-04,0.7362,0.0000,0.0000,0.0000,0.0000,7.8,nan
817,3.25e-04,0.5227,0.0000,0.0000,0.0000,0.0000,8.2,nan
818,3.24e-04,0.5632,0.0000,0.0000,0.0000,0.0000,7.9,nan
819,3.24e-04,0.6876,0.0000,0.0000,0.0000,0.0000,8.0,nan
820,3.23e-04,0.6224,0.0000,0.0000,0.0000,0.0000,13.4,0.6483
821,3.23e-04,0.7973,0.0000,0.0000,0.0000,0.0000,7.8,nan
822,3.23e-04,1.0127,0.0000,0.0000,0.0000,0.0000,8.4,nan
823,3.22e-04,0.7135,0.0000,0.0000,0.0000,0.0000,7.8,nan
824,3.22e-04,0.7531,0.0000,0.0000,0.0000,0.0000,8.7,nan
825,3.22e-04,1.2405,0.0000,0.0000,0.0000,0.0000,8.3,nan
826,3.21e-04,0.6170,0.0000,0.0000,0.0000,0.0000,7.6,nan
827,3.21e-04,0.7490,0.0000,0.0000,0.0000,0.0000,7.7,nan
828,3.20e-04,0.6672,0.0000,0.0000,0.0000,0.0000,8.4,nan
829,3.20e-04,0.7971,0.0000,0.0000,0.0000,0.0000,8.5,nan
830,3.20e-04,0.6880,0.0000,0.0000,0.0000,0.0000,7.7,nan
831,3.19e-04,0.6920,0.0000,0.0000,0.0000,0.0000,8.1,nan
832,3.19e-04,0.6302,0.0000,0.0000,0.0000,0.0000,8.7,nan
833,3.19e-04,0.4983,0.0000,0.0000,0.0000,0.0000,8.8,nan
834,3.18e-04,0.6925,0.0000,0.0000,0.0000,0.0000,8.0,nan
835,3.18e-04,0.8245,0.0000,0.0000,0.0000,0.0000,8.1,nan
836,3.17e-04,0.7603,0.0000,0.0000,0.0000,0.0000,8.4,nan
837,3.17e-04,0.6968,0.0000,0.0000,0.0000,0.0000,8.6,nan
838,3.17e-04,0.8150,0.0000,0.0000,0.0000,0.0000,8.0,nan
839,3.16e-04,0.7385,0.0000,0.0000,0.0000,0.0000,7.9,nan
840,3.16e-04,0.7609,0.0000,0.0000,0.0000,0.0000,13.9,0.6356
841,3.16e-04,0.7662,0.0000,0.0000,0.0000,0.0000,7.6,nan
842,3.15e-04,0.6658,0.0000,0.0000,0.0000,0.0000,8.3,nan
843,3.15e-04,1.0990,0.0000,0.0000,0.0000,0.0000,8.5,nan
844,3.14e-04,0.8825,0.0000,0.0000,0.0000,0.0000,7.9,nan
845,3.14e-04,0.7473,0.0000,0.0000,0.0000,0.0000,8.6,nan
846,3.14e-04,0.8296,0.0000,0.0000,0.0000,0.0000,8.5,nan
847,3.13e-04,0.7513,0.0000,0.0000,0.0000,0.0000,8.2,nan
848,3.13e-04,0.9987,0.0000,0.0000,0.0000,0.0000,8.7,nan
849,3.13e-04,0.6358,0.0000,0.0000,0.0000,0.0000,7.8,nan
850,3.12e-04,0.7063,0.0000,0.0000,0.0000,0.0000,8.2,nan
851,3.12e-04,0.5174,0.0000,0.0000,0.0000,0.0000,8.3,nan
852,3.11e-04,0.6623,0.0000,0.0000,0.0000,0.0000,7.8,nan
853,3.11e-04,0.8888,0.0000,0.0000,0.0000,0.0000,8.6,nan
854,3.11e-04,0.5524,0.0000,0.0000,0.0000,0.0000,8.5,nan
855,3.10e-04,0.6978,0.0000,0.0000,0.0000,0.0000,8.1,nan
856,3.10e-04,0.4895,0.0000,0.0000,0.0000,0.0000,8.3,nan
857,3.09e-04,0.9671,0.0000,0.0000,0.0000,0.0000,8.0,nan
858,3.09e-04,0.7883,0.0000,0.0000,0.0000,0.0000,8.1,nan
859,3.09e-04,0.5595,0.0000,0.0000,0.0000,0.0000,8.3,nan
860,3.08e-04,0.8546,0.0000,0.0000,0.0000,0.0000,14.2,0.6186
861,3.08e-04,0.6303,0.0000,0.0000,0.0000,0.0000,8.9,nan
862,3.08e-04,1.0767,0.0000,0.0000,0.0000,0.0000,8.7,nan
863,3.07e-04,0.7516,0.0000,0.0000,0.0000,0.0000,7.8,nan
864,3.07e-04,0.7415,0.0000,0.0000,0.0000,0.0000,8.4,nan
865,3.06e-04,0.7029,0.0000,0.0000,0.0000,0.0000,8.2,nan
866,3.06e-04,0.6168,0.0000,0.0000,0.0000,0.0000,8.8,nan
867,3.06e-04,0.9243,0.0000,0.0000,0.0000,0.0000,6.9,nan
868,3.05e-04,0.3972,0.0000,0.0000,0.0000,0.0000,5.6,nan
869,3.05e-04,0.8402,0.0000,0.0000,0.0000,0.0000,5.7,nan
870,3.05e-04,0.8567,0.0000,0.0000,0.0000,0.0000,6.9,nan
871,3.04e-04,0.7085,0.0000,0.0000,0.0000,0.0000,6.6,nan
872,3.04e-04,0.5491,0.0000,0.0000,0.0000,0.0000,5.9,nan
873,3.03e-04,0.9085,0.0000,0.0000,0.0000,0.0000,5.6,nan
874,3.03e-04,0.7978,0.0000,0.0000,0.0000,0.0000,5.7,nan
875,3.03e-04,0.7696,0.0000,0.0000,0.0000,0.0000,6.3,nan
876,3.02e-04,0.9790,0.0000,0.0000,0.0000,0.0000,5.7,nan
877,3.02e-04,0.5697,0.0000,0.0000,0.0000,0.0000,6.4,nan
878,3.01e-04,0.4816,0.0000,0.0000,0.0000,0.0000,6.8,nan
879,3.01e-04,0.6393,0.0000,0.0000,0.0000,0.0000,7.0,nan
880,3.01e-04,0.8409,0.0000,0.0000,0.0000,0.0000,14.2,0.6462
881,3.00e-04,0.8078,0.0000,0.0000,0.0000,0.0000,7.9,nan
882,3.00e-04,0.6587,0.0000,0.0000,0.0000,0.0000,8.4,nan
883,3.00e-04,0.6579,0.0000,0.0000,0.0000,0.0000,8.0,nan
884,2.99e-04,0.5977,0.0000,0.0000,0.0000,0.0000,8.5,nan
885,2.99e-04,0.7150,0.0000,0.0000,0.0000,0.0000,9.0,nan
886,2.98e-04,0.9953,0.0000,0.0000,0.0000,0.0000,8.6,nan
887,2.98e-04,0.8766,0.0000,0.0000,0.0000,0.0000,8.7,nan
888,2.98e-04,0.3838,0.0000,0.0000,0.0000,0.0000,7.8,nan
889,2.97e-04,0.5549,0.0000,0.0000,0.0000,0.0000,8.0,nan
890,2.97e-04,0.6803,0.0000,0.0000,0.0000,0.0000,8.4,nan
891,2.96e-04,0.5134,0.0000,0.0000,0.0000,0.0000,7.7,nan
892,2.96e-04,1.0549,0.0000,0.0000,0.0000,0.0000,8.2,nan
893,2.96e-04,0.8481,0.0000,0.0000,0.0000,0.0000,8.4,nan
894,2.95e-04,0.9046,0.0000,0.0000,0.0000,0.0000,8.1,nan
895,2.95e-04,0.5454,0.0000,0.0000,0.0000,0.0000,8.4,nan
896,2.95e-04,0.5949,0.0000,0.0000,0.0000,0.0000,8.4,nan
897,2.94e-04,1.2533,0.0000,0.0000,0.0000,0.0000,8.5,nan
898,2.94e-04,0.7325,0.0000,0.0000,0.0000,0.0000,7.7,nan
899,2.93e-04,1.1264,0.0000,0.0000,0.0000,0.0000,8.7,nan
900,2.93e-04,0.9047,0.0000,0.0000,0.0000,0.0000,13.9,0.6081
901,2.93e-04,0.7689,0.0000,0.0000,0.0000,0.0000,8.7,nan
902,2.92e-04,1.0259,0.0000,0.0000,0.0000,0.0000,8.6,nan
903,2.92e-04,0.3191,0.0000,0.0000,0.0000,0.0000,8.7,nan
904,2.91e-04,0.3960,0.0000,0.0000,0.0000,0.0000,8.6,nan
905,2.91e-04,0.7507,0.0000,0.0000,0.0000,0.0000,8.2,nan
906,2.91e-04,1.0348,0.0000,0.0000,0.0000,0.0000,8.2,nan
907,2.90e-04,0.9197,0.0000,0.0000,0.0000,0.0000,8.7,nan
908,2.90e-04,0.5785,0.0000,0.0000,0.0000,0.0000,8.7,nan
909,2.90e-04,0.7622,0.0000,0.0000,0.0000,0.0000,8.5,nan
910,2.89e-04,0.3852,0.0000,0.0000,0.0000,0.0000,8.3,nan
911,2.89e-04,0.7447,0.0000,0.0000,0.0000,0.0000,8.1,nan
912,2.88e-04,0.8931,0.0000,0.0000,0.0000,0.0000,8.5,nan
913,2.88e-04,1.0954,0.0000,0.0000,0.0000,0.0000,8.7,nan
914,2.88e-04,1.0075,0.0000,0.0000,0.0000,0.0000,8.5,nan
915,2.87e-04,0.6387,0.0000,0.0000,0.0000,0.0000,8.9,nan
916,2.87e-04,0.6756,0.0000,0.0000,0.0000,0.0000,8.2,nan
917,2.86e-04,0.7236,0.0000,0.0000,0.0000,0.0000,8.8,nan
918,2.86e-04,0.6049,0.0000,0.0000,0.0000,0.0000,8.8,nan
919,2.86e-04,0.7984,0.0000,0.0000,0.0000,0.0000,8.7,nan
920,2.85e-04,0.7118,0.0000,0.0000,0.0000,0.0000,13.3,0.6462
921,2.85e-04,0.8929,0.0000,0.0000,0.0000,0.0000,8.0,nan
922,2.84e-04,0.6071,0.0000,0.0000,0.0000,0.0000,8.3,nan
923,2.84e-04,0.6432,0.0000,0.0000,0.0000,0.0000,8.7,nan
924,2.84e-04,0.5328,0.0000,0.0000,0.0000,0.0000,8.1,nan
925,2.83e-04,0.7261,0.0000,0.0000,0.0000,0.0000,8.4,nan
926,2.83e-04,0.4710,0.0000,0.0000,0.0000,0.0000,7.8,nan
927,2.83e-04,0.5611,0.0000,0.0000,0.0000,0.0000,8.2,nan
928,2.82e-04,1.0290,0.0000,0.0000,0.0000,0.0000,8.7,nan
929,2.82e-04,0.7086,0.0000,0.0000,0.0000,0.0000,8.7,nan
930,2.81e-04,0.7379,0.0000,0.0000,0.0000,0.0000,8.5,nan
931,2.81e-04,0.4770,0.0000,0.0000,0.0000,0.0000,5.4,nan
932,2.81e-04,0.8778,0.0000,0.0000,0.0000,0.0000,5.6,nan
933,2.80e-04,0.6874,0.0000,0.0000,0.0000,0.0000,6.4,nan
934,2.80e-04,0.7861,0.0000,0.0000,0.0000,0.0000,7.1,nan
935,2.79e-04,0.8098,0.0000,0.0000,0.0000,0.0000,6.2,nan
936,2.79e-04,0.4328,0.0000,0.0000,0.0000,0.0000,5.6,nan
937,2.79e-04,0.8988,0.0000,0.0000,0.0000,0.0000,5.4,nan
938,2.78e-04,0.8576,0.0000,0.0000,0.0000,0.0000,5.8,nan
939,2.78e-04,0.6676,0.0000,0.0000,0.0000,0.0000,5.3,nan
940,2.78e-04,1.0012,0.0000,0.0000,0.0000,0.0000,9.7,0.6398
941,2.77e-04,0.7703,0.0000,0.0000,0.0000,0.0000,6.8,nan
942,2.77e-04,0.9706,0.0000,0.0000,0.0000,0.0000,7.1,nan
943,2.76e-04,0.6745,0.0000,0.0000,0.0000,0.0000,8.0,nan
944,2.76e-04,0.8546,0.0000,0.0000,0.0000,0.0000,8.2,nan
945,2.76e-04,0.8842,0.0000,0.0000,0.0000,0.0000,8.1,nan
946,2.75e-04,0.6867,0.0000,0.0000,0.0000,0.0000,8.0,nan
947,2.75e-04,0.8469,0.0000,0.0000,0.0000,0.0000,8.8,nan
948,2.74e-04,0.7833,0.0000,0.0000,0.0000,0.0000,8.4,nan
949,2.74e-04,0.5304,0.0000,0.0000,0.0000,0.0000,8.6,nan
950,2.74e-04,0.6950,0.0000,0.0000,0.0000,0.0000,7.9,nan
951,2.73e-04,0.5394,0.0000,0.0000,0.0000,0.0000,8.0,nan
952,2.73e-04,0.5943,0.0000,0.0000,0.0000,0.0000,8.5,nan
953,2.72e-04,0.5159,0.0000,0.0000,0.0000,0.0000,8.8,nan
954,2.72e-04,0.8838,0.0000,0.0000,0.0000,0.0000,8.5,nan
955,2.72e-04,0.7609,0.0000,0.0000,0.0000,0.0000,8.8,nan
956,2.71e-04,0.6785,0.0000,0.0000,0.0000,0.0000,8.6,nan
957,2.71e-04,0.4967,0.0000,0.0000,0.0000,0.0000,8.6,nan
958,2.71e-04,0.7506,0.0000,0.0000,0.0000,0.0000,8.2,nan
959,2.70e-04,0.8830,0.0000,0.0000,0.0000,0.0000,8.7,nan
960,2.70e-04,0.6791,0.0000,0.0000,0.0000,0.0000,14.1,0.6525
961,2.69e-04,0.8564,0.0000,0.0000,0.0000,0.0000,8.8,nan
962,2.69e-04,0.8426,0.0000,0.0000,0.0000,0.0000,8.8,nan
963,2.69e-04,1.0684,0.0000,0.0000,0.0000,0.0000,8.4,nan
964,2.68e-04,0.8472,0.0000,0.0000,0.0000,0.0000,8.1,nan
965,2.68e-04,0.8782,0.0000,0.0000,0.0000,0.0000,8.2,nan
966,2.67e-04,0.7452,0.0000,0.0000,0.0000,0.0000,8.4,nan
967,2.67e-04,0.7778,0.0000,0.0000,0.0000,0.0000,8.5,nan
968,2.67e-04,0.9295,0.0000,0.0000,0.0000,0.0000,8.4,nan
969,2.66e-04,0.7879,0.0000,0.0000,0.0000,0.0000,8.7,nan
970,2.66e-04,1.0797,0.0000,0.0000,0.0000,0.0000,8.9,nan
971,2.65e-04,0.8897,0.0000,0.0000,0.0000,0.0000,7.9,nan
972,2.65e-04,0.6016,0.0000,0.0000,0.0000,0.0000,8.2,nan
973,2.65e-04,0.7791,0.0000,0.0000,0.0000,0.0000,8.7,nan
974,2.64e-04,0.6168,0.0000,0.0000,0.0000,0.0000,8.2,nan
975,2.64e-04,0.8032,0.0000,0.0000,0.0000,0.0000,8.5,nan
976,2.63e-04,0.5755,0.0000,0.0000,0.0000,0.0000,8.6,nan
977,2.63e-04,0.8011,0.0000,0.0000,0.0000,0.0000,8.7,nan
978,2.63e-04,0.7958,0.0000,0.0000,0.0000,0.0000,8.8,nan
979,2.62e-04,0.7520,0.0000,0.0000,0.0000,0.0000,8.4,nan
980,2.62e-04,0.6173,0.0000,0.0000,0.0000,0.0000,14.1,0.6271
981,2.62e-04,0.7162,0.0000,0.0000,0.0000,0.0000,7.9,nan
982,2.61e-04,0.6388,0.0000,0.0000,0.0000,0.0000,8.4,nan
983,2.61e-04,0.8918,0.0000,0.0000,0.0000,0.0000,8.9,nan
984,2.60e-04,0.6785,0.0000,0.0000,0.0000,0.0000,8.5,nan
985,2.60e-04,0.7607,0.0000,0.0000,0.0000,0.0000,8.5,nan
986,2.60e-04,0.6059,0.0000,0.0000,0.0000,0.0000,8.5,nan
987,2.59e-04,0.7760,0.0000,0.0000,0.0000,0.0000,8.8,nan
988,2.59e-04,0.4858,0.0000,0.0000,0.0000,0.0000,8.6,nan
989,2.58e-04,0.5679,0.0000,0.0000,0.0000,0.0000,8.5,nan
990,2.58e-04,0.6086,0.0000,0.0000,0.0000,0.0000,8.0,nan
991,2.58e-04,0.4421,0.0000,0.0000,0.0000,0.0000,8.4,nan
992,2.57e-04,0.6298,0.0000,0.0000,0.0000,0.0000,9.3,nan
993,2.57e-04,0.4833,0.0000,0.0000,0.0000,0.0000,6.8,nan
994,2.56e-04,0.8062,0.0000,0.0000,0.0000,0.0000,5.7,nan
995,2.56e-04,0.5221,0.0000,0.0000,0.0000,0.0000,6.5,nan
996,2.56e-04,1.1293,0.0000,0.0000,0.0000,0.0000,6.7,nan
997,2.55e-04,0.8569,0.0000,0.0000,0.0000,0.0000,6.4,nan
998,2.55e-04,0.9073,0.0000,0.0000,0.0000,0.0000,5.7,nan
999,2.55e-04,0.7746,0.0000,0.0000,0.0000,0.0000,5.4,nan
1000,2.54e-04,1.0846,0.0000,0.0000,0.0000,0.0000,9.6,0.6674
1001,2.54e-04,0.5959,0.0000,0.0000,0.0000,0.0000,5.4,nan
1002,2.53e-04,0.6592,0.0000,0.0000,0.0000,0.0000,6.1,nan
1003,2.53e-04,0.6667,0.0000,0.0000,0.0000,0.0000,6.6,nan
1004,2.53e-04,0.5791,0.0000,0.0000,0.0000,0.0000,7.7,nan
1005,2.52e-04,0.6908,0.0000,0.0000,0.0000,0.0000,8.4,nan
1006,2.52e-04,0.7673,0.0000,0.0000,0.0000,0.0000,8.4,nan
1007,2.51e-04,0.6497,0.0000,0.0000,0.0000,0.0000,8.3,nan
1008,2.51e-04,0.6985,0.0000,0.0000,0.0000,0.0000,8.8,nan
1009,2.51e-04,0.9460,0.0000,0.0000,0.0000,0.0000,8.4,nan
1010,2.50e-04,0.8648,0.0000,0.0000,0.0000,0.0000,8.6,nan
1011,2.50e-04,0.6040,0.0000,0.0000,0.0000,0.0000,8.4,nan
1012,2.49e-04,0.4982,0.0000,0.0000,0.0000,0.0000,8.0,nan
1013,2.49e-04,0.5789,0.0000,0.0000,0.0000,0.0000,8.3,nan
1014,2.49e-04,0.4119,0.0000,0.0000,0.0000,0.0000,8.2,nan
1015,2.48e-04,0.7442,0.0000,0.0000,0.0000,0.0000,8.0,nan
1016,2.48e-04,0.6029,0.0000,0.0000,0.0000,0.0000,8.0,nan
1017,2.47e-04,0.8217,0.0000,0.0000,0.0000,0.0000,8.9,nan
1018,2.47e-04,0.8311,0.0000,0.0000,0.0000,0.0000,8.2,nan
1019,2.47e-04,0.3782,0.0000,0.0000,0.0000,0.0000,8.6,nan
1020,2.46e-04,0.5256,0.0000,0.0000,0.0000,0.0000,13.7,0.6949
1021,2.46e-04,0.6028,0.0000,0.0000,0.0000,0.0000,8.9,nan
1022,2.46e-04,0.6727,0.0000,0.0000,0.0000,0.0000,8.8,nan
1023,2.45e-04,0.7149,0.0000,0.0000,0.0000,0.0000,8.8,nan
1024,2.45e-04,0.8142,0.0000,0.0000,0.0000,0.0000,8.7,nan
1025,2.44e-04,0.5429,0.0000,0.0000,0.0000,0.0000,8.6,nan
1026,2.44e-04,0.7826,0.0000,0.0000,0.0000,0.0000,8.3,nan
1027,2.44e-04,0.5387,0.0000,0.0000,0.0000,0.0000,8.2,nan
1028,2.43e-04,0.7633,0.0000,0.0000,0.0000,0.0000,8.2,nan
1029,2.43e-04,0.8501,0.0000,0.0000,0.0000,0.0000,9.0,nan
1030,2.42e-04,0.6120,0.0000,0.0000,0.0000,0.0000,8.6,nan
1031,2.42e-04,0.8563,0.0000,0.0000,0.0000,0.0000,8.4,nan
1032,2.42e-04,0.7458,0.0000,0.0000,0.0000,0.0000,8.8,nan
1033,2.41e-04,0.4584,0.0000,0.0000,0.0000,0.0000,8.7,nan
1034,2.41e-04,0.5749,0.0000,0.0000,0.0000,0.0000,8.8,nan
1035,2.40e-04,0.7613,0.0000,0.0000,0.0000,0.0000,8.3,nan
1036,2.40e-04,0.7167,0.0000,0.0000,0.0000,0.0000,9.2,nan
1037,2.40e-04,0.7703,0.0000,0.0000,0.0000,0.0000,8.6,nan
1038,2.39e-04,0.5803,0.0000,0.0000,0.0000,0.0000,8.3,nan
1039,2.39e-04,0.7588,0.0000,0.0000,0.0000,0.0000,8.5,nan
1040,2.38e-04,0.7653,0.0000,0.0000,0.0000,0.0000,14.1,0.6144
1041,2.38e-04,0.7599,0.0000,0.0000,0.0000,0.0000,9.8,nan
1042,2.38e-04,0.5410,0.0000,0.0000,0.0000,0.0000,8.3,nan
1043,2.37e-04,0.6929,0.0000,0.0000,0.0000,0.0000,8.1,nan
1044,2.37e-04,0.7701,0.0000,0.0000,0.0000,0.0000,8.0,nan
1045,2.37e-04,0.9214,0.0000,0.0000,0.0000,0.0000,8.2,nan
1046,2.36e-04,0.4976,0.0000,0.0000,0.0000,0.0000,8.0,nan
1047,2.36e-04,0.8456,0.0000,0.0000,0.0000,0.0000,8.7,nan
1048,2.35e-04,0.6562,0.0000,0.0000,0.0000,0.0000,8.2,nan
1049,2.35e-04,0.8786,0.0000,0.0000,0.0000,0.0000,8.3,nan
1050,2.35e-04,0.6758,0.0000,0.0000,0.0000,0.0000,8.1,nan
1051,2.34e-04,1.0986,0.0000,0.0000,0.0000,0.0000,8.2,nan
1052,2.34e-04,0.5475,0.0000,0.0000,0.0000,0.0000,8.5,nan
1053,2.33e-04,0.7014,0.0000,0.0000,0.0000,0.0000,8.6,nan
1054,2.33e-04,0.4260,0.0000,0.0000,0.0000,0.0000,8.4,nan
1055,2.33e-04,0.8270,0.0000,0.0000,0.0000,0.0000,5.9,nan
1056,2.32e-04,0.7531,0.0000,0.0000,0.0000,0.0000,5.6,nan
1057,2.32e-04,0.7679,0.0000,0.0000,0.0000,0.0000,6.3,nan
1058,2.31e-04,0.8563,0.0000,0.0000,0.0000,0.0000,6.9,nan
1059,2.31e-04,1.0470,0.0000,0.0000,0.0000,0.0000,6.1,nan
1060,2.31e-04,0.5811,0.0000,0.0000,0.0000,0.0000,9.2,0.6102
1061,2.30e-04,0.7197,0.0000,0.0000,0.0000,0.0000,5.6,nan
1062,2.30e-04,1.0688,0.0000,0.0000,0.0000,0.0000,5.6,nan
1063,2.30e-04,0.7432,0.0000,0.0000,0.0000,0.0000,5.6,nan
1064,2.29e-04,0.8524,0.0000,0.0000,0.0000,0.0000,5.8,nan
1065,2.29e-04,0.7085,0.0000,0.0000,0.0000,0.0000,7.0,nan
1066,2.28e-04,0.9193,0.0000,0.0000,0.0000,0.0000,7.2,nan
1067,2.28e-04,0.6181,0.0000,0.0000,0.0000,0.0000,7.9,nan
1068,2.28e-04,1.2540,0.0000,0.0000,0.0000,0.0000,8.9,nan
1069,2.27e-04,0.6656,0.0000,0.0000,0.0000,0.0000,8.4,nan
1070,2.27e-04,0.6163,0.0000,0.0000,0.0000,0.0000,8.1,nan
1071,2.26e-04,0.6951,0.0000,0.0000,0.0000,0.0000,7.7,nan
1072,2.26e-04,1.0889,0.0000,0.0000,0.0000,0.0000,8.2,nan
1073,2.26e-04,0.4186,0.0000,0.0000,0.0000,0.0000,7.8,nan
1074,2.25e-04,0.7107,0.0000,0.0000,0.0000,0.0000,8.8,nan
1075,2.25e-04,1.1129,0.0000,0.0000,0.0000,0.0000,8.3,nan
1076,2.24e-04,0.3198,0.0000,0.0000,0.0000,0.0000,7.9,nan
1077,2.24e-04,0.5476,0.0000,0.0000,0.0000,0.0000,8.2,nan
1078,2.24e-04,0.9308,0.0000,0.0000,0.0000,0.0000,8.7,nan
1079,2.23e-04,0.6472,0.0000,0.0000,0.0000,0.0000,8.4,nan
1080,2.23e-04,0.4770,0.0000,0.0000,0.0000,0.0000,14.0,0.6547
1081,2.23e-04,0.5645,0.0000,0.0000,0.0000,0.0000,8.4,nan
1082,2.22e-04,0.6505,0.0000,0.0000,0.0000,0.0000,9.0,nan
1083,2.22e-04,0.3959,0.0000,0.0000,0.0000,0.0000,8.4,nan
1084,2.21e-04,1.1758,0.0000,0.0000,0.0000,0.0000,10.1,nan
1085,2.21e-04,0.5714,0.0000,0.0000,0.0000,0.0000,8.6,nan
1086,2.21e-04,0.8483,0.0000,0.0000,0.0000,0.0000,7.8,nan
1087,2.20e-04,0.7451,0.0000,0.0000,0.0000,0.0000,8.3,nan
1088,2.20e-04,0.6629,0.0000,0.0000,0.0000,0.0000,8.6,nan
1089,2.19e-04,0.6369,0.0000,0.0000,0.0000,0.0000,8.3,nan
1090,2.19e-04,1.2530,0.0000,0.0000,0.0000,0.0000,8.3,nan
1091,2.19e-04,0.6030,0.0000,0.0000,0.0000,0.0000,8.3,nan
1092,2.18e-04,0.6422,0.0000,0.0000,0.0000,0.0000,8.0,nan
1093,2.18e-04,0.8329,0.0000,0.0000,0.0000,0.0000,8.5,nan
1094,2.18e-04,1.0383,0.0000,0.0000,0.0000,0.0000,8.3,nan
1095,2.17e-04,0.8178,0.0000,0.0000,0.0000,0.0000,8.9,nan
1096,2.17e-04,0.4896,0.0000,0.0000,0.0000,0.0000,8.4,nan
1097,2.16e-04,0.8212,0.0000,0.0000,0.0000,0.0000,8.1,nan
1098,2.16e-04,0.6534,0.0000,0.0000,0.0000,0.0000,8.2,nan
1099,2.16e-04,0.6142,0.0000,0.0000,0.0000,0.0000,8.6,nan
1100,2.15e-04,0.5593,0.0000,0.0000,0.0000,0.0000,13.9,0.6886
1101,2.15e-04,0.8646,0.0000,0.0000,0.0000,0.0000,8.0,nan
1102,2.14e-04,0.5338,0.0000,0.0000,0.0000,0.0000,8.2,nan
1103,2.14e-04,0.8840,0.0000,0.0000,0.0000,0.0000,9.0,nan
1104,2.14e-04,0.7248,0.0000,0.0000,0.0000,0.0000,8.4,nan
1105,2.13e-04,0.7104,0.0000,0.0000,0.0000,0.0000,8.6,nan
1106,2.13e-04,0.6018,0.0000,0.0000,0.0000,0.0000,8.9,nan
1107,2.12e-04,0.6905,0.0000,0.0000,0.0000,0.0000,8.4,nan
1108,2.12e-04,0.5427,0.0000,0.0000,0.0000,0.0000,8.7,nan
1109,2.12e-04,0.7572,0.0000,0.0000,0.0000,0.0000,9.0,nan
1110,2.11e-04,0.6444,0.0000,0.0000,0.0000,0.0000,8.7,nan
1111,2.11e-04,1.1066,0.0000,0.0000,0.0000,0.0000,8.7,nan
1112,2.11e-04,0.8133,0.0000,0.0000,0.0000,0.0000,8.8,nan
1113,2.10e-04,0.7107,0.0000,0.0000,0.0000,0.0000,8.2,nan
1114,2.10e-04,0.5546,0.0000,0.0000,0.0000,0.0000,8.1,nan
1115,2.09e-04,0.5939,0.0000,0.0000,0.0000,0.0000,8.1,nan
1116,2.09e-04,0.7910,0.0000,0.0000,0.0000,0.0000,8.4,nan
1117,2.09e-04,0.8685,0.0000,0.0000,0.0000,0.0000,8.5,nan
1118,2.08e-04,0.4637,0.0000,0.0000,0.0000,0.0000,5.7,nan
1119,2.08e-04,0.6800,0.0000,0.0000,0.0000,0.0000,5.4,nan
1120,2.07e-04,0.7878,0.0000,0.0000,0.0000,0.0000,11.0,0.6737
1121,2.07e-04,0.6720,0.0000,0.0000,0.0000,0.0000,6.6,nan
1122,2.07e-04,0.9030,0.0000,0.0000,0.0000,0.0000,5.9,nan
1123,2.06e-04,0.4431,0.0000,0.0000,0.0000,0.0000,5.7,nan
1124,2.06e-04,0.8335,0.0000,0.0000,0.0000,0.0000,5.7,nan
1125,2.06e-04,0.8247,0.0000,0.0000,0.0000,0.0000,5.9,nan
1126,2.05e-04,0.5954,0.0000,0.0000,0.0000,0.0000,5.5,nan
1127,2.05e-04,0.7157,0.0000,0.0000,0.0000,0.0000,5.4,nan
1128,2.04e-04,0.8501,0.0000,0.0000,0.0000,0.0000,7.0,nan
1129,2.04e-04,0.6804,0.0000,0.0000,0.0000,0.0000,6.7,nan
1130,2.04e-04,0.4685,0.0000,0.0000,0.0000,0.0000,8.4,nan
1131,2.03e-04,0.6587,0.0000,0.0000,0.0000,0.0000,8.8,nan
1132,2.03e-04,0.8627,0.0000,0.0000,0.0000,0.0000,8.4,nan
1133,2.02e-04,0.8166,0.0000,0.0000,0.0000,0.0000,8.1,nan
1134,2.02e-04,0.6245,0.0000,0.0000,0.0000,0.0000,8.2,nan
1135,2.02e-04,0.8217,0.0000,0.0000,0.0000,0.0000,8.5,nan
1136,2.01e-04,0.5157,0.0000,0.0000,0.0000,0.0000,7.9,nan
1137,2.01e-04,0.6165,0.0000,0.0000,0.0000,0.0000,8.2,nan
1138,2.01e-04,0.9534,0.0000,0.0000,0.0000,0.0000,8.7,nan
1139,2.00e-04,0.8880,0.0000,0.0000,0.0000,0.0000,8.8,nan
1140,2.00e-04,0.4797,0.0000,0.0000,0.0000,0.0000,13.9,0.6208
1141,1.99e-04,0.6680,0.0000,0.0000,0.0000,0.0000,8.4,nan
1142,1.99e-04,0.8340,0.0000,0.0000,0.0000,0.0000,8.4,nan
1143,1.99e-04,0.6996,0.0000,0.0000,0.0000,0.0000,7.9,nan
1144,1.98e-04,0.6601,0.0000,0.0000,0.0000,0.0000,8.4,nan
1145,1.98e-04,0.6817,0.0000,0.0000,0.0000,0.0000,8.6,nan
1146,1.98e-04,0.6713,0.0000,0.0000,0.0000,0.0000,8.3,nan
1147,1.97e-04,0.7996,0.0000,0.0000,0.0000,0.0000,8.6,nan
1148,1.97e-04,0.6618,0.0000,0.0000,0.0000,0.0000,8.1,nan
1149,1.96e-04,0.4542,0.0000,0.0000,0.0000,0.0000,8.3,nan
1150,1.96e-04,0.5916,0.0000,0.0000,0.0000,0.0000,8.8,nan
1151,1.96e-04,0.6474,0.0000,0.0000,0.0000,0.0000,8.9,nan
1152,1.95e-04,1.0263,0.0000,0.0000,0.0000,0.0000,8.9,nan
1153,1.95e-04,0.6160,0.0000,0.0000,0.0000,0.0000,8.9,nan
1154,1.94e-04,0.6528,0.0000,0.0000,0.0000,0.0000,8.6,nan
1155,1.94e-04,1.0798,0.0000,0.0000,0.0000,0.0000,8.6,nan
1156,1.94e-04,0.7132,0.0000,0.0000,0.0000,0.0000,8.8,nan
1157,1.93e-04,1.1021,0.0000,0.0000,0.0000,0.0000,8.4,nan
1158,1.93e-04,0.5762,0.0000,0.0000,0.0000,0.0000,9.0,nan
1159,1.93e-04,0.9002,0.0000,0.0000,0.0000,0.0000,8.8,nan
1160,1.92e-04,0.7746,0.0000,0.0000,0.0000,0.0000,14.2,0.6441
1161,1.92e-04,0.7889,0.0000,0.0000,0.0000,0.0000,8.6,nan
1162,1.91e-04,0.4828,0.0000,0.0000,0.0000,0.0000,8.6,nan
1163,1.91e-04,0.8786,0.0000,0.0000,0.0000,0.0000,8.6,nan
1164,1.91e-04,0.6045,0.0000,0.0000,0.0000,0.0000,8.3,nan
1165,1.90e-04,0.6908,0.0000,0.0000,0.0000,0.0000,8.0,nan
1166,1.90e-04,0.3971,0.0000,0.0000,0.0000,0.0000,8.5,nan
1167,1.90e-04,0.8920,0.0000,0.0000,0.0000,0.0000,8.6,nan
1168,1.89e-04,0.6634,0.0000,0.0000,0.0000,0.0000,8.8,nan
1169,1.89e-04,0.6031,0.0000,0.0000,0.0000,0.0000,8.9,nan
1170,1.88e-04,0.4297,0.0000,0.0000,0.0000,0.0000,8.7,nan
1171,1.88e-04,0.5015,0.0000,0.0000,0.0000,0.0000,8.7,nan
1172,1.88e-04,0.9539,0.0000,0.0000,0.0000,0.0000,8.6,nan
1173,1.87e-04,0.4836,0.0000,0.0000,0.0000,0.0000,7.8,nan
1174,1.87e-04,0.5438,0.0000,0.0000,0.0000,0.0000,8.4,nan
1175,1.87e-04,0.7445,0.0000,0.0000,0.0000,0.0000,8.7,nan
1176,1.86e-04,0.8105,0.0000,0.0000,0.0000,0.0000,8.3,nan
1177,1.86e-04,0.7551,0.0000,0.0000,0.0000,0.0000,9.0,nan
1178,1.85e-04,0.8265,0.0000,0.0000,0.0000,0.0000,8.7,nan
1179,1.85e-04,0.7361,0.0000,0.0000,0.0000,0.0000,9.0,nan
1180,1.85e-04,0.6898,0.0000,0.0000,0.0000,0.0000,10.3,0.6441
1181,1.84e-04,1.0384,0.0000,0.0000,0.0000,0.0000,5.9,nan
1182,1.84e-04,0.7267,0.0000,0.0000,0.0000,0.0000,7.0,nan
1183,1.84e-04,0.9087,0.0000,0.0000,0.0000,0.0000,6.7,nan
1184,1.83e-04,0.5279,0.0000,0.0000,0.0000,0.0000,5.8,nan
1185,1.83e-04,0.4115,0.0000,0.0000,0.0000,0.0000,5.4,nan
1186,1.82e-04,0.5163,0.0000,0.0000,0.0000,0.0000,5.3,nan
1187,1.82e-04,0.8836,0.0000,0.0000,0.0000,0.0000,5.8,nan
1188,1.82e-04,0.6616,0.0000,0.0000,0.0000,0.0000,5.3,nan
1189,1.81e-04,0.5718,0.0000,0.0000,0.0000,0.0000,5.3,nan
1190,1.81e-04,0.5049,0.0000,0.0000,0.0000,0.0000,6.5,nan
1191,1.81e-04,0.6624,0.0000,0.0000,0.0000,0.0000,6.6,nan
1192,1.80e-04,0.6934,0.0000,0.0000,0.0000,0.0000,8.5,nan
1193,1.80e-04,0.4255,0.0000,0.0000,0.0000,0.0000,8.8,nan
1194,1.79e-04,0.5909,0.0000,0.0000,0.0000,0.0000,8.6,nan
1195,1.79e-04,0.6639,0.0000,0.0000,0.0000,0.0000,8.5,nan
1196,1.79e-04,0.3896,0.0000,0.0000,0.0000,0.0000,8.7,nan
1197,1.78e-04,0.9905,0.0000,0.0000,0.0000,0.0000,8.4,nan
1198,1.78e-04,0.7259,0.0000,0.0000,0.0000,0.0000,8.2,nan
1199,1.78e-04,0.7071,0.0000,0.0000,0.0000,0.0000,8.1,nan
1200,1.77e-04,0.7496,0.0000,0.0000,0.0000,0.0000,13.8,0.6547
1201,1.77e-04,1.0140,0.0000,0.0000,0.0000,0.0000,8.3,nan
1202,1.76e-04,0.8250,0.0000,0.0000,0.0000,0.0000,8.9,nan
1203,1.76e-04,0.7481,0.0000,0.0000,0.0000,0.0000,8.8,nan
1204,1.76e-04,0.8227,0.0000,0.0000,0.0000,0.0000,8.3,nan
1205,1.75e-04,0.6530,0.0000,0.0000,0.0000,0.0000,7.9,nan
1206,1.75e-04,0.4998,0.0000,0.0000,0.0000,0.0000,8.5,nan
1207,1.75e-04,1.0769,0.0000,0.0000,0.0000,0.0000,7.8,nan
1208,1.74e-04,0.6296,0.0000,0.0000,0.0000,0.0000,8.6,nan
1209,1.74e-04,0.6251,0.0000,0.0000,0.0000,0.0000,8.7,nan
1210,1.73e-04,0.6054,0.0000,0.0000,0.0000,0.0000,8.5,nan
1211,1.73e-04,0.7914,0.0000,0.0000,0.0000,0.0000,9.0,nan
1212,1.73e-04,0.7044,0.0000,0.0000,0.0000,0.0000,8.6,nan
1213,1.72e-04,0.5416,0.0000,0.0000,0.0000,0.0000,8.5,nan
1214,1.72e-04,0.6941,0.0000,0.0000,0.0000,0.0000,8.4,nan
1215,1.72e-04,0.7224,0.0000,0.0000,0.0000,0.0000,8.6,nan
1216,1.71e-04,0.5681,0.0000,0.0000,0.0000,0.0000,8.7,nan
1217,1.71e-04,0.8259,0.0000,0.0000,0.0000,0.0000,8.8,nan
1218,1.71e-04,0.6656,0.0000,0.0000,0.0000,0.0000,8.6,nan
1219,1.70e-04,0.7588,0.0000,0.0000,0.0000,0.0000,8.2,nan
1220,1.70e-04,0.5965,0.0000,0.0000,0.0000,0.0000,14.0,0.6758
1221,1.69e-04,0.8752,0.0000,0.0000,0.0000,0.0000,8.9,nan
1222,1.69e-04,0.4205,0.0000,0.0000,0.0000,0.0000,8.4,nan
1223,1.69e-04,0.7499,0.0000,0.0000,0.0000,0.0000,8.3,nan
1224,1.68e-04,0.6165,0.0000,0.0000,0.0000,0.0000,8.7,nan
1225,1.68e-04,0.6113,0.0000,0.0000,0.0000,0.0000,9.0,nan
1226,1.68e-04,0.5258,0.0000,0.0000,0.0000,0.0000,8.1,nan
1227,1.67e-04,0.6089,0.0000,0.0000,0.0000,0.0000,8.7,nan
1228,1.67e-04,0.6685,0.0000,0.0000,0.0000,0.0000,8.4,nan
1229,1.66e-04,0.8728,0.0000,0.0000,0.0000,0.0000,8.8,nan
1230,1.66e-04,0.5271,0.0000,0.0000,0.0000,0.0000,8.2,nan
1231,1.66e-04,0.6706,0.0000,0.0000,0.0000,0.0000,8.4,nan
1232,1.65e-04,0.8070,0.0000,0.0000,0.0000,0.0000,8.6,nan
1233,1.65e-04,0.5410,0.0000,0.0000,0.0000,0.0000,8.5,nan
1234,1.65e-04,0.5002,0.0000,0.0000,0.0000,0.0000,8.7,nan
1235,1.64e-04,0.4861,0.0000,0.0000,0.0000,0.0000,8.0,nan
1236,1.64e-04,1.1878,0.0000,0.0000,0.0000,0.0000,8.1,nan
1237,1.64e-04,0.7162,0.0000,0.0000,0.0000,0.0000,8.8,nan
1238,1.63e-04,0.9328,0.0000,0.0000,0.0000,0.0000,8.5,nan
1239,1.63e-04,0.5774,0.0000,0.0000,0.0000,0.0000,8.5,nan
1240,1.62e-04,0.4370,0.0000,0.0000,0.0000,0.0000,15.1,0.6398
1241,1.62e-04,0.7373,0.0000,0.0000,0.0000,0.0000,5.6,nan
1242,1.62e-04,0.4884,0.0000,0.0000,0.0000,0.0000,5.7,nan
1243,1.61e-04,0.7969,0.0000,0.0000,0.0000,0.0000,6.6,nan
1244,1.61e-04,1.0042,0.0000,0.0000,0.0000,0.0000,7.1,nan
1245,1.61e-04,0.7569,0.0000,0.0000,0.0000,0.0000,5.7,nan
1246,1.60e-04,0.7238,0.0000,0.0000,0.0000,0.0000,5.6,nan
1247,1.60e-04,0.7565,0.0000,0.0000,0.0000,0.0000,5.6,nan
1248,1.60e-04,0.7191,0.0000,0.0000,0.0000,0.0000,6.3,nan
1249,1.59e-04,0.6133,0.0000,0.0000,0.0000,0.0000,5.6,nan
1250,1.59e-04,0.7107,0.0000,0.0000,0.0000,0.0000,5.5,nan
1251,1.58e-04,0.5193,0.0000,0.0000,0.0000,0.0000,6.6,nan
1252,1.58e-04,0.5272,0.0000,0.0000,0.0000,0.0000,6.2,nan
1253,1.58e-04,0.4382,0.0000,0.0000,0.0000,0.0000,8.6,nan
1254,1.57e-04,0.6106,0.0000,0.0000,0.0000,0.0000,7.7,nan
1255,1.57e-04,0.9018,0.0000,0.0000,0.0000,0.0000,8.2,nan
1256,1.57e-04,0.8224,0.0000,0.0000,0.0000,0.0000,7.8,nan
1257,1.56e-04,0.9321,0.0000,0.0000,0.0000,0.0000,8.6,nan
1258,1.56e-04,0.6805,0.0000,0.0000,0.0000,0.0000,8.0,nan
1259,1.56e-04,0.3404,0.0000,0.0000,0.0000,0.0000,8.5,nan
1260,1.55e-04,0.9014,0.0000,0.0000,0.0000,0.0000,13.9,0.6886
1261,1.55e-04,0.7087,0.0000,0.0000,0.0000,0.0000,7.8,nan
1262,1.55e-04,0.4870,0.0000,0.0000,0.0000,0.0000,8.7,nan
1263,1.54e-04,0.4299,0.0000,0.0000,0.0000,0.0000,7.8,nan
1264,1.54e-04,0.4680,0.0000,0.0000,0.0000,0.0000,8.6,nan
1265,1.53e-04,0.7181,0.0000,0.0000,0.0000,0.0000,8.6,nan
1266,1.53e-04,0.5307,0.0000,0.0000,0.0000,0.0000,8.9,nan
1267,1.53e-04,0.7533,0.0000,0.0000,0.0000,0.0000,8.4,nan
1268,1.52e-04,0.5179,0.0000,0.0000,0.0000,0.0000,8.5,nan
1269,1.52e-04,0.5275,0.0000,0.0000,0.0000,0.0000,8.0,nan
1270,1.52e-04,0.6174,0.0000,0.0000,0.0000,0.0000,8.3,nan
1271,1.51e-04,0.5115,0.0000,0.0000,0.0000,0.0000,8.7,nan
1272,1.51e-04,0.5310,0.0000,0.0000,0.0000,0.0000,8.7,nan
1273,1.51e-04,0.8951,0.0000,0.0000,0.0000,0.0000,7.8,nan
1274,1.50e-04,0.4735,0.0000,0.0000,0.0000,0.0000,7.9,nan
1275,1.50e-04,1.1740,0.0000,0.0000,0.0000,0.0000,8.3,nan
1276,1.50e-04,0.6058,0.0000,0.0000,0.0000,0.0000,8.6,nan
1277,1.49e-04,0.6979,0.0000,0.0000,0.0000,0.0000,8.7,nan
1278,1.49e-04,1.0299,0.0000,0.0000,0.0000,0.0000,8.6,nan
1279,1.48e-04,0.7024,0.0000,0.0000,0.0000,0.0000,8.5,nan
1280,1.48e-04,0.4751,0.0000,0.0000,0.0000,0.0000,14.1,0.6886
1281,1.48e-04,0.5925,0.0000,0.0000,0.0000,0.0000,8.9,nan
1282,1.47e-04,1.0036,0.0000,0.0000,0.0000,0.0000,8.7,nan
1283,1.47e-04,0.5668,0.0000,0.0000,0.0000,0.0000,8.0,nan
1284,1.47e-04,0.8258,0.0000,0.0000,0.0000,0.0000,7.9,nan
1285,1.46e-04,0.7253,0.0000,0.0000,0.0000,0.0000,8.6,nan
1286,1.46e-04,0.5541,0.0000,0.0000,0.0000,0.0000,8.3,nan
1287,1.46e-04,0.7161,0.0000,0.0000,0.0000,0.0000,8.0,nan
1288,1.45e-04,0.5645,0.0000,0.0000,0.0000,0.0000,8.5,nan
1289,1.45e-04,0.9852,0.0000,0.0000,0.0000,0.0000,8.6,nan
1290,1.45e-04,0.8106,0.0000,0.0000,0.0000,0.0000,8.4,nan
1291,1.44e-04,0.6869,0.0000,0.0000,0.0000,0.0000,8.7,nan
1292,1.44e-04,0.5017,0.0000,0.0000,0.0000,0.0000,8.6,nan
1293,1.44e-04,0.7896,0.0000,0.0000,0.0000,0.0000,8.3,nan
1294,1.43e-04,0.5985,0.0000,0.0000,0.0000,0.0000,8.3,nan
1295,1.43e-04,0.9497,0.0000,0.0000,0.0000,0.0000,9.0,nan
1296,1.42e-04,0.6617,0.0000,0.0000,0.0000,0.0000,8.5,nan
1297,1.42e-04,0.6780,0.0000,0.0000,0.0000,0.0000,7.9,nan
1298,1.42e-04,0.8609,0.0000,0.0000,0.0000,0.0000,8.6,nan
1299,1.41e-04,0.7574,0.0000,0.0000,0.0000,0.0000,8.3,nan
1300,1.41e-04,0.5176,0.0000,0.0000,0.0000,0.0000,14.0,0.7034
1301,1.41e-04,0.8238,0.0000,0.0000,0.0000,0.0000,8.0,nan
1302,1.40e-04,0.9837,0.0000,0.0000,0.0000,0.0000,8.2,nan
1303,1.40e-04,1.0361,0.0000,0.0000,0.0000,0.0000,8.5,nan
1304,1.40e-04,0.3236,0.0000,0.0000,0.0000,0.0000,5.6,nan
1305,1.39e-04,0.6777,0.0000,0.0000,0.0000,0.0000,5.8,nan
1306,1.39e-04,0.5763,0.0000,0.0000,0.0000,0.0000,6.1,nan
1307,1.39e-04,0.9875,0.0000,0.0000,0.0000,0.0000,6.8,nan
1308,1.38e-04,0.6288,0.0000,0.0000,0.0000,0.0000,6.7,nan
1309,1.38e-04,0.7893,0.0000,0.0000,0.0000,0.0000,5.6,nan
1310,1.38e-04,0.7449,0.0000,0.0000,0.0000,0.0000,5.6,nan
1311,1.37e-04,0.6346,0.0000,0.0000,0.0000,0.0000,5.5,nan
1312,1.37e-04,0.5906,0.0000,0.0000,0.0000,0.0000,6.1,nan
1313,1.37e-04,0.6420,0.0000,0.0000,0.0000,0.0000,5.5,nan
1314,1.36e-04,0.6447,0.0000,0.0000,0.0000,0.0000,5.7,nan
1315,1.36e-04,1.0291,0.0000,0.0000,0.0000,0.0000,6.9,nan
1316,1.36e-04,0.5063,0.0000,0.0000,0.0000,0.0000,6.3,nan
1317,1.35e-04,0.6856,0.0000,0.0000,0.0000,0.0000,8.3,nan
1318,1.35e-04,0.5453,0.0000,0.0000,0.0000,0.0000,8.1,nan
1319,1.34e-04,0.5438,0.0000,0.0000,0.0000,0.0000,8.0,nan
1320,1.34e-04,0.4724,0.0000,0.0000,0.0000,0.0000,14.0,0.6928
1321,1.34e-04,0.6982,0.0000,0.0000,0.0000,0.0000,8.2,nan
1322,1.33e-04,0.8226,0.0000,0.0000,0.0000,0.0000,7.9,nan
1323,1.33e-04,0.7824,0.0000,0.0000,0.0000,0.0000,8.7,nan
1324,1.33e-04,0.7354,0.0000,0.0000,0.0000,0.0000,8.5,nan
1325,1.32e-04,0.7950,0.0000,0.0000,0.0000,0.0000,7.9,nan
1326,1.32e-04,0.6520,0.0000,0.0000,0.0000,0.0000,8.3,nan
1327,1.32e-04,0.6852,0.0000,0.0000,0.0000,0.0000,8.2,nan
1328,1.31e-04,0.7148,0.0000,0.0000,0.0000,0.0000,8.7,nan
1329,1.31e-04,0.6552,0.0000,0.0000,0.0000,0.0000,8.8,nan
1330,1.31e-04,0.5524,0.0000,0.0000,0.0000,0.0000,8.4,nan
1331,1.30e-04,0.8687,0.0000,0.0000,0.0000,0.0000,8.2,nan
1332,1.30e-04,0.5162,0.0000,0.0000,0.0000,0.0000,8.1,nan
1333,1.30e-04,0.7034,0.0000,0.0000,0.0000,0.0000,8.6,nan
1334,1.29e-04,0.4858,0.0000,0.0000,0.0000,0.0000,8.8,nan
1335,1.29e-04,0.7577,0.0000,0.0000,0.0000,0.0000,8.4,nan
1336,1.29e-04,0.7817,0.0000,0.0000,0.0000,0.0000,7.7,nan
1337,1.28e-04,0.8013,0.0000,0.0000,0.0000,0.0000,8.5,nan
1338,1.28e-04,0.4935,0.0000,0.0000,0.0000,0.0000,8.7,nan
1339,1.28e-04,0.9843,0.0000,0.0000,0.0000,0.0000,8.1,nan
1340,1.27e-04,0.6502,0.0000,0.0000,0.0000,0.0000,13.8,0.6716
1341,1.27e-04,0.5860,0.0000,0.0000,0.0000,0.0000,8.0,nan
1342,1.27e-04,0.6771,0.0000,0.0000,0.0000,0.0000,7.8,nan
1343,1.26e-04,0.5679,0.0000,0.0000,0.0000,0.0000,8.1,nan
1344,1.26e-04,0.6713,0.0000,0.0000,0.0000,0.0000,8.3,nan
1345,1.26e-04,0.6718,0.0000,0.0000,0.0000,0.0000,8.2,nan
1346,1.25e-04,1.0492,0.0000,0.0000,0.0000,0.0000,8.9,nan
1347,1.25e-04,0.5826,0.0000,0.0000,0.0000,0.0000,8.4,nan
1348,1.25e-04,0.9484,0.0000,0.0000,0.0000,0.0000,7.9,nan
1349,1.24e-04,0.9284,0.0000,0.0000,0.0000,0.0000,8.6,nan
1350,1.24e-04,0.7207,0.0000,0.0000,0.0000,0.0000,8.4,nan
1351,1.24e-04,0.9310,0.0000,0.0000,0.0000,0.0000,8.0,nan
1352,1.23e-04,0.9136,0.0000,0.0000,0.0000,0.0000,7.8,nan
1353,1.23e-04,0.6869,0.0000,0.0000,0.0000,0.0000,8.6,nan
1354,1.23e-04,0.4591,0.0000,0.0000,0.0000,0.0000,8.6,nan
1355,1.22e-04,0.7942,0.0000,0.0000,0.0000,0.0000,7.8,nan
1356,1.22e-04,0.8059,0.0000,0.0000,0.0000,0.0000,8.5,nan
1357,1.22e-04,0.5410,0.0000,0.0000,0.0000,0.0000,8.6,nan
1358,1.21e-04,0.6382,0.0000,0.0000,0.0000,0.0000,8.0,nan
1359,1.21e-04,0.9197,0.0000,0.0000,0.0000,0.0000,8.4,nan
1360,1.21e-04,0.9386,0.0000,0.0000,0.0000,0.0000,13.8,0.6758
1361,1.20e-04,0.7891,0.0000,0.0000,0.0000,0.0000,7.7,nan
1362,1.20e-04,0.4651,0.0000,0.0000,0.0000,0.0000,8.4,nan
1363,1.20e-04,0.4953,0.0000,0.0000,0.0000,0.0000,8.1,nan
1364,1.19e-04,0.4892,0.0000,0.0000,0.0000,0.0000,7.8,nan
1365,1.19e-04,0.7259,0.0000,0.0000,0.0000,0.0000,8.4,nan
1366,1.19e-04,0.7725,0.0000,0.0000,0.0000,0.0000,8.9,nan
1367,1.18e-04,0.4040,0.0000,0.0000,0.0000,0.0000,8.6,nan
1368,1.18e-04,0.7448,0.0000,0.0000,0.0000,0.0000,8.7,nan
1369,1.18e-04,0.6089,0.0000,0.0000,0.0000,0.0000,6.9,nan
1370,1.17e-04,0.6103,0.0000,0.0000,0.0000,0.0000,5.5,nan
1371,1.17e-04,0.7029,0.0000,0.0000,0.0000,0.0000,6.1,nan
1372,1.17e-04,0.4227,0.0000,0.0000,0.0000,0.0000,6.7,nan
1373,1.16e-04,0.9348,0.0000,0.0000,0.0000,0.0000,6.4,nan
1374,1.16e-04,0.8844,0.0000,0.0000,0.0000,0.0000,5.6,nan
1375,1.16e-04,0.5244,0.0000,0.0000,0.0000,0.0000,5.4,nan
1376,1.15e-04,0.3898,0.0000,0.0000,0.0000,0.0000,5.6,nan
1377,1.15e-04,0.4529,0.0000,0.0000,0.0000,0.0000,5.9,nan
1378,1.15e-04,0.4617,0.0000,0.0000,0.0000,0.0000,5.4,nan
1379,1.14e-04,0.7905,0.0000,0.0000,0.0000,0.0000,6.1,nan
1380,1.14e-04,0.5599,0.0000,0.0000,0.0000,0.0000,10.9,0.6886
1381,1.14e-04,0.7290,0.0000,0.0000,0.0000,0.0000,8.3,nan
1382,1.13e-04,0.7796,0.0000,0.0000,0.0000,0.0000,8.7,nan
1383,1.13e-04,0.6964,0.0000,0.0000,0.0000,0.0000,7.7,nan
1384,1.13e-04,0.7006,0.0000,0.0000,0.0000,0.0000,8.5,nan
1385,1.12e-04,0.7080,0.0000,0.0000,0.0000,0.0000,8.5,nan
1386,1.12e-04,0.5046,0.0000,0.0000,0.0000,0.0000,8.4,nan
1387,1.12e-04,0.6003,0.0000,0.0000,0.0000,0.0000,7.9,nan
1388,1.12e-04,0.6351,0.0000,0.0000,0.0000,0.0000,8.6,nan
1389,1.11e-04,0.8492,0.0000,0.0000,0.0000,0.0000,8.7,nan
1390,1.11e-04,0.8160,0.0000,0.0000,0.0000,0.0000,8.8,nan
1391,1.11e-04,0.7938,0.0000,0.0000,0.0000,0.0000,8.6,nan
1392,1.10e-04,0.6737,0.0000,0.0000,0.0000,0.0000,8.8,nan
1393,1.10e-04,0.6771,0.0000,0.0000,0.0000,0.0000,8.4,nan
1394,1.10e-04,0.5268,0.0000,0.0000,0.0000,0.0000,8.1,nan
1395,1.09e-04,0.4217,0.0000,0.0000,0.0000,0.0000,8.7,nan
1396,1.09e-04,0.6298,0.0000,0.0000,0.0000,0.0000,8.5,nan
1397,1.09e-04,0.7255,0.0000,0.0000,0.0000,0.0000,8.0,nan
1398,1.08e-04,0.7108,0.0000,0.0000,0.0000,0.0000,8.4,nan
1399,1.08e-04,0.6138,0.0000,0.0000,0.0000,0.0000,8.6,nan
1400,1.08e-04,0.9111,0.0000,0.0000,0.0000,0.0000,14.4,0.6758
1401,1.07e-04,0.5528,0.0000,0.0000,0.0000,0.0000,7.8,nan
1402,1.07e-04,0.7009,0.0000,0.0000,0.0000,0.0000,8.0,nan
1403,1.07e-04,0.9046,0.0000,0.0000,0.0000,0.0000,8.0,nan
1404,1.06e-04,0.8731,0.0000,0.0000,0.0000,0.0000,8.5,nan
1405,1.06e-04,0.6901,0.0000,0.0000,0.0000,0.0000,8.5,nan
1406,1.06e-04,0.8809,0.0000,0.0000,0.0000,0.0000,8.4,nan
1407,1.05e-04,0.6306,0.0000,0.0000,0.0000,0.0000,8.0,nan
1408,1.05e-04,0.6872,0.0000,0.0000,0.0000,0.0000,8.2,nan
1409,1.05e-04,0.6737,0.0000,0.0000,0.0000,0.0000,8.5,nan
1410,1.05e-04,0.6719,0.0000,0.0000,0.0000,0.0000,8.4,nan
1411,1.04e-04,0.4941,0.0000,0.0000,0.0000,0.0000,8.2,nan
1412,1.04e-04,0.8136,0.0000,0.0000,0.0000,0.0000,7.9,nan
1413,1.04e-04,0.6647,0.0000,0.0000,0.0000,0.0000,8.6,nan
1414,1.03e-04,0.6313,0.0000,0.0000,0.0000,0.0000,8.3,nan
1415,1.03e-04,0.6794,0.0000,0.0000,0.0000,0.0000,8.6,nan
1416,1.03e-04,0.5974,0.0000,0.0000,0.0000,0.0000,8.8,nan
1417,1.02e-04,0.6135,0.0000,0.0000,0.0000,0.0000,8.5,nan
1418,1.02e-04,0.6395,0.0000,0.0000,0.0000,0.0000,8.6,nan
1419,1.02e-04,0.5092,0.0000,0.0000,0.0000,0.0000,7.9,nan
1420,1.01e-04,0.6764,0.0000,0.0000,0.0000,0.0000,13.6,0.6780
1421,1.01e-04,0.7361,0.0000,0.0000,0.0000,0.0000,8.3,nan
1422,1.01e-04,0.6848,0.0000,0.0000,0.0000,0.0000,8.4,nan
1423,1.01e-04,0.6196,0.0000,0.0000,0.0000,0.0000,8.5,nan
1424,1.00e-04,0.8102,0.0000,0.0000,0.0000,0.0000,8.4,nan
1425,9.99e-05,0.8221,0.0000,0.0000,0.0000,0.0000,8.1,nan
1426,9.96e-05,0.5386,0.0000,0.0000,0.0000,0.0000,8.4,nan
1427,9.93e-05,0.8075,0.0000,0.0000,0.0000,0.0000,7.8,nan
1428,9.90e-05,0.8497,0.0000,0.0000,0.0000,0.0000,8.4,nan
1429,9.87e-05,0.5740,0.0000,0.0000,0.0000,0.0000,9.0,nan
1430,9.84e-05,0.5367,0.0000,0.0000,0.0000,0.0000,8.1,nan
1431,9.80e-05,0.4924,0.0000,0.0000,0.0000,0.0000,8.4,nan
1432,9.77e-05,0.5040,0.0000,0.0000,0.0000,0.0000,6.0,nan
1433,9.74e-05,0.6368,0.0000,0.0000,0.0000,0.0000,5.4,nan
1434,9.71e-05,0.5448,0.0000,0.0000,0.0000,0.0000,6.5,nan
1435,9.68e-05,0.9321,0.0000,0.0000,0.0000,0.0000,6.7,nan
1436,9.65e-05,0.7644,0.0000,0.0000,0.0000,0.0000,6.1,nan
1437,9.62e-05,0.4209,0.0000,0.0000,0.0000,0.0000,5.7,nan
1438,9.59e-05,0.4793,0.0000,0.0000,0.0000,0.0000,5.6,nan
1439,9.56e-05,0.5151,0.0000,0.0000,0.0000,0.0000,6.0,nan
1440,9.53e-05,0.6542,0.0000,0.0000,0.0000,0.0000,9.2,0.7140
1441,9.50e-05,0.9591,0.0000,0.0000,0.0000,0.0000,6.4,nan
1442,9.47e-05,1.0025,0.0000,0.0000,0.0000,0.0000,6.7,nan
1443,9.44e-05,0.7119,0.0000,0.0000,0.0000,0.0000,8.4,nan
1444,9.41e-05,0.6635,0.0000,0.0000,0.0000,0.0000,8.6,nan
1445,9.38e-05,0.5137,0.0000,0.0000,0.0000,0.0000,7.8,nan
1446,9.35e-05,0.8040,0.0000,0.0000,0.0000,0.0000,8.4,nan
1447,9.32e-05,0.7594,0.0000,0.0000,0.0000,0.0000,8.7,nan
1448,9.29e-05,0.5781,0.0000,0.0000,0.0000,0.0000,8.8,nan
1449,9.26e-05,0.8628,0.0000,0.0000,0.0000,0.0000,8.9,nan
1450,9.23e-05,0.7237,0.0000,0.0000,0.0000,0.0000,8.6,nan
1451,9.20e-05,0.6674,0.0000,0.0000,0.0000,0.0000,8.3,nan
1452,9.17e-05,0.8755,0.0000,0.0000,0.0000,0.0000,8.6,nan
1453,9.14e-05,0.5677,0.0000,0.0000,0.0000,0.0000,9.0,nan
1454,9.11e-05,0.8058,0.0000,0.0000,0.0000,0.0000,8.3,nan
1455,9.08e-05,0.4939,0.0000,0.0000,0.0000,0.0000,8.6,nan
1456,9.05e-05,0.6181,0.0000,0.0000,0.0000,0.0000,8.6,nan
1457,9.02e-05,0.5045,0.0000,0.0000,0.0000,0.0000,8.6,nan
1458,8.99e-05,0.8078,0.0000,0.0000,0.0000,0.0000,8.5,nan
1459,8.97e-05,0.4199,0.0000,0.0000,0.0000,0.0000,8.8,nan
1460,8.94e-05,0.6390,0.0000,0.0000,0.0000,0.0000,13.7,0.7161
1461,8.91e-05,0.8883,0.0000,0.0000,0.0000,0.0000,8.5,nan
1462,8.88e-05,0.8459,0.0000,0.0000,0.0000,0.0000,8.1,nan
1463,8.85e-05,0.4776,0.0000,0.0000,0.0000,0.0000,8.2,nan
1464,8.82e-05,0.8176,0.0000,0.0000,0.0000,0.0000,8.4,nan
1465,8.79e-05,0.7003,0.0000,0.0000,0.0000,0.0000,8.9,nan
1466,8.76e-05,0.6312,0.0000,0.0000,0.0000,0.0000,7.7,nan
1467,8.73e-05,0.7351,0.0000,0.0000,0.0000,0.0000,8.3,nan
1468,8.70e-05,0.7162,0.0000,0.0000,0.0000,0.0000,8.3,nan
1469,8.67e-05,0.6090,0.0000,0.0000,0.0000,0.0000,8.0,nan
1470,8.64e-05,0.4929,0.0000,0.0000,0.0000,0.0000,8.3,nan
1471,8.62e-05,0.5332,0.0000,0.0000,0.0000,0.0000,8.9,nan
1472,8.59e-05,0.5719,0.0000,0.0000,0.0000,0.0000,8.3,nan
1473,8.56e-05,0.4645,0.0000,0.0000,0.0000,0.0000,8.5,nan
1474,8.53e-05,0.6980,0.0000,0.0000,0.0000,0.0000,8.3,nan
1475,8.50e-05,0.4038,0.0000,0.0000,0.0000,0.0000,8.7,nan
1476,8.47e-05,0.4718,0.0000,0.0000,0.0000,0.0000,8.5,nan
1477,8.44e-05,0.6910,0.0000,0.0000,0.0000,0.0000,9.1,nan
1478,8.41e-05,0.6854,0.0000,0.0000,0.0000,0.0000,8.6,nan
1479,8.39e-05,0.6472,0.0000,0.0000,0.0000,0.0000,8.6,nan
1480,8.36e-05,0.6340,0.0000,0.0000,0.0000,0.0000,14.2,0.6907
1481,8.33e-05,0.7720,0.0000,0.0000,0.0000,0.0000,8.9,nan
1482,8.30e-05,0.7221,0.0000,0.0000,0.0000,0.0000,8.3,nan
1483,8.27e-05,1.0017,0.0000,0.0000,0.0000,0.0000,8.8,nan
1484,8.24e-05,0.8623,0.0000,0.0000,0.0000,0.0000,8.2,nan
1485,8.21e-05,0.5116,0.0000,0.0000,0.0000,0.0000,9.1,nan
1486,8.19e-05,0.5436,0.0000,0.0000,0.0000,0.0000,8.6,nan
1487,8.16e-05,0.8739,0.0000,0.0000,0.0000,0.0000,8.7,nan
1488,8.13e-05,0.5508,0.0000,0.0000,0.0000,0.0000,8.6,nan
1489,8.10e-05,0.5698,0.0000,0.0000,0.0000,0.0000,8.8,nan
1490,8.07e-05,0.6614,0.0000,0.0000,0.0000,0.0000,8.2,nan
1491,8.05e-05,0.5694,0.0000,0.0000,0.0000,0.0000,8.9,nan
1492,8.02e-05,0.5208,0.0000,0.0000,0.0000,0.0000,8.2,nan
1493,7.99e-05,0.5710,0.0000,0.0000,0.0000,0.0000,6.7,nan
1494,7.96e-05,1.1296,0.0000,0.0000,0.0000,0.0000,5.3,nan
1495,7.93e-05,0.6786,0.0000,0.0000,0.0000,0.0000,6.1,nan
1496,7.91e-05,0.6057,0.0000,0.0000,0.0000,0.0000,7.3,nan
1497,7.88e-05,0.4389,0.0000,0.0000,0.0000,0.0000,6.7,nan
1498,7.85e-05,0.9599,0.0000,0.0000,0.0000,0.0000,5.8,nan
1499,7.82e-05,0.4952,0.0000,0.0000,0.0000,0.0000,5.3,nan
1500,7.79e-05,0.6887,0.0000,0.0000,0.0000,0.0000,9.4,0.6653
1501,7.77e-05,0.9464,0.0000,0.0000,0.0000,0.0000,5.6,nan
1502,7.74e-05,0.6571,0.0000,0.0000,0.0000,0.0000,5.9,nan
1503,7.71e-05,0.6234,0.0000,0.0000,0.0000,0.0000,6.7,nan
1504,7.68e-05,0.5784,0.0000,0.0000,0.0000,0.0000,6.9,nan
1505,7.66e-05,0.7860,0.0000,0.0000,0.0000,0.0000,8.1,nan
1506,7.63e-05,1.1469,0.0000,0.0000,0.0000,0.0000,8.5,nan
1507,7.60e-05,0.6998,0.0000,0.0000,0.0000,0.0000,8.5,nan
1508,7.57e-05,0.9365,0.0000,0.0000,0.0000,0.0000,8.6,nan
1509,7.55e-05,0.5222,0.0000,0.0000,0.0000,0.0000,8.9,nan
1510,7.52e-05,0.7636,0.0000,0.0000,0.0000,0.0000,8.5,nan
1511,7.49e-05,0.4682,0.0000,0.0000,0.0000,0.0000,8.4,nan
1512,7.46e-05,0.7223,0.0000,0.0000,0.0000,0.0000,8.8,nan
1513,7.44e-05,0.9702,0.0000,0.0000,0.0000,0.0000,8.3,nan
1514,7.41e-05,0.9042,0.0000,0.0000,0.0000,0.0000,8.5,nan
1515,7.38e-05,0.6474,0.0000,0.0000,0.0000,0.0000,8.4,nan
1516,7.36e-05,0.8874,0.0000,0.0000,0.0000,0.0000,9.0,nan
1517,7.33e-05,0.7254,0.0000,0.0000,0.0000,0.0000,8.7,nan
1518,7.30e-05,0.3903,0.0000,0.0000,0.0000,0.0000,8.8,nan
1519,7.28e-05,0.6925,0.0000,0.0000,0.0000,0.0000,8.8,nan
1520,7.25e-05,0.6950,0.0000,0.0000,0.0000,0.0000,14.0,0.6843
1521,7.22e-05,0.4226,0.0000,0.0000,0.0000,0.0000,8.6,nan
1522,7.20e-05,0.9228,0.0000,0.0000,0.0000,0.0000,8.7,nan
1523,7.17e-05,0.6290,0.0000,0.0000,0.0000,0.0000,8.8,nan
1524,7.14e-05,0.6170,0.0000,0.0000,0.0000,0.0000,8.3,nan
1525,7.12e-05,0.4160,0.0000,0.0000,0.0000,0.0000,9.2,nan
1526,7.09e-05,0.9571,0.0000,0.0000,0.0000,0.0000,8.2,nan
1527,7.06e-05,0.3531,0.0000,0.0000,0.0000,0.0000,8.7,nan
1528,7.04e-05,0.5658,0.0000,0.0000,0.0000,0.0000,8.5,nan
1529,7.01e-05,0.6226,0.0000,0.0000,0.0000,0.0000,7.9,nan
1530,6.98e-05,0.6269,0.0000,0.0000,0.0000,0.0000,8.2,nan
1531,6.96e-05,0.5694,0.0000,0.0000,0.0000,0.0000,8.5,nan
1532,6.93e-05,0.7451,0.0000,0.0000,0.0000,0.0000,7.9,nan
1533,6.90e-05,0.9488,0.0000,0.0000,0.0000,0.0000,8.4,nan
1534,6.88e-05,0.6800,0.0000,0.0000,0.0000,0.0000,8.7,nan
1535,6.85e-05,0.5704,0.0000,0.0000,0.0000,0.0000,8.4,nan
1536,6.83e-05,0.9380,0.0000,0.0000,0.0000,0.0000,8.6,nan
1537,6.80e-05,0.5355,0.0000,0.0000,0.0000,0.0000,8.2,nan
1538,6.77e-05,0.6286,0.0000,0.0000,0.0000,0.0000,8.3,nan
1539,6.75e-05,0.6200,0.0000,0.0000,0.0000,0.0000,8.8,nan
1540,6.72e-05,0.5366,0.0000,0.0000,0.0000,0.0000,14.2,0.6737
1541,6.70e-05,0.6769,0.0000,0.0000,0.0000,0.0000,8.3,nan
1542,6.67e-05,0.6840,0.0000,0.0000,0.0000,0.0000,8.6,nan
1543,6.64e-05,0.4649,0.0000,0.0000,0.0000,0.0000,9.0,nan
1544,6.62e-05,0.6123,0.0000,0.0000,0.0000,0.0000,8.4,nan
1545,6.59e-05,0.6897,0.0000,0.0000,0.0000,0.0000,8.0,nan
1546,6.57e-05,0.5580,0.0000,0.0000,0.0000,0.0000,8.0,nan
1547,6.54e-05,0.5818,0.0000,0.0000,0.0000,0.0000,8.4,nan
1548,6.52e-05,0.5760,0.0000,0.0000,0.0000,0.0000,8.1,nan
1549,6.49e-05,0.6185,0.0000,0.0000,0.0000,0.0000,7.8,nan
1550,6.46e-05,0.7703,0.0000,0.0000,0.0000,0.0000,8.4,nan
1551,6.44e-05,0.5150,0.0000,0.0000,0.0000,0.0000,8.8,nan
1552,6.41e-05,1.1216,0.0000,0.0000,0.0000,0.0000,8.2,nan
1553,6.39e-05,0.5465,0.0000,0.0000,0.0000,0.0000,8.3,nan
1554,6.36e-05,0.6441,0.0000,0.0000,0.0000,0.0000,8.3,nan
1555,6.34e-05,0.5864,0.0000,0.0000,0.0000,0.0000,6.4,nan
1556,6.31e-05,0.4926,0.0000,0.0000,0.0000,0.0000,5.3,nan
1557,6.29e-05,1.0103,0.0000,0.0000,0.0000,0.0000,6.1,nan
1558,6.26e-05,0.7580,0.0000,0.0000,0.0000,0.0000,7.1,nan
1559,6.24e-05,0.7404,0.0000,0.0000,0.0000,0.0000,6.0,nan
1560,6.21e-05,0.6772,0.0000,0.0000,0.0000,0.0000,9.6,0.6949
1561,6.19e-05,0.7894,0.0000,0.0000,0.0000,0.0000,5.8,nan
1562,6.16e-05,0.8546,0.0000,0.0000,0.0000,0.0000,5.7,nan
1563,6.14e-05,0.7175,0.0000,0.0000,0.0000,0.0000,5.8,nan
1564,6.11e-05,0.4539,0.0000,0.0000,0.0000,0.0000,6.2,nan
1565,6.09e-05,0.6313,0.0000,0.0000,0.0000,0.0000,6.7,nan
1566,6.06e-05,0.5917,0.0000,0.0000,0.0000,0.0000,5.7,nan
1567,6.04e-05,0.4581,0.0000,0.0000,0.0000,0.0000,5.7,nan
1568,6.01e-05,0.9229,0.0000,0.0000,0.0000,0.0000,5.6,nan
1569,5.99e-05,0.7955,0.0000,0.0000,0.0000,0.0000,5.6,nan
1570,5.97e-05,0.5454,0.0000,0.0000,0.0000,0.0000,5.8,nan
1571,5.94e-05,0.9015,0.0000,0.0000,0.0000,0.0000,5.6,nan
1572,5.92e-05,0.7604,0.0000,0.0000,0.0000,0.0000,5.5,nan
1573,5.89e-05,0.9017,0.0000,0.0000,0.0000,0.0000,5.6,nan
1574,5.87e-05,0.5237,0.0000,0.0000,0.0000,0.0000,5.5,nan
1575,5.84e-05,0.8026,0.0000,0.0000,0.0000,0.0000,5.5,nan
1576,5.82e-05,0.8488,0.0000,0.0000,0.0000,0.0000,5.8,nan
1577,5.80e-05,0.8793,0.0000,0.0000,0.0000,0.0000,6.1,nan
1578,5.77e-05,0.4550,0.0000,0.0000,0.0000,0.0000,5.4,nan
1579,5.75e-05,0.5670,0.0000,0.0000,0.0000,0.0000,5.6,nan
1580,5.72e-05,0.4452,0.0000,0.0000,0.0000,0.0000,9.4,0.7034
1581,5.70e-05,0.6889,0.0000,0.0000,0.0000,0.0000,5.9,nan
1582,5.68e-05,0.9692,0.0000,0.0000,0.0000,0.0000,6.0,nan
1583,5.65e-05,0.5758,0.0000,0.0000,0.0000,0.0000,6.0,nan
1584,5.63e-05,0.6328,0.0000,0.0000,0.0000,0.0000,6.2,nan
1585,5.60e-05,0.8240,0.0000,0.0000,0.0000,0.0000,5.9,nan
1586,5.58e-05,0.8501,0.0000,0.0000,0.0000,0.0000,5.6,nan
1587,5.56e-05,0.5376,0.0000,0.0000,0.0000,0.0000,5.5,nan
1588,5.53e-05,0.5564,0.0000,0.0000,0.0000,0.0000,6.4,nan
1589,5.51e-05,0.5117,0.0000,0.0000,0.0000,0.0000,6.5,nan
1590,5.49e-05,0.4556,0.0000,0.0000,0.0000,0.0000,6.4,nan
1591,5.46e-05,0.5192,0.0000,0.0000,0.0000,0.0000,6.2,nan
1592,5.44e-05,0.6473,0.0000,0.0000,0.0000,0.0000,6.5,nan
1593,5.42e-05,0.6468,0.0000,0.0000,0.0000,0.0000,5.9,nan
1594,5.39e-05,0.5357,0.0000,0.0000,0.0000,0.0000,5.7,nan
1595,5.37e-05,0.3852,0.0000,0.0000,0.0000,0.0000,5.5,nan
1596,5.35e-05,0.7068,0.0000,0.0000,0.0000,0.0000,5.4,nan
1597,5.32e-05,0.3949,0.0000,0.0000,0.0000,0.0000,5.4,nan
1598,5.30e-05,0.4120,0.0000,0.0000,0.0000,0.0000,5.4,nan
1599,5.28e-05,0.7091,0.0000,0.0000,0.0000,0.0000,5.5,nan
1600,5.25e-05,0.8028,0.0000,0.0000,0.0000,0.0000,9.0,0.7055
1601,5.23e-05,0.6289,0.0000,0.0000,0.0000,0.0000,5.4,nan
1602,5.21e-05,0.8239,0.0000,0.0000,0.0000,0.0000,5.9,nan
1603,5.18e-05,0.5844,0.0000,0.0000,0.0000,0.0000,5.6,nan
1604,5.16e-05,0.8374,0.0000,0.0000,0.0000,0.0000,5.7,nan
1605,5.14e-05,0.4708,0.0000,0.0000,0.0000,0.0000,5.5,nan
1606,5.12e-05,0.6101,0.0000,0.0000,0.0000,0.0000,5.6,nan
1607,5.09e-05,0.4419,0.0000,0.0000,0.0000,0.0000,5.8,nan
1608,5.07e-05,0.5575,0.0000,0.0000,0.0000,0.0000,5.2,nan
1609,5.05e-05,0.8319,0.0000,0.0000,0.0000,0.0000,6.1,nan
1610,5.02e-05,0.6387,0.0000,0.0000,0.0000,0.0000,5.7,nan
1611,5.00e-05,0.7170,0.0000,0.0000,0.0000,0.0000,5.4,nan
1612,4.98e-05,1.0222,0.0000,0.0000,0.0000,0.0000,5.6,nan
1613,4.96e-05,0.9639,0.0000,0.0000,0.0000,0.0000,6.2,nan
1614,4.94e-05,0.4598,0.0000,0.0000,0.0000,0.0000,6.9,nan
1615,4.91e-05,0.5988,0.0000,0.0000,0.0000,0.0000,6.3,nan
1616,4.89e-05,0.7610,0.0000,0.0000,0.0000,0.0000,5.5,nan
1617,4.87e-05,0.7267,0.0000,0.0000,0.0000,0.0000,5.4,nan
1618,4.85e-05,0.5694,0.0000,0.0000,0.0000,0.0000,5.5,nan
1619,4.82e-05,0.5760,0.0000,0.0000,0.0000,0.0000,6.9,nan
1620,4.80e-05,0.4415,0.0000,0.0000,0.0000,0.0000,11.7,0.6970
1621,4.78e-05,0.6584,0.0000,0.0000,0.0000,0.0000,6.5,nan
1622,4.76e-05,0.9271,0.0000,0.0000,0.0000,0.0000,6.3,nan
1623,4.74e-05,0.6907,0.0000,0.0000,0.0000,0.0000,6.4,nan
1624,4.71e-05,0.6365,0.0000,0.0000,0.0000,0.0000,6.8,nan
1625,4.69e-05,0.8257,0.0000,0.0000,0.0000,0.0000,6.6,nan
1626,4.67e-05,0.7009,0.0000,0.0000,0.0000,0.0000,6.6,nan
1627,4.65e-05,0.8353,0.0000,0.0000,0.0000,0.0000,6.7,nan
1628,4.63e-05,0.4437,0.0000,0.0000,0.0000,0.0000,6.5,nan
1629,4.61e-05,0.5151,0.0000,0.0000,0.0000,0.0000,6.8,nan
1630,4.58e-05,0.8677,0.0000,0.0000,0.0000,0.0000,5.9,nan
1631,4.56e-05,0.5136,0.0000,0.0000,0.0000,0.0000,6.1,nan
1632,4.54e-05,0.5946,0.0000,0.0000,0.0000,0.0000,5.4,nan
1633,4.52e-05,0.4338,0.0000,0.0000,0.0000,0.0000,5.3,nan
1634,4.50e-05,0.7065,0.0000,0.0000,0.0000,0.0000,6.4,nan
1635,4.48e-05,0.6582,0.0000,0.0000,0.0000,0.0000,5.3,nan
1636,4.46e-05,0.4413,0.0000,0.0000,0.0000,0.0000,5.6,nan
1637,4.44e-05,0.4461,0.0000,0.0000,0.0000,0.0000,5.4,nan
1638,4.41e-05,0.7709,0.0000,0.0000,0.0000,0.0000,5.4,nan
1639,4.39e-05,0.2012,0.0000,0.0000,0.0000,0.0000,5.4,nan
1640,4.37e-05,0.6594,0.0000,0.0000,0.0000,0.0000,9.5,0.7161
1641,4.35e-05,0.7109,0.0000,0.0000,0.0000,0.0000,5.7,nan
1642,4.33e-05,0.8550,0.0000,0.0000,0.0000,0.0000,5.7,nan
1643,4.31e-05,0.8979,0.0000,0.0000,0.0000,0.0000,5.6,nan
1644,4.29e-05,0.6599,0.0000,0.0000,0.0000,0.0000,6.1,nan
1645,4.27e-05,0.6211,0.0000,0.0000,0.0000,0.0000,5.6,nan
1646,4.25e-05,0.6982,0.0000,0.0000,0.0000,0.0000,5.3,nan
1647,4.23e-05,0.5312,0.0000,0.0000,0.0000,0.0000,6.4,nan
1648,4.21e-05,0.8928,0.0000,0.0000,0.0000,0.0000,5.4,nan
1649,4.19e-05,0.3237,0.0000,0.0000,0.0000,0.0000,5.4,nan
1650,4.17e-05,0.6646,0.0000,0.0000,0.0000,0.0000,5.3,nan
1651,4.14e-05,0.8075,0.0000,0.0000,0.0000,0.0000,7.1,nan
1652,4.12e-05,0.6316,0.0000,0.0000,0.0000,0.0000,7.2,nan
1653,4.10e-05,0.4848,0.0000,0.0000,0.0000,0.0000,5.5,nan
1654,4.08e-05,0.6976,0.0000,0.0000,0.0000,0.0000,5.6,nan
1655,4.06e-05,0.6087,0.0000,0.0000,0.0000,0.0000,5.7,nan
1656,4.04e-05,0.7679,0.0000,0.0000,0.0000,0.0000,7.5,nan
1657,4.02e-05,0.6139,0.0000,0.0000,0.0000,0.0000,7.0,nan
1658,4.00e-05,0.6453,0.0000,0.0000,0.0000,0.0000,7.3,nan
1659,3.98e-05,0.8694,0.0000,0.0000,0.0000,0.0000,7.5,nan
1660,3.96e-05,0.6566,0.0000,0.0000,0.0000,0.0000,11.7,0.7140
1661,3.94e-05,0.5813,0.0000,0.0000,0.0000,0.0000,7.2,nan
1662,3.92e-05,0.5712,0.0000,0.0000,0.0000,0.0000,6.4,nan
1663,3.90e-05,0.8068,0.0000,0.0000,0.0000,0.0000,5.8,nan
1664,3.88e-05,0.5299,0.0000,0.0000,0.0000,0.0000,5.6,nan
1665,3.86e-05,0.4611,0.0000,0.0000,0.0000,0.0000,5.4,nan
1666,3.84e-05,0.7025,0.0000,0.0000,0.0000,0.0000,6.0,nan
1667,3.82e-05,0.7039,0.0000,0.0000,0.0000,0.0000,5.4,nan
1668,3.81e-05,0.4905,0.0000,0.0000,0.0000,0.0000,5.2,nan
1669,3.79e-05,0.8688,0.0000,0.0000,0.0000,0.0000,5.2,nan
1670,3.77e-05,0.4872,0.0000,0.0000,0.0000,0.0000,5.2,nan
1671,3.75e-05,0.6193,0.0000,0.0000,0.0000,0.0000,5.3,nan
1672,3.73e-05,0.6412,0.0000,0.0000,0.0000,0.0000,5.1,nan
1673,3.71e-05,0.5740,0.0000,0.0000,0.0000,0.0000,5.2,nan
1674,3.69e-05,0.7859,0.0000,0.0000,0.0000,0.0000,5.1,nan
1675,3.67e-05,0.4720,0.0000,0.0000,0.0000,0.0000,5.3,nan
1676,3.65e-05,0.3435,0.0000,0.0000,0.0000,0.0000,5.1,nan
1677,3.63e-05,0.8057,0.0000,0.0000,0.0000,0.0000,5.0,nan
1678,3.61e-05,0.8593,0.0000,0.0000,0.0000,0.0000,5.2,nan
1679,3.59e-05,0.9910,0.0000,0.0000,0.0000,0.0000,5.1,nan
1680,3.58e-05,0.8974,0.0000,0.0000,0.0000,0.0000,8.5,0.6992
1681,3.56e-05,0.4816,0.0000,0.0000,0.0000,0.0000,5.0,nan
1682,3.54e-05,0.3721,0.0000,0.0000,0.0000,0.0000,5.1,nan
1683,3.52e-05,0.7225,0.0000,0.0000,0.0000,0.0000,5.2,nan
1684,3.50e-05,0.6463,0.0000,0.0000,0.0000,0.0000,5.2,nan
1685,3.48e-05,0.5852,0.0000,0.0000,0.0000,0.0000,5.3,nan
1686,3.46e-05,0.6887,0.0000,0.0000,0.0000,0.0000,5.2,nan
1687,3.44e-05,0.6663,0.0000,0.0000,0.0000,0.0000,5.0,nan
1688,3.43e-05,0.6660,0.0000,0.0000,0.0000,0.0000,5.2,nan
1689,3.41e-05,0.8306,0.0000,0.0000,0.0000,0.0000,5.1,nan
1690,3.39e-05,0.7511,0.0000,0.0000,0.0000,0.0000,5.3,nan
1691,3.37e-05,0.9485,0.0000,0.0000,0.0000,0.0000,5.2,nan
1692,3.35e-05,0.7284,0.0000,0.0000,0.0000,0.0000,5.3,nan
1693,3.33e-05,0.9706,0.0000,0.0000,0.0000,0.0000,5.2,nan
1694,3.32e-05,0.7090,0.0000,0.0000,0.0000,0.0000,5.3,nan
1695,3.30e-05,0.4037,0.0000,0.0000,0.0000,0.0000,5.1,nan
1696,3.28e-05,0.5891,0.0000,0.0000,0.0000,0.0000,5.2,nan
1697,3.26e-05,0.5939,0.0000,0.0000,0.0000,0.0000,5.2,nan
1698,3.24e-05,0.4131,0.0000,0.0000,0.0000,0.0000,5.0,nan
1699,3.23e-05,0.5385,0.0000,0.0000,0.0000,0.0000,5.1,nan
1700,3.21e-05,0.6247,0.0000,0.0000,0.0000,0.0000,8.3,0.7076
1701,3.19e-05,0.6164,0.0000,0.0000,0.0000,0.0000,5.3,nan
1702,3.17e-05,0.5417,0.0000,0.0000,0.0000,0.0000,5.2,nan
1703,3.16e-05,0.6690,0.0000,0.0000,0.0000,0.0000,5.4,nan
1704,3.14e-05,0.7229,0.0000,0.0000,0.0000,0.0000,5.2,nan
1705,3.12e-05,0.5050,0.0000,0.0000,0.0000,0.0000,5.1,nan
1706,3.10e-05,0.7294,0.0000,0.0000,0.0000,0.0000,5.2,nan
1707,3.09e-05,0.8169,0.0000,0.0000,0.0000,0.0000,5.3,nan
1708,3.07e-05,0.7350,0.0000,0.0000,0.0000,0.0000,5.2,nan
1709,3.05e-05,0.7685,0.0000,0.0000,0.0000,0.0000,5.1,nan
1710,3.03e-05,0.5751,0.0000,0.0000,0.0000,0.0000,5.0,nan
1711,3.02e-05,0.5147,0.0000,0.0000,0.0000,0.0000,4.9,nan
1712,3.00e-05,0.6331,0.0000,0.0000,0.0000,0.0000,5.0,nan
1713,2.98e-05,0.8604,0.0000,0.0000,0.0000,0.0000,5.3,nan
1714,2.97e-05,0.5884,0.0000,0.0000,0.0000,0.0000,5.2,nan
1715,2.95e-05,0.6158,0.0000,0.0000,0.0000,0.0000,5.0,nan
1716,2.93e-05,0.7022,0.0000,0.0000,0.0000,0.0000,5.0,nan
1717,2.91e-05,0.6653,0.0000,0.0000,0.0000,0.0000,5.2,nan
1718,2.90e-05,0.5183,0.0000,0.0000,0.0000,0.0000,5.1,nan
1719,2.88e-05,0.4333,0.0000,0.0000,0.0000,0.0000,5.1,nan
1720,2.86e-05,0.6995,0.0000,0.0000,0.0000,0.0000,8.5,0.6907
1721,2.85e-05,0.7011,0.0000,0.0000,0.0000,0.0000,5.2,nan
1722,2.83e-05,0.8047,0.0000,0.0000,0.0000,0.0000,5.1,nan
1723,2.81e-05,0.7231,0.0000,0.0000,0.0000,0.0000,5.2,nan
1724,2.80e-05,0.7105,0.0000,0.0000,0.0000,0.0000,5.3,nan
1725,2.78e-05,0.8287,0.0000,0.0000,0.0000,0.0000,5.1,nan
1726,2.77e-05,0.4566,0.0000,0.0000,0.0000,0.0000,5.1,nan
1727,2.75e-05,0.7321,0.0000,0.0000,0.0000,0.0000,5.0,nan
1728,2.73e-05,1.1225,0.0000,0.0000,0.0000,0.0000,5.1,nan
1729,2.72e-05,0.3913,0.0000,0.0000,0.0000,0.0000,5.3,nan
1730,2.70e-05,0.7389,0.0000,0.0000,0.0000,0.0000,5.1,nan
1731,2.68e-05,0.5012,0.0000,0.0000,0.0000,0.0000,5.1,nan
1732,2.67e-05,0.9266,0.0000,0.0000,0.0000,0.0000,5.2,nan
1733,2.65e-05,0.5803,0.0000,0.0000,0.0000,0.0000,5.2,nan
1734,2.64e-05,0.7134,0.0000,0.0000,0.0000,0.0000,5.1,nan
1735,2.62e-05,0.8582,0.0000,0.0000,0.0000,0.0000,5.3,nan
1736,2.60e-05,0.5830,0.0000,0.0000,0.0000,0.0000,5.3,nan
1737,2.59e-05,0.4740,0.0000,0.0000,0.0000,0.0000,5.1,nan
1738,2.57e-05,0.6244,0.0000,0.0000,0.0000,0.0000,5.3,nan
1739,2.56e-05,0.5532,0.0000,0.0000,0.0000,0.0000,5.1,nan
1740,2.54e-05,0.4713,0.0000,0.0000,0.0000,0.0000,8.2,0.6992
1741,2.53e-05,0.6284,0.0000,0.0000,0.0000,0.0000,5.2,nan
1742,2.51e-05,0.5806,0.0000,0.0000,0.0000,0.0000,5.2,nan
1743,2.50e-05,0.6903,0.0000,0.0000,0.0000,0.0000,5.0,nan
1744,2.48e-05,0.3612,0.0000,0.0000,0.0000,0.0000,5.0,nan
1745,2.47e-05,0.5791,0.0000,0.0000,0.0000,0.0000,5.2,nan
1746,2.45e-05,0.6699,0.0000,0.0000,0.0000,0.0000,5.0,nan
1747,2.43e-05,0.8787,0.0000,0.0000,0.0000,0.0000,5.2,nan
1748,2.42e-05,0.7094,0.0000,0.0000,0.0000,0.0000,5.1,nan
1749,2.40e-05,0.6464,0.0000,0.0000,0.0000,0.0000,5.2,nan
1750,2.39e-05,0.8508,0.0000,0.0000,0.0000,0.0000,5.1,nan
1751,2.37e-05,0.9135,0.0000,0.0000,0.0000,0.0000,5.1,nan
1752,2.36e-05,0.5388,0.0000,0.0000,0.0000,0.0000,5.2,nan
1753,2.34e-05,0.6424,0.0000,0.0000,0.0000,0.0000,5.2,nan
1754,2.33e-05,0.5111,0.0000,0.0000,0.0000,0.0000,5.3,nan
1755,2.32e-05,0.7134,0.0000,0.0000,0.0000,0.0000,5.1,nan
1756,2.30e-05,0.6565,0.0000,0.0000,0.0000,0.0000,5.2,nan
1757,2.29e-05,0.7126,0.0000,0.0000,0.0000,0.0000,5.1,nan
1758,2.27e-05,0.7093,0.0000,0.0000,0.0000,0.0000,5.1,nan
1759,2.26e-05,0.7229,0.0000,0.0000,0.0000,0.0000,5.0,nan
1760,2.24e-05,0.6948,0.0000,0.0000,0.0000,0.0000,8.1,0.6949
1761,2.23e-05,0.7682,0.0000,0.0000,0.0000,0.0000,5.0,nan
1762,2.21e-05,0.4138,0.0000,0.0000,0.0000,0.0000,5.2,nan
1763,2.20e-05,0.6409,0.0000,0.0000,0.0000,0.0000,5.2,nan
1764,2.19e-05,0.6876,0.0000,0.0000,0.0000,0.0000,5.2,nan
1765,2.17e-05,0.7095,0.0000,0.0000,0.0000,0.0000,5.0,nan
1766,2.16e-05,0.6428,0.0000,0.0000,0.0000,0.0000,5.0,nan
1767,2.14e-05,0.5025,0.0000,0.0000,0.0000,0.0000,5.1,nan
1768,2.13e-05,0.7187,0.0000,0.0000,0.0000,0.0000,5.2,nan
1769,2.12e-05,0.8184,0.0000,0.0000,0.0000,0.0000,5.2,nan
1770,2.10e-05,0.6710,0.0000,0.0000,0.0000,0.0000,5.2,nan
1771,2.09e-05,0.4703,0.0000,0.0000,0.0000,0.0000,5.1,nan
1772,2.07e-05,0.4371,0.0000,0.0000,0.0000,0.0000,5.3,nan
1773,2.06e-05,0.7621,0.0000,0.0000,0.0000,0.0000,5.0,nan
1774,2.05e-05,0.7703,0.0000,0.0000,0.0000,0.0000,5.3,nan
1775,2.03e-05,0.4733,0.0000,0.0000,0.0000,0.0000,5.3,nan
1776,2.02e-05,0.4970,0.0000,0.0000,0.0000,0.0000,5.0,nan
1777,2.01e-05,0.7787,0.0000,0.0000,0.0000,0.0000,5.2,nan
1778,1.99e-05,0.6944,0.0000,0.0000,0.0000,0.0000,5.2,nan
1779,1.98e-05,0.3833,0.0000,0.0000,0.0000,0.0000,5.1,nan
1780,1.97e-05,0.6078,0.0000,0.0000,0.0000,0.0000,8.6,0.7013
1781,1.95e-05,0.6045,0.0000,0.0000,0.0000,0.0000,5.3,nan
1782,1.94e-05,0.4600,0.0000,0.0000,0.0000,0.0000,4.9,nan
1783,1.93e-05,0.6034,0.0000,0.0000,0.0000,0.0000,5.4,nan
1784,1.91e-05,0.4865,0.0000,0.0000,0.0000,0.0000,5.2,nan
1785,1.90e-05,0.7436,0.0000,0.0000,0.0000,0.0000,4.9,nan
1786,1.89e-05,0.6772,0.0000,0.0000,0.0000,0.0000,5.2,nan
1787,1.87e-05,0.9059,0.0000,0.0000,0.0000,0.0000,5.3,nan
1788,1.86e-05,0.7618,0.0000,0.0000,0.0000,0.0000,5.0,nan
1789,1.85e-05,0.4278,0.0000,0.0000,0.0000,0.0000,5.2,nan
1790,1.84e-05,0.6586,0.0000,0.0000,0.0000,0.0000,5.2,nan
1791,1.82e-05,0.8520,0.0000,0.0000,0.0000,0.0000,5.1,nan
1792,1.81e-05,0.3183,0.0000,0.0000,0.0000,0.0000,5.4,nan
1793,1.80e-05,0.4213,0.0000,0.0000,0.0000,0.0000,5.2,nan
1794,1.79e-05,0.4295,0.0000,0.0000,0.0000,0.0000,5.3,nan
1795,1.77e-05,0.3821,0.0000,0.0000,0.0000,0.0000,5.1,nan
1796,1.76e-05,0.4395,0.0000,0.0000,0.0000,0.0000,5.4,nan
1797,1.75e-05,0.7167,0.0000,0.0000,0.0000,0.0000,5.0,nan
1798,1.74e-05,0.5682,0.0000,0.0000,0.0000,0.0000,5.3,nan
1799,1.72e-05,0.7296,0.0000,0.0000,0.0000,0.0000,5.3,nan
1800,1.71e-05,0.5672,0.0000,0.0000,0.0000,0.0000,8.4,0.6864
1801,1.70e-05,0.5454,0.0000,0.0000,0.0000,0.0000,5.4,nan
1802,1.69e-05,0.7141,0.0000,0.0000,0.0000,0.0000,5.1,nan
1803,1.68e-05,0.7376,0.0000,0.0000,0.0000,0.0000,5.3,nan
1804,1.67e-05,0.3531,0.0000,0.0000,0.0000,0.0000,5.1,nan
1805,1.65e-05,0.5551,0.0000,0.0000,0.0000,0.0000,5.1,nan
1806,1.64e-05,0.4076,0.0000,0.0000,0.0000,0.0000,5.0,nan
1807,1.63e-05,0.5758,0.0000,0.0000,0.0000,0.0000,5.2,nan
1808,1.62e-05,0.5691,0.0000,0.0000,0.0000,0.0000,5.1,nan
1809,1.61e-05,0.5034,0.0000,0.0000,0.0000,0.0000,5.4,nan
1810,1.59e-05,0.7912,0.0000,0.0000,0.0000,0.0000,5.3,nan
1811,1.58e-05,0.7411,0.0000,0.0000,0.0000,0.0000,5.3,nan
1812,1.57e-05,0.5326,0.0000,0.0000,0.0000,0.0000,5.2,nan
1813,1.56e-05,0.4189,0.0000,0.0000,0.0000,0.0000,5.3,nan
1814,1.55e-05,0.6233,0.0000,0.0000,0.0000,0.0000,5.0,nan
1815,1.54e-05,1.1008,0.0000,0.0000,0.0000,0.0000,5.1,nan
1816,1.53e-05,0.7310,0.0000,0.0000,0.0000,0.0000,5.1,nan
1817,1.52e-05,0.6310,0.0000,0.0000,0.0000,0.0000,5.4,nan
1818,1.50e-05,0.6955,0.0000,0.0000,0.0000,0.0000,5.2,nan
1819,1.49e-05,0.7817,0.0000,0.0000,0.0000,0.0000,5.0,nan
1820,1.48e-05,0.6728,0.0000,0.0000,0.0000,0.0000,8.5,0.6886
1821,1.47e-05,0.7131,0.0000,0.0000,0.0000,0.0000,5.0,nan
1822,1.46e-05,0.5781,0.0000,0.0000,0.0000,0.0000,5.2,nan
1823,1.45e-05,0.7982,0.0000,0.0000,0.0000,0.0000,5.2,nan
1824,1.44e-05,0.4841,0.0000,0.0000,0.0000,0.0000,5.2,nan
1825,1.43e-05,0.9035,0.0000,0.0000,0.0000,0.0000,5.0,nan
1826,1.42e-05,0.6081,0.0000,0.0000,0.0000,0.0000,5.0,nan
1827,1.41e-05,0.5801,0.0000,0.0000,0.0000,0.0000,5.2,nan
1828,1.40e-05,0.8997,0.0000,0.0000,0.0000,0.0000,5.2,nan
1829,1.39e-05,0.6093,0.0000,0.0000,0.0000,0.0000,5.0,nan
1830,1.38e-05,0.5335,0.0000,0.0000,0.0000,0.0000,4.9,nan
1831,1.37e-05,0.6574,0.0000,0.0000,0.0000,0.0000,5.3,nan
1832,1.36e-05,0.6096,0.0000,0.0000,0.0000,0.0000,5.2,nan
1833,1.35e-05,0.5780,0.0000,0.0000,0.0000,0.0000,5.1,nan
1834,1.34e-05,0.4907,0.0000,0.0000,0.0000,0.0000,5.2,nan
1835,1.33e-05,0.7593,0.0000,0.0000,0.0000,0.0000,5.3,nan
1836,1.32e-05,0.7339,0.0000,0.0000,0.0000,0.0000,5.1,nan
1837,1.31e-05,0.6565,0.0000,0.0000,0.0000,0.0000,5.1,nan
1838,1.30e-05,0.4498,0.0000,0.0000,0.0000,0.0000,5.3,nan
1839,1.29e-05,0.7177,0.0000,0.0000,0.0000,0.0000,5.2,nan
1840,1.28e-05,0.4178,0.0000,0.0000,0.0000,0.0000,8.3,0.6970
1841,1.27e-05,0.6618,0.0000,0.0000,0.0000,0.0000,5.1,nan
1842,1.26e-05,0.7352,0.0000,0.0000,0.0000,0.0000,5.2,nan
1843,1.25e-05,0.7463,0.0000,0.0000,0.0000,0.0000,5.2,nan
1844,1.24e-05,0.6142,0.0000,0.0000,0.0000,0.0000,5.0,nan
1845,1.23e-05,0.6922,0.0000,0.0000,0.0000,0.0000,5.2,nan
1846,1.22e-05,0.6848,0.0000,0.0000,0.0000,0.0000,5.0,nan
1847,1.21e-05,0.7090,0.0000,0.0000,0.0000,0.0000,5.2,nan
1848,1.20e-05,0.6470,0.0000,0.0000,0.0000,0.0000,5.3,nan
1849,1.19e-05,0.6965,0.0000,0.0000,0.0000,0.0000,5.1,nan
1850,1.18e-05,0.7576,0.0000,0.0000,0.0000,0.0000,5.2,nan
1851,1.17e-05,0.6629,0.0000,0.0000,0.0000,0.0000,5.2,nan
1852,1.16e-05,0.7513,0.0000,0.0000,0.0000,0.0000,5.2,nan
1853,1.16e-05,0.6757,0.0000,0.0000,0.0000,0.0000,5.0,nan
1854,1.15e-05,0.5090,0.0000,0.0000,0.0000,0.0000,5.3,nan
1855,1.14e-05,0.5074,0.0000,0.0000,0.0000,0.0000,5.2,nan
1856,1.13e-05,0.4849,0.0000,0.0000,0.0000,0.0000,5.3,nan
1857,1.12e-05,0.8511,0.0000,0.0000,0.0000,0.0000,5.2,nan
1858,1.11e-05,0.6907,0.0000,0.0000,0.0000,0.0000,5.0,nan
1859,1.10e-05,0.4663,0.0000,0.0000,0.0000,0.0000,5.0,nan
1860,1.09e-05,0.6538,0.0000,0.0000,0.0000,0.0000,8.6,0.7055
1861,1.09e-05,0.5781,0.0000,0.0000,0.0000,0.0000,5.0,nan
1862,1.08e-05,0.9478,0.0000,0.0000,0.0000,0.0000,5.4,nan
1863,1.07e-05,0.6317,0.0000,0.0000,0.0000,0.0000,5.1,nan
1864,1.06e-05,1.0119,0.0000,0.0000,0.0000,0.0000,5.3,nan
1865,1.05e-05,0.5826,0.0000,0.0000,0.0000,0.0000,5.2,nan
1866,1.04e-05,0.5864,0.0000,0.0000,0.0000,0.0000,5.1,nan
1867,1.04e-05,0.6451,0.0000,0.0000,0.0000,0.0000,5.1,nan
1868,1.03e-05,0.6251,0.0000,0.0000,0.0000,0.0000,5.2,nan
1869,1.02e-05,0.5872,0.0000,0.0000,0.0000,0.0000,5.3,nan
1870,1.01e-05,0.5904,0.0000,0.0000,0.0000,0.0000,5.3,nan
1871,1.00e-05,0.6879,0.0000,0.0000,0.0000,0.0000,5.2,nan
1872,9.97e-06,0.4230,0.0000,0.0000,0.0000,0.0000,5.0,nan
1873,9.89e-06,0.5067,0.0000,0.0000,0.0000,0.0000,5.3,nan
1874,9.81e-06,0.7140,0.0000,0.0000,0.0000,0.0000,5.1,nan
1875,9.74e-06,0.6831,0.0000,0.0000,0.0000,0.0000,5.1,nan
1876,9.66e-06,0.6259,0.0000,0.0000,0.0000,0.0000,5.1,nan
1877,9.59e-06,0.8409,0.0000,0.0000,0.0000,0.0000,5.3,nan
1878,9.51e-06,0.5799,0.0000,0.0000,0.0000,0.0000,5.3,nan
1879,9.44e-06,0.5784,0.0000,0.0000,0.0000,0.0000,5.4,nan
1880,9.36e-06,1.0306,0.0000,0.0000,0.0000,0.0000,8.3,0.6970
1881,9.29e-06,0.6805,0.0000,0.0000,0.0000,0.0000,5.2,nan
1882,9.22e-06,0.7576,0.0000,0.0000,0.0000,0.0000,5.4,nan
1883,9.15e-06,0.5867,0.0000,0.0000,0.0000,0.0000,5.1,nan
1884,9.08e-06,0.5969,0.0000,0.0000,0.0000,0.0000,5.2,nan
1885,9.01e-06,0.6588,0.0000,0.0000,0.0000,0.0000,5.3,nan
1886,8.94e-06,0.6469,0.0000,0.0000,0.0000,0.0000,5.2,nan
1887,8.87e-06,0.6530,0.0000,0.0000,0.0000,0.0000,5.2,nan
1888,8.80e-06,0.6574,0.0000,0.0000,0.0000,0.0000,5.2,nan
1889,8.73e-06,0.7237,0.0000,0.0000,0.0000,0.0000,5.2,nan
1890,8.66e-06,0.6177,0.0000,0.0000,0.0000,0.0000,5.4,nan
1891,8.60e-06,0.7720,0.0000,0.0000,0.0000,0.0000,5.2,nan
1892,8.53e-06,0.8302,0.0000,0.0000,0.0000,0.0000,5.0,nan
1893,8.47e-06,0.5143,0.0000,0.0000,0.0000,0.0000,5.0,nan
1894,8.40e-06,0.5361,0.0000,0.0000,0.0000,0.0000,5.2,nan
1895,8.34e-06,0.4958,0.0000,0.0000,0.0000,0.0000,5.3,nan
1896,8.27e-06,0.5189,0.0000,0.0000,0.0000,0.0000,5.0,nan
1897,8.21e-06,0.5166,0.0000,0.0000,0.0000,0.0000,4.9,nan
1898,8.15e-06,0.5491,0.0000,0.0000,0.0000,0.0000,5.1,nan
1899,8.09e-06,1.0179,0.0000,0.0000,0.0000,0.0000,5.1,nan
1900,8.02e-06,0.7975,0.0000,0.0000,0.0000,0.0000,8.5,0.7013
1901,7.96e-06,0.5705,0.0000,0.0000,0.0000,0.0000,5.3,nan
1902,7.90e-06,0.4216,0.0000,0.0000,0.0000,0.0000,5.0,nan
1903,7.84e-06,0.5110,0.0000,0.0000,0.0000,0.0000,5.0,nan
1904,7.79e-06,0.6096,0.0000,0.0000,0.0000,0.0000,5.0,nan
1905,7.73e-06,0.6774,0.0000,0.0000,0.0000,0.0000,5.1,nan
1906,7.67e-06,0.4931,0.0000,0.0000,0.0000,0.0000,5.2,nan
1907,7.61e-06,0.7798,0.0000,0.0000,0.0000,0.0000,5.5,nan
1908,7.56e-06,0.4331,0.0000,0.0000,0.0000,0.0000,5.0,nan
1909,7.50e-06,0.7008,0.0000,0.0000,0.0000,0.0000,4.9,nan
1910,7.45e-06,0.7065,0.0000,0.0000,0.0000,0.0000,5.2,nan
1911,7.39e-06,0.6608,0.0000,0.0000,0.0000,0.0000,5.3,nan
1912,7.34e-06,0.7179,0.0000,0.0000,0.0000,0.0000,5.1,nan
1913,7.28e-06,0.4528,0.0000,0.0000,0.0000,0.0000,5.3,nan
1914,7.23e-06,0.5947,0.0000,0.0000,0.0000,0.0000,5.1,nan
1915,7.18e-06,0.8022,0.0000,0.0000,0.0000,0.0000,5.0,nan
1916,7.13e-06,0.7471,0.0000,0.0000,0.0000,0.0000,5.1,nan
1917,7.08e-06,0.4948,0.0000,0.0000,0.0000,0.0000,5.2,nan
1918,7.03e-06,0.6449,0.0000,0.0000,0.0000,0.0000,5.2,nan
1919,6.98e-06,0.6149,0.0000,0.0000,0.0000,0.0000,5.3,nan
1920,6.93e-06,0.6251,0.0000,0.0000,0.0000,0.0000,8.0,0.7034
1921,6.88e-06,0.6147,0.0000,0.0000,0.0000,0.0000,5.3,nan
1922,6.83e-06,0.4864,0.0000,0.0000,0.0000,0.0000,5.2,nan
1923,6.79e-06,0.5485,0.0000,0.0000,0.0000,0.0000,5.0,nan
1924,6.74e-06,0.7127,0.0000,0.0000,0.0000,0.0000,5.4,nan
1925,6.69e-06,0.5600,0.0000,0.0000,0.0000,0.0000,5.0,nan
1926,6.65e-06,0.9684,0.0000,0.0000,0.0000,0.0000,5.2,nan
1927,6.60e-06,0.6446,0.0000,0.0000,0.0000,0.0000,5.4,nan
1928,6.56e-06,0.6429,0.0000,0.0000,0.0000,0.0000,4.9,nan
1929,6.52e-06,0.7975,0.0000,0.0000,0.0000,0.0000,5.2,nan
1930,6.47e-06,0.7290,0.0000,0.0000,0.0000,0.0000,5.1,nan
1931,6.43e-06,0.6992,0.0000,0.0000,0.0000,0.0000,5.2,nan
1932,6.39e-06,0.5434,0.0000,0.0000,0.0000,0.0000,5.1,nan
1933,6.35e-06,0.5325,0.0000,0.0000,0.0000,0.0000,5.4,nan
1934,6.31e-06,0.6793,0.0000,0.0000,0.0000,0.0000,5.4,nan
1935,6.27e-06,0.5925,0.0000,0.0000,0.0000,0.0000,5.3,nan
1936,6.23e-06,0.7023,0.0000,0.0000,0.0000,0.0000,5.2,nan
1937,6.19e-06,0.7276,0.0000,0.0000,0.0000,0.0000,5.2,nan
1938,6.15e-06,0.7729,0.0000,0.0000,0.0000,0.0000,5.2,nan
1939,6.11e-06,0.3609,0.0000,0.0000,0.0000,0.0000,5.4,nan
1940,6.08e-06,0.8384,0.0000,0.0000,0.0000,0.0000,8.5,0.7034
1941,6.04e-06,0.5430,0.0000,0.0000,0.0000,0.0000,5.1,nan
1942,6.01e-06,0.4207,0.0000,0.0000,0.0000,0.0000,5.1,nan
1943,5.97e-06,0.5106,0.0000,0.0000,0.0000,0.0000,5.3,nan
1944,5.94e-06,0.7160,0.0000,0.0000,0.0000,0.0000,5.1,nan
1945,5.90e-06,0.5531,0.0000,0.0000,0.0000,0.0000,4.9,nan
1946,5.87e-06,0.5318,0.0000,0.0000,0.0000,0.0000,5.1,nan
1947,5.84e-06,0.7334,0.0000,0.0000,0.0000,0.0000,5.3,nan
1948,5.81e-06,0.4158,0.0000,0.0000,0.0000,0.0000,5.1,nan
1949,5.77e-06,0.7414,0.0000,0.0000,0.0000,0.0000,5.1,nan
1950,5.74e-06,0.6713,0.0000,0.0000,0.0000,0.0000,5.1,nan
1951,5.71e-06,0.4898,0.0000,0.0000,0.0000,0.0000,5.1,nan
1952,5.68e-06,0.7301,0.0000,0.0000,0.0000,0.0000,5.2,nan
1953,5.66e-06,0.9210,0.0000,0.0000,0.0000,0.0000,5.1,nan
1954,5.63e-06,0.4606,0.0000,0.0000,0.0000,0.0000,5.2,nan
1955,5.60e-06,0.5157,0.0000,0.0000,0.0000,0.0000,5.2,nan
1956,5.57e-06,0.6823,0.0000,0.0000,0.0000,0.0000,5.1,nan
1957,5.55e-06,0.6003,0.0000,0.0000,0.0000,0.0000,5.0,nan
1958,5.52e-06,0.5955,0.0000,0.0000,0.0000,0.0000,5.0,nan
1959,5.50e-06,0.4671,0.0000,0.0000,0.0000,0.0000,5.2,nan
1960,5.47e-06,0.4967,0.0000,0.0000,0.0000,0.0000,8.1,0.7034
1961,5.45e-06,0.6003,0.0000,0.0000,0.0000,0.0000,5.1,nan
1962,5.42e-06,0.7014,0.0000,0.0000,0.0000,0.0000,5.1,nan
1963,5.40e-06,0.7701,0.0000,0.0000,0.0000,0.0000,5.0,nan
1964,5.38e-06,0.5730,0.0000,0.0000,0.0000,0.0000,5.2,nan
1965,5.36e-06,0.6303,0.0000,0.0000,0.0000,0.0000,5.2,nan
1966,5.34e-06,0.4146,0.0000,0.0000,0.0000,0.0000,5.0,nan
1967,5.32e-06,0.5177,0.0000,0.0000,0.0000,0.0000,5.2,nan
1968,5.30e-06,0.6452,0.0000,0.0000,0.0000,0.0000,5.2,nan
1969,5.28e-06,0.4187,0.0000,0.0000,0.0000,0.0000,5.3,nan
1970,5.26e-06,0.2060,0.0000,0.0000,0.0000,0.0000,5.1,nan
1971,5.24e-06,0.8786,0.0000,0.0000,0.0000,0.0000,5.3,nan
1972,5.23e-06,0.7977,0.0000,0.0000,0.0000,0.0000,5.2,nan
1973,5.21e-06,0.6011,0.0000,0.0000,0.0000,0.0000,5.2,nan
1974,5.19e-06,0.7822,0.0000,0.0000,0.0000,0.0000,5.1,nan
1975,5.18e-06,0.4953,0.0000,0.0000,0.0000,0.0000,5.3,nan
1976,5.16e-06,0.8521,0.0000,0.0000,0.0000,0.0000,5.1,nan
1977,5.15e-06,0.7211,0.0000,0.0000,0.0000,0.0000,5.2,nan
1978,5.14e-06,0.6608,0.0000,0.0000,0.0000,0.0000,5.1,nan
1979,5.12e-06,0.6486,0.0000,0.0000,0.0000,0.0000,5.2,nan
1980,5.11e-06,0.4471,0.0000,0.0000,0.0000,0.0000,8.4,0.7055
1981,5.10e-06,0.7103,0.0000,0.0000,0.0000,0.0000,5.3,nan
1982,5.09e-06,0.5912,0.0000,0.0000,0.0000,0.0000,5.2,nan
1983,5.08e-06,0.5996,0.0000,0.0000,0.0000,0.0000,5.1,nan
1984,5.07e-06,0.6745,0.0000,0.0000,0.0000,0.0000,5.2,nan
1985,5.06e-06,0.6788,0.0000,0.0000,0.0000,0.0000,5.1,nan
1986,5.05e-06,0.6098,0.0000,0.0000,0.0000,0.0000,5.2,nan
1987,5.05e-06,0.7298,0.0000,0.0000,0.0000,0.0000,4.9,nan
1988,5.04e-06,0.5641,0.0000,0.0000,0.0000,0.0000,5.2,nan
1989,5.03e-06,0.6016,0.0000,0.0000,0.0000,0.0000,5.0,nan
1990,5.03e-06,0.8834,0.0000,0.0000,0.0000,0.0000,5.0,nan
1991,5.02e-06,0.5475,0.0000,0.0000,0.0000,0.0000,5.3,nan
1992,5.02e-06,0.5417,0.0000,0.0000,0.0000,0.0000,5.2,nan
1993,5.01e-06,1.0978,0.0000,0.0000,0.0000,0.0000,5.2,nan
1994,5.01e-06,0.7898,0.0000,0.0000,0.0000,0.0000,5.2,nan
1995,5.01e-06,0.5998,0.0000,0.0000,0.0000,0.0000,5.2,nan
1996,5.00e-06,0.4093,0.0000,0.0000,0.0000,0.0000,5.2,nan
1997,5.00e-06,0.6440,0.0000,0.0000,0.0000,0.0000,5.0,nan
1998,5.00e-06,0.5367,0.0000,0.0000,0.0000,0.0000,5.0,nan
1999,5.00e-06,0.8624,0.0000,0.0000,0.0000,0.0000,8.3,0.7140
