epoch,lr,train_loss,val_top1,val_top5,val_balanced,ema_top1,seconds,tracked_test_top1
0,5.00e-05,3.9224,0.0000,0.0000,0.0000,0.0000,26.5,0.0000
1,1.00e-04,3.9123,0.0000,0.0000,0.0000,0.0000,5.0,nan
2,1.50e-04,3.8984,0.0000,0.0000,0.0000,0.0000,4.9,nan
3,2.00e-04,3.8852,0.0000,0.0000,0.0000,0.0000,4.9,nan
4,2.50e-04,3.8380,0.0000,0.0000,0.0000,0.0000,5.0,nan
5,3.00e-04,3.8110,0.0000,0.0000,0.0000,0.0000,5.0,nan
6,3.50e-04,3.7686,0.0000,0.0000,0.0000,0.0000,5.0,nan
7,4.00e-04,3.6782,0.0000,0.0000,0.0000,0.0000,4.9,nan
8,4.50e-04,3.6901,0.0000,0.0000,0.0000,0.0000,5.0,nan
9,5.00e-04,3.6231,0.0000,0.0000,0.0000,0.0000,5.0,nan
10,5.00e-04,3.5695,0.0000,0.0000,0.0000,0.0000,5.0,nan
11,5.00e-04,3.4597,0.0000,0.0000,0.0000,0.0000,4.9,nan
12,5.00e-04,3.4705,0.0000,0.0000,0.0000,0.0000,5.0,nan
13,5.00e-04,3.4183,0.0000,0.0000,0.0000,0.0000,5.0,nan
14,5.00e-04,3.4050,0.0000,0.0000,0.0000,0.0000,4.9,nan
15,5.00e-04,3.3567,0.0000,0.0000,0.0000,0.0000,5.0,nan
16,5.00e-04,3.0934,0.0000,0.0000,0.0000,0.0000,5.0,nan
17,5.00e-04,3.1759,0.0000,0.0000,0.0000,0.0000,4.9,nan
18,5.00e-04,3.1302,0.0000,0.0000,0.0000,0.0000,5.0,nan
19,5.00e-04,3.1900,0.0000,0.0000,0.0000,0.0000,5.0,nan
20,5.00e-04,3.1246,0.0000,0.0000,0.0000,0.0000,7.5,0.2288
21,5.00e-04,2.9144,0.0000,0.0000,0.0000,0.0000,4.9,nan
22,5.00e-04,2.9836,0.0000,0.0000,0.0000,0.0000,5.0,nan
23,5.00e-04,3.0764,0.0000,0.0000,0.0000,0.0000,5.0,nan
24,5.00e-04,2.9629,0.0000,0.0000,0.0000,0.0000,5.0,nan
25,5.00e-04,2.6668,0.0000,0.0000,0.0000,0.0000,5.1,nan
26,5.00e-04,3.0715,0.0000,0.0000,0.0000,0.0000,4.8,nan
27,5.00e-04,2.9274,0.0000,0.0000,0.0000,0.0000,5.0,nan
28,5.00e-04,2.8250,0.0000,0.0000,0.0000,0.0000,5.0,nan
29,5.00e-04,2.9604,0.0000,0.0000,0.0000,0.0000,4.9,nan
30,5.00e-04,2.8629,0.0000,0.0000,0.0000,0.0000,4.9,nan
31,5.00e-04,2.8730,0.0000,0.0000,0.0000,0.0000,4.9,nan
32,5.00e-04,2.5408,0.0000,0.0000,0.0000,0.0000,5.0,nan
33,5.00e-04,2.8172,0.0000,0.0000,0.0000,0.0000,4.9,nan
34,5.00e-04,2.4968,0.0000,0.0000,0.0000,0.0000,4.9,nan
35,5.00e-04,2.7826,0.0000,0.0000,0.0000,0.0000,4.9,nan
36,5.00e-04,2.7993,0.0000,0.0000,0.0000,0.0000,5.1,nan
37,5.00e-04,2.7299,0.0000,0.0000,0.0000,0.0000,5.1,nan
38,5.00e-04,2.3800,0.0000,0.0000,0.0000,0.0000,5.0,nan
39,5.00e-04,2.6371,0.0000,0.0000,0.0000,0.0000,4.9,nan
40,5.00e-04,2.7659,0.0000,0.0000,0.0000,0.0000,7.7,0.3220
41,5.00e-04,2.5862,0.0000,0.0000,0.0000,0.0000,4.9,nan
42,5.00e-04,2.5204,0.0000,0.0000,0.0000,0.0000,5.0,nan
43,5.00e-04,2.5643,0.0000,0.0000,0.0000,0.0000,4.9,nan
44,5.00e-04,2.6676,0.0000,0.0000,0.0000,0.0000,5.0,nan
45,5.00e-04,2.3054,0.0000,0.0000,0.0000,0.0000,5.0,nan
46,5.00e-04,2.2596,0.0000,0.0000,0.0000,0.0000,5.0,nan
47,5.00e-04,2.1410,0.0000,0.0000,0.0000,0.0000,5.0,nan
48,5.00e-04,2.5768,0.0000,0.0000,0.0000,0.0000,5.0,nan
49,5.00e-04,2.6438,0.0000,0.0000,0.0000,0.0000,4.9,nan
50,4.99e-04,2.6494,0.0000,0.0000,0.0000,0.0000,5.0,nan
51,4.99e-04,2.2171,0.0000,0.0000,0.0000,0.0000,5.0,nan
52,4.99e-04,2.6628,0.0000,0.0000,0.0000,0.0000,5.0,nan
53,4.99e-04,2.4072,0.0000,0.0000,0.0000,0.0000,5.0,nan
54,4.99e-04,2.1403,0.0000,0.0000,0.0000,0.0000,5.0,nan
55,4.99e-04,2.3047,0.0000,0.0000,0.0000,0.0000,5.0,nan
56,4.99e-04,2.1742,0.0000,0.0000,0.0000,0.0000,5.0,nan
57,4.99e-04,2.0128,0.0000,0.0000,0.0000,0.0000,5.0,nan
58,4.99e-04,2.3082,0.0000,0.0000,0.0000,0.0000,5.0,nan
59,4.99e-04,2.3006,0.0000,0.0000,0.0000,0.0000,5.0,nan
60,4.99e-04,2.4507,0.0000,0.0000,0.0000,0.0000,7.7,0.4470
61,4.99e-04,2.1948,0.0000,0.0000,0.0000,0.0000,4.9,nan
62,4.99e-04,2.1445,0.0000,0.0000,0.0000,0.0000,4.9,nan
63,4.99e-04,2.0884,0.0000,0.0000,0.0000,0.0000,5.0,nan
64,4.99e-04,2.0104,0.0000,0.0000,0.0000,0.0000,6.0,nan
65,4.99e-04,2.1029,0.0000,0.0000,0.0000,0.0000,5.9,nan
66,4.99e-04,2.3850,0.0000,0.0000,0.0000,0.0000,4.8,nan
67,4.99e-04,1.8307,0.0000,0.0000,0.0000,0.0000,5.1,nan
68,4.99e-04,2.0033,0.0000,0.0000,0.0000,0.0000,4.9,nan
69,4.99e-04,2.0780,0.0000,0.0000,0.0000,0.0000,5.0,nan
70,4.99e-04,2.1989,0.0000,0.0000,0.0000,0.0000,4.9,nan
71,4.99e-04,1.8003,0.0000,0.0000,0.0000,0.0000,5.0,nan
72,4.99e-04,2.0698,0.0000,0.0000,0.0000,0.0000,4.9,nan
73,4.99e-04,1.9528,0.0000,0.0000,0.0000,0.0000,5.0,nan
74,4.99e-04,2.2254,0.0000,0.0000,0.0000,0.0000,4.9,nan
75,4.99e-04,2.1453,0.0000,0.0000,0.0000,0.0000,5.0,nan
76,4.99e-04,2.1892,0.0000,0.0000,0.0000,0.0000,4.9,nan
77,4.99e-04,1.8804,0.0000,0.0000,0.0000,0.0000,5.0,nan
78,4.99e-04,2.0400,0.0000,0.0000,0.0000,0.0000,4.9,nan
79,4.98e-04,1.6222,0.0000,0.0000,0.0000,0.0000,4.8,nan
80,4.98e-04,1.9790,0.0000,0.0000,0.0000,0.0000,7.8,0.4449
81,4.98e-04,2.0640,0.0000,0.0000,0.0000,0.0000,5.0,nan
82,4.98e-04,1.7031,0.0000,0.0000,0.0000,0.0000,5.0,nan
83,4.98e-04,2.1498,0.0000,0.0000,0.0000,0.0000,4.9,nan
84,4.98e-04,1.7072,0.0000,0.0000,0.0000,0.0000,4.9,nan
85,4.98e-04,1.9787,0.0000,0.0000,0.0000,0.0000,4.8,nan
86,4.98e-04,1.9832,0.0000,0.0000,0.0000,0.0000,5.0,nan
87,4.98e-04,1.5967,0.0000,0.0000,0.0000,0.0000,5.0,nan
88,4.98e-04,1.9789,0.0000,0.0000,0.0000,0.0000,5.0,nan
89,4.98e-04,2.0012,0.0000,0.0000,0.0000,0.0000,5.0,nan
90,4.98e-04,2.1690,0.0000,0.0000,0.0000,0.0000,5.1,nan
91,4.98e-04,1.9109,0.0000,0.0000,0.0000,0.0000,5.0,nan
92,4.98e-04,1.5931,0.0000,0.0000,0.0000,0.0000,4.9,nan
93,4.98e-04,1.9124,0.0000,0.0000,0.0000,0.0000,5.0,nan
94,4.98e-04,2.1284,0.0000,0.0000,0.0000,0.0000,5.0,nan
95,4.98e-04,2.1056,0.0000,0.0000,0.0000,0.0000,4.9,nan
96,4.98e-04,1.9013,0.0000,0.0000,0.0000,0.0000,5.0,nan
97,4.98e-04,2.2385,0.0000,0.0000,0.0000,0.0000,5.1,nan
98,4.98e-04,1.8311,0.0000,0.0000,0.0000,0.0000,5.1,nan
99,4.98e-04,1.8792,0.0000,0.0000,0.0000,0.0000,5.0,nan
100,4.97e-04,1.5594,0.0000,0.0000,0.0000,0.0000,7.8,0.5064
101,4.97e-04,2.1001,0.0000,0.0000,0.0000,0.0000,4.9,nan
102,4.97e-04,2.0088,0.0000,0.0000,0.0000,0.0000,5.0,nan
103,4.97e-04,1.9240,0.0000,0.0000,0.0000,0.0000,5.1,nan
104,4.97e-04,2.1231,0.0000,0.0000,0.0000,0.0000,4.9,nan
105,4.97e-04,1.4519,0.0000,0.0000,0.0000,0.0000,4.9,nan
106,4.97e-04,1.3222,0.0000,0.0000,0.0000,0.0000,5.0,nan
107,4.97e-04,1.9422,0.0000,0.0000,0.0000,0.0000,5.0,nan
108,4.97e-04,1.9571,0.0000,0.0000,0.0000,0.0000,4.9,nan
109,4.97e-04,1.6389,0.0000,0.0000,0.0000,0.0000,5.0,nan
110,4.97e-04,2.0298,0.0000,0.0000,0.0000,0.0000,4.9,nan
111,4.97e-04,1.6772,0.0000,0.0000,0.0000,0.0000,5.1,nan
112,4.97e-04,2.0944,0.0000,0.0000,0.0000,0.0000,5.0,nan
113,4.97e-04,1.5664,0.0000,0.0000,0.0000,0.0000,5.1,nan
114,4.97e-04,1.7849,0.0000,0.0000,0.0000,0.0000,5.0,nan
115,4.97e-04,2.0363,0.0000,0.0000,0.0000,0.0000,5.0,nan
116,4.96e-04,1.9440,0.0000,0.0000,0.0000,0.0000,5.0,nan
117,4.96e-04,1.6050,0.0000,0.0000,0.0000,0.0000,5.1,nan
118,4.96e-04,1.9395,0.0000,0.0000,0.0000,0.0000,4.9,nan
119,4.96e-04,1.8441,0.0000,0.0000,0.0000,0.0000,4.8,nan
120,4.96e-04,1.5311,0.0000,0.0000,0.0000,0.0000,7.8,0.5233
121,4.96e-04,1.3044,0.0000,0.0000,0.0000,0.0000,4.9,nan
122,4.96e-04,1.7545,0.0000,0.0000,0.0000,0.0000,5.0,nan
123,4.96e-04,1.5842,0.0000,0.0000,0.0000,0.0000,5.0,nan
124,4.96e-04,2.0948,0.0000,0.0000,0.0000,0.0000,4.9,nan
125,4.96e-04,1.1283,0.0000,0.0000,0.0000,0.0000,5.0,nan
126,4.96e-04,1.5849,0.0000,0.0000,0.0000,0.0000,5.0,nan
127,4.96e-04,1.9323,0.0000,0.0000,0.0000,0.0000,5.0,nan
128,4.96e-04,1.7581,0.0000,0.0000,0.0000,0.0000,5.1,nan
129,4.96e-04,1.6495,0.0000,0.0000,0.0000,0.0000,4.8,nan
130,4.96e-04,1.8006,0.0000,0.0000,0.0000,0.0000,4.9,nan
131,4.95e-04,2.0754,0.0000,0.0000,0.0000,0.0000,5.0,nan
132,4.95e-04,1.4052,0.0000,0.0000,0.0000,0.0000,4.9,nan
133,4.95e-04,1.5926,0.0000,0.0000,0.0000,0.0000,5.0,nan
134,4.95e-04,1.4312,0.0000,0.0000,0.0000,0.0000,5.0,nan
135,4.95e-04,2.0615,0.0000,0.0000,0.0000,0.0000,5.1,nan
136,4.95e-04,1.7511,0.0000,0.0000,0.0000,0.0000,5.0,nan
137,4.95e-04,1.4252,0.0000,0.0000,0.0000,0.0000,4.9,nan
138,4.95e-04,1.5094,0.0000,0.0000,0.0000,0.0000,5.0,nan
139,4.95e-04,2.0925,0.0000,0.0000,0.0000,0.0000,5.1,nan
140,4.95e-04,1.5204,0.0000,0.0000,0.0000,0.0000,7.9,0.5466
141,4.95e-04,1.5274,0.0000,0.0000,0.0000,0.0000,5.0,nan
142,4.95e-04,1.7164,0.0000,0.0000,0.0000,0.0000,5.0,nan
143,4.94e-04,2.0203,0.0000,0.0000,0.0000,0.0000,5.0,nan
144,4.94e-04,1.6120,0.0000,0.0000,0.0000,0.0000,4.9,nan
145,4.94e-04,1.6001,0.0000,0.0000,0.0000,0.0000,5.0,nan
146,4.94e-04,1.5560,0.0000,0.0000,0.0000,0.0000,5.0,nan
147,4.94e-04,1.4154,0.0000,0.0000,0.0000,0.0000,5.1,nan
148,4.94e-04,1.4691,0.0000,0.0000,0.0000,0.0000,5.0,nan
149,4.94e-04,1.7676,0.0000,0.0000,0.0000,0.0000,4.9,nan
150,4.94e-04,2.0150,0.0000,0.0000,0.0000,0.0000,5.0,nan
151,4.94e-04,1.8202,0.0000,0.0000,0.0000,0.0000,4.9,nan
152,4.94e-04,1.5160,0.0000,0.0000,0.0000,0.0000,4.9,nan
153,4.94e-04,1.4367,0.0000,0.0000,0.0000,0.0000,5.0,nan
154,4.94e-04,1.8490,0.0000,0.0000,0.0000,0.0000,5.0,nan
155,4.93e-04,1.4525,0.0000,0.0000,0.0000,0.0000,5.0,nan
156,4.93e-04,1.5786,0.0000,0.0000,0.0000,0.0000,5.1,nan
157,4.93e-04,1.1665,0.0000,0.0000,0.0000,0.0000,5.0,nan
158,4.93e-04,1.7374,0.0000,0.0000,0.0000,0.0000,5.1,nan
159,4.93e-04,1.9975,0.0000,0.0000,0.0000,0.0000,4.9,nan
160,4.93e-04,1.6228,0.0000,0.0000,0.0000,0.0000,7.5,0.5445
161,4.93e-04,1.7580,0.0000,0.0000,0.0000,0.0000,5.1,nan
162,4.93e-04,1.8017,0.0000,0.0000,0.0000,0.0000,5.1,nan
163,4.93e-04,1.2559,0.0000,0.0000,0.0000,0.0000,5.0,nan
164,4.93e-04,1.6542,0.0000,0.0000,0.0000,0.0000,5.0,nan
165,4.93e-04,2.0461,0.0000,0.0000,0.0000,0.0000,5.0,nan
166,4.92e-04,1.7159,0.0000,0.0000,0.0000,0.0000,5.0,nan
167,4.92e-04,1.6392,0.0000,0.0000,0.0000,0.0000,5.0,nan
168,4.92e-04,1.5538,0.0000,0.0000,0.0000,0.0000,5.0,nan
169,4.92e-04,1.5868,0.0000,0.0000,0.0000,0.0000,5.0,nan
170,4.92e-04,1.1977,0.0000,0.0000,0.0000,0.0000,4.9,nan
171,4.92e-04,1.6644,0.0000,0.0000,0.0000,0.0000,4.9,nan
172,4.92e-04,1.8842,0.0000,0.0000,0.0000,0.0000,5.0,nan
173,4.92e-04,1.3145,0.0000,0.0000,0.0000,0.0000,5.0,nan
174,4.92e-04,1.5541,0.0000,0.0000,0.0000,0.0000,5.0,nan
175,4.92e-04,1.7720,0.0000,0.0000,0.0000,0.0000,5.0,nan
176,4.91e-04,1.5767,0.0000,0.0000,0.0000,0.0000,4.9,nan
177,4.91e-04,1.5719,0.0000,0.0000,0.0000,0.0000,5.0,nan
178,4.91e-04,1.5444,0.0000,0.0000,0.0000,0.0000,5.1,nan
179,4.91e-04,1.9837,0.0000,0.0000,0.0000,0.0000,4.8,nan
180,4.91e-04,1.7906,0.0000,0.0000,0.0000,0.0000,7.9,0.5254
181,4.91e-04,1.7622,0.0000,0.0000,0.0000,0.0000,5.1,nan
182,4.91e-04,1.4773,0.0000,0.0000,0.0000,0.0000,4.9,nan
183,4.91e-04,1.7247,0.0000,0.0000,0.0000,0.0000,4.9,nan
184,4.91e-04,1.7261,0.0000,0.0000,0.0000,0.0000,4.9,nan
185,4.91e-04,1.7948,0.0000,0.0000,0.0000,0.0000,5.0,nan
186,4.90e-04,1.6807,0.0000,0.0000,0.0000,0.0000,5.0,nan
187,4.90e-04,1.8917,0.0000,0.0000,0.0000,0.0000,5.1,nan
188,4.90e-04,1.3928,0.0000,0.0000,0.0000,0.0000,4.9,nan
189,4.90e-04,1.6583,0.0000,0.0000,0.0000,0.0000,5.0,nan
190,4.90e-04,1.6166,0.0000,0.0000,0.0000,0.0000,5.0,nan
191,4.90e-04,1.6390,0.0000,0.0000,0.0000,0.0000,5.1,nan
192,4.90e-04,1.4270,0.0000,0.0000,0.0000,0.0000,5.0,nan
193,4.90e-04,1.4230,0.0000,0.0000,0.0000,0.0000,5.0,nan
194,4.90e-04,1.8635,0.0000,0.0000,0.0000,0.0000,5.1,nan
195,4.89e-04,1.8722,0.0000,0.0000,0.0000,0.0000,5.2,nan
196,4.89e-04,1.8092,0.0000,0.0000,0.0000,0.0000,5.3,nan
197,4.89e-04,1.0737,0.0000,0.0000,0.0000,0.0000,4.9,nan
198,4.89e-04,1.3746,0.0000,0.0000,0.0000,0.0000,5.0,nan
199,4.89e-04,1.4336,0.0000,0.0000,0.0000,0.0000,5.1,nan
200,4.89e-04,1.6549,0.0000,0.0000,0.0000,0.0000,7.7,0.5763
201,4.89e-04,1.6307,0.0000,0.0000,0.0000,0.0000,5.1,nan
202,4.89e-04,1.6624,0.0000,0.0000,0.0000,0.0000,4.8,nan
203,4.88e-04,1.7440,0.0000,0.0000,0.0000,0.0000,5.0,nan
204,4.88e-04,1.6480,0.0000,0.0000,0.0000,0.0000,4.9,nan
205,4.88e-04,1.6821,0.0000,0.0000,0.0000,0.0000,4.9,nan
206,4.88e-04,1.4860,0.0000,0.0000,0.0000,0.0000,5.0,nan
207,4.88e-04,1.6673,0.0000,0.0000,0.0000,0.0000,4.9,nan
208,4.88e-04,1.3562,0.0000,0.0000,0.0000,0.0000,5.0,nan
209,4.88e-04,1.4728,0.0000,0.0000,0.0000,0.0000,5.1,nan
210,4.88e-04,2.0162,0.0000,0.0000,0.0000,0.0000,4.9,nan
211,4.88e-04,1.3573,0.0000,0.0000,0.0000,0.0000,5.0,nan
212,4.87e-04,1.6737,0.0000,0.0000,0.0000,0.0000,5.0,nan
213,4.87e-04,1.7500,0.0000,0.0000,0.0000,0.0000,5.0,nan
214,4.87e-04,1.5076,0.0000,0.0000,0.0000,0.0000,5.0,nan
215,4.87e-04,1.5866,0.0000,0.0000,0.0000,0.0000,5.0,nan
216,4.87e-04,1.7922,0.0000,0.0000,0.0000,0.0000,4.9,nan
217,4.87e-04,1.9127,0.0000,0.0000,0.0000,0.0000,4.8,nan
218,4.87e-04,1.6349,0.0000,0.0000,0.0000,0.0000,5.0,nan
219,4.87e-04,1.6253,0.0000,0.0000,0.0000,0.0000,5.0,nan
220,4.86e-04,1.6310,0.0000,0.0000,0.0000,0.0000,7.7,0.5763
221,4.86e-04,1.6472,0.0000,0.0000,0.0000,0.0000,5.0,nan
222,4.86e-04,1.2133,0.0000,0.0000,0.0000,0.0000,5.0,nan
223,4.86e-04,1.7541,0.0000,0.0000,0.0000,0.0000,4.9,nan
224,4.86e-04,1.5259,0.0000,0.0000,0.0000,0.0000,4.9,nan
225,4.86e-04,1.8430,0.0000,0.0000,0.0000,0.0000,5.1,nan
226,4.86e-04,1.3302,0.0000,0.0000,0.0000,0.0000,5.1,nan
227,4.86e-04,1.4357,0.0000,0.0000,0.0000,0.0000,5.0,nan
228,4.85e-04,1.6733,0.0000,0.0000,0.0000,0.0000,5.0,nan
229,4.85e-04,1.3295,0.0000,0.0000,0.0000,0.0000,4.9,nan
230,4.85e-04,1.3260,0.0000,0.0000,0.0000,0.0000,5.0,nan
231,4.85e-04,1.4754,0.0000,0.0000,0.0000,0.0000,5.0,nan
232,4.85e-04,1.7297,0.0000,0.0000,0.0000,0.0000,4.9,nan
233,4.85e-04,1.6509,0.0000,0.0000,0.0000,0.0000,4.9,nan
234,4.85e-04,1.5869,0.0000,0.0000,0.0000,0.0000,5.0,nan
235,4.84e-04,1.5414,0.0000,0.0000,0.0000,0.0000,5.0,nan
236,4.84e-04,1.8770,0.0000,0.0000,0.0000,0.0000,5.0,nan
237,4.84e-04,1.5586,0.0000,0.0000,0.0000,0.0000,5.0,nan
238,4.84e-04,1.7436,0.0000,0.0000,0.0000,0.0000,4.9,nan
239,4.84e-04,1.7012,0.0000,0.0000,0.0000,0.0000,5.0,nan
240,4.84e-04,1.8388,0.0000,0.0000,0.0000,0.0000,8.0,0.5593
241,4.84e-04,1.7976,0.0000,0.0000,0.0000,0.0000,5.0,nan
242,4.83e-04,1.6387,0.0000,0.0000,0.0000,0.0000,4.9,nan
243,4.83e-04,1.4019,0.0000,0.0000,0.0000,0.0000,5.0,nan
244,4.83e-04,1.6695,0.0000,0.0000,0.0000,0.0000,5.1,nan
245,4.83e-04,1.5027,0.0000,0.0000,0.0000,0.0000,5.1,nan
246,4.83e-04,1.3700,0.0000,0.0000,0.0000,0.0000,5.0,nan
247,4.83e-04,1.6129,0.0000,0.0000,0.0000,0.0000,5.0,nan
248,4.83e-04,1.5874,0.0000,0.0000,0.0000,0.0000,4.9,nan
249,4.82e-04,1.8854,0.0000,0.0000,0.0000,0.0000,4.8,nan
250,4.82e-04,1.3870,0.0000,0.0000,0.0000,0.0000,4.9,nan
251,4.82e-04,1.7561,0.0000,0.0000,0.0000,0.0000,4.9,nan
252,4.82e-04,1.4062,0.0000,0.0000,0.0000,0.0000,4.9,nan
253,4.82e-04,1.4818,0.0000,0.0000,0.0000,0.0000,5.0,nan
254,4.82e-04,1.4611,0.0000,0.0000,0.0000,0.0000,5.0,nan
255,4.82e-04,1.7070,0.0000,0.0000,0.0000,0.0000,5.0,nan
256,4.81e-04,1.7070,0.0000,0.0000,0.0000,0.0000,5.0,nan
257,4.81e-04,1.4507,0.0000,0.0000,0.0000,0.0000,5.0,nan
258,4.81e-04,1.5965,0.0000,0.0000,0.0000,0.0000,4.9,nan
259,4.81e-04,1.6755,0.0000,0.0000,0.0000,0.0000,4.9,nan
260,4.81e-04,1.3309,0.0000,0.0000,0.0000,0.0000,7.8,0.5636
261,4.81e-04,1.5911,0.0000,0.0000,0.0000,0.0000,5.0,nan
262,4.81e-04,1.4975,0.0000,0.0000,0.0000,0.0000,5.0,nan
263,4.80e-04,1.6645,0.0000,0.0000,0.0000,0.0000,5.0,nan
264,4.80e-04,1.7960,0.0000,0.0000,0.0000,0.0000,5.0,nan
265,4.80e-04,1.7511,0.0000,0.0000,0.0000,0.0000,4.9,nan
266,4.80e-04,1.9005,0.0000,0.0000,0.0000,0.0000,4.9,nan
267,4.80e-04,1.5450,0.0000,0.0000,0.0000,0.0000,5.0,nan
268,4.80e-04,1.7392,0.0000,0.0000,0.0000,0.0000,5.0,nan
269,4.79e-04,1.4868,0.0000,0.0000,0.0000,0.0000,5.0,nan
270,4.79e-04,1.5391,0.0000,0.0000,0.0000,0.0000,5.0,nan
271,4.79e-04,1.1665,0.0000,0.0000,0.0000,0.0000,5.0,nan
272,4.79e-04,1.6782,0.0000,0.0000,0.0000,0.0000,4.9,nan
273,4.79e-04,1.6756,0.0000,0.0000,0.0000,0.0000,4.9,nan
274,4.79e-04,1.5622,0.0000,0.0000,0.0000,0.0000,5.1,nan
275,4.79e-04,1.7892,0.0000,0.0000,0.0000,0.0000,5.0,nan
276,4.78e-04,1.7846,0.0000,0.0000,0.0000,0.0000,4.9,nan
277,4.78e-04,1.6464,0.0000,0.0000,0.0000,0.0000,5.1,nan
278,4.78e-04,1.5724,0.0000,0.0000,0.0000,0.0000,4.9,nan
279,4.78e-04,1.6528,0.0000,0.0000,0.0000,0.0000,4.9,nan
280,4.78e-04,1.3516,0.0000,0.0000,0.0000,0.0000,7.7,0.5996
281,4.78e-04,1.4314,0.0000,0.0000,0.0000,0.0000,4.9,nan
282,4.77e-04,1.2598,0.0000,0.0000,0.0000,0.0000,5.0,nan
283,4.77e-04,1.7676,0.0000,0.0000,0.0000,0.0000,4.9,nan
284,4.77e-04,1.5647,0.0000,0.0000,0.0000,0.0000,5.1,nan
285,4.77e-04,1.4131,0.0000,0.0000,0.0000,0.0000,5.1,nan
286,4.77e-04,1.3289,0.0000,0.0000,0.0000,0.0000,5.0,nan
287,4.77e-04,1.4472,0.0000,0.0000,0.0000,0.0000,5.0,nan
288,4.76e-04,1.4803,0.0000,0.0000,0.0000,0.0000,5.1,nan
289,4.76e-04,1.4147,0.0000,0.0000,0.0000,0.0000,5.0,nan
290,4.76e-04,1.5025,0.0000,0.0000,0.0000,0.0000,5.0,nan
291,4.76e-04,1.6704,0.0000,0.0000,0.0000,0.0000,4.9,nan
292,4.76e-04,1.2689,0.0000,0.0000,0.0000,0.0000,4.9,nan
293,4.76e-04,1.5503,0.0000,0.0000,0.0000,0.0000,5.0,nan
294,4.75e-04,1.3648,0.0000,0.0000,0.0000,0.0000,4.9,nan
295,4.75e-04,1.6808,0.0000,0.0000,0.0000,0.0000,5.1,nan
296,4.75e-04,1.6400,0.0000,0.0000,0.0000,0.0000,5.0,nan
297,4.75e-04,1.3692,0.0000,0.0000,0.0000,0.0000,5.1,nan
298,4.75e-04,1.4805,0.0000,0.0000,0.0000,0.0000,4.9,nan
299,4.75e-04,1.5008,0.0000,0.0000,0.0000,0.0000,5.1,nan
300,4.74e-04,1.2419,0.0000,0.0000,0.0000,0.0000,7.6,0.5720
301,4.74e-04,1.6384,0.0000,0.0000,0.0000,0.0000,5.0,nan
302,4.74e-04,1.5645,0.0000,0.0000,0.0000,0.0000,5.0,nan
303,4.74e-04,1.2122,0.0000,0.0000,0.0000,0.0000,5.0,nan
304,4.74e-04,1.5232,0.0000,0.0000,0.0000,0.0000,4.9,nan
305,4.73e-04,1.2529,0.0000,0.0000,0.0000,0.0000,5.0,nan
306,4.73e-04,1.8528,0.0000,0.0000,0.0000,0.0000,5.0,nan
307,4.73e-04,1.4063,0.0000,0.0000,0.0000,0.0000,4.8,nan
308,4.73e-04,1.5363,0.0000,0.0000,0.0000,0.0000,5.0,nan
309,4.73e-04,1.2331,0.0000,0.0000,0.0000,0.0000,4.9,nan
310,4.73e-04,1.4944,0.0000,0.0000,0.0000,0.0000,5.0,nan
311,4.72e-04,1.5240,0.0000,0.0000,0.0000,0.0000,4.9,nan
312,4.72e-04,1.3562,0.0000,0.0000,0.0000,0.0000,4.9,nan
313,4.72e-04,1.0313,0.0000,0.0000,0.0000,0.0000,5.0,nan
314,4.72e-04,1.6431,0.0000,0.0000,0.0000,0.0000,4.9,nan
315,4.72e-04,1.4370,0.0000,0.0000,0.0000,0.0000,5.0,nan
316,4.72e-04,1.5409,0.0000,0.0000,0.0000,0.0000,4.9,nan
317,4.71e-04,1.4959,0.0000,0.0000,0.0000,0.0000,4.9,nan
318,4.71e-04,1.6575,0.0000,0.0000,0.0000,0.0000,5.0,nan
319,4.71e-04,1.8692,0.0000,0.0000,0.0000,0.0000,5.0,nan
320,4.71e-04,1.5583,0.0000,0.0000,0.0000,0.0000,7.8,0.5720
321,4.71e-04,1.6651,0.0000,0.0000,0.0000,0.0000,5.0,nan
322,4.70e-04,1.1412,0.0000,0.0000,0.0000,0.0000,5.0,nan
323,4.70e-04,1.4494,0.0000,0.0000,0.0000,0.0000,5.0,nan
324,4.70e-04,1.5691,0.0000,0.0000,0.0000,0.0000,4.9,nan
325,4.70e-04,1.3566,0.0000,0.0000,0.0000,0.0000,5.0,nan
326,4.70e-04,1.6136,0.0000,0.0000,0.0000,0.0000,5.0,nan
327,4.69e-04,1.1709,0.0000,0.0000,0.0000,0.0000,4.9,nan
328,4.69e-04,1.1814,0.0000,0.0000,0.0000,0.0000,5.0,nan
329,4.69e-04,1.4813,0.0000,0.0000,0.0000,0.0000,5.0,nan
330,4.69e-04,1.5734,0.0000,0.0000,0.0000,0.0000,4.8,nan
331,4.69e-04,1.5076,0.0000,0.0000,0.0000,0.0000,4.9,nan
332,4.69e-04,1.4128,0.0000,0.0000,0.0000,0.0000,4.9,nan
333,4.68e-04,1.3895,0.0000,0.0000,0.0000,0.0000,5.1,nan
334,4.68e-04,1.6651,0.0000,0.0000,0.0000,0.0000,4.9,nan
335,4.68e-04,1.4181,0.0000,0.0000,0.0000,0.0000,5.0,nan
336,4.68e-04,1.3255,0.0000,0.0000,0.0000,0.0000,5.1,nan
337,4.68e-04,1.5045,0.0000,0.0000,0.0000,0.0000,5.0,nan
338,4.67e-04,1.0648,0.0000,0.0000,0.0000,0.0000,4.9,nan
339,4.67e-04,1.2650,0.0000,0.0000,0.0000,0.0000,5.0,nan
340,4.67e-04,1.2096,0.0000,0.0000,0.0000,0.0000,7.5,0.6208
341,4.67e-04,1.1380,0.0000,0.0000,0.0000,0.0000,4.9,nan
342,4.67e-04,1.6548,0.0000,0.0000,0.0000,0.0000,4.9,nan
343,4.66e-04,1.5012,0.0000,0.0000,0.0000,0.0000,5.0,nan
344,4.66e-04,1.2968,0.0000,0.0000,0.0000,0.0000,5.0,nan
345,4.66e-04,1.7281,0.0000,0.0000,0.0000,0.0000,5.0,nan
346,4.66e-04,1.3277,0.0000,0.0000,0.0000,0.0000,5.0,nan
347,4.66e-04,1.1459,0.0000,0.0000,0.0000,0.0000,4.9,nan
348,4.65e-04,1.6465,0.0000,0.0000,0.0000,0.0000,5.0,nan
349,4.65e-04,1.4078,0.0000,0.0000,0.0000,0.0000,4.8,nan
350,4.65e-04,1.1859,0.0000,0.0000,0.0000,0.0000,5.0,nan
351,4.65e-04,1.3792,0.0000,0.0000,0.0000,0.0000,4.9,nan
352,4.65e-04,1.7009,0.0000,0.0000,0.0000,0.0000,5.0,nan
353,4.64e-04,1.8867,0.0000,0.0000,0.0000,0.0000,5.0,nan
354,4.64e-04,1.3221,0.0000,0.0000,0.0000,0.0000,5.0,nan
355,4.64e-04,1.4583,0.0000,0.0000,0.0000,0.0000,5.1,nan
356,4.64e-04,1.2644,0.0000,0.0000,0.0000,0.0000,4.9,nan
357,4.64e-04,1.3665,0.0000,0.0000,0.0000,0.0000,4.8,nan
358,4.63e-04,1.5291,0.0000,0.0000,0.0000,0.0000,5.0,nan
359,4.63e-04,1.4502,0.0000,0.0000,0.0000,0.0000,4.9,nan
360,4.63e-04,1.4557,0.0000,0.0000,0.0000,0.0000,7.4,0.5869
361,4.63e-04,1.5645,0.0000,0.0000,0.0000,0.0000,4.9,nan
362,4.63e-04,1.4100,0.0000,0.0000,0.0000,0.0000,5.1,nan
363,4.62e-04,1.6990,0.0000,0.0000,0.0000,0.0000,5.0,nan
364,4.62e-04,1.3386,0.0000,0.0000,0.0000,0.0000,5.0,nan
365,4.62e-04,1.6652,0.0000,0.0000,0.0000,0.0000,4.9,nan
366,4.62e-04,1.4064,0.0000,0.0000,0.0000,0.0000,4.9,nan
367,4.62e-04,1.4027,0.0000,0.0000,0.0000,0.0000,5.0,nan
368,4.61e-04,1.7985,0.0000,0.0000,0.0000,0.0000,5.0,nan
369,4.61e-04,1.4980,0.0000,0.0000,0.0000,0.0000,4.9,nan
370,4.61e-04,1.4994,0.0000,0.0000,0.0000,0.0000,5.0,nan
371,4.61e-04,1.3870,0.0000,0.0000,0.0000,0.0000,4.9,nan
372,4.60e-04,1.5658,0.0000,0.0000,0.0000,0.0000,5.0,nan
373,4.60e-04,1.4300,0.0000,0.0000,0.0000,0.0000,5.1,nan
374,4.60e-04,1.3423,0.0000,0.0000,0.0000,0.0000,4.9,nan
375,4.60e-04,1.4823,0.0000,0.0000,0.0000,0.0000,5.0,nan
376,4.60e-04,1.4435,0.0000,0.0000,0.0000,0.0000,5.0,nan
377,4.59e-04,1.7009,0.0000,0.0000,0.0000,0.0000,5.1,nan
378,4.59e-04,1.1957,0.0000,0.0000,0.0000,0.0000,5.0,nan
379,4.59e-04,1.5499,0.0000,0.0000,0.0000,0.0000,5.0,nan
380,4.59e-04,1.5754,0.0000,0.0000,0.0000,0.0000,7.6,0.6123
381,4.59e-04,1.4559,0.0000,0.0000,0.0000,0.0000,5.0,nan
382,4.58e-04,1.2236,0.0000,0.0000,0.0000,0.0000,5.0,nan
383,4.58e-04,1.3613,0.0000,0.0000,0.0000,0.0000,4.9,nan
384,4.58e-04,1.4039,0.0000,0.0000,0.0000,0.0000,4.9,nan
385,4.58e-04,1.7110,0.0000,0.0000,0.0000,0.0000,4.9,nan
386,4.57e-04,1.6727,0.0000,0.0000,0.0000,0.0000,5.0,nan
387,4.57e-04,1.4516,0.0000,0.0000,0.0000,0.0000,4.9,nan
388,4.57e-04,1.3937,0.0000,0.0000,0.0000,0.0000,5.0,nan
389,4.57e-04,1.4140,0.0000,0.0000,0.0000,0.0000,5.0,nan
390,4.57e-04,1.6081,0.0000,0.0000,0.0000,0.0000,4.8,nan
391,4.56e-04,1.2641,0.0000,0.0000,0.0000,0.0000,5.0,nan
392,4.56e-04,1.2446,0.0000,0.0000,0.0000,0.0000,5.0,nan
393,4.56e-04,1.4569,0.0000,0.0000,0.0000,0.0000,5.1,nan
394,4.56e-04,1.3263,0.0000,0.0000,0.0000,0.0000,5.0,nan
395,4.55e-04,1.6244,0.0000,0.0000,0.0000,0.0000,5.1,nan
396,4.55e-04,1.3129,0.0000,0.0000,0.0000,0.0000,5.0,nan
397,4.55e-04,1.4896,0.0000,0.0000,0.0000,0.0000,5.0,nan
398,4.55e-04,1.7219,0.0000,0.0000,0.0000,0.0000,4.9,nan
399,4.55e-04,1.5847,0.0000,0.0000,0.0000,0.0000,5.1,nan
400,4.54e-04,1.3533,0.0000,0.0000,0.0000,0.0000,7.5,0.6081
401,4.54e-04,1.5299,0.0000,0.0000,0.0000,0.0000,4.9,nan
402,4.54e-04,1.4543,0.0000,0.0000,0.0000,0.0000,5.0,nan
403,4.54e-04,1.1705,0.0000,0.0000,0.0000,0.0000,5.0,nan
404,4.53e-04,1.4899,0.0000,0.0000,0.0000,0.0000,4.9,nan
405,4.53e-04,1.1950,0.0000,0.0000,0.0000,0.0000,5.1,nan
406,4.53e-04,1.4302,0.0000,0.0000,0.0000,0.0000,5.0,nan
407,4.53e-04,1.1515,0.0000,0.0000,0.0000,0.0000,5.0,nan
408,4.53e-04,1.1973,0.0000,0.0000,0.0000,0.0000,5.0,nan
409,4.52e-04,1.4828,0.0000,0.0000,0.0000,0.0000,5.0,nan
410,4.52e-04,1.5177,0.0000,0.0000,0.0000,0.0000,5.0,nan
411,4.52e-04,1.7759,0.0000,0.0000,0.0000,0.0000,4.9,nan
412,4.52e-04,1.0574,0.0000,0.0000,0.0000,0.0000,4.9,nan
413,4.51e-04,1.3416,0.0000,0.0000,0.0000,0.0000,5.1,nan
414,4.51e-04,1.4429,0.0000,0.0000,0.0000,0.0000,5.0,nan
415,4.51e-04,1.3487,0.0000,0.0000,0.0000,0.0000,4.9,nan
416,4.51e-04,1.3457,0.0000,0.0000,0.0000,0.0000,5.1,nan
417,4.50e-04,1.2948,0.0000,0.0000,0.0000,0.0000,5.0,nan
418,4.50e-04,1.5787,0.0000,0.0000,0.0000,0.0000,4.9,nan
419,4.50e-04,1.0567,0.0000,0.0000,0.0000,0.0000,5.0,nan
420,4.50e-04,1.1936,0.0000,0.0000,0.0000,0.0000,7.7,0.6229
421,4.49e-04,1.1305,0.0000,0.0000,0.0000,0.0000,5.0,nan
422,4.49e-04,1.2527,0.0000,0.0000,0.0000,0.0000,5.0,nan
423,4.49e-04,1.2216,0.0000,0.0000,0.0000,0.0000,4.9,nan
424,4.49e-04,1.4492,0.0000,0.0000,0.0000,0.0000,5.1,nan
425,4.49e-04,1.0278,0.0000,0.0000,0.0000,0.0000,5.0,nan
426,4.48e-04,1.5886,0.0000,0.0000,0.0000,0.0000,5.1,nan
427,4.48e-04,0.7832,0.0000,0.0000,0.0000,0.0000,4.9,nan
428,4.48e-04,1.3344,0.0000,0.0000,0.0000,0.0000,5.0,nan
429,4.48e-04,1.1943,0.0000,0.0000,0.0000,0.0000,4.9,nan
430,4.47e-04,1.4627,0.0000,0.0000,0.0000,0.0000,5.1,nan
431,4.47e-04,1.2034,0.0000,0.0000,0.0000,0.0000,5.0,nan
432,4.47e-04,1.4564,0.0000,0.0000,0.0000,0.0000,5.0,nan
433,4.47e-04,1.6171,0.0000,0.0000,0.0000,0.0000,5.0,nan
434,4.46e-04,1.6327,0.0000,0.0000,0.0000,0.0000,5.0,nan
435,4.46e-04,1.4674,0.0000,0.0000,0.0000,0.0000,4.9,nan
436,4.46e-04,1.3019,0.0000,0.0000,0.0000,0.0000,5.0,nan
437,4.46e-04,1.3907,0.0000,0.0000,0.0000,0.0000,4.9,nan
438,4.45e-04,1.2089,0.0000,0.0000,0.0000,0.0000,5.0,nan
439,4.45e-04,1.3072,0.0000,0.0000,0.0000,0.0000,5.0,nan
440,4.45e-04,1.2791,0.0000,0.0000,0.0000,0.0000,7.6,0.6398
441,4.45e-04,1.2601,0.0000,0.0000,0.0000,0.0000,4.9,nan
442,4.44e-04,1.1615,0.0000,0.0000,0.0000,0.0000,5.0,nan
443,4.44e-04,1.3097,0.0000,0.0000,0.0000,0.0000,4.9,nan
444,4.44e-04,0.9886,0.0000,0.0000,0.0000,0.0000,5.1,nan
445,4.44e-04,1.4315,0.0000,0.0000,0.0000,0.0000,5.0,nan
446,4.43e-04,1.4854,0.0000,0.0000,0.0000,0.0000,4.9,nan
447,4.43e-04,1.5353,0.0000,0.0000,0.0000,0.0000,5.0,nan
448,4.43e-04,1.6329,0.0000,0.0000,0.0000,0.0000,5.1,nan
449,4.43e-04,1.4568,0.0000,0.0000,0.0000,0.0000,5.0,nan
450,4.42e-04,1.6210,0.0000,0.0000,0.0000,0.0000,5.0,nan
451,4.42e-04,1.3465,0.0000,0.0000,0.0000,0.0000,5.0,nan
452,4.42e-04,1.2253,0.0000,0.0000,0.0000,0.0000,5.0,nan
453,4.42e-04,1.3333,0.0000,0.0000,0.0000,0.0000,5.0,nan
454,4.41e-04,1.4175,0.0000,0.0000,0.0000,0.0000,4.9,nan
455,4.41e-04,1.3151,0.0000,0.0000,0.0000,0.0000,4.9,nan
456,4.41e-04,1.4363,0.0000,0.0000,0.0000,0.0000,4.9,nan
457,4.41e-04,1.3420,0.0000,0.0000,0.0000,0.0000,5.0,nan
458,4.40e-04,1.4176,0.0000,0.0000,0.0000,0.0000,5.0,nan
459,4.40e-04,1.4143,0.0000,0.0000,0.0000,0.0000,5.1,nan
460,4.40e-04,1.6024,0.0000,0.0000,0.0000,0.0000,7.6,0.5614
461,4.40e-04,1.4433,0.0000,0.0000,0.0000,0.0000,4.9,nan
462,4.39e-04,1.4281,0.0000,0.0000,0.0000,0.0000,5.0,nan
463,4.39e-04,1.6363,0.0000,0.0000,0.0000,0.0000,5.0,nan
464,4.39e-04,1.4074,0.0000,0.0000,0.0000,0.0000,4.9,nan
465,4.39e-04,1.5362,0.0000,0.0000,0.0000,0.0000,4.9,nan
466,4.38e-04,1.5065,0.0000,0.0000,0.0000,0.0000,5.0,nan
467,4.38e-04,1.4862,0.0000,0.0000,0.0000,0.0000,4.9,nan
468,4.38e-04,1.7005,0.0000,0.0000,0.0000,0.0000,4.9,nan
469,4.38e-04,1.3054,0.0000,0.0000,0.0000,0.0000,5.1,nan
470,4.37e-04,1.2876,0.0000,0.0000,0.0000,0.0000,4.9,nan
471,4.37e-04,1.2703,0.0000,0.0000,0.0000,0.0000,5.0,nan
472,4.37e-04,1.4730,0.0000,0.0000,0.0000,0.0000,4.9,nan
473,4.37e-04,1.5313,0.0000,0.0000,0.0000,0.0000,4.9,nan
474,4.36e-04,1.0835,0.0000,0.0000,0.0000,0.0000,5.0,nan
475,4.36e-04,0.9453,0.0000,0.0000,0.0000,0.0000,4.9,nan
476,4.36e-04,1.6157,0.0000,0.0000,0.0000,0.0000,4.9,nan
477,4.35e-04,1.1896,0.0000,0.0000,0.0000,0.0000,5.0,nan
478,4.35e-04,1.3237,0.0000,0.0000,0.0000,0.0000,4.9,nan
479,4.35e-04,0.8457,0.0000,0.0000,0.0000,0.0000,5.0,nan
480,4.35e-04,1.1052,0.0000,0.0000,0.0000,0.0000,7.8,0.6483
481,4.34e-04,1.3708,0.0000,0.0000,0.0000,0.0000,4.8,nan
482,4.34e-04,1.4495,0.0000,0.0000,0.0000,0.0000,4.9,nan
483,4.34e-04,1.2017,0.0000,0.0000,0.0000,0.0000,4.8,nan
484,4.34e-04,1.6167,0.0000,0.0000,0.0000,0.0000,4.9,nan
485,4.33e-04,1.2634,0.0000,0.0000,0.0000,0.0000,4.9,nan
486,4.33e-04,1.3383,0.0000,0.0000,0.0000,0.0000,5.1,nan
487,4.33e-04,1.1469,0.0000,0.0000,0.0000,0.0000,4.9,nan
488,4.33e-04,1.2891,0.0000,0.0000,0.0000,0.0000,5.0,nan
489,4.32e-04,1.1259,0.0000,0.0000,0.0000,0.0000,4.8,nan
490,4.32e-04,1.3959,0.0000,0.0000,0.0000,0.0000,5.0,nan
491,4.32e-04,1.3927,0.0000,0.0000,0.0000,0.0000,5.0,nan
492,4.31e-04,1.0290,0.0000,0.0000,0.0000,0.0000,5.0,nan
493,4.31e-04,1.3322,0.0000,0.0000,0.0000,0.0000,5.0,nan
494,4.31e-04,1.3695,0.0000,0.0000,0.0000,0.0000,5.0,nan
495,4.31e-04,1.5145,0.0000,0.0000,0.0000,0.0000,5.0,nan
496,4.30e-04,1.1558,0.0000,0.0000,0.0000,0.0000,4.9,nan
497,4.30e-04,1.2032,0.0000,0.0000,0.0000,0.0000,4.9,nan
498,4.30e-04,1.3994,0.0000,0.0000,0.0000,0.0000,4.8,nan
499,4.30e-04,1.3584,0.0000,0.0000,0.0000,0.0000,5.0,nan
500,4.29e-04,1.5593,0.0000,0.0000,0.0000,0.0000,7.7,0.6356
501,4.29e-04,1.2961,0.0000,0.0000,0.0000,0.0000,5.0,nan
502,4.29e-04,1.2611,0.0000,0.0000,0.0000,0.0000,5.1,nan
503,4.29e-04,1.3754,0.0000,0.0000,0.0000,0.0000,5.1,nan
504,4.28e-04,1.3422,0.0000,0.0000,0.0000,0.0000,5.0,nan
505,4.28e-04,1.3216,0.0000,0.0000,0.0000,0.0000,4.9,nan
506,4.28e-04,1.4964,0.0000,0.0000,0.0000,0.0000,5.2,nan
507,4.27e-04,1.3272,0.0000,0.0000,0.0000,0.0000,5.0,nan
508,4.27e-04,1.5783,0.0000,0.0000,0.0000,0.0000,5.0,nan
509,4.27e-04,1.3877,0.0000,0.0000,0.0000,0.0000,4.9,nan
510,4.27e-04,1.3307,0.0000,0.0000,0.0000,0.0000,5.0,nan
511,4.26e-04,0.9225,0.0000,0.0000,0.0000,0.0000,5.0,nan
512,4.26e-04,1.1578,0.0000,0.0000,0.0000,0.0000,5.0,nan
513,4.26e-04,1.4025,0.0000,0.0000,0.0000,0.0000,4.9,nan
514,4.25e-04,1.0916,0.0000,0.0000,0.0000,0.0000,5.0,nan
515,4.25e-04,1.3365,0.0000,0.0000,0.0000,0.0000,5.0,nan
516,4.25e-04,1.4485,0.0000,0.0000,0.0000,0.0000,5.1,nan
517,4.25e-04,1.5224,0.0000,0.0000,0.0000,0.0000,4.8,nan
518,4.24e-04,1.1843,0.0000,0.0000,0.0000,0.0000,5.0,nan
519,4.24e-04,1.3168,0.0000,0.0000,0.0000,0.0000,5.0,nan
520,4.24e-04,1.5442,0.0000,0.0000,0.0000,0.0000,7.6,0.6568
521,4.23e-04,1.4578,0.0000,0.0000,0.0000,0.0000,5.0,nan
522,4.23e-04,1.4271,0.0000,0.0000,0.0000,0.0000,5.0,nan
523,4.23e-04,1.3774,0.0000,0.0000,0.0000,0.0000,4.9,nan
524,4.23e-04,1.2582,0.0000,0.0000,0.0000,0.0000,5.0,nan
525,4.22e-04,1.2732,0.0000,0.0000,0.0000,0.0000,5.0,nan
526,4.22e-04,1.1294,0.0000,0.0000,0.0000,0.0000,4.9,nan
527,4.22e-04,1.3353,0.0000,0.0000,0.0000,0.0000,5.0,nan
528,4.21e-04,1.4671,0.0000,0.0000,0.0000,0.0000,5.0,nan
529,4.21e-04,1.3289,0.0000,0.0000,0.0000,0.0000,5.0,nan
530,4.21e-04,1.1171,0.0000,0.0000,0.0000,0.0000,5.0,nan
531,4.21e-04,1.5605,0.0000,0.0000,0.0000,0.0000,4.9,nan
532,4.20e-04,1.1430,0.0000,0.0000,0.0000,0.0000,5.0,nan
533,4.20e-04,1.1549,0.0000,0.0000,0.0000,0.0000,5.0,nan
534,4.20e-04,1.3708,0.0000,0.0000,0.0000,0.0000,4.9,nan
535,4.19e-04,1.4563,0.0000,0.0000,0.0000,0.0000,4.9,nan
536,4.19e-04,1.1588,0.0000,0.0000,0.0000,0.0000,4.9,nan
537,4.19e-04,1.2960,0.0000,0.0000,0.0000,0.0000,4.9,nan
538,4.19e-04,1.2362,0.0000,0.0000,0.0000,0.0000,4.9,nan
539,4.18e-04,1.3461,0.0000,0.0000,0.0000,0.0000,4.8,nan
540,4.18e-04,1.1824,0.0000,0.0000,0.0000,0.0000,8.1,0.6144
541,4.18e-04,1.3193,0.0000,0.0000,0.0000,0.0000,4.8,nan
542,4.17e-04,1.1858,0.0000,0.0000,0.0000,0.0000,4.9,nan
543,4.17e-04,1.5859,0.0000,0.0000,0.0000,0.0000,5.0,nan
544,4.17e-04,0.9732,0.0000,0.0000,0.0000,0.0000,5.0,nan
545,4.17e-04,1.2206,0.0000,0.0000,0.0000,0.0000,4.9,nan
546,4.16e-04,1.1234,0.0000,0.0000,0.0000,0.0000,5.0,nan
547,4.16e-04,1.3887,0.0000,0.0000,0.0000,0.0000,5.0,nan
548,4.16e-04,1.2577,0.0000,0.0000,0.0000,0.0000,5.0,nan
549,4.15e-04,1.2863,0.0000,0.0000,0.0000,0.0000,5.0,nan
550,4.15e-04,1.3518,0.0000,0.0000,0.0000,0.0000,5.0,nan
551,4.15e-04,1.3297,0.0000,0.0000,0.0000,0.0000,5.0,nan
552,4.15e-04,1.3263,0.0000,0.0000,0.0000,0.0000,5.0,nan
553,4.14e-04,1.4582,0.0000,0.0000,0.0000,0.0000,5.0,nan
554,4.14e-04,1.4645,0.0000,0.0000,0.0000,0.0000,5.0,nan
555,4.14e-04,0.9678,0.0000,0.0000,0.0000,0.0000,5.0,nan
556,4.13e-04,1.4134,0.0000,0.0000,0.0000,0.0000,5.1,nan
557,4.13e-04,1.0579,0.0000,0.0000,0.0000,0.0000,5.0,nan
558,4.13e-04,1.3842,0.0000,0.0000,0.0000,0.0000,4.9,nan
559,4.12e-04,1.3173,0.0000,0.0000,0.0000,0.0000,4.9,nan
560,4.12e-04,1.3073,0.0000,0.0000,0.0000,0.0000,7.7,0.5975
561,4.12e-04,1.3347,0.0000,0.0000,0.0000,0.0000,4.9,nan
562,4.12e-04,1.4240,0.0000,0.0000,0.0000,0.0000,5.0,nan
563,4.11e-04,1.3708,0.0000,0.0000,0.0000,0.0000,5.1,nan
564,4.11e-04,1.2551,0.0000,0.0000,0.0000,0.0000,5.1,nan
565,4.11e-04,1.3524,0.0000,0.0000,0.0000,0.0000,5.0,nan
566,4.10e-04,1.8115,0.0000,0.0000,0.0000,0.0000,5.0,nan
567,4.10e-04,1.1554,0.0000,0.0000,0.0000,0.0000,5.0,nan
568,4.10e-04,1.5075,0.0000,0.0000,0.0000,0.0000,4.9,nan
569,4.09e-04,1.0800,0.0000,0.0000,0.0000,0.0000,5.0,nan
570,4.09e-04,1.2137,0.0000,0.0000,0.0000,0.0000,5.0,nan
571,4.09e-04,1.3436,0.0000,0.0000,0.0000,0.0000,5.0,nan
572,4.09e-04,1.1236,0.0000,0.0000,0.0000,0.0000,5.1,nan
573,4.08e-04,1.6960,0.0000,0.0000,0.0000,0.0000,5.1,nan
574,4.08e-04,1.1844,0.0000,0.0000,0.0000,0.0000,5.0,nan
575,4.08e-04,1.4002,0.0000,0.0000,0.0000,0.0000,4.9,nan
576,4.07e-04,1.4547,0.0000,0.0000,0.0000,0.0000,5.0,nan
577,4.07e-04,1.2340,0.0000,0.0000,0.0000,0.0000,5.0,nan
578,4.07e-04,0.8502,0.0000,0.0000,0.0000,0.0000,4.9,nan
579,4.06e-04,1.1601,0.0000,0.0000,0.0000,0.0000,4.9,nan
580,4.06e-04,1.4281,0.0000,0.0000,0.0000,0.0000,7.6,0.6123
581,4.06e-04,1.4096,0.0000,0.0000,0.0000,0.0000,5.0,nan
582,4.05e-04,1.3301,0.0000,0.0000,0.0000,0.0000,4.9,nan
583,4.05e-04,1.3730,0.0000,0.0000,0.0000,0.0000,5.0,nan
584,4.05e-04,1.2154,0.0000,0.0000,0.0000,0.0000,5.0,nan
585,4.05e-04,1.0028,0.0000,0.0000,0.0000,0.0000,5.1,nan
586,4.04e-04,1.2087,0.0000,0.0000,0.0000,0.0000,5.0,nan
587,4.04e-04,1.2560,0.0000,0.0000,0.0000,0.0000,5.0,nan
588,4.04e-04,1.3180,0.0000,0.0000,0.0000,0.0000,4.9,nan
589,4.03e-04,0.8755,0.0000,0.0000,0.0000,0.0000,4.9,nan
590,4.03e-04,1.0323,0.0000,0.0000,0.0000,0.0000,5.1,nan
591,4.03e-04,1.1986,0.0000,0.0000,0.0000,0.0000,5.0,nan
592,4.02e-04,1.0979,0.0000,0.0000,0.0000,0.0000,4.9,nan
593,4.02e-04,1.4423,0.0000,0.0000,0.0000,0.0000,4.9,nan
594,4.02e-04,1.5440,0.0000,0.0000,0.0000,0.0000,5.0,nan
595,4.01e-04,1.3007,0.0000,0.0000,0.0000,0.0000,4.9,nan
596,4.01e-04,1.6428,0.0000,0.0000,0.0000,0.0000,5.1,nan
597,4.01e-04,1.3931,0.0000,0.0000,0.0000,0.0000,5.0,nan
598,4.01e-04,1.2892,0.0000,0.0000,0.0000,0.0000,5.2,nan
599,4.00e-04,1.2947,0.0000,0.0000,0.0000,0.0000,4.9,nan
600,4.00e-04,1.4000,0.0000,0.0000,0.0000,0.0000,7.5,0.6208
601,4.00e-04,1.0212,0.0000,0.0000,0.0000,0.0000,5.0,nan
602,3.99e-04,1.2250,0.0000,0.0000,0.0000,0.0000,5.0,nan
603,3.99e-04,1.5407,0.0000,0.0000,0.0000,0.0000,5.0,nan
604,3.99e-04,1.2623,0.0000,0.0000,0.0000,0.0000,4.9,nan
605,3.98e-04,1.2809,0.0000,0.0000,0.0000,0.0000,5.0,nan
606,3.98e-04,1.4154,0.0000,0.0000,0.0000,0.0000,4.9,nan
607,3.98e-04,1.1920,0.0000,0.0000,0.0000,0.0000,5.0,nan
608,3.97e-04,1.3665,0.0000,0.0000,0.0000,0.0000,5.2,nan
609,3.97e-04,1.4029,0.0000,0.0000,0.0000,0.0000,4.9,nan
610,3.97e-04,1.1872,0.0000,0.0000,0.0000,0.0000,5.0,nan
611,3.96e-04,1.3823,0.0000,0.0000,0.0000,0.0000,5.0,nan
612,3.96e-04,1.4411,0.0000,0.0000,0.0000,0.0000,5.0,nan
613,3.96e-04,0.9432,0.0000,0.0000,0.0000,0.0000,5.1,nan
614,3.95e-04,1.3901,0.0000,0.0000,0.0000,0.0000,4.8,nan
615,3.95e-04,1.1848,0.0000,0.0000,0.0000,0.0000,5.0,nan
616,3.95e-04,1.1031,0.0000,0.0000,0.0000,0.0000,5.1,nan
617,3.95e-04,1.3352,0.0000,0.0000,0.0000,0.0000,5.0,nan
618,3.94e-04,1.4824,0.0000,0.0000,0.0000,0.0000,4.9,nan
619,3.94e-04,1.0675,0.0000,0.0000,0.0000,0.0000,5.0,nan
620,3.94e-04,1.2853,0.0000,0.0000,0.0000,0.0000,7.6,0.6123
621,3.93e-04,1.1011,0.0000,0.0000,0.0000,0.0000,5.1,nan
622,3.93e-04,1.2742,0.0000,0.0000,0.0000,0.0000,4.9,nan
623,3.93e-04,1.1681,0.0000,0.0000,0.0000,0.0000,5.1,nan
624,3.92e-04,1.3280,0.0000,0.0000,0.0000,0.0000,4.9,nan
625,3.92e-04,1.3358,0.0000,0.0000,0.0000,0.0000,5.0,nan
626,3.92e-04,1.4347,0.0000,0.0000,0.0000,0.0000,5.0,nan
627,3.91e-04,1.1268,0.0000,0.0000,0.0000,0.0000,5.1,nan
628,3.91e-04,1.1336,0.0000,0.0000,0.0000,0.0000,5.0,nan
629,3.91e-04,1.4372,0.0000,0.0000,0.0000,0.0000,5.1,nan
630,3.90e-04,1.5454,0.0000,0.0000,0.0000,0.0000,4.9,nan
631,3.90e-04,1.2640,0.0000,0.0000,0.0000,0.0000,5.1,nan
632,3.90e-04,1.1716,0.0000,0.0000,0.0000,0.0000,5.0,nan
633,3.89e-04,1.2493,0.0000,0.0000,0.0000,0.0000,5.0,nan
634,3.89e-04,1.2279,0.0000,0.0000,0.0000,0.0000,5.0,nan
635,3.89e-04,1.2859,0.0000,0.0000,0.0000,0.0000,5.0,nan
636,3.88e-04,1.2587,0.0000,0.0000,0.0000,0.0000,4.9,nan
637,3.88e-04,1.3969,0.0000,0.0000,0.0000,0.0000,4.9,nan
638,3.88e-04,1.1746,0.0000,0.0000,0.0000,0.0000,5.1,nan
639,3.87e-04,1.3367,0.0000,0.0000,0.0000,0.0000,5.1,nan
640,3.87e-04,1.3532,0.0000,0.0000,0.0000,0.0000,7.5,0.6292
641,3.87e-04,1.3440,0.0000,0.0000,0.0000,0.0000,5.1,nan
642,3.86e-04,1.2410,0.0000,0.0000,0.0000,0.0000,5.0,nan
643,3.86e-04,1.2888,0.0000,0.0000,0.0000,0.0000,4.9,nan
644,3.86e-04,1.3886,0.0000,0.0000,0.0000,0.0000,4.9,nan
645,3.85e-04,1.1023,0.0000,0.0000,0.0000,0.0000,5.1,nan
646,3.85e-04,1.2346,0.0000,0.0000,0.0000,0.0000,5.0,nan
647,3.85e-04,1.1073,0.0000,0.0000,0.0000,0.0000,4.9,nan
648,3.84e-04,1.3849,0.0000,0.0000,0.0000,0.0000,5.0,nan
649,3.84e-04,1.0514,0.0000,0.0000,0.0000,0.0000,5.0,nan
650,3.84e-04,1.4858,0.0000,0.0000,0.0000,0.0000,5.0,nan
651,3.83e-04,1.3894,0.0000,0.0000,0.0000,0.0000,4.9,nan
652,3.83e-04,1.2129,0.0000,0.0000,0.0000,0.0000,5.0,nan
653,3.83e-04,0.9458,0.0000,0.0000,0.0000,0.0000,4.9,nan
654,3.82e-04,1.3791,0.0000,0.0000,0.0000,0.0000,4.9,nan
655,3.82e-04,1.2319,0.0000,0.0000,0.0000,0.0000,5.1,nan
656,3.82e-04,1.2838,0.0000,0.0000,0.0000,0.0000,4.9,nan
657,3.81e-04,1.2914,0.0000,0.0000,0.0000,0.0000,4.9,nan
658,3.81e-04,1.5161,0.0000,0.0000,0.0000,0.0000,5.0,nan
659,3.81e-04,1.4486,0.0000,0.0000,0.0000,0.0000,5.0,nan
660,3.80e-04,0.7638,0.0000,0.0000,0.0000,0.0000,7.7,0.6483
661,3.80e-04,1.3014,0.0000,0.0000,0.0000,0.0000,4.9,nan
662,3.80e-04,1.3768,0.0000,0.0000,0.0000,0.0000,5.2,nan
663,3.79e-04,1.5010,0.0000,0.0000,0.0000,0.0000,5.0,nan
664,3.79e-04,1.3547,0.0000,0.0000,0.0000,0.0000,5.1,nan
665,3.79e-04,1.0103,0.0000,0.0000,0.0000,0.0000,5.0,nan
666,3.78e-04,1.0625,0.0000,0.0000,0.0000,0.0000,5.0,nan
667,3.78e-04,1.4017,0.0000,0.0000,0.0000,0.0000,4.9,nan
668,3.78e-04,1.2666,0.0000,0.0000,0.0000,0.0000,4.9,nan
669,3.77e-04,1.4818,0.0000,0.0000,0.0000,0.0000,4.9,nan
670,3.77e-04,0.9878,0.0000,0.0000,0.0000,0.0000,5.0,nan
671,3.77e-04,1.0522,0.0000,0.0000,0.0000,0.0000,4.9,nan
672,3.76e-04,1.0068,0.0000,0.0000,0.0000,0.0000,4.9,nan
673,3.76e-04,1.4951,0.0000,0.0000,0.0000,0.0000,5.0,nan
674,3.76e-04,1.3475,0.0000,0.0000,0.0000,0.0000,5.0,nan
675,3.75e-04,0.9672,0.0000,0.0000,0.0000,0.0000,5.0,nan
676,3.75e-04,1.1247,0.0000,0.0000,0.0000,0.0000,4.9,nan
677,3.75e-04,1.2670,0.0000,0.0000,0.0000,0.0000,4.9,nan
678,3.74e-04,1.0905,0.0000,0.0000,0.0000,0.0000,4.9,nan
679,3.74e-04,1.3476,0.0000,0.0000,0.0000,0.0000,4.9,nan
680,3.74e-04,1.3912,0.0000,0.0000,0.0000,0.0000,7.8,0.6314
681,3.73e-04,1.3683,0.0000,0.0000,0.0000,0.0000,5.0,nan
682,3.73e-04,1.2658,0.0000,0.0000,0.0000,0.0000,4.9,nan
683,3.73e-04,1.1320,0.0000,0.0000,0.0000,0.0000,5.0,nan
684,3.72e-04,0.9091,0.0000,0.0000,0.0000,0.0000,5.0,nan
685,3.72e-04,1.3531,0.0000,0.0000,0.0000,0.0000,4.9,nan
686,3.72e-04,1.1867,0.0000,0.0000,0.0000,0.0000,5.0,nan
687,3.71e-04,1.2760,0.0000,0.0000,0.0000,0.0000,4.9,nan
688,3.71e-04,1.3634,0.0000,0.0000,0.0000,0.0000,4.9,nan
689,3.71e-04,1.3293,0.0000,0.0000,0.0000,0.0000,4.9,nan
690,3.70e-04,1.2729,0.0000,0.0000,0.0000,0.0000,5.0,nan
691,3.70e-04,1.1923,0.0000,0.0000,0.0000,0.0000,5.1,nan
692,3.70e-04,1.1019,0.0000,0.0000,0.0000,0.0000,5.0,nan
693,3.69e-04,1.2467,0.0000,0.0000,0.0000,0.0000,5.0,nan
694,3.69e-04,1.3880,0.0000,0.0000,0.0000,0.0000,4.9,nan
695,3.69e-04,1.3375,0.0000,0.0000,0.0000,0.0000,5.0,nan
696,3.68e-04,1.2652,0.0000,0.0000,0.0000,0.0000,5.0,nan
697,3.68e-04,1.3118,0.0000,0.0000,0.0000,0.0000,5.0,nan
698,3.68e-04,1.1441,0.0000,0.0000,0.0000,0.0000,4.9,nan
699,3.67e-04,1.1120,0.0000,0.0000,0.0000,0.0000,4.9,nan
700,3.67e-04,1.2954,0.0000,0.0000,0.0000,0.0000,7.6,0.6547
701,3.66e-04,1.4464,0.0000,0.0000,0.0000,0.0000,5.0,nan
702,3.66e-04,1.1220,0.0000,0.0000,0.0000,0.0000,5.0,nan
703,3.66e-04,1.2150,0.0000,0.0000,0.0000,0.0000,4.9,nan
704,3.65e-04,1.4770,0.0000,0.0000,0.0000,0.0000,4.9,nan
705,3.65e-04,1.1381,0.0000,0.0000,0.0000,0.0000,5.0,nan
706,3.65e-04,1.2343,0.0000,0.0000,0.0000,0.0000,5.0,nan
707,3.64e-04,1.3031,0.0000,0.0000,0.0000,0.0000,4.9,nan
708,3.64e-04,1.0435,0.0000,0.0000,0.0000,0.0000,5.0,nan
709,3.64e-04,1.1615,0.0000,0.0000,0.0000,0.0000,5.0,nan
710,3.63e-04,1.1578,0.0000,0.0000,0.0000,0.0000,5.3,nan
711,3.63e-04,0.7686,0.0000,0.0000,0.0000,0.0000,5.2,nan
712,3.63e-04,0.9250,0.0000,0.0000,0.0000,0.0000,5.0,nan
713,3.62e-04,1.2255,0.0000,0.0000,0.0000,0.0000,4.9,nan
714,3.62e-04,1.1388,0.0000,0.0000,0.0000,0.0000,5.0,nan
715,3.62e-04,1.2247,0.0000,0.0000,0.0000,0.0000,4.9,nan
716,3.61e-04,1.1869,0.0000,0.0000,0.0000,0.0000,5.0,nan
717,3.61e-04,1.3296,0.0000,0.0000,0.0000,0.0000,5.1,nan
718,3.61e-04,1.2586,0.0000,0.0000,0.0000,0.0000,4.9,nan
719,3.60e-04,1.3061,0.0000,0.0000,0.0000,0.0000,4.9,nan
720,3.60e-04,1.3755,0.0000,0.0000,0.0000,0.0000,7.4,0.6525
721,3.59e-04,0.9943,0.0000,0.0000,0.0000,0.0000,5.0,nan
722,3.59e-04,1.1169,0.0000,0.0000,0.0000,0.0000,4.9,nan
723,3.59e-04,1.2471,0.0000,0.0000,0.0000,0.0000,5.0,nan
724,3.58e-04,0.9438,0.0000,0.0000,0.0000,0.0000,4.9,nan
725,3.58e-04,1.3140,0.0000,0.0000,0.0000,0.0000,5.0,nan
726,3.58e-04,1.1424,0.0000,0.0000,0.0000,0.0000,5.0,nan
727,3.57e-04,1.4443,0.0000,0.0000,0.0000,0.0000,5.0,nan
728,3.57e-04,1.1209,0.0000,0.0000,0.0000,0.0000,5.0,nan
729,3.57e-04,1.1060,0.0000,0.0000,0.0000,0.0000,4.9,nan
730,3.56e-04,1.1739,0.0000,0.0000,0.0000,0.0000,5.0,nan
731,3.56e-04,1.1365,0.0000,0.0000,0.0000,0.0000,5.0,nan
732,3.56e-04,1.1596,0.0000,0.0000,0.0000,0.0000,4.9,nan
733,3.55e-04,1.1164,0.0000,0.0000,0.0000,0.0000,4.9,nan
734,3.55e-04,1.4011,0.0000,0.0000,0.0000,0.0000,4.9,nan
735,3.55e-04,1.2028,0.0000,0.0000,0.0000,0.0000,4.9,nan
736,3.54e-04,1.2466,0.0000,0.0000,0.0000,0.0000,4.9,nan
737,3.54e-04,1.2930,0.0000,0.0000,0.0000,0.0000,4.9,nan
738,3.53e-04,1.1305,0.0000,0.0000,0.0000,0.0000,4.9,nan
739,3.53e-04,1.0118,0.0000,0.0000,0.0000,0.0000,4.9,nan
740,3.53e-04,1.0690,0.0000,0.0000,0.0000,0.0000,7.8,0.6631
741,3.52e-04,1.1712,0.0000,0.0000,0.0000,0.0000,5.1,nan
742,3.52e-04,1.1460,0.0000,0.0000,0.0000,0.0000,5.0,nan
743,3.52e-04,1.2320,0.0000,0.0000,0.0000,0.0000,5.1,nan
744,3.51e-04,0.9695,0.0000,0.0000,0.0000,0.0000,5.0,nan
745,3.51e-04,1.3956,0.0000,0.0000,0.0000,0.0000,4.8,nan
746,3.51e-04,1.1544,0.0000,0.0000,0.0000,0.0000,5.0,nan
747,3.50e-04,1.1537,0.0000,0.0000,0.0000,0.0000,5.1,nan
748,3.50e-04,1.0599,0.0000,0.0000,0.0000,0.0000,4.9,nan
749,3.50e-04,1.2646,0.0000,0.0000,0.0000,0.0000,5.0,nan
750,3.49e-04,1.2727,0.0000,0.0000,0.0000,0.0000,4.9,nan
751,3.49e-04,1.2200,0.0000,0.0000,0.0000,0.0000,5.0,nan
752,3.48e-04,1.2764,0.0000,0.0000,0.0000,0.0000,4.9,nan
753,3.48e-04,1.3271,0.0000,0.0000,0.0000,0.0000,5.0,nan
754,3.48e-04,0.9882,0.0000,0.0000,0.0000,0.0000,5.0,nan
755,3.47e-04,1.1161,0.0000,0.0000,0.0000,0.0000,5.0,nan
756,3.47e-04,1.1490,0.0000,0.0000,0.0000,0.0000,5.1,nan
757,3.47e-04,1.1066,0.0000,0.0000,0.0000,0.0000,5.2,nan
758,3.46e-04,1.2278,0.0000,0.0000,0.0000,0.0000,5.0,nan
759,3.46e-04,1.1808,0.0000,0.0000,0.0000,0.0000,5.0,nan
760,3.46e-04,1.0730,0.0000,0.0000,0.0000,0.0000,7.6,0.6377
761,3.45e-04,1.0453,0.0000,0.0000,0.0000,0.0000,5.0,nan
762,3.45e-04,0.8526,0.0000,0.0000,0.0000,0.0000,5.0,nan
763,3.44e-04,1.4268,0.0000,0.0000,0.0000,0.0000,5.0,nan
764,3.44e-04,1.2607,0.0000,0.0000,0.0000,0.0000,5.0,nan
765,3.44e-04,1.2930,0.0000,0.0000,0.0000,0.0000,5.0,nan
766,3.43e-04,1.0778,0.0000,0.0000,0.0000,0.0000,5.7,nan
767,3.43e-04,1.0431,0.0000,0.0000,0.0000,0.0000,5.1,nan
768,3.43e-04,1.0236,0.0000,0.0000,0.0000,0.0000,4.9,nan
769,3.42e-04,1.3888,0.0000,0.0000,0.0000,0.0000,5.0,nan
770,3.42e-04,1.1667,0.0000,0.0000,0.0000,0.0000,5.0,nan
771,3.42e-04,1.1399,0.0000,0.0000,0.0000,0.0000,5.1,nan
772,3.41e-04,1.1135,0.0000,0.0000,0.0000,0.0000,5.1,nan
773,3.41e-04,1.2950,0.0000,0.0000,0.0000,0.0000,5.0,nan
774,3.40e-04,1.1401,0.0000,0.0000,0.0000,0.0000,4.9,nan
775,3.40e-04,1.3504,0.0000,0.0000,0.0000,0.0000,5.0,nan
776,3.40e-04,1.2842,0.0000,0.0000,0.0000,0.0000,5.0,nan
777,3.39e-04,1.2279,0.0000,0.0000,0.0000,0.0000,5.0,nan
778,3.39e-04,1.0042,0.0000,0.0000,0.0000,0.0000,5.1,nan
779,3.39e-04,1.0620,0.0000,0.0000,0.0000,0.0000,5.1,nan
780,3.38e-04,1.3262,0.0000,0.0000,0.0000,0.0000,7.7,0.6271
781,3.38e-04,1.1860,0.0000,0.0000,0.0000,0.0000,5.0,nan
782,3.38e-04,1.1952,0.0000,0.0000,0.0000,0.0000,5.0,nan
783,3.37e-04,1.2036,0.0000,0.0000,0.0000,0.0000,5.1,nan
784,3.37e-04,1.2239,0.0000,0.0000,0.0000,0.0000,5.1,nan
785,3.36e-04,1.2790,0.0000,0.0000,0.0000,0.0000,4.9,nan
786,3.36e-04,0.9375,0.0000,0.0000,0.0000,0.0000,5.1,nan
787,3.36e-04,1.1796,0.0000,0.0000,0.0000,0.0000,4.9,nan
788,3.35e-04,1.2636,0.0000,0.0000,0.0000,0.0000,5.1,nan
789,3.35e-04,1.0150,0.0000,0.0000,0.0000,0.0000,5.0,nan
790,3.35e-04,1.1595,0.0000,0.0000,0.0000,0.0000,5.0,nan
791,3.34e-04,1.2523,0.0000,0.0000,0.0000,0.0000,5.0,nan
792,3.34e-04,1.3173,0.0000,0.0000,0.0000,0.0000,4.8,nan
793,3.33e-04,1.3207,0.0000,0.0000,0.0000,0.0000,5.2,nan
794,3.33e-04,1.1991,0.0000,0.0000,0.0000,0.0000,5.0,nan
795,3.33e-04,1.2637,0.0000,0.0000,0.0000,0.0000,5.1,nan
796,3.32e-04,1.3877,0.0000,0.0000,0.0000,0.0000,5.0,nan
797,3.32e-04,1.1285,0.0000,0.0000,0.0000,0.0000,5.0,nan
798,3.32e-04,1.1685,0.0000,0.0000,0.0000,0.0000,5.0,nan
799,3.31e-04,1.1101,0.0000,0.0000,0.0000,0.0000,5.0,nan
800,3.31e-04,1.1741,0.0000,0.0000,0.0000,0.0000,7.6,0.6886
801,3.31e-04,0.9953,0.0000,0.0000,0.0000,0.0000,4.9,nan
802,3.30e-04,1.0116,0.0000,0.0000,0.0000,0.0000,4.9,nan
803,3.30e-04,1.1791,0.0000,0.0000,0.0000,0.0000,5.0,nan
804,3.29e-04,1.3597,0.0000,0.0000,0.0000,0.0000,5.0,nan
805,3.29e-04,1.3702,0.0000,0.0000,0.0000,0.0000,5.0,nan
806,3.29e-04,0.9879,0.0000,0.0000,0.0000,0.0000,5.0,nan
807,3.28e-04,0.9639,0.0000,0.0000,0.0000,0.0000,4.9,nan
808,3.28e-04,0.7994,0.0000,0.0000,0.0000,0.0000,5.1,nan
809,3.28e-04,1.0978,0.0000,0.0000,0.0000,0.0000,5.1,nan
810,3.27e-04,1.0864,0.0000,0.0000,0.0000,0.0000,5.0,nan
811,3.27e-04,1.2609,0.0000,0.0000,0.0000,0.0000,4.9,nan
812,3.26e-04,1.2330,0.0000,0.0000,0.0000,0.0000,5.0,nan
813,3.26e-04,1.2105,0.0000,0.0000,0.0000,0.0000,5.0,nan
814,3.26e-04,1.1571,0.0000,0.0000,0.0000,0.0000,5.0,nan
815,3.25e-04,1.0026,0.0000,0.0000,0.0000,0.0000,5.1,nan
816,3.25e-04,1.2696,0.0000,0.0000,0.0000,0.0000,5.0,nan
817,3.25e-04,1.3374,0.0000,0.0000,0.0000,0.0000,5.0,nan
818,3.24e-04,1.1654,0.0000,0.0000,0.0000,0.0000,5.0,nan
819,3.24e-04,0.7638,0.0000,0.0000,0.0000,0.0000,5.0,nan
820,3.23e-04,0.9136,0.0000,0.0000,0.0000,0.0000,7.9,0.6589
821,3.23e-04,0.8899,0.0000,0.0000,0.0000,0.0000,5.0,nan
822,3.23e-04,1.2048,0.0000,0.0000,0.0000,0.0000,5.0,nan
823,3.22e-04,1.1234,0.0000,0.0000,0.0000,0.0000,5.1,nan
824,3.22e-04,1.2635,0.0000,0.0000,0.0000,0.0000,5.1,nan
825,3.22e-04,1.1542,0.0000,0.0000,0.0000,0.0000,5.0,nan
826,3.21e-04,1.2730,0.0000,0.0000,0.0000,0.0000,5.0,nan
827,3.21e-04,1.1190,0.0000,0.0000,0.0000,0.0000,4.9,nan
828,3.20e-04,1.3471,0.0000,0.0000,0.0000,0.0000,5.0,nan
829,3.20e-04,1.2058,0.0000,0.0000,0.0000,0.0000,4.9,nan
830,3.20e-04,1.0971,0.0000,0.0000,0.0000,0.0000,4.9,nan
831,3.19e-04,1.1548,0.0000,0.0000,0.0000,0.0000,5.0,nan
832,3.19e-04,0.9874,0.0000,0.0000,0.0000,0.0000,4.9,nan
833,3.19e-04,1.3395,0.0000,0.0000,0.0000,0.0000,5.2,nan
834,3.18e-04,1.0829,0.0000,0.0000,0.0000,0.0000,5.0,nan
835,3.18e-04,1.1532,0.0000,0.0000,0.0000,0.0000,5.0,nan
836,3.17e-04,1.1317,0.0000,0.0000,0.0000,0.0000,4.9,nan
837,3.17e-04,1.1612,0.0000,0.0000,0.0000,0.0000,5.0,nan
838,3.17e-04,1.3163,0.0000,0.0000,0.0000,0.0000,4.8,nan
839,3.16e-04,1.1025,0.0000,0.0000,0.0000,0.0000,5.0,nan
840,3.16e-04,1.2398,0.0000,0.0000,0.0000,0.0000,7.7,0.6631
841,3.16e-04,1.2943,0.0000,0.0000,0.0000,0.0000,5.0,nan
842,3.15e-04,1.0958,0.0000,0.0000,0.0000,0.0000,5.0,nan
843,3.15e-04,1.1984,0.0000,0.0000,0.0000,0.0000,4.8,nan
844,3.14e-04,1.0049,0.0000,0.0000,0.0000,0.0000,5.0,nan
845,3.14e-04,1.2137,0.0000,0.0000,0.0000,0.0000,5.0,nan
846,3.14e-04,1.1676,0.0000,0.0000,0.0000,0.0000,4.9,nan
847,3.13e-04,1.1336,0.0000,0.0000,0.0000,0.0000,5.0,nan
848,3.13e-04,0.9849,0.0000,0.0000,0.0000,0.0000,4.9,nan
849,3.12e-04,1.3754,0.0000,0.0000,0.0000,0.0000,5.0,nan
850,3.12e-04,1.1714,0.0000,0.0000,0.0000,0.0000,4.9,nan
851,3.12e-04,1.2312,0.0000,0.0000,0.0000,0.0000,5.0,nan
852,3.11e-04,1.3650,0.0000,0.0000,0.0000,0.0000,5.0,nan
853,3.11e-04,0.9924,0.0000,0.0000,0.0000,0.0000,4.9,nan
854,3.11e-04,1.0617,0.0000,0.0000,0.0000,0.0000,4.8,nan
855,3.10e-04,1.1021,0.0000,0.0000,0.0000,0.0000,4.9,nan
856,3.10e-04,1.1542,0.0000,0.0000,0.0000,0.0000,4.9,nan
857,3.09e-04,1.1171,0.0000,0.0000,0.0000,0.0000,5.0,nan
858,3.09e-04,1.3837,0.0000,0.0000,0.0000,0.0000,5.1,nan
859,3.09e-04,1.1189,0.0000,0.0000,0.0000,0.0000,5.1,nan
860,3.08e-04,1.3287,0.0000,0.0000,0.0000,0.0000,7.5,0.6653
861,3.08e-04,1.1618,0.0000,0.0000,0.0000,0.0000,4.9,nan
862,3.08e-04,0.9179,0.0000,0.0000,0.0000,0.0000,5.0,nan
863,3.07e-04,0.9952,0.0000,0.0000,0.0000,0.0000,5.0,nan
864,3.07e-04,1.1665,0.0000,0.0000,0.0000,0.0000,4.9,nan
865,3.06e-04,1.1281,0.0000,0.0000,0.0000,0.0000,5.0,nan
866,3.06e-04,0.9068,0.0000,0.0000,0.0000,0.0000,5.1,nan
867,3.06e-04,1.2463,0.0000,0.0000,0.0000,0.0000,5.1,nan
868,3.05e-04,0.9976,0.0000,0.0000,0.0000,0.0000,5.0,nan
869,3.05e-04,1.1830,0.0000,0.0000,0.0000,0.0000,5.1,nan
870,3.05e-04,1.0191,0.0000,0.0000,0.0000,0.0000,4.9,nan
871,3.04e-04,1.1674,0.0000,0.0000,0.0000,0.0000,5.0,nan
872,3.04e-04,1.1944,0.0000,0.0000,0.0000,0.0000,5.0,nan
873,3.03e-04,1.3977,0.0000,0.0000,0.0000,0.0000,5.0,nan
874,3.03e-04,0.9672,0.0000,0.0000,0.0000,0.0000,5.0,nan
875,3.03e-04,1.1382,0.0000,0.0000,0.0000,0.0000,4.9,nan
876,3.02e-04,1.1940,0.0000,0.0000,0.0000,0.0000,4.9,nan
877,3.02e-04,0.7696,0.0000,0.0000,0.0000,0.0000,5.0,nan
878,3.01e-04,1.2683,0.0000,0.0000,0.0000,0.0000,4.9,nan
879,3.01e-04,1.0582,0.0000,0.0000,0.0000,0.0000,5.0,nan
880,3.01e-04,0.8276,0.0000,0.0000,0.0000,0.0000,7.7,0.6864
881,3.00e-04,1.1167,0.0000,0.0000,0.0000,0.0000,5.0,nan
882,3.00e-04,1.1095,0.0000,0.0000,0.0000,0.0000,5.0,nan
883,3.00e-04,0.8712,0.0000,0.0000,0.0000,0.0000,5.3,nan
884,2.99e-04,1.1873,0.0000,0.0000,0.0000,0.0000,5.1,nan
885,2.99e-04,1.1402,0.0000,0.0000,0.0000,0.0000,4.9,nan
886,2.98e-04,1.0284,0.0000,0.0000,0.0000,0.0000,5.0,nan
887,2.98e-04,1.2845,0.0000,0.0000,0.0000,0.0000,4.9,nan
888,2.98e-04,0.9439,0.0000,0.0000,0.0000,0.0000,5.0,nan
889,2.97e-04,1.0865,0.0000,0.0000,0.0000,0.0000,5.0,nan
890,2.97e-04,1.0920,0.0000,0.0000,0.0000,0.0000,5.0,nan
891,2.96e-04,1.2006,0.0000,0.0000,0.0000,0.0000,5.0,nan
892,2.96e-04,1.0978,0.0000,0.0000,0.0000,0.0000,5.0,nan
893,2.96e-04,1.1239,0.0000,0.0000,0.0000,0.0000,5.0,nan
894,2.95e-04,0.9992,0.0000,0.0000,0.0000,0.0000,5.0,nan
895,2.95e-04,1.0342,0.0000,0.0000,0.0000,0.0000,5.0,nan
896,2.95e-04,1.2283,0.0000,0.0000,0.0000,0.0000,5.0,nan
897,2.94e-04,1.1047,0.0000,0.0000,0.0000,0.0000,5.0,nan
898,2.94e-04,1.1299,0.0000,0.0000,0.0000,0.0000,5.0,nan
899,2.93e-04,1.0637,0.0000,0.0000,0.0000,0.0000,4.9,nan
900,2.93e-04,0.9763,0.0000,0.0000,0.0000,0.0000,7.9,0.6928
901,2.93e-04,1.2735,0.0000,0.0000,0.0000,0.0000,5.0,nan
902,2.92e-04,1.0561,0.0000,0.0000,0.0000,0.0000,5.0,nan
903,2.92e-04,1.0896,0.0000,0.0000,0.0000,0.0000,5.0,nan
904,2.91e-04,1.2649,0.0000,0.0000,0.0000,0.0000,4.9,nan
905,2.91e-04,1.1175,0.0000,0.0000,0.0000,0.0000,5.0,nan
906,2.91e-04,1.0768,0.0000,0.0000,0.0000,0.0000,5.1,nan
907,2.90e-04,1.0646,0.0000,0.0000,0.0000,0.0000,5.0,nan
908,2.90e-04,1.0179,0.0000,0.0000,0.0000,0.0000,5.0,nan
909,2.90e-04,1.1432,0.0000,0.0000,0.0000,0.0000,4.9,nan
910,2.89e-04,0.8228,0.0000,0.0000,0.0000,0.0000,5.0,nan
911,2.89e-04,1.1736,0.0000,0.0000,0.0000,0.0000,5.0,nan
912,2.88e-04,0.9735,0.0000,0.0000,0.0000,0.0000,4.9,nan
913,2.88e-04,1.2662,0.0000,0.0000,0.0000,0.0000,5.0,nan
914,2.88e-04,0.9061,0.0000,0.0000,0.0000,0.0000,5.1,nan
915,2.87e-04,1.1663,0.0000,0.0000,0.0000,0.0000,4.9,nan
916,2.87e-04,0.9788,0.0000,0.0000,0.0000,0.0000,4.9,nan
917,2.86e-04,1.0446,0.0000,0.0000,0.0000,0.0000,5.0,nan
918,2.86e-04,1.2696,0.0000,0.0000,0.0000,0.0000,4.9,nan
919,2.86e-04,1.2210,0.0000,0.0000,0.0000,0.0000,4.9,nan
920,2.85e-04,1.1103,0.0000,0.0000,0.0000,0.0000,7.8,0.6568
921,2.85e-04,0.9347,0.0000,0.0000,0.0000,0.0000,5.0,nan
922,2.84e-04,1.0930,0.0000,0.0000,0.0000,0.0000,5.0,nan
923,2.84e-04,0.7203,0.0000,0.0000,0.0000,0.0000,5.0,nan
924,2.84e-04,0.9137,0.0000,0.0000,0.0000,0.0000,5.0,nan
925,2.83e-04,0.7607,0.0000,0.0000,0.0000,0.0000,4.9,nan
926,2.83e-04,1.2056,0.0000,0.0000,0.0000,0.0000,4.8,nan
927,2.83e-04,0.9583,0.0000,0.0000,0.0000,0.0000,4.9,nan
928,2.82e-04,1.1183,0.0000,0.0000,0.0000,0.0000,5.0,nan
929,2.82e-04,1.2136,0.0000,0.0000,0.0000,0.0000,5.0,nan
930,2.81e-04,1.0468,0.0000,0.0000,0.0000,0.0000,5.0,nan
931,2.81e-04,1.1820,0.0000,0.0000,0.0000,0.0000,5.0,nan
932,2.81e-04,1.0209,0.0000,0.0000,0.0000,0.0000,4.9,nan
933,2.80e-04,1.0417,0.0000,0.0000,0.0000,0.0000,5.0,nan
934,2.80e-04,1.0671,0.0000,0.0000,0.0000,0.0000,4.9,nan
935,2.79e-04,1.1206,0.0000,0.0000,0.0000,0.0000,4.9,nan
936,2.79e-04,0.9369,0.0000,0.0000,0.0000,0.0000,5.0,nan
937,2.79e-04,1.3179,0.0000,0.0000,0.0000,0.0000,5.0,nan
938,2.78e-04,0.9239,0.0000,0.0000,0.0000,0.0000,5.0,nan
939,2.78e-04,1.2526,0.0000,0.0000,0.0000,0.0000,5.1,nan
940,2.78e-04,1.0977,0.0000,0.0000,0.0000,0.0000,7.9,0.6801
941,2.77e-04,0.9347,0.0000,0.0000,0.0000,0.0000,4.9,nan
942,2.77e-04,1.0612,0.0000,0.0000,0.0000,0.0000,5.0,nan
943,2.76e-04,1.1200,0.0000,0.0000,0.0000,0.0000,5.1,nan
944,2.76e-04,1.0843,0.0000,0.0000,0.0000,0.0000,5.1,nan
945,2.76e-04,1.1181,0.0000,0.0000,0.0000,0.0000,4.9,nan
946,2.75e-04,1.0901,0.0000,0.0000,0.0000,0.0000,5.1,nan
947,2.75e-04,1.1601,0.0000,0.0000,0.0000,0.0000,5.0,nan
948,2.74e-04,1.2343,0.0000,0.0000,0.0000,0.0000,4.9,nan
949,2.74e-04,0.9973,0.0000,0.0000,0.0000,0.0000,5.1,nan
950,2.74e-04,1.2254,0.0000,0.0000,0.0000,0.0000,5.0,nan
951,2.73e-04,1.1993,0.0000,0.0000,0.0000,0.0000,5.0,nan
952,2.73e-04,0.9442,0.0000,0.0000,0.0000,0.0000,5.0,nan
953,2.72e-04,1.0213,0.0000,0.0000,0.0000,0.0000,5.0,nan
954,2.72e-04,1.0801,0.0000,0.0000,0.0000,0.0000,4.9,nan
955,2.72e-04,1.1305,0.0000,0.0000,0.0000,0.0000,4.9,nan
956,2.71e-04,1.1660,0.0000,0.0000,0.0000,0.0000,4.8,nan
957,2.71e-04,1.1752,0.0000,0.0000,0.0000,0.0000,5.1,nan
958,2.70e-04,1.1535,0.0000,0.0000,0.0000,0.0000,5.1,nan
959,2.70e-04,0.9077,0.0000,0.0000,0.0000,0.0000,5.1,nan
960,2.70e-04,1.1572,0.0000,0.0000,0.0000,0.0000,7.6,0.6864
961,2.69e-04,0.8589,0.0000,0.0000,0.0000,0.0000,5.0,nan
962,2.69e-04,1.2469,0.0000,0.0000,0.0000,0.0000,4.9,nan
963,2.69e-04,1.1325,0.0000,0.0000,0.0000,0.0000,5.0,nan
964,2.68e-04,1.0634,0.0000,0.0000,0.0000,0.0000,5.0,nan
965,2.68e-04,0.9636,0.0000,0.0000,0.0000,0.0000,5.1,nan
966,2.67e-04,1.2921,0.0000,0.0000,0.0000,0.0000,4.9,nan
967,2.67e-04,0.8256,0.0000,0.0000,0.0000,0.0000,5.0,nan
968,2.67e-04,0.8381,0.0000,0.0000,0.0000,0.0000,5.0,nan
969,2.66e-04,1.1065,0.0000,0.0000,0.0000,0.0000,5.0,nan
970,2.66e-04,1.1239,0.0000,0.0000,0.0000,0.0000,5.0,nan
971,2.65e-04,0.9450,0.0000,0.0000,0.0000,0.0000,5.0,nan
972,2.65e-04,0.9798,0.0000,0.0000,0.0000,0.0000,4.9,nan
973,2.65e-04,1.0901,0.0000,0.0000,0.0000,0.0000,4.9,nan
974,2.64e-04,1.0714,0.0000,0.0000,0.0000,0.0000,4.9,nan
975,2.64e-04,1.0505,0.0000,0.0000,0.0000,0.0000,4.9,nan
976,2.63e-04,1.1287,0.0000,0.0000,0.0000,0.0000,5.0,nan
977,2.63e-04,1.0402,0.0000,0.0000,0.0000,0.0000,4.9,nan
978,2.63e-04,0.8593,0.0000,0.0000,0.0000,0.0000,5.1,nan
979,2.62e-04,1.2385,0.0000,0.0000,0.0000,0.0000,4.9,nan
980,2.62e-04,1.1843,0.0000,0.0000,0.0000,0.0000,7.6,0.6970
981,2.62e-04,1.3025,0.0000,0.0000,0.0000,0.0000,5.1,nan
982,2.61e-04,1.1720,0.0000,0.0000,0.0000,0.0000,5.1,nan
983,2.61e-04,0.9704,0.0000,0.0000,0.0000,0.0000,5.0,nan
984,2.60e-04,1.0851,0.0000,0.0000,0.0000,0.0000,5.1,nan
985,2.60e-04,1.1072,0.0000,0.0000,0.0000,0.0000,5.2,nan
986,2.60e-04,1.1333,0.0000,0.0000,0.0000,0.0000,4.9,nan
987,2.59e-04,1.2209,0.0000,0.0000,0.0000,0.0000,4.9,nan
988,2.59e-04,0.9170,0.0000,0.0000,0.0000,0.0000,5.0,nan
989,2.58e-04,1.1443,0.0000,0.0000,0.0000,0.0000,5.1,nan
990,2.58e-04,1.1360,0.0000,0.0000,0.0000,0.0000,5.0,nan
991,2.58e-04,1.1900,0.0000,0.0000,0.0000,0.0000,4.9,nan
992,2.57e-04,1.0535,0.0000,0.0000,0.0000,0.0000,5.0,nan
993,2.57e-04,1.0550,0.0000,0.0000,0.0000,0.0000,4.9,nan
994,2.56e-04,0.8975,0.0000,0.0000,0.0000,0.0000,4.9,nan
995,2.56e-04,1.0825,0.0000,0.0000,0.0000,0.0000,5.0,nan
996,2.56e-04,0.9847,0.0000,0.0000,0.0000,0.0000,5.0,nan
997,2.55e-04,0.9549,0.0000,0.0000,0.0000,0.0000,5.1,nan
998,2.55e-04,1.2592,0.0000,0.0000,0.0000,0.0000,4.9,nan
999,2.54e-04,1.1781,0.0000,0.0000,0.0000,0.0000,5.1,nan
1000,2.54e-04,1.0278,0.0000,0.0000,0.0000,0.0000,7.8,0.6610
1001,2.54e-04,1.0311,0.0000,0.0000,0.0000,0.0000,5.2,nan
1002,2.53e-04,0.7505,0.0000,0.0000,0.0000,0.0000,5.0,nan
1003,2.53e-04,1.0665,0.0000,0.0000,0.0000,0.0000,5.0,nan
1004,2.53e-04,1.2618,0.0000,0.0000,0.0000,0.0000,4.9,nan
1005,2.52e-04,0.9781,0.0000,0.0000,0.0000,0.0000,4.9,nan
1006,2.52e-04,0.9563,0.0000,0.0000,0.0000,0.0000,5.0,nan
1007,2.51e-04,1.1694,0.0000,0.0000,0.0000,0.0000,5.0,nan
1008,2.51e-04,1.3927,0.0000,0.0000,0.0000,0.0000,5.1,nan
1009,2.51e-04,1.0060,0.0000,0.0000,0.0000,0.0000,5.0,nan
1010,2.50e-04,1.1080,0.0000,0.0000,0.0000,0.0000,5.0,nan
1011,2.50e-04,1.0830,0.0000,0.0000,0.0000,0.0000,4.9,nan
1012,2.49e-04,0.9075,0.0000,0.0000,0.0000,0.0000,5.0,nan
1013,2.49e-04,1.0463,0.0000,0.0000,0.0000,0.0000,4.9,nan
1014,2.49e-04,1.2432,0.0000,0.0000,0.0000,0.0000,5.0,nan
1015,2.48e-04,1.1855,0.0000,0.0000,0.0000,0.0000,5.0,nan
1016,2.48e-04,0.8384,0.0000,0.0000,0.0000,0.0000,5.0,nan
1017,2.47e-04,1.2449,0.0000,0.0000,0.0000,0.0000,4.9,nan
1018,2.47e-04,1.0623,0.0000,0.0000,0.0000,0.0000,4.9,nan
1019,2.47e-04,1.0367,0.0000,0.0000,0.0000,0.0000,5.1,nan
1020,2.46e-04,1.1882,0.0000,0.0000,0.0000,0.0000,7.6,0.6864
1021,2.46e-04,1.2241,0.0000,0.0000,0.0000,0.0000,4.9,nan
1022,2.46e-04,1.2119,0.0000,0.0000,0.0000,0.0000,5.0,nan
1023,2.45e-04,0.9143,0.0000,0.0000,0.0000,0.0000,5.0,nan
1024,2.45e-04,1.2040,0.0000,0.0000,0.0000,0.0000,4.9,nan
1025,2.44e-04,0.9859,0.0000,0.0000,0.0000,0.0000,4.9,nan
1026,2.44e-04,1.2224,0.0000,0.0000,0.0000,0.0000,5.1,nan
1027,2.44e-04,1.2054,0.0000,0.0000,0.0000,0.0000,4.9,nan
1028,2.43e-04,1.1072,0.0000,0.0000,0.0000,0.0000,4.9,nan
1029,2.43e-04,0.9346,0.0000,0.0000,0.0000,0.0000,4.8,nan
1030,2.42e-04,0.7827,0.0000,0.0000,0.0000,0.0000,4.8,nan
1031,2.42e-04,1.1267,0.0000,0.0000,0.0000,0.0000,4.9,nan
1032,2.42e-04,1.0197,0.0000,0.0000,0.0000,0.0000,5.0,nan
1033,2.41e-04,1.0995,0.0000,0.0000,0.0000,0.0000,5.0,nan
1034,2.41e-04,1.2439,0.0000,0.0000,0.0000,0.0000,4.9,nan
1035,2.40e-04,1.0320,0.0000,0.0000,0.0000,0.0000,5.0,nan
1036,2.40e-04,1.1630,0.0000,0.0000,0.0000,0.0000,4.9,nan
1037,2.40e-04,1.1727,0.0000,0.0000,0.0000,0.0000,5.0,nan
1038,2.39e-04,1.0054,0.0000,0.0000,0.0000,0.0000,5.0,nan
1039,2.39e-04,0.9363,0.0000,0.0000,0.0000,0.0000,4.8,nan
1040,2.38e-04,0.9746,0.0000,0.0000,0.0000,0.0000,7.6,0.6843
1041,2.38e-04,1.0411,0.0000,0.0000,0.0000,0.0000,5.0,nan
1042,2.38e-04,1.1844,0.0000,0.0000,0.0000,0.0000,5.0,nan
1043,2.37e-04,0.8928,0.0000,0.0000,0.0000,0.0000,4.9,nan
1044,2.37e-04,0.8993,0.0000,0.0000,0.0000,0.0000,4.9,nan
1045,2.37e-04,1.2450,0.0000,0.0000,0.0000,0.0000,5.0,nan
1046,2.36e-04,0.9330,0.0000,0.0000,0.0000,0.0000,5.0,nan
1047,2.36e-04,1.0276,0.0000,0.0000,0.0000,0.0000,4.8,nan
1048,2.35e-04,1.1109,0.0000,0.0000,0.0000,0.0000,5.0,nan
1049,2.35e-04,0.7740,0.0000,0.0000,0.0000,0.0000,4.9,nan
1050,2.35e-04,1.2096,0.0000,0.0000,0.0000,0.0000,5.0,nan
1051,2.34e-04,1.0539,0.0000,0.0000,0.0000,0.0000,5.0,nan
1052,2.34e-04,0.9932,0.0000,0.0000,0.0000,0.0000,5.0,nan
1053,2.33e-04,1.0692,0.0000,0.0000,0.0000,0.0000,5.0,nan
1054,2.33e-04,0.9935,0.0000,0.0000,0.0000,0.0000,5.1,nan
1055,2.33e-04,0.8721,0.0000,0.0000,0.0000,0.0000,5.0,nan
1056,2.32e-04,1.0927,0.0000,0.0000,0.0000,0.0000,4.9,nan
1057,2.32e-04,1.0889,0.0000,0.0000,0.0000,0.0000,5.1,nan
1058,2.31e-04,1.0400,0.0000,0.0000,0.0000,0.0000,4.9,nan
1059,2.31e-04,0.9968,0.0000,0.0000,0.0000,0.0000,5.0,nan
1060,2.31e-04,1.1882,0.0000,0.0000,0.0000,0.0000,7.5,0.6822
1061,2.30e-04,0.7116,0.0000,0.0000,0.0000,0.0000,4.9,nan
1062,2.30e-04,0.8691,0.0000,0.0000,0.0000,0.0000,5.0,nan
1063,2.30e-04,1.1513,0.0000,0.0000,0.0000,0.0000,5.1,nan
1064,2.29e-04,1.1658,0.0000,0.0000,0.0000,0.0000,5.0,nan
1065,2.29e-04,1.0429,0.0000,0.0000,0.0000,0.0000,5.1,nan
1066,2.28e-04,1.1461,0.0000,0.0000,0.0000,0.0000,5.0,nan
1067,2.28e-04,1.1238,0.0000,0.0000,0.0000,0.0000,5.0,nan
1068,2.28e-04,1.2684,0.0000,0.0000,0.0000,0.0000,5.0,nan
1069,2.27e-04,1.2464,0.0000,0.0000,0.0000,0.0000,5.1,nan
1070,2.27e-04,1.1431,0.0000,0.0000,0.0000,0.0000,5.0,nan
1071,2.26e-04,1.1441,0.0000,0.0000,0.0000,0.0000,4.9,nan
1072,2.26e-04,0.9557,0.0000,0.0000,0.0000,0.0000,4.9,nan
1073,2.26e-04,1.1131,0.0000,0.0000,0.0000,0.0000,5.1,nan
1074,2.25e-04,1.2963,0.0000,0.0000,0.0000,0.0000,5.0,nan
1075,2.25e-04,0.9373,0.0000,0.0000,0.0000,0.0000,5.1,nan
1076,2.24e-04,1.2888,0.0000,0.0000,0.0000,0.0000,4.9,nan
1077,2.24e-04,1.1118,0.0000,0.0000,0.0000,0.0000,4.9,nan
1078,2.24e-04,0.8871,0.0000,0.0000,0.0000,0.0000,5.0,nan
1079,2.23e-04,1.0982,0.0000,0.0000,0.0000,0.0000,5.0,nan
1080,2.23e-04,1.0302,0.0000,0.0000,0.0000,0.0000,7.4,0.6886
1081,2.23e-04,1.1291,0.0000,0.0000,0.0000,0.0000,5.0,nan
1082,2.22e-04,1.0842,0.0000,0.0000,0.0000,0.0000,4.9,nan
1083,2.22e-04,1.1741,0.0000,0.0000,0.0000,0.0000,5.0,nan
1084,2.21e-04,1.0710,0.0000,0.0000,0.0000,0.0000,5.0,nan
1085,2.21e-04,1.0700,0.0000,0.0000,0.0000,0.0000,5.0,nan
1086,2.21e-04,1.0310,0.0000,0.0000,0.0000,0.0000,5.0,nan
1087,2.20e-04,1.1060,0.0000,0.0000,0.0000,0.0000,4.9,nan
1088,2.20e-04,1.0363,0.0000,0.0000,0.0000,0.0000,5.0,nan
1089,2.19e-04,1.3155,0.0000,0.0000,0.0000,0.0000,4.9,nan
1090,2.19e-04,0.9527,0.0000,0.0000,0.0000,0.0000,5.0,nan
1091,2.19e-04,1.0849,0.0000,0.0000,0.0000,0.0000,4.9,nan
1092,2.18e-04,1.2660,0.0000,0.0000,0.0000,0.0000,5.0,nan
1093,2.18e-04,0.8620,0.0000,0.0000,0.0000,0.0000,5.2,nan
1094,2.17e-04,1.0743,0.0000,0.0000,0.0000,0.0000,4.9,nan
1095,2.17e-04,0.7615,0.0000,0.0000,0.0000,0.0000,5.0,nan
1096,2.17e-04,1.2569,0.0000,0.0000,0.0000,0.0000,4.9,nan
1097,2.16e-04,1.0025,0.0000,0.0000,0.0000,0.0000,5.0,nan
1098,2.16e-04,0.9585,0.0000,0.0000,0.0000,0.0000,5.0,nan
1099,2.16e-04,0.8028,0.0000,0.0000,0.0000,0.0000,5.0,nan
1100,2.15e-04,1.0513,0.0000,0.0000,0.0000,0.0000,7.8,0.6801
1101,2.15e-04,0.9401,0.0000,0.0000,0.0000,0.0000,5.0,nan
1102,2.14e-04,0.8729,0.0000,0.0000,0.0000,0.0000,5.0,nan
1103,2.14e-04,1.0052,0.0000,0.0000,0.0000,0.0000,4.9,nan
1104,2.14e-04,0.8984,0.0000,0.0000,0.0000,0.0000,5.0,nan
1105,2.13e-04,1.0868,0.0000,0.0000,0.0000,0.0000,4.9,nan
1106,2.13e-04,1.1374,0.0000,0.0000,0.0000,0.0000,4.9,nan
1107,2.12e-04,1.1749,0.0000,0.0000,0.0000,0.0000,5.0,nan
1108,2.12e-04,1.0426,0.0000,0.0000,0.0000,0.0000,5.1,nan
1109,2.12e-04,0.8833,0.0000,0.0000,0.0000,0.0000,5.0,nan
1110,2.11e-04,1.1202,0.0000,0.0000,0.0000,0.0000,4.9,nan
1111,2.11e-04,0.9996,0.0000,0.0000,0.0000,0.0000,5.1,nan
1112,2.11e-04,1.0280,0.0000,0.0000,0.0000,0.0000,5.0,nan
1113,2.10e-04,1.0496,0.0000,0.0000,0.0000,0.0000,5.0,nan
1114,2.10e-04,1.2187,0.0000,0.0000,0.0000,0.0000,5.0,nan
1115,2.09e-04,1.1014,0.0000,0.0000,0.0000,0.0000,5.0,nan
1116,2.09e-04,1.0963,0.0000,0.0000,0.0000,0.0000,5.0,nan
1117,2.09e-04,1.0096,0.0000,0.0000,0.0000,0.0000,5.1,nan
1118,2.08e-04,1.1635,0.0000,0.0000,0.0000,0.0000,5.0,nan
1119,2.08e-04,0.9102,0.0000,0.0000,0.0000,0.0000,5.1,nan
1120,2.07e-04,0.9969,0.0000,0.0000,0.0000,0.0000,7.9,0.6377
1121,2.07e-04,0.9632,0.0000,0.0000,0.0000,0.0000,4.9,nan
1122,2.07e-04,1.0952,0.0000,0.0000,0.0000,0.0000,4.9,nan
1123,2.06e-04,1.0355,0.0000,0.0000,0.0000,0.0000,5.0,nan
1124,2.06e-04,1.0365,0.0000,0.0000,0.0000,0.0000,5.0,nan
1125,2.06e-04,1.0010,0.0000,0.0000,0.0000,0.0000,4.9,nan
1126,2.05e-04,0.8946,0.0000,0.0000,0.0000,0.0000,4.9,nan
1127,2.05e-04,0.7711,0.0000,0.0000,0.0000,0.0000,4.9,nan
1128,2.04e-04,1.0110,0.0000,0.0000,0.0000,0.0000,4.9,nan
1129,2.04e-04,1.2243,0.0000,0.0000,0.0000,0.0000,5.1,nan
1130,2.04e-04,1.0746,0.0000,0.0000,0.0000,0.0000,4.9,nan
1131,2.03e-04,0.9595,0.0000,0.0000,0.0000,0.0000,4.9,nan
1132,2.03e-04,1.0242,0.0000,0.0000,0.0000,0.0000,4.9,nan
1133,2.02e-04,1.0131,0.0000,0.0000,0.0000,0.0000,4.9,nan
1134,2.02e-04,0.8751,0.0000,0.0000,0.0000,0.0000,5.1,nan
1135,2.02e-04,0.8843,0.0000,0.0000,0.0000,0.0000,4.9,nan
1136,2.01e-04,1.0269,0.0000,0.0000,0.0000,0.0000,5.0,nan
1137,2.01e-04,1.0626,0.0000,0.0000,0.0000,0.0000,5.0,nan
1138,2.01e-04,0.9163,0.0000,0.0000,0.0000,0.0000,5.0,nan
1139,2.00e-04,1.1022,0.0000,0.0000,0.0000,0.0000,4.9,nan
1140,2.00e-04,1.0278,0.0000,0.0000,0.0000,0.0000,7.6,0.6335
1141,1.99e-04,0.9129,0.0000,0.0000,0.0000,0.0000,5.0,nan
1142,1.99e-04,0.9899,0.0000,0.0000,0.0000,0.0000,4.9,nan
1143,1.99e-04,1.0478,0.0000,0.0000,0.0000,0.0000,5.1,nan
1144,1.98e-04,0.9801,0.0000,0.0000,0.0000,0.0000,5.0,nan
1145,1.98e-04,1.0917,0.0000,0.0000,0.0000,0.0000,4.9,nan
1146,1.98e-04,0.9871,0.0000,0.0000,0.0000,0.0000,5.1,nan
1147,1.97e-04,1.0059,0.0000,0.0000,0.0000,0.0000,5.0,nan
1148,1.97e-04,0.9851,0.0000,0.0000,0.0000,0.0000,4.9,nan
1149,1.96e-04,0.9331,0.0000,0.0000,0.0000,0.0000,5.0,nan
1150,1.96e-04,1.2113,0.0000,0.0000,0.0000,0.0000,5.0,nan
1151,1.96e-04,1.1036,0.0000,0.0000,0.0000,0.0000,5.1,nan
1152,1.95e-04,0.9242,0.0000,0.0000,0.0000,0.0000,5.1,nan
1153,1.95e-04,1.0437,0.0000,0.0000,0.0000,0.0000,4.9,nan
1154,1.94e-04,1.0888,0.0000,0.0000,0.0000,0.0000,5.1,nan
1155,1.94e-04,1.1150,0.0000,0.0000,0.0000,0.0000,5.0,nan
1156,1.94e-04,0.8971,0.0000,0.0000,0.0000,0.0000,4.9,nan
1157,1.93e-04,0.8609,0.0000,0.0000,0.0000,0.0000,5.1,nan
1158,1.93e-04,1.1146,0.0000,0.0000,0.0000,0.0000,4.9,nan
1159,1.93e-04,1.0183,0.0000,0.0000,0.0000,0.0000,5.0,nan
1160,1.92e-04,0.9638,0.0000,0.0000,0.0000,0.0000,7.9,0.6949
1161,1.92e-04,0.7007,0.0000,0.0000,0.0000,0.0000,5.0,nan
1162,1.91e-04,1.1672,0.0000,0.0000,0.0000,0.0000,4.9,nan
1163,1.91e-04,1.1072,0.0000,0.0000,0.0000,0.0000,5.0,nan
1164,1.91e-04,0.8529,0.0000,0.0000,0.0000,0.0000,5.0,nan
1165,1.90e-04,0.7204,0.0000,0.0000,0.0000,0.0000,4.9,nan
1166,1.90e-04,0.8333,0.0000,0.0000,0.0000,0.0000,5.0,nan
1167,1.90e-04,0.9348,0.0000,0.0000,0.0000,0.0000,5.1,nan
1168,1.89e-04,1.1093,0.0000,0.0000,0.0000,0.0000,5.0,nan
1169,1.89e-04,1.0893,0.0000,0.0000,0.0000,0.0000,4.9,nan
1170,1.88e-04,1.0398,0.0000,0.0000,0.0000,0.0000,4.9,nan
1171,1.88e-04,1.1853,0.0000,0.0000,0.0000,0.0000,5.0,nan
1172,1.88e-04,1.1243,0.0000,0.0000,0.0000,0.0000,4.9,nan
1173,1.87e-04,0.9938,0.0000,0.0000,0.0000,0.0000,4.9,nan
1174,1.87e-04,1.1149,0.0000,0.0000,0.0000,0.0000,5.0,nan
1175,1.87e-04,0.9598,0.0000,0.0000,0.0000,0.0000,5.1,nan
1176,1.86e-04,1.0310,0.0000,0.0000,0.0000,0.0000,4.9,nan
1177,1.86e-04,0.9413,0.0000,0.0000,0.0000,0.0000,5.0,nan
1178,1.85e-04,1.0129,0.0000,0.0000,0.0000,0.0000,5.0,nan
1179,1.85e-04,1.0385,0.0000,0.0000,0.0000,0.0000,5.0,nan
1180,1.85e-04,1.2255,0.0000,0.0000,0.0000,0.0000,7.7,0.6780
1181,1.84e-04,0.9605,0.0000,0.0000,0.0000,0.0000,5.0,nan
1182,1.84e-04,1.0441,0.0000,0.0000,0.0000,0.0000,5.0,nan
1183,1.84e-04,0.9976,0.0000,0.0000,0.0000,0.0000,5.0,nan
1184,1.83e-04,1.0032,0.0000,0.0000,0.0000,0.0000,5.7,nan
1185,1.83e-04,0.9562,0.0000,0.0000,0.0000,0.0000,5.2,nan
1186,1.82e-04,0.9845,0.0000,0.0000,0.0000,0.0000,5.0,nan
1187,1.82e-04,0.9066,0.0000,0.0000,0.0000,0.0000,5.0,nan
1188,1.82e-04,1.0899,0.0000,0.0000,0.0000,0.0000,5.0,nan
1189,1.81e-04,1.0199,0.0000,0.0000,0.0000,0.0000,5.0,nan
1190,1.81e-04,0.7843,0.0000,0.0000,0.0000,0.0000,5.2,nan
1191,1.81e-04,1.1430,0.0000,0.0000,0.0000,0.0000,5.1,nan
1192,1.80e-04,1.0560,0.0000,0.0000,0.0000,0.0000,5.1,nan
1193,1.80e-04,1.1034,0.0000,0.0000,0.0000,0.0000,5.2,nan
1194,1.79e-04,0.8570,0.0000,0.0000,0.0000,0.0000,5.5,nan
1195,1.79e-04,0.8667,0.0000,0.0000,0.0000,0.0000,5.6,nan
1196,1.79e-04,1.0121,0.0000,0.0000,0.0000,0.0000,5.5,nan
1197,1.78e-04,0.9616,0.0000,0.0000,0.0000,0.0000,5.4,nan
1198,1.78e-04,1.1009,0.0000,0.0000,0.0000,0.0000,5.4,nan
1199,1.78e-04,1.2292,0.0000,0.0000,0.0000,0.0000,5.4,nan
1200,1.77e-04,1.2933,0.0000,0.0000,0.0000,0.0000,8.2,0.6928
1201,1.77e-04,1.0895,0.0000,0.0000,0.0000,0.0000,5.3,nan
1202,1.76e-04,1.1394,0.0000,0.0000,0.0000,0.0000,5.0,nan
1203,1.76e-04,1.0423,0.0000,0.0000,0.0000,0.0000,5.0,nan
1204,1.76e-04,0.9971,0.0000,0.0000,0.0000,0.0000,5.0,nan
1205,1.75e-04,1.0671,0.0000,0.0000,0.0000,0.0000,5.1,nan
1206,1.75e-04,0.9468,0.0000,0.0000,0.0000,0.0000,5.0,nan
1207,1.75e-04,0.5304,0.0000,0.0000,0.0000,0.0000,5.0,nan
1208,1.74e-04,1.1781,0.0000,0.0000,0.0000,0.0000,5.0,nan
1209,1.74e-04,1.0151,0.0000,0.0000,0.0000,0.0000,5.0,nan
1210,1.73e-04,1.1114,0.0000,0.0000,0.0000,0.0000,5.0,nan
1211,1.73e-04,0.9397,0.0000,0.0000,0.0000,0.0000,4.9,nan
1212,1.73e-04,1.0660,0.0000,0.0000,0.0000,0.0000,4.9,nan
1213,1.72e-04,1.0619,0.0000,0.0000,0.0000,0.0000,5.0,nan
1214,1.72e-04,0.8662,0.0000,0.0000,0.0000,0.0000,5.1,nan
1215,1.72e-04,0.9602,0.0000,0.0000,0.0000,0.0000,5.0,nan
1216,1.71e-04,1.1100,0.0000,0.0000,0.0000,0.0000,5.0,nan
1217,1.71e-04,1.0404,0.0000,0.0000,0.0000,0.0000,5.1,nan
1218,1.71e-04,1.0300,0.0000,0.0000,0.0000,0.0000,5.0,nan
1219,1.70e-04,1.1664,0.0000,0.0000,0.0000,0.0000,4.8,nan
1220,1.70e-04,0.9787,0.0000,0.0000,0.0000,0.0000,7.6,0.6864
1221,1.69e-04,1.0136,0.0000,0.0000,0.0000,0.0000,5.1,nan
1222,1.69e-04,0.9113,0.0000,0.0000,0.0000,0.0000,5.0,nan
1223,1.69e-04,1.1071,0.0000,0.0000,0.0000,0.0000,4.9,nan
1224,1.68e-04,0.9678,0.0000,0.0000,0.0000,0.0000,5.0,nan
1225,1.68e-04,0.9331,0.0000,0.0000,0.0000,0.0000,5.0,nan
1226,1.68e-04,1.0036,0.0000,0.0000,0.0000,0.0000,4.9,nan
1227,1.67e-04,1.0162,0.0000,0.0000,0.0000,0.0000,4.9,nan
1228,1.67e-04,1.0088,0.0000,0.0000,0.0000,0.0000,5.1,nan
1229,1.66e-04,1.0899,0.0000,0.0000,0.0000,0.0000,5.0,nan
1230,1.66e-04,0.9249,0.0000,0.0000,0.0000,0.0000,5.1,nan
1231,1.66e-04,0.7703,0.0000,0.0000,0.0000,0.0000,5.0,nan
1232,1.65e-04,1.1703,0.0000,0.0000,0.0000,0.0000,5.0,nan
1233,1.65e-04,0.8712,0.0000,0.0000,0.0000,0.0000,4.9,nan
1234,1.65e-04,0.9376,0.0000,0.0000,0.0000,0.0000,5.0,nan
1235,1.64e-04,1.0424,0.0000,0.0000,0.0000,0.0000,5.0,nan
1236,1.64e-04,0.9482,0.0000,0.0000,0.0000,0.0000,5.0,nan
1237,1.64e-04,1.1766,0.0000,0.0000,0.0000,0.0000,5.0,nan
1238,1.63e-04,1.0406,0.0000,0.0000,0.0000,0.0000,5.1,nan
1239,1.63e-04,1.1106,0.0000,0.0000,0.0000,0.0000,5.0,nan
1240,1.62e-04,1.0343,0.0000,0.0000,0.0000,0.0000,7.6,0.6398
1241,1.62e-04,0.9353,0.0000,0.0000,0.0000,0.0000,4.9,nan
1242,1.62e-04,0.8315,0.0000,0.0000,0.0000,0.0000,5.0,nan
1243,1.61e-04,1.2221,0.0000,0.0000,0.0000,0.0000,5.0,nan
1244,1.61e-04,1.0726,0.0000,0.0000,0.0000,0.0000,5.0,nan
1245,1.61e-04,1.1775,0.0000,0.0000,0.0000,0.0000,5.1,nan
1246,1.60e-04,0.8638,0.0000,0.0000,0.0000,0.0000,5.1,nan
1247,1.60e-04,0.9530,0.0000,0.0000,0.0000,0.0000,5.0,nan
1248,1.60e-04,1.1381,0.0000,0.0000,0.0000,0.0000,5.0,nan
1249,1.59e-04,1.0573,0.0000,0.0000,0.0000,0.0000,5.1,nan
1250,1.59e-04,1.0458,0.0000,0.0000,0.0000,0.0000,5.1,nan
1251,1.58e-04,0.8811,0.0000,0.0000,0.0000,0.0000,4.9,nan
1252,1.58e-04,1.1316,0.0000,0.0000,0.0000,0.0000,5.0,nan
1253,1.58e-04,1.0419,0.0000,0.0000,0.0000,0.0000,5.1,nan
1254,1.57e-04,1.0339,0.0000,0.0000,0.0000,0.0000,5.1,nan
1255,1.57e-04,0.8692,0.0000,0.0000,0.0000,0.0000,5.1,nan
1256,1.57e-04,1.1755,0.0000,0.0000,0.0000,0.0000,4.9,nan
1257,1.56e-04,0.7705,0.0000,0.0000,0.0000,0.0000,5.2,nan
1258,1.56e-04,0.9043,0.0000,0.0000,0.0000,0.0000,5.0,nan
1259,1.56e-04,1.0074,0.0000,0.0000,0.0000,0.0000,5.3,nan
1260,1.55e-04,0.9958,0.0000,0.0000,0.0000,0.0000,7.7,0.6780
1261,1.55e-04,0.8687,0.0000,0.0000,0.0000,0.0000,5.0,nan
1262,1.54e-04,1.0894,0.0000,0.0000,0.0000,0.0000,5.1,nan
1263,1.54e-04,0.9602,0.0000,0.0000,0.0000,0.0000,4.9,nan
1264,1.54e-04,0.8633,0.0000,0.0000,0.0000,0.0000,5.0,nan
1265,1.53e-04,0.8810,0.0000,0.0000,0.0000,0.0000,5.0,nan
1266,1.53e-04,1.0435,0.0000,0.0000,0.0000,0.0000,5.0,nan
1267,1.53e-04,1.2171,0.0000,0.0000,0.0000,0.0000,5.1,nan
1268,1.52e-04,0.9983,0.0000,0.0000,0.0000,0.0000,5.0,nan
1269,1.52e-04,0.8967,0.0000,0.0000,0.0000,0.0000,5.0,nan
1270,1.52e-04,0.8418,0.0000,0.0000,0.0000,0.0000,4.9,nan
1271,1.51e-04,0.9370,0.0000,0.0000,0.0000,0.0000,5.1,nan
1272,1.51e-04,1.1255,0.0000,0.0000,0.0000,0.0000,5.0,nan
1273,1.51e-04,1.0208,0.0000,0.0000,0.0000,0.0000,5.0,nan
1274,1.50e-04,1.0726,0.0000,0.0000,0.0000,0.0000,5.1,nan
1275,1.50e-04,1.0396,0.0000,0.0000,0.0000,0.0000,5.2,nan
1276,1.49e-04,0.7010,0.0000,0.0000,0.0000,0.0000,5.1,nan
1277,1.49e-04,1.0998,0.0000,0.0000,0.0000,0.0000,5.1,nan
1278,1.49e-04,0.9611,0.0000,0.0000,0.0000,0.0000,4.9,nan
1279,1.48e-04,0.8539,0.0000,0.0000,0.0000,0.0000,5.0,nan
1280,1.48e-04,1.0955,0.0000,0.0000,0.0000,0.0000,7.5,0.6398
1281,1.48e-04,0.8639,0.0000,0.0000,0.0000,0.0000,5.2,nan
1282,1.47e-04,1.0651,0.0000,0.0000,0.0000,0.0000,5.1,nan
1283,1.47e-04,0.9222,0.0000,0.0000,0.0000,0.0000,5.0,nan
1284,1.47e-04,0.8282,0.0000,0.0000,0.0000,0.0000,5.0,nan
1285,1.46e-04,0.8326,0.0000,0.0000,0.0000,0.0000,5.0,nan
1286,1.46e-04,0.9892,0.0000,0.0000,0.0000,0.0000,5.1,nan
1287,1.46e-04,0.9941,0.0000,0.0000,0.0000,0.0000,5.0,nan
1288,1.45e-04,0.9343,0.0000,0.0000,0.0000,0.0000,5.0,nan
1289,1.45e-04,0.9649,0.0000,0.0000,0.0000,0.0000,5.1,nan
1290,1.45e-04,0.9752,0.0000,0.0000,0.0000,0.0000,5.1,nan
1291,1.44e-04,0.9649,0.0000,0.0000,0.0000,0.0000,5.1,nan
1292,1.44e-04,1.0313,0.0000,0.0000,0.0000,0.0000,5.0,nan
1293,1.43e-04,0.8448,0.0000,0.0000,0.0000,0.0000,5.1,nan
1294,1.43e-04,1.0317,0.0000,0.0000,0.0000,0.0000,5.0,nan
1295,1.43e-04,0.9101,0.0000,0.0000,0.0000,0.0000,5.0,nan
1296,1.42e-04,0.9354,0.0000,0.0000,0.0000,0.0000,5.0,nan
1297,1.42e-04,1.2006,0.0000,0.0000,0.0000,0.0000,5.1,nan
1298,1.42e-04,0.9833,0.0000,0.0000,0.0000,0.0000,5.0,nan
1299,1.41e-04,0.7801,0.0000,0.0000,0.0000,0.0000,4.9,nan
1300,1.41e-04,0.7304,0.0000,0.0000,0.0000,0.0000,7.6,0.6589
1301,1.41e-04,0.9517,0.0000,0.0000,0.0000,0.0000,5.0,nan
1302,1.40e-04,0.9338,0.0000,0.0000,0.0000,0.0000,5.1,nan
1303,1.40e-04,1.0039,0.0000,0.0000,0.0000,0.0000,5.1,nan
1304,1.40e-04,1.0648,0.0000,0.0000,0.0000,0.0000,5.0,nan
1305,1.39e-04,0.8471,0.0000,0.0000,0.0000,0.0000,5.0,nan
1306,1.39e-04,0.8693,0.0000,0.0000,0.0000,0.0000,5.0,nan
1307,1.39e-04,1.0473,0.0000,0.0000,0.0000,0.0000,5.0,nan
1308,1.38e-04,0.9872,0.0000,0.0000,0.0000,0.0000,4.9,nan
1309,1.38e-04,0.6538,0.0000,0.0000,0.0000,0.0000,5.0,nan
1310,1.38e-04,0.9690,0.0000,0.0000,0.0000,0.0000,5.0,nan
1311,1.37e-04,0.9416,0.0000,0.0000,0.0000,0.0000,5.0,nan
1312,1.37e-04,1.2282,0.0000,0.0000,0.0000,0.0000,5.0,nan
1313,1.37e-04,1.1364,0.0000,0.0000,0.0000,0.0000,4.9,nan
1314,1.36e-04,0.8642,0.0000,0.0000,0.0000,0.0000,5.1,nan
1315,1.36e-04,1.0341,0.0000,0.0000,0.0000,0.0000,5.1,nan
1316,1.35e-04,1.0026,0.0000,0.0000,0.0000,0.0000,4.9,nan
1317,1.35e-04,0.8850,0.0000,0.0000,0.0000,0.0000,5.0,nan
1318,1.35e-04,0.9308,0.0000,0.0000,0.0000,0.0000,5.0,nan
1319,1.34e-04,0.7784,0.0000,0.0000,0.0000,0.0000,4.9,nan
1320,1.34e-04,1.1595,0.0000,0.0000,0.0000,0.0000,8.0,0.6928
1321,1.34e-04,0.7162,0.0000,0.0000,0.0000,0.0000,5.1,nan
1322,1.33e-04,0.9075,0.0000,0.0000,0.0000,0.0000,5.0,nan
1323,1.33e-04,1.0459,0.0000,0.0000,0.0000,0.0000,5.1,nan
1324,1.33e-04,0.8899,0.0000,0.0000,0.0000,0.0000,5.0,nan
1325,1.32e-04,0.9146,0.0000,0.0000,0.0000,0.0000,5.1,nan
1326,1.32e-04,0.9403,0.0000,0.0000,0.0000,0.0000,5.0,nan
1327,1.32e-04,0.6568,0.0000,0.0000,0.0000,0.0000,5.0,nan
1328,1.31e-04,1.0020,0.0000,0.0000,0.0000,0.0000,5.0,nan
1329,1.31e-04,0.9961,0.0000,0.0000,0.0000,0.0000,5.0,nan
1330,1.31e-04,0.8593,0.0000,0.0000,0.0000,0.0000,5.0,nan
1331,1.30e-04,1.0690,0.0000,0.0000,0.0000,0.0000,4.9,nan
1332,1.30e-04,0.8144,0.0000,0.0000,0.0000,0.0000,5.1,nan
1333,1.30e-04,0.8889,0.0000,0.0000,0.0000,0.0000,4.9,nan
1334,1.29e-04,1.0248,0.0000,0.0000,0.0000,0.0000,5.1,nan
1335,1.29e-04,0.9168,0.0000,0.0000,0.0000,0.0000,5.0,nan
1336,1.29e-04,1.0547,0.0000,0.0000,0.0000,0.0000,5.0,nan
1337,1.28e-04,1.0151,0.0000,0.0000,0.0000,0.0000,5.1,nan
1338,1.28e-04,0.9476,0.0000,0.0000,0.0000,0.0000,4.9,nan
1339,1.28e-04,0.8495,0.0000,0.0000,0.0000,0.0000,5.0,nan
1340,1.27e-04,0.8227,0.0000,0.0000,0.0000,0.0000,7.4,0.6547
1341,1.27e-04,1.1502,0.0000,0.0000,0.0000,0.0000,4.9,nan
1342,1.27e-04,0.7650,0.0000,0.0000,0.0000,0.0000,5.0,nan
1343,1.26e-04,0.9713,0.0000,0.0000,0.0000,0.0000,5.0,nan
1344,1.26e-04,1.2109,0.0000,0.0000,0.0000,0.0000,5.1,nan
1345,1.26e-04,1.0712,0.0000,0.0000,0.0000,0.0000,5.1,nan
1346,1.25e-04,0.8938,0.0000,0.0000,0.0000,0.0000,5.0,nan
1347,1.25e-04,0.9955,0.0000,0.0000,0.0000,0.0000,5.0,nan
1348,1.25e-04,0.9877,0.0000,0.0000,0.0000,0.0000,5.0,nan
1349,1.24e-04,0.9592,0.0000,0.0000,0.0000,0.0000,5.1,nan
1350,1.24e-04,0.9500,0.0000,0.0000,0.0000,0.0000,5.0,nan
1351,1.24e-04,0.9288,0.0000,0.0000,0.0000,0.0000,5.0,nan
1352,1.23e-04,0.8258,0.0000,0.0000,0.0000,0.0000,5.0,nan
1353,1.23e-04,0.9986,0.0000,0.0000,0.0000,0.0000,5.0,nan
1354,1.23e-04,1.0047,0.0000,0.0000,0.0000,0.0000,5.0,nan
1355,1.22e-04,0.9855,0.0000,0.0000,0.0000,0.0000,5.1,nan
1356,1.22e-04,0.7464,0.0000,0.0000,0.0000,0.0000,5.1,nan
1357,1.22e-04,0.9362,0.0000,0.0000,0.0000,0.0000,4.9,nan
1358,1.21e-04,0.9260,0.0000,0.0000,0.0000,0.0000,5.1,nan
1359,1.21e-04,0.8546,0.0000,0.0000,0.0000,0.0000,4.9,nan
1360,1.21e-04,0.9722,0.0000,0.0000,0.0000,0.0000,7.6,0.6907
1361,1.20e-04,1.0432,0.0000,0.0000,0.0000,0.0000,5.1,nan
1362,1.20e-04,0.8462,0.0000,0.0000,0.0000,0.0000,5.0,nan
1363,1.20e-04,1.0009,0.0000,0.0000,0.0000,0.0000,5.0,nan
1364,1.19e-04,0.9955,0.0000,0.0000,0.0000,0.0000,5.0,nan
1365,1.19e-04,0.8598,0.0000,0.0000,0.0000,0.0000,5.0,nan
1366,1.19e-04,0.9515,0.0000,0.0000,0.0000,0.0000,5.0,nan
1367,1.18e-04,1.1157,0.0000,0.0000,0.0000,0.0000,4.9,nan
1368,1.18e-04,0.9671,0.0000,0.0000,0.0000,0.0000,5.0,nan
1369,1.18e-04,1.0225,0.0000,0.0000,0.0000,0.0000,5.0,nan
1370,1.17e-04,0.9785,0.0000,0.0000,0.0000,0.0000,5.0,nan
1371,1.17e-04,1.0528,0.0000,0.0000,0.0000,0.0000,5.0,nan
1372,1.17e-04,1.0204,0.0000,0.0000,0.0000,0.0000,4.9,nan
1373,1.16e-04,1.0418,0.0000,0.0000,0.0000,0.0000,5.1,nan
1374,1.16e-04,1.1577,0.0000,0.0000,0.0000,0.0000,5.1,nan
1375,1.16e-04,0.9569,0.0000,0.0000,0.0000,0.0000,5.0,nan
1376,1.15e-04,1.0109,0.0000,0.0000,0.0000,0.0000,5.0,nan
1377,1.15e-04,1.1269,0.0000,0.0000,0.0000,0.0000,5.0,nan
1378,1.15e-04,0.9387,0.0000,0.0000,0.0000,0.0000,5.1,nan
1379,1.14e-04,1.0128,0.0000,0.0000,0.0000,0.0000,5.2,nan
1380,1.14e-04,1.0799,0.0000,0.0000,0.0000,0.0000,7.7,0.6589
1381,1.14e-04,0.9243,0.0000,0.0000,0.0000,0.0000,5.1,nan
1382,1.13e-04,1.1012,0.0000,0.0000,0.0000,0.0000,4.9,nan
1383,1.13e-04,1.0196,0.0000,0.0000,0.0000,0.0000,5.0,nan
1384,1.13e-04,0.9105,0.0000,0.0000,0.0000,0.0000,5.1,nan
1385,1.12e-04,1.1032,0.0000,0.0000,0.0000,0.0000,4.9,nan
1386,1.12e-04,0.7231,0.0000,0.0000,0.0000,0.0000,5.0,nan
1387,1.12e-04,0.9202,0.0000,0.0000,0.0000,0.0000,4.9,nan
1388,1.12e-04,0.9632,0.0000,0.0000,0.0000,0.0000,5.1,nan
1389,1.11e-04,1.0296,0.0000,0.0000,0.0000,0.0000,5.0,nan
1390,1.11e-04,1.1131,0.0000,0.0000,0.0000,0.0000,4.9,nan
1391,1.11e-04,0.9730,0.0000,0.0000,0.0000,0.0000,5.2,nan
1392,1.10e-04,0.8404,0.0000,0.0000,0.0000,0.0000,5.0,nan
1393,1.10e-04,0.8939,0.0000,0.0000,0.0000,0.0000,5.0,nan
1394,1.10e-04,0.9637,0.0000,0.0000,0.0000,0.0000,5.0,nan
1395,1.09e-04,1.1005,0.0000,0.0000,0.0000,0.0000,5.0,nan
1396,1.09e-04,0.8570,0.0000,0.0000,0.0000,0.0000,5.0,nan
1397,1.09e-04,1.0156,0.0000,0.0000,0.0000,0.0000,5.1,nan
1398,1.08e-04,1.0119,0.0000,0.0000,0.0000,0.0000,5.1,nan
1399,1.08e-04,1.1259,0.0000,0.0000,0.0000,0.0000,5.0,nan
1400,1.08e-04,0.8839,0.0000,0.0000,0.0000,0.0000,7.8,0.6674
1401,1.07e-04,0.8142,0.0000,0.0000,0.0000,0.0000,4.9,nan
1402,1.07e-04,0.8594,0.0000,0.0000,0.0000,0.0000,4.9,nan
1403,1.07e-04,1.0133,0.0000,0.0000,0.0000,0.0000,5.1,nan
1404,1.06e-04,0.9685,0.0000,0.0000,0.0000,0.0000,4.9,nan
1405,1.06e-04,0.9448,0.0000,0.0000,0.0000,0.0000,5.0,nan
1406,1.06e-04,0.8878,0.0000,0.0000,0.0000,0.0000,5.1,nan
1407,1.05e-04,0.9453,0.0000,0.0000,0.0000,0.0000,5.0,nan
1408,1.05e-04,0.9453,0.0000,0.0000,0.0000,0.0000,5.1,nan
1409,1.05e-04,1.0154,0.0000,0.0000,0.0000,0.0000,5.1,nan
1410,1.05e-04,1.0198,0.0000,0.0000,0.0000,0.0000,5.0,nan
1411,1.04e-04,0.8330,0.0000,0.0000,0.0000,0.0000,5.0,nan
1412,1.04e-04,1.0316,0.0000,0.0000,0.0000,0.0000,5.0,nan
1413,1.04e-04,0.9212,0.0000,0.0000,0.0000,0.0000,5.1,nan
1414,1.03e-04,1.0170,0.0000,0.0000,0.0000,0.0000,5.1,nan
1415,1.03e-04,0.7778,0.0000,0.0000,0.0000,0.0000,5.0,nan
1416,1.03e-04,1.0605,0.0000,0.0000,0.0000,0.0000,4.9,nan
1417,1.02e-04,0.8903,0.0000,0.0000,0.0000,0.0000,4.9,nan
1418,1.02e-04,0.8165,0.0000,0.0000,0.0000,0.0000,5.0,nan
1419,1.02e-04,1.0640,0.0000,0.0000,0.0000,0.0000,5.0,nan
1420,1.01e-04,0.9904,0.0000,0.0000,0.0000,0.0000,7.9,0.6674
1421,1.01e-04,0.8700,0.0000,0.0000,0.0000,0.0000,4.9,nan
1422,1.01e-04,0.9588,0.0000,0.0000,0.0000,0.0000,4.9,nan
1423,1.00e-04,1.0148,0.0000,0.0000,0.0000,0.0000,5.0,nan
1424,1.00e-04,0.9856,0.0000,0.0000,0.0000,0.0000,5.1,nan
1425,9.99e-05,1.1101,0.0000,0.0000,0.0000,0.0000,5.0,nan
1426,9.96e-05,0.9765,0.0000,0.0000,0.0000,0.0000,5.0,nan
1427,9.93e-05,1.0444,0.0000,0.0000,0.0000,0.0000,5.0,nan
1428,9.90e-05,0.9183,0.0000,0.0000,0.0000,0.0000,5.0,nan
1429,9.87e-05,0.8587,0.0000,0.0000,0.0000,0.0000,4.9,nan
1430,9.83e-05,0.9484,0.0000,0.0000,0.0000,0.0000,5.0,nan
1431,9.80e-05,0.9081,0.0000,0.0000,0.0000,0.0000,5.0,nan
1432,9.77e-05,0.8701,0.0000,0.0000,0.0000,0.0000,5.1,nan
1433,9.74e-05,0.7984,0.0000,0.0000,0.0000,0.0000,4.9,nan
1434,9.71e-05,1.0301,0.0000,0.0000,0.0000,0.0000,5.1,nan
1435,9.68e-05,0.8570,0.0000,0.0000,0.0000,0.0000,4.9,nan
1436,9.65e-05,1.0045,0.0000,0.0000,0.0000,0.0000,4.9,nan
1437,9.62e-05,0.7688,0.0000,0.0000,0.0000,0.0000,4.9,nan
1438,9.59e-05,1.0398,0.0000,0.0000,0.0000,0.0000,5.0,nan
1439,9.56e-05,0.8110,0.0000,0.0000,0.0000,0.0000,4.9,nan
1440,9.53e-05,0.9750,0.0000,0.0000,0.0000,0.0000,7.6,0.6758
1441,9.50e-05,0.9519,0.0000,0.0000,0.0000,0.0000,5.2,nan
1442,9.47e-05,0.8600,0.0000,0.0000,0.0000,0.0000,5.1,nan
1443,9.44e-05,0.9246,0.0000,0.0000,0.0000,0.0000,5.0,nan
1444,9.41e-05,1.0428,0.0000,0.0000,0.0000,0.0000,5.1,nan
1445,9.38e-05,0.9811,0.0000,0.0000,0.0000,0.0000,5.0,nan
1446,9.35e-05,1.0030,0.0000,0.0000,0.0000,0.0000,5.0,nan
1447,9.32e-05,0.6558,0.0000,0.0000,0.0000,0.0000,5.1,nan
1448,9.29e-05,0.8917,0.0000,0.0000,0.0000,0.0000,5.0,nan
1449,9.26e-05,0.9023,0.0000,0.0000,0.0000,0.0000,5.0,nan
1450,9.23e-05,0.8067,0.0000,0.0000,0.0000,0.0000,5.0,nan
1451,9.20e-05,1.0761,0.0000,0.0000,0.0000,0.0000,5.0,nan
1452,9.17e-05,1.0374,0.0000,0.0000,0.0000,0.0000,5.0,nan
1453,9.14e-05,0.9978,0.0000,0.0000,0.0000,0.0000,5.1,nan
1454,9.11e-05,0.9852,0.0000,0.0000,0.0000,0.0000,5.1,nan
1455,9.08e-05,0.8281,0.0000,0.0000,0.0000,0.0000,5.0,nan
1456,9.05e-05,0.7525,0.0000,0.0000,0.0000,0.0000,5.1,nan
1457,9.02e-05,1.0961,0.0000,0.0000,0.0000,0.0000,5.0,nan
1458,8.99e-05,0.7820,0.0000,0.0000,0.0000,0.0000,5.0,nan
1459,8.96e-05,0.8373,0.0000,0.0000,0.0000,0.0000,5.1,nan
1460,8.94e-05,0.9005,0.0000,0.0000,0.0000,0.0000,8.0,0.6928
1461,8.91e-05,0.9392,0.0000,0.0000,0.0000,0.0000,5.1,nan
1462,8.88e-05,0.8421,0.0000,0.0000,0.0000,0.0000,4.9,nan
1463,8.85e-05,1.0537,0.0000,0.0000,0.0000,0.0000,5.5,nan
1464,8.82e-05,0.8075,0.0000,0.0000,0.0000,0.0000,6.0,nan
1465,8.79e-05,1.1603,0.0000,0.0000,0.0000,0.0000,5.6,nan
1466,8.76e-05,0.8977,0.0000,0.0000,0.0000,0.0000,5.0,nan
1467,8.73e-05,0.9082,0.0000,0.0000,0.0000,0.0000,4.9,nan
1468,8.70e-05,0.7733,0.0000,0.0000,0.0000,0.0000,5.0,nan
1469,8.67e-05,0.7513,0.0000,0.0000,0.0000,0.0000,5.1,nan
1470,8.64e-05,1.0288,0.0000,0.0000,0.0000,0.0000,4.9,nan
1471,8.61e-05,0.6742,0.0000,0.0000,0.0000,0.0000,5.0,nan
1472,8.59e-05,0.8018,0.0000,0.0000,0.0000,0.0000,5.0,nan
1473,8.56e-05,0.9243,0.0000,0.0000,0.0000,0.0000,5.1,nan
1474,8.53e-05,1.1164,0.0000,0.0000,0.0000,0.0000,5.0,nan
1475,8.50e-05,0.9811,0.0000,0.0000,0.0000,0.0000,5.0,nan
1476,8.47e-05,0.9539,0.0000,0.0000,0.0000,0.0000,5.0,nan
1477,8.44e-05,0.8101,0.0000,0.0000,0.0000,0.0000,5.0,nan
1478,8.41e-05,0.7524,0.0000,0.0000,0.0000,0.0000,5.1,nan
1479,8.38e-05,0.9817,0.0000,0.0000,0.0000,0.0000,5.1,nan
1480,8.36e-05,0.9312,0.0000,0.0000,0.0000,0.0000,7.7,0.7119
1481,8.33e-05,0.8291,0.0000,0.0000,0.0000,0.0000,5.0,nan
1482,8.30e-05,0.9795,0.0000,0.0000,0.0000,0.0000,5.0,nan
1483,8.27e-05,0.7896,0.0000,0.0000,0.0000,0.0000,5.0,nan
1484,8.24e-05,0.9723,0.0000,0.0000,0.0000,0.0000,4.9,nan
1485,8.21e-05,1.0432,0.0000,0.0000,0.0000,0.0000,5.1,nan
1486,8.19e-05,0.9609,0.0000,0.0000,0.0000,0.0000,4.9,nan
1487,8.16e-05,1.0125,0.0000,0.0000,0.0000,0.0000,5.1,nan
1488,8.13e-05,1.1032,0.0000,0.0000,0.0000,0.0000,5.2,nan
1489,8.10e-05,1.0805,0.0000,0.0000,0.0000,0.0000,4.9,nan
1490,8.07e-05,1.1029,0.0000,0.0000,0.0000,0.0000,5.0,nan
1491,8.04e-05,0.9208,0.0000,0.0000,0.0000,0.0000,5.1,nan
1492,8.02e-05,0.8909,0.0000,0.0000,0.0000,0.0000,5.1,nan
1493,7.99e-05,0.9947,0.0000,0.0000,0.0000,0.0000,5.0,nan
1494,7.96e-05,0.8992,0.0000,0.0000,0.0000,0.0000,4.9,nan
1495,7.93e-05,0.9159,0.0000,0.0000,0.0000,0.0000,5.0,nan
1496,7.90e-05,0.9345,0.0000,0.0000,0.0000,0.0000,5.1,nan
1497,7.88e-05,0.9442,0.0000,0.0000,0.0000,0.0000,5.0,nan
1498,7.85e-05,0.9441,0.0000,0.0000,0.0000,0.0000,5.0,nan
1499,7.82e-05,0.9362,0.0000,0.0000,0.0000,0.0000,5.1,nan
1500,7.79e-05,1.0141,0.0000,0.0000,0.0000,0.0000,7.8,0.6674
1501,7.77e-05,0.9141,0.0000,0.0000,0.0000,0.0000,4.9,nan
1502,7.74e-05,0.9790,0.0000,0.0000,0.0000,0.0000,5.0,nan
1503,7.71e-05,0.6988,0.0000,0.0000,0.0000,0.0000,5.0,nan
1504,7.68e-05,0.8922,0.0000,0.0000,0.0000,0.0000,5.0,nan
1505,7.66e-05,1.0601,0.0000,0.0000,0.0000,0.0000,5.0,nan
1506,7.63e-05,0.5343,0.0000,0.0000,0.0000,0.0000,5.0,nan
1507,7.60e-05,0.8812,0.0000,0.0000,0.0000,0.0000,4.9,nan
1508,7.57e-05,0.8924,0.0000,0.0000,0.0000,0.0000,5.1,nan
1509,7.55e-05,0.8014,0.0000,0.0000,0.0000,0.0000,5.0,nan
1510,7.52e-05,0.8993,0.0000,0.0000,0.0000,0.0000,5.1,nan
1511,7.49e-05,0.9383,0.0000,0.0000,0.0000,0.0000,5.0,nan
1512,7.46e-05,0.8840,0.0000,0.0000,0.0000,0.0000,5.1,nan
1513,7.44e-05,1.0717,0.0000,0.0000,0.0000,0.0000,5.1,nan
1514,7.41e-05,1.0024,0.0000,0.0000,0.0000,0.0000,4.9,nan
1515,7.38e-05,0.8444,0.0000,0.0000,0.0000,0.0000,5.0,nan
1516,7.36e-05,0.9508,0.0000,0.0000,0.0000,0.0000,5.1,nan
1517,7.33e-05,0.8646,0.0000,0.0000,0.0000,0.0000,5.1,nan
1518,7.30e-05,0.9072,0.0000,0.0000,0.0000,0.0000,5.0,nan
1519,7.28e-05,0.9614,0.0000,0.0000,0.0000,0.0000,5.2,nan
1520,7.25e-05,0.8393,0.0000,0.0000,0.0000,0.0000,8.0,0.6864
1521,7.22e-05,0.8101,0.0000,0.0000,0.0000,0.0000,5.0,nan
1522,7.19e-05,0.7066,0.0000,0.0000,0.0000,0.0000,5.1,nan
1523,7.17e-05,0.8030,0.0000,0.0000,0.0000,0.0000,4.9,nan
1524,7.14e-05,0.9632,0.0000,0.0000,0.0000,0.0000,5.0,nan
1525,7.11e-05,0.9764,0.0000,0.0000,0.0000,0.0000,5.0,nan
1526,7.09e-05,1.0814,0.0000,0.0000,0.0000,0.0000,5.1,nan
1527,7.06e-05,1.0276,0.0000,0.0000,0.0000,0.0000,5.0,nan
1528,7.04e-05,0.8288,0.0000,0.0000,0.0000,0.0000,5.0,nan
1529,7.01e-05,0.9996,0.0000,0.0000,0.0000,0.0000,5.0,nan
1530,6.98e-05,0.9895,0.0000,0.0000,0.0000,0.0000,5.1,nan
1531,6.96e-05,0.7590,0.0000,0.0000,0.0000,0.0000,5.2,nan
1532,6.93e-05,0.9189,0.0000,0.0000,0.0000,0.0000,5.2,nan
1533,6.90e-05,0.6855,0.0000,0.0000,0.0000,0.0000,5.0,nan
1534,6.88e-05,0.8246,0.0000,0.0000,0.0000,0.0000,5.1,nan
1535,6.85e-05,0.9610,0.0000,0.0000,0.0000,0.0000,4.9,nan
1536,6.82e-05,0.9340,0.0000,0.0000,0.0000,0.0000,5.0,nan
1537,6.80e-05,0.9236,0.0000,0.0000,0.0000,0.0000,5.0,nan
1538,6.77e-05,0.9669,0.0000,0.0000,0.0000,0.0000,4.9,nan
1539,6.75e-05,0.8323,0.0000,0.0000,0.0000,0.0000,4.9,nan
1540,6.72e-05,0.8942,0.0000,0.0000,0.0000,0.0000,7.9,0.7034
1541,6.70e-05,0.9751,0.0000,0.0000,0.0000,0.0000,5.0,nan
1542,6.67e-05,0.9414,0.0000,0.0000,0.0000,0.0000,4.9,nan
1543,6.64e-05,0.8410,0.0000,0.0000,0.0000,0.0000,5.1,nan
1544,6.62e-05,0.8170,0.0000,0.0000,0.0000,0.0000,5.0,nan
1545,6.59e-05,0.7298,0.0000,0.0000,0.0000,0.0000,5.0,nan
1546,6.57e-05,1.1035,0.0000,0.0000,0.0000,0.0000,4.9,nan
1547,6.54e-05,0.6817,0.0000,0.0000,0.0000,0.0000,5.1,nan
1548,6.52e-05,0.7884,0.0000,0.0000,0.0000,0.0000,5.1,nan
1549,6.49e-05,1.0655,0.0000,0.0000,0.0000,0.0000,5.0,nan
1550,6.46e-05,0.9255,0.0000,0.0000,0.0000,0.0000,5.1,nan
1551,6.44e-05,0.8801,0.0000,0.0000,0.0000,0.0000,5.0,nan
1552,6.41e-05,0.7294,0.0000,0.0000,0.0000,0.0000,5.0,nan
1553,6.39e-05,0.8464,0.0000,0.0000,0.0000,0.0000,5.1,nan
1554,6.36e-05,0.9024,0.0000,0.0000,0.0000,0.0000,5.1,nan
1555,6.34e-05,0.8339,0.0000,0.0000,0.0000,0.0000,5.1,nan
1556,6.31e-05,0.9251,0.0000,0.0000,0.0000,0.0000,5.1,nan
1557,6.29e-05,0.9057,0.0000,0.0000,0.0000,0.0000,5.0,nan
1558,6.26e-05,1.0331,0.0000,0.0000,0.0000,0.0000,5.0,nan
1559,6.24e-05,1.0288,0.0000,0.0000,0.0000,0.0000,5.2,nan
1560,6.21e-05,0.9063,0.0000,0.0000,0.0000,0.0000,7.8,0.6822
1561,6.19e-05,0.7340,0.0000,0.0000,0.0000,0.0000,5.0,nan
1562,6.16e-05,0.8754,0.0000,0.0000,0.0000,0.0000,5.1,nan
1563,6.14e-05,0.9751,0.0000,0.0000,0.0000,0.0000,5.0,nan
1564,6.11e-05,0.8243,0.0000,0.0000,0.0000,0.0000,5.1,nan
1565,6.09e-05,0.9434,0.0000,0.0000,0.0000,0.0000,5.1,nan
1566,6.06e-05,0.9550,0.0000,0.0000,0.0000,0.0000,5.0,nan
1567,6.04e-05,1.1146,0.0000,0.0000,0.0000,0.0000,5.5,nan
1568,6.01e-05,0.8248,0.0000,0.0000,0.0000,0.0000,5.1,nan
1569,5.99e-05,0.8183,0.0000,0.0000,0.0000,0.0000,5.1,nan
1570,5.96e-05,1.0639,0.0000,0.0000,0.0000,0.0000,5.1,nan
1571,5.94e-05,1.0206,0.0000,0.0000,0.0000,0.0000,5.0,nan
1572,5.92e-05,0.7235,0.0000,0.0000,0.0000,0.0000,5.1,nan
1573,5.89e-05,1.0745,0.0000,0.0000,0.0000,0.0000,5.1,nan
1574,5.87e-05,0.9274,0.0000,0.0000,0.0000,0.0000,5.0,nan
1575,5.84e-05,0.9670,0.0000,0.0000,0.0000,0.0000,5.1,nan
1576,5.82e-05,0.8982,0.0000,0.0000,0.0000,0.0000,5.1,nan
1577,5.79e-05,0.9842,0.0000,0.0000,0.0000,0.0000,5.0,nan
1578,5.77e-05,0.7615,0.0000,0.0000,0.0000,0.0000,5.1,nan
1579,5.75e-05,0.7659,0.0000,0.0000,0.0000,0.0000,5.0,nan
1580,5.72e-05,0.7874,0.0000,0.0000,0.0000,0.0000,7.8,0.6780
1581,5.70e-05,0.8869,0.0000,0.0000,0.0000,0.0000,5.0,nan
1582,5.67e-05,1.0404,0.0000,0.0000,0.0000,0.0000,5.0,nan
1583,5.65e-05,0.9531,0.0000,0.0000,0.0000,0.0000,5.0,nan
1584,5.63e-05,0.9160,0.0000,0.0000,0.0000,0.0000,5.0,nan
1585,5.60e-05,0.8527,0.0000,0.0000,0.0000,0.0000,5.1,nan
1586,5.58e-05,0.8566,0.0000,0.0000,0.0000,0.0000,5.1,nan
1587,5.56e-05,1.0256,0.0000,0.0000,0.0000,0.0000,5.0,nan
1588,5.53e-05,0.7061,0.0000,0.0000,0.0000,0.0000,4.9,nan
1589,5.51e-05,0.9357,0.0000,0.0000,0.0000,0.0000,5.0,nan
1590,5.48e-05,0.6541,0.0000,0.0000,0.0000,0.0000,4.9,nan
1591,5.46e-05,0.9520,0.0000,0.0000,0.0000,0.0000,5.0,nan
1592,5.44e-05,0.9497,0.0000,0.0000,0.0000,0.0000,5.1,nan
1593,5.41e-05,1.0361,0.0000,0.0000,0.0000,0.0000,4.9,nan
1594,5.39e-05,0.8712,0.0000,0.0000,0.0000,0.0000,5.0,nan
1595,5.37e-05,0.9899,0.0000,0.0000,0.0000,0.0000,5.0,nan
1596,5.34e-05,0.7558,0.0000,0.0000,0.0000,0.0000,5.1,nan
1597,5.32e-05,0.8233,0.0000,0.0000,0.0000,0.0000,5.0,nan
1598,5.30e-05,0.9421,0.0000,0.0000,0.0000,0.0000,5.0,nan
1599,5.28e-05,0.8900,0.0000,0.0000,0.0000,0.0000,5.0,nan
1600,5.25e-05,0.9514,0.0000,0.0000,0.0000,0.0000,7.7,0.6843
1601,5.23e-05,0.9757,0.0000,0.0000,0.0000,0.0000,5.1,nan
1602,5.21e-05,0.9853,0.0000,0.0000,0.0000,0.0000,5.1,nan
1603,5.18e-05,1.0989,0.0000,0.0000,0.0000,0.0000,5.1,nan
1604,5.16e-05,0.9989,0.0000,0.0000,0.0000,0.0000,5.1,nan
1605,5.14e-05,0.7697,0.0000,0.0000,0.0000,0.0000,5.1,nan
1606,5.11e-05,1.0089,0.0000,0.0000,0.0000,0.0000,5.1,nan
1607,5.09e-05,0.9699,0.0000,0.0000,0.0000,0.0000,5.1,nan
1608,5.07e-05,0.9751,0.0000,0.0000,0.0000,0.0000,5.0,nan
1609,5.05e-05,0.8511,0.0000,0.0000,0.0000,0.0000,5.0,nan
1610,5.02e-05,0.8832,0.0000,0.0000,0.0000,0.0000,5.1,nan
1611,5.00e-05,1.0062,0.0000,0.0000,0.0000,0.0000,4.9,nan
1612,4.98e-05,0.9541,0.0000,0.0000,0.0000,0.0000,5.1,nan
1613,4.96e-05,1.0546,0.0000,0.0000,0.0000,0.0000,5.0,nan
1614,4.93e-05,1.0916,0.0000,0.0000,0.0000,0.0000,5.0,nan
1615,4.91e-05,1.0420,0.0000,0.0000,0.0000,0.0000,4.9,nan
1616,4.89e-05,0.8740,0.0000,0.0000,0.0000,0.0000,5.0,nan
1617,4.87e-05,0.8094,0.0000,0.0000,0.0000,0.0000,5.1,nan
1618,4.85e-05,0.7483,0.0000,0.0000,0.0000,0.0000,5.1,nan
1619,4.82e-05,1.0619,0.0000,0.0000,0.0000,0.0000,5.1,nan
1620,4.80e-05,0.8511,0.0000,0.0000,0.0000,0.0000,7.6,0.6716
1621,4.78e-05,0.7137,0.0000,0.0000,0.0000,0.0000,5.0,nan
1622,4.76e-05,0.9928,0.0000,0.0000,0.0000,0.0000,5.0,nan
1623,4.74e-05,0.8587,0.0000,0.0000,0.0000,0.0000,4.9,nan
1624,4.71e-05,0.6891,0.0000,0.0000,0.0000,0.0000,5.2,nan
1625,4.69e-05,1.0348,0.0000,0.0000,0.0000,0.0000,5.0,nan
1626,4.67e-05,0.8797,0.0000,0.0000,0.0000,0.0000,5.0,nan
1627,4.65e-05,1.0871,0.0000,0.0000,0.0000,0.0000,5.0,nan
1628,4.63e-05,0.9001,0.0000,0.0000,0.0000,0.0000,4.9,nan
1629,4.61e-05,0.7048,0.0000,0.0000,0.0000,0.0000,5.0,nan
1630,4.58e-05,0.9634,0.0000,0.0000,0.0000,0.0000,5.0,nan
1631,4.56e-05,0.9106,0.0000,0.0000,0.0000,0.0000,4.9,nan
1632,4.54e-05,0.7736,0.0000,0.0000,0.0000,0.0000,5.1,nan
1633,4.52e-05,0.9567,0.0000,0.0000,0.0000,0.0000,5.1,nan
1634,4.50e-05,0.8117,0.0000,0.0000,0.0000,0.0000,5.0,nan
1635,4.48e-05,0.8791,0.0000,0.0000,0.0000,0.0000,5.1,nan
1636,4.46e-05,0.8158,0.0000,0.0000,0.0000,0.0000,5.0,nan
1637,4.43e-05,0.9131,0.0000,0.0000,0.0000,0.0000,5.0,nan
1638,4.41e-05,1.0774,0.0000,0.0000,0.0000,0.0000,5.1,nan
1639,4.39e-05,1.0178,0.0000,0.0000,0.0000,0.0000,5.0,nan
1640,4.37e-05,0.9172,0.0000,0.0000,0.0000,0.0000,7.8,0.6864
1641,4.35e-05,0.8739,0.0000,0.0000,0.0000,0.0000,5.1,nan
1642,4.33e-05,0.8379,0.0000,0.0000,0.0000,0.0000,5.1,nan
1643,4.31e-05,0.9034,0.0000,0.0000,0.0000,0.0000,5.1,nan
1644,4.29e-05,1.0430,0.0000,0.0000,0.0000,0.0000,5.1,nan
1645,4.27e-05,0.9272,0.0000,0.0000,0.0000,0.0000,5.0,nan
1646,4.25e-05,0.8667,0.0000,0.0000,0.0000,0.0000,5.0,nan
1647,4.23e-05,0.9451,0.0000,0.0000,0.0000,0.0000,5.1,nan
1648,4.21e-05,0.9976,0.0000,0.0000,0.0000,0.0000,4.9,nan
1649,4.19e-05,0.9141,0.0000,0.0000,0.0000,0.0000,4.9,nan
1650,4.16e-05,0.7838,0.0000,0.0000,0.0000,0.0000,5.0,nan
1651,4.14e-05,0.7961,0.0000,0.0000,0.0000,0.0000,5.0,nan
1652,4.12e-05,0.7691,0.0000,0.0000,0.0000,0.0000,5.2,nan
1653,4.10e-05,0.9821,0.0000,0.0000,0.0000,0.0000,5.1,nan
1654,4.08e-05,0.7598,0.0000,0.0000,0.0000,0.0000,5.0,nan
1655,4.06e-05,0.9506,0.0000,0.0000,0.0000,0.0000,5.0,nan
1656,4.04e-05,0.8271,0.0000,0.0000,0.0000,0.0000,5.1,nan
1657,4.02e-05,0.7269,0.0000,0.0000,0.0000,0.0000,5.0,nan
1658,4.00e-05,0.9590,0.0000,0.0000,0.0000,0.0000,5.0,nan
1659,3.98e-05,0.8477,0.0000,0.0000,0.0000,0.0000,5.1,nan
1660,3.96e-05,0.9359,0.0000,0.0000,0.0000,0.0000,7.5,0.6737
1661,3.94e-05,0.8943,0.0000,0.0000,0.0000,0.0000,5.0,nan
1662,3.92e-05,0.9524,0.0000,0.0000,0.0000,0.0000,5.0,nan
1663,3.90e-05,0.9110,0.0000,0.0000,0.0000,0.0000,5.0,nan
1664,3.88e-05,1.0175,0.0000,0.0000,0.0000,0.0000,5.1,nan
1665,3.86e-05,0.8500,0.0000,0.0000,0.0000,0.0000,5.0,nan
1666,3.84e-05,0.8186,0.0000,0.0000,0.0000,0.0000,5.2,nan
1667,3.82e-05,0.7926,0.0000,0.0000,0.0000,0.0000,5.0,nan
1668,3.80e-05,0.7901,0.0000,0.0000,0.0000,0.0000,5.1,nan
1669,3.79e-05,0.9927,0.0000,0.0000,0.0000,0.0000,5.0,nan
1670,3.77e-05,1.0086,0.0000,0.0000,0.0000,0.0000,5.0,nan
1671,3.75e-05,0.8899,0.0000,0.0000,0.0000,0.0000,5.1,nan
1672,3.73e-05,0.9410,0.0000,0.0000,0.0000,0.0000,4.9,nan
1673,3.71e-05,0.9465,0.0000,0.0000,0.0000,0.0000,5.0,nan
1674,3.69e-05,0.6765,0.0000,0.0000,0.0000,0.0000,5.0,nan
1675,3.67e-05,0.9628,0.0000,0.0000,0.0000,0.0000,5.0,nan
1676,3.65e-05,0.7584,0.0000,0.0000,0.0000,0.0000,5.1,nan
1677,3.63e-05,0.7421,0.0000,0.0000,0.0000,0.0000,5.1,nan
1678,3.61e-05,0.8667,0.0000,0.0000,0.0000,0.0000,5.1,nan
1679,3.59e-05,0.9737,0.0000,0.0000,0.0000,0.0000,5.0,nan
1680,3.57e-05,1.0025,0.0000,0.0000,0.0000,0.0000,7.8,0.6928
1681,3.56e-05,0.9101,0.0000,0.0000,0.0000,0.0000,5.0,nan
1682,3.54e-05,0.8804,0.0000,0.0000,0.0000,0.0000,5.0,nan
1683,3.52e-05,1.0266,0.0000,0.0000,0.0000,0.0000,5.1,nan
1684,3.50e-05,0.8597,0.0000,0.0000,0.0000,0.0000,5.1,nan
1685,3.48e-05,0.9253,0.0000,0.0000,0.0000,0.0000,5.0,nan
1686,3.46e-05,0.8043,0.0000,0.0000,0.0000,0.0000,5.1,nan
1687,3.44e-05,0.9758,0.0000,0.0000,0.0000,0.0000,5.0,nan
1688,3.43e-05,0.9593,0.0000,0.0000,0.0000,0.0000,5.1,nan
1689,3.41e-05,0.8358,0.0000,0.0000,0.0000,0.0000,5.1,nan
1690,3.39e-05,0.8333,0.0000,0.0000,0.0000,0.0000,5.0,nan
1691,3.37e-05,0.9769,0.0000,0.0000,0.0000,0.0000,4.9,nan
1692,3.35e-05,0.8218,0.0000,0.0000,0.0000,0.0000,5.0,nan
1693,3.33e-05,0.9223,0.0000,0.0000,0.0000,0.0000,5.0,nan
1694,3.32e-05,1.0097,0.0000,0.0000,0.0000,0.0000,5.0,nan
1695,3.30e-05,1.0092,0.0000,0.0000,0.0000,0.0000,5.0,nan
1696,3.28e-05,0.9728,0.0000,0.0000,0.0000,0.0000,5.0,nan
1697,3.26e-05,0.8860,0.0000,0.0000,0.0000,0.0000,5.0,nan
1698,3.24e-05,0.7553,0.0000,0.0000,0.0000,0.0000,5.0,nan
1699,3.23e-05,0.9808,0.0000,0.0000,0.0000,0.0000,5.0,nan
1700,3.21e-05,0.7981,0.0000,0.0000,0.0000,0.0000,7.8,0.6970
1701,3.19e-05,0.9376,0.0000,0.0000,0.0000,0.0000,5.0,nan
1702,3.17e-05,0.7777,0.0000,0.0000,0.0000,0.0000,5.0,nan
1703,3.16e-05,0.8324,0.0000,0.0000,0.0000,0.0000,5.1,nan
1704,3.14e-05,0.8840,0.0000,0.0000,0.0000,0.0000,5.1,nan
1705,3.12e-05,0.9447,0.0000,0.0000,0.0000,0.0000,5.1,nan
1706,3.10e-05,0.7843,0.0000,0.0000,0.0000,0.0000,4.9,nan
1707,3.09e-05,1.0541,0.0000,0.0000,0.0000,0.0000,5.0,nan
1708,3.07e-05,0.7449,0.0000,0.0000,0.0000,0.0000,4.9,nan
1709,3.05e-05,0.7405,0.0000,0.0000,0.0000,0.0000,5.1,nan
1710,3.03e-05,0.8986,0.0000,0.0000,0.0000,0.0000,5.0,nan
1711,3.02e-05,1.0596,0.0000,0.0000,0.0000,0.0000,5.1,nan
1712,3.00e-05,0.9959,0.0000,0.0000,0.0000,0.0000,5.0,nan
1713,2.98e-05,0.9200,0.0000,0.0000,0.0000,0.0000,5.0,nan
1714,2.96e-05,0.9048,0.0000,0.0000,0.0000,0.0000,5.0,nan
1715,2.95e-05,0.8984,0.0000,0.0000,0.0000,0.0000,5.0,nan
1716,2.93e-05,0.8121,0.0000,0.0000,0.0000,0.0000,5.0,nan
1717,2.91e-05,1.0077,0.0000,0.0000,0.0000,0.0000,4.9,nan
1718,2.90e-05,1.1059,0.0000,0.0000,0.0000,0.0000,5.1,nan
1719,2.88e-05,0.8740,0.0000,0.0000,0.0000,0.0000,5.0,nan
1720,2.86e-05,0.7648,0.0000,0.0000,0.0000,0.0000,7.6,0.6928
1721,2.85e-05,0.9233,0.0000,0.0000,0.0000,0.0000,5.0,nan
1722,2.83e-05,0.9210,0.0000,0.0000,0.0000,0.0000,5.0,nan
1723,2.81e-05,0.8374,0.0000,0.0000,0.0000,0.0000,5.1,nan
1724,2.80e-05,0.9664,0.0000,0.0000,0.0000,0.0000,5.0,nan
1725,2.78e-05,0.7775,0.0000,0.0000,0.0000,0.0000,5.0,nan
1726,2.76e-05,1.0424,0.0000,0.0000,0.0000,0.0000,5.0,nan
1727,2.75e-05,0.7664,0.0000,0.0000,0.0000,0.0000,4.9,nan
1728,2.73e-05,0.7128,0.0000,0.0000,0.0000,0.0000,5.0,nan
1729,2.72e-05,0.7401,0.0000,0.0000,0.0000,0.0000,5.1,nan
1730,2.70e-05,0.8838,0.0000,0.0000,0.0000,0.0000,5.0,nan
1731,2.68e-05,0.8943,0.0000,0.0000,0.0000,0.0000,5.0,nan
1732,2.67e-05,0.7569,0.0000,0.0000,0.0000,0.0000,5.1,nan
1733,2.65e-05,1.0107,0.0000,0.0000,0.0000,0.0000,5.0,nan
1734,2.64e-05,1.0492,0.0000,0.0000,0.0000,0.0000,5.0,nan
1735,2.62e-05,0.9228,0.0000,0.0000,0.0000,0.0000,5.1,nan
1736,2.60e-05,0.7824,0.0000,0.0000,0.0000,0.0000,5.0,nan
1737,2.59e-05,0.8461,0.0000,0.0000,0.0000,0.0000,5.1,nan
1738,2.57e-05,1.1320,0.0000,0.0000,0.0000,0.0000,5.0,nan
1739,2.56e-05,0.8229,0.0000,0.0000,0.0000,0.0000,5.0,nan
1740,2.54e-05,0.8714,0.0000,0.0000,0.0000,0.0000,8.0,0.6949
1741,2.53e-05,0.7888,0.0000,0.0000,0.0000,0.0000,5.1,nan
1742,2.51e-05,0.9174,0.0000,0.0000,0.0000,0.0000,5.0,nan
1743,2.50e-05,0.9170,0.0000,0.0000,0.0000,0.0000,5.0,nan
1744,2.48e-05,0.8969,0.0000,0.0000,0.0000,0.0000,5.0,nan
1745,2.46e-05,0.9406,0.0000,0.0000,0.0000,0.0000,5.0,nan
1746,2.45e-05,0.7396,0.0000,0.0000,0.0000,0.0000,5.1,nan
1747,2.43e-05,0.8817,0.0000,0.0000,0.0000,0.0000,5.0,nan
1748,2.42e-05,0.7718,0.0000,0.0000,0.0000,0.0000,5.1,nan
1749,2.40e-05,0.7926,0.0000,0.0000,0.0000,0.0000,5.1,nan
1750,2.39e-05,0.9919,0.0000,0.0000,0.0000,0.0000,5.0,nan
1751,2.37e-05,0.9312,0.0000,0.0000,0.0000,0.0000,4.9,nan
1752,2.36e-05,0.8591,0.0000,0.0000,0.0000,0.0000,5.0,nan
1753,2.34e-05,0.9707,0.0000,0.0000,0.0000,0.0000,4.9,nan
1754,2.33e-05,0.8591,0.0000,0.0000,0.0000,0.0000,4.9,nan
1755,2.32e-05,0.7374,0.0000,0.0000,0.0000,0.0000,5.0,nan
1756,2.30e-05,0.7964,0.0000,0.0000,0.0000,0.0000,5.0,nan
1757,2.29e-05,0.9727,0.0000,0.0000,0.0000,0.0000,5.0,nan
1758,2.27e-05,0.8195,0.0000,0.0000,0.0000,0.0000,5.1,nan
1759,2.26e-05,0.8482,0.0000,0.0000,0.0000,0.0000,4.9,nan
1760,2.24e-05,0.8403,0.0000,0.0000,0.0000,0.0000,7.9,0.6992
1761,2.23e-05,0.9711,0.0000,0.0000,0.0000,0.0000,5.0,nan
1762,2.21e-05,1.0330,0.0000,0.0000,0.0000,0.0000,4.9,nan
1763,2.20e-05,0.8296,0.0000,0.0000,0.0000,0.0000,4.9,nan
1764,2.19e-05,1.1444,0.0000,0.0000,0.0000,0.0000,5.1,nan
1765,2.17e-05,0.9936,0.0000,0.0000,0.0000,0.0000,5.1,nan
1766,2.16e-05,0.9200,0.0000,0.0000,0.0000,0.0000,5.0,nan
1767,2.14e-05,0.8379,0.0000,0.0000,0.0000,0.0000,4.9,nan
1768,2.13e-05,1.0239,0.0000,0.0000,0.0000,0.0000,4.9,nan
1769,2.12e-05,0.8324,0.0000,0.0000,0.0000,0.0000,4.9,nan
1770,2.10e-05,0.8766,0.0000,0.0000,0.0000,0.0000,5.0,nan
1771,2.09e-05,0.8650,0.0000,0.0000,0.0000,0.0000,5.0,nan
1772,2.07e-05,0.9277,0.0000,0.0000,0.0000,0.0000,5.1,nan
1773,2.06e-05,0.6336,0.0000,0.0000,0.0000,0.0000,5.0,nan
1774,2.05e-05,0.9375,0.0000,0.0000,0.0000,0.0000,5.1,nan
1775,2.03e-05,1.0392,0.0000,0.0000,0.0000,0.0000,5.1,nan
1776,2.02e-05,1.0741,0.0000,0.0000,0.0000,0.0000,5.0,nan
1777,2.01e-05,0.8152,0.0000,0.0000,0.0000,0.0000,5.1,nan
1778,1.99e-05,0.8701,0.0000,0.0000,0.0000,0.0000,5.1,nan
1779,1.98e-05,0.8325,0.0000,0.0000,0.0000,0.0000,5.2,nan
1780,1.97e-05,0.8927,0.0000,0.0000,0.0000,0.0000,8.0,0.7076
1781,1.95e-05,0.9616,0.0000,0.0000,0.0000,0.0000,5.0,nan
1782,1.94e-05,0.8287,0.0000,0.0000,0.0000,0.0000,5.0,nan
1783,1.93e-05,0.7579,0.0000,0.0000,0.0000,0.0000,5.1,nan
1784,1.91e-05,0.8537,0.0000,0.0000,0.0000,0.0000,5.0,nan
1785,1.90e-05,0.9580,0.0000,0.0000,0.0000,0.0000,5.0,nan
1786,1.89e-05,0.8926,0.0000,0.0000,0.0000,0.0000,5.0,nan
1787,1.87e-05,0.9478,0.0000,0.0000,0.0000,0.0000,5.0,nan
1788,1.86e-05,0.7274,0.0000,0.0000,0.0000,0.0000,4.9,nan
1789,1.85e-05,0.9725,0.0000,0.0000,0.0000,0.0000,5.1,nan
1790,1.84e-05,0.8367,0.0000,0.0000,0.0000,0.0000,4.9,nan
1791,1.82e-05,0.9164,0.0000,0.0000,0.0000,0.0000,5.0,nan
1792,1.81e-05,0.9171,0.0000,0.0000,0.0000,0.0000,4.9,nan
1793,1.80e-05,0.8334,0.0000,0.0000,0.0000,0.0000,5.0,nan
1794,1.79e-05,0.8638,0.0000,0.0000,0.0000,0.0000,5.0,nan
1795,1.77e-05,0.7631,0.0000,0.0000,0.0000,0.0000,5.1,nan
1796,1.76e-05,0.8609,0.0000,0.0000,0.0000,0.0000,5.0,nan
1797,1.75e-05,0.7768,0.0000,0.0000,0.0000,0.0000,5.1,nan
1798,1.74e-05,0.7632,0.0000,0.0000,0.0000,0.0000,4.9,nan
1799,1.72e-05,0.9101,0.0000,0.0000,0.0000,0.0000,5.0,nan
1800,1.71e-05,0.9753,0.0000,0.0000,0.0000,0.0000,7.8,0.6928
1801,1.70e-05,0.8230,0.0000,0.0000,0.0000,0.0000,4.9,nan
1802,1.69e-05,0.9401,0.0000,0.0000,0.0000,0.0000,5.1,nan
1803,1.68e-05,0.8243,0.0000,0.0000,0.0000,0.0000,5.0,nan
1804,1.66e-05,0.7016,0.0000,0.0000,0.0000,0.0000,5.1,nan
1805,1.65e-05,0.8306,0.0000,0.0000,0.0000,0.0000,5.2,nan
1806,1.64e-05,0.8521,0.0000,0.0000,0.0000,0.0000,5.0,nan
1807,1.63e-05,0.8686,0.0000,0.0000,0.0000,0.0000,4.9,nan
1808,1.62e-05,0.7570,0.0000,0.0000,0.0000,0.0000,5.0,nan
1809,1.61e-05,0.8250,0.0000,0.0000,0.0000,0.0000,5.0,nan
1810,1.59e-05,1.0100,0.0000,0.0000,0.0000,0.0000,5.1,nan
1811,1.58e-05,0.8622,0.0000,0.0000,0.0000,0.0000,4.9,nan
1812,1.57e-05,0.8030,0.0000,0.0000,0.0000,0.0000,5.1,nan
1813,1.56e-05,0.9215,0.0000,0.0000,0.0000,0.0000,5.0,nan
1814,1.55e-05,0.9523,0.0000,0.0000,0.0000,0.0000,5.0,nan
1815,1.54e-05,0.9731,0.0000,0.0000,0.0000,0.0000,5.0,nan
1816,1.53e-05,0.7829,0.0000,0.0000,0.0000,0.0000,5.1,nan
1817,1.52e-05,0.9217,0.0000,0.0000,0.0000,0.0000,5.1,nan
1818,1.50e-05,0.8831,0.0000,0.0000,0.0000,0.0000,5.1,nan
1819,1.49e-05,0.8429,0.0000,0.0000,0.0000,0.0000,5.1,nan
1820,1.48e-05,1.0617,0.0000,0.0000,0.0000,0.0000,7.9,0.6992
1821,1.47e-05,0.8490,0.0000,0.0000,0.0000,0.0000,5.1,nan
1822,1.46e-05,0.9506,0.0000,0.0000,0.0000,0.0000,5.0,nan
1823,1.45e-05,0.7522,0.0000,0.0000,0.0000,0.0000,5.1,nan
1824,1.44e-05,0.9344,0.0000,0.0000,0.0000,0.0000,4.9,nan
1825,1.43e-05,0.8862,0.0000,0.0000,0.0000,0.0000,5.1,nan
1826,1.42e-05,0.8914,0.0000,0.0000,0.0000,0.0000,5.1,nan
1827,1.41e-05,0.9553,0.0000,0.0000,0.0000,0.0000,4.9,nan
1828,1.40e-05,0.8225,0.0000,0.0000,0.0000,0.0000,4.9,nan
1829,1.39e-05,0.9273,0.0000,0.0000,0.0000,0.0000,4.9,nan
1830,1.38e-05,0.9213,0.0000,0.0000,0.0000,0.0000,5.4,nan
1831,1.37e-05,0.9353,0.0000,0.0000,0.0000,0.0000,5.2,nan
1832,1.36e-05,0.8775,0.0000,0.0000,0.0000,0.0000,5.0,nan
1833,1.35e-05,1.0346,0.0000,0.0000,0.0000,0.0000,5.1,nan
1834,1.34e-05,0.8401,0.0000,0.0000,0.0000,0.0000,5.1,nan
1835,1.33e-05,0.8335,0.0000,0.0000,0.0000,0.0000,5.0,nan
1836,1.32e-05,0.6542,0.0000,0.0000,0.0000,0.0000,5.1,nan
1837,1.31e-05,0.9864,0.0000,0.0000,0.0000,0.0000,5.1,nan
1838,1.30e-05,0.9127,0.0000,0.0000,0.0000,0.0000,5.0,nan
1839,1.29e-05,1.0538,0.0000,0.0000,0.0000,0.0000,5.0,nan
1840,1.28e-05,1.1164,0.0000,0.0000,0.0000,0.0000,7.7,0.7034
1841,1.27e-05,0.9510,0.0000,0.0000,0.0000,0.0000,5.2,nan
1842,1.26e-05,0.9120,0.0000,0.0000,0.0000,0.0000,4.9,nan
1843,1.25e-05,0.8583,0.0000,0.0000,0.0000,0.0000,5.0,nan
1844,1.24e-05,0.8836,0.0000,0.0000,0.0000,0.0000,5.1,nan
1845,1.23e-05,0.6984,0.0000,0.0000,0.0000,0.0000,5.1,nan
1846,1.22e-05,0.7840,0.0000,0.0000,0.0000,0.0000,5.1,nan
1847,1.21e-05,1.0348,0.0000,0.0000,0.0000,0.0000,5.2,nan
1848,1.20e-05,0.8607,0.0000,0.0000,0.0000,0.0000,5.2,nan
1849,1.19e-05,0.8460,0.0000,0.0000,0.0000,0.0000,5.1,nan
1850,1.18e-05,0.8011,0.0000,0.0000,0.0000,0.0000,5.0,nan
1851,1.17e-05,0.9550,0.0000,0.0000,0.0000,0.0000,5.0,nan
1852,1.16e-05,0.9077,0.0000,0.0000,0.0000,0.0000,5.0,nan
1853,1.16e-05,0.9773,0.0000,0.0000,0.0000,0.0000,5.1,nan
1854,1.15e-05,0.8261,0.0000,0.0000,0.0000,0.0000,5.0,nan
1855,1.14e-05,0.7039,0.0000,0.0000,0.0000,0.0000,5.2,nan
1856,1.13e-05,0.8226,0.0000,0.0000,0.0000,0.0000,5.2,nan
1857,1.12e-05,0.8203,0.0000,0.0000,0.0000,0.0000,5.0,nan
1858,1.11e-05,1.0038,0.0000,0.0000,0.0000,0.0000,5.1,nan
1859,1.10e-05,0.7732,0.0000,0.0000,0.0000,0.0000,5.1,nan
1860,1.09e-05,0.9115,0.0000,0.0000,0.0000,0.0000,8.0,0.6992
1861,1.09e-05,0.7523,0.0000,0.0000,0.0000,0.0000,5.1,nan
1862,1.08e-05,0.8615,0.0000,0.0000,0.0000,0.0000,5.1,nan
1863,1.07e-05,0.8463,0.0000,0.0000,0.0000,0.0000,5.4,nan
1864,1.06e-05,0.9689,0.0000,0.0000,0.0000,0.0000,5.2,nan
1865,1.05e-05,0.9322,0.0000,0.0000,0.0000,0.0000,5.0,nan
1866,1.04e-05,0.8909,0.0000,0.0000,0.0000,0.0000,5.0,nan
1867,1.04e-05,0.8265,0.0000,0.0000,0.0000,0.0000,5.1,nan
1868,1.03e-05,0.6792,0.0000,0.0000,0.0000,0.0000,5.0,nan
1869,1.02e-05,0.8119,0.0000,0.0000,0.0000,0.0000,5.1,nan
1870,1.01e-05,0.9654,0.0000,0.0000,0.0000,0.0000,5.0,nan
1871,1.00e-05,0.7839,0.0000,0.0000,0.0000,0.0000,5.0,nan
1872,9.97e-06,1.0868,0.0000,0.0000,0.0000,0.0000,5.1,nan
1873,9.89e-06,0.8444,0.0000,0.0000,0.0000,0.0000,5.1,nan
1874,9.81e-06,1.0376,0.0000,0.0000,0.0000,0.0000,5.0,nan
1875,9.73e-06,0.8131,0.0000,0.0000,0.0000,0.0000,5.1,nan
1876,9.66e-06,0.8671,0.0000,0.0000,0.0000,0.0000,5.1,nan
1877,9.58e-06,0.7650,0.0000,0.0000,0.0000,0.0000,5.1,nan
1878,9.51e-06,0.9100,0.0000,0.0000,0.0000,0.0000,5.1,nan
1879,9.44e-06,0.9971,0.0000,0.0000,0.0000,0.0000,5.1,nan
1880,9.36e-06,0.9017,0.0000,0.0000,0.0000,0.0000,7.8,0.6928
1881,9.29e-06,0.9049,0.0000,0.0000,0.0000,0.0000,5.0,nan
1882,9.22e-06,0.7946,0.0000,0.0000,0.0000,0.0000,5.1,nan
1883,9.15e-06,0.9182,0.0000,0.0000,0.0000,0.0000,5.1,nan
1884,9.07e-06,0.7752,0.0000,0.0000,0.0000,0.0000,5.1,nan
1885,9.00e-06,1.0591,0.0000,0.0000,0.0000,0.0000,5.1,nan
1886,8.93e-06,1.0389,0.0000,0.0000,0.0000,0.0000,5.2,nan
1887,8.87e-06,0.5956,0.0000,0.0000,0.0000,0.0000,5.1,nan
1888,8.80e-06,0.6481,0.0000,0.0000,0.0000,0.0000,5.0,nan
1889,8.73e-06,0.6329,0.0000,0.0000,0.0000,0.0000,5.1,nan
1890,8.66e-06,0.7890,0.0000,0.0000,0.0000,0.0000,5.1,nan
1891,8.60e-06,1.0325,0.0000,0.0000,0.0000,0.0000,5.0,nan
1892,8.53e-06,0.9588,0.0000,0.0000,0.0000,0.0000,5.0,nan
1893,8.46e-06,0.8867,0.0000,0.0000,0.0000,0.0000,5.2,nan
1894,8.40e-06,0.8036,0.0000,0.0000,0.0000,0.0000,5.1,nan
1895,8.33e-06,0.9650,0.0000,0.0000,0.0000,0.0000,5.4,nan
1896,8.27e-06,0.9081,0.0000,0.0000,0.0000,0.0000,5.1,nan
1897,8.21e-06,0.8820,0.0000,0.0000,0.0000,0.0000,5.1,nan
1898,8.15e-06,0.9320,0.0000,0.0000,0.0000,0.0000,5.0,nan
1899,8.08e-06,0.9521,0.0000,0.0000,0.0000,0.0000,5.1,nan
1900,8.02e-06,1.0014,0.0000,0.0000,0.0000,0.0000,7.7,0.6928
1901,7.96e-06,0.8795,0.0000,0.0000,0.0000,0.0000,5.1,nan
1902,7.90e-06,0.8843,0.0000,0.0000,0.0000,0.0000,5.1,nan
1903,7.84e-06,0.8594,0.0000,0.0000,0.0000,0.0000,5.0,nan
1904,7.78e-06,0.8267,0.0000,0.0000,0.0000,0.0000,5.0,nan
1905,7.73e-06,0.9101,0.0000,0.0000,0.0000,0.0000,5.0,nan
1906,7.67e-06,1.0238,0.0000,0.0000,0.0000,0.0000,5.1,nan
1907,7.61e-06,0.8452,0.0000,0.0000,0.0000,0.0000,5.1,nan
1908,7.56e-06,0.9056,0.0000,0.0000,0.0000,0.0000,5.1,nan
1909,7.50e-06,0.8915,0.0000,0.0000,0.0000,0.0000,4.9,nan
1910,7.44e-06,1.0547,0.0000,0.0000,0.0000,0.0000,5.1,nan
1911,7.39e-06,1.0084,0.0000,0.0000,0.0000,0.0000,4.9,nan
1912,7.34e-06,0.8417,0.0000,0.0000,0.0000,0.0000,5.1,nan
1913,7.28e-06,0.8272,0.0000,0.0000,0.0000,0.0000,5.1,nan
1914,7.23e-06,0.8270,0.0000,0.0000,0.0000,0.0000,5.1,nan
1915,7.18e-06,0.9707,0.0000,0.0000,0.0000,0.0000,5.1,nan
1916,7.13e-06,0.8955,0.0000,0.0000,0.0000,0.0000,5.0,nan
1917,7.08e-06,0.8184,0.0000,0.0000,0.0000,0.0000,5.1,nan
1918,7.03e-06,0.6079,0.0000,0.0000,0.0000,0.0000,5.0,nan
1919,6.98e-06,0.9386,0.0000,0.0000,0.0000,0.0000,5.0,nan
1920,6.93e-06,0.8304,0.0000,0.0000,0.0000,0.0000,7.6,0.6928
1921,6.88e-06,0.9143,0.0000,0.0000,0.0000,0.0000,5.1,nan
1922,6.83e-06,0.8394,0.0000,0.0000,0.0000,0.0000,5.1,nan
1923,6.78e-06,0.9879,0.0000,0.0000,0.0000,0.0000,5.1,nan
1924,6.74e-06,0.7392,0.0000,0.0000,0.0000,0.0000,5.0,nan
1925,6.69e-06,0.8860,0.0000,0.0000,0.0000,0.0000,5.1,nan
1926,6.65e-06,0.6472,0.0000,0.0000,0.0000,0.0000,5.2,nan
1927,6.60e-06,0.8946,0.0000,0.0000,0.0000,0.0000,5.1,nan
1928,6.56e-06,0.9260,0.0000,0.0000,0.0000,0.0000,5.0,nan
1929,6.51e-06,0.7148,0.0000,0.0000,0.0000,0.0000,5.1,nan
1930,6.47e-06,1.0314,0.0000,0.0000,0.0000,0.0000,5.0,nan
1931,6.43e-06,0.8885,0.0000,0.0000,0.0000,0.0000,5.1,nan
1932,6.39e-06,0.7464,0.0000,0.0000,0.0000,0.0000,5.1,nan
1933,6.35e-06,0.8542,0.0000,0.0000,0.0000,0.0000,5.2,nan
1934,6.31e-06,0.8797,0.0000,0.0000,0.0000,0.0000,5.0,nan
1935,6.27e-06,0.8317,0.0000,0.0000,0.0000,0.0000,5.1,nan
1936,6.23e-06,0.8260,0.0000,0.0000,0.0000,0.0000,5.0,nan
1937,6.19e-06,0.8273,0.0000,0.0000,0.0000,0.0000,5.1,nan
1938,6.15e-06,0.9174,0.0000,0.0000,0.0000,0.0000,5.1,nan
1939,6.11e-06,0.8911,0.0000,0.0000,0.0000,0.0000,5.1,nan
1940,6.08e-06,0.7842,0.0000,0.0000,0.0000,0.0000,8.0,0.6907
1941,6.04e-06,0.7981,0.0000,0.0000,0.0000,0.0000,5.1,nan
1942,6.00e-06,0.9019,0.0000,0.0000,0.0000,0.0000,5.1,nan
1943,5.97e-06,0.8383,0.0000,0.0000,0.0000,0.0000,5.1,nan
1944,5.94e-06,0.7278,0.0000,0.0000,0.0000,0.0000,5.1,nan
1945,5.90e-06,0.9038,0.0000,0.0000,0.0000,0.0000,5.1,nan
1946,5.87e-06,0.7126,0.0000,0.0000,0.0000,0.0000,5.0,nan
1947,5.84e-06,1.0033,0.0000,0.0000,0.0000,0.0000,5.0,nan
1948,5.80e-06,0.8449,0.0000,0.0000,0.0000,0.0000,5.1,nan
1949,5.77e-06,1.0231,0.0000,0.0000,0.0000,0.0000,5.0,nan
1950,5.74e-06,0.6946,0.0000,0.0000,0.0000,0.0000,5.0,nan
1951,5.71e-06,0.9727,0.0000,0.0000,0.0000,0.0000,5.1,nan
1952,5.68e-06,0.8662,0.0000,0.0000,0.0000,0.0000,5.1,nan
1953,5.66e-06,0.7830,0.0000,0.0000,0.0000,0.0000,5.0,nan
1954,5.63e-06,0.8782,0.0000,0.0000,0.0000,0.0000,5.1,nan
1955,5.60e-06,0.7723,0.0000,0.0000,0.0000,0.0000,4.9,nan
1956,5.57e-06,0.8309,0.0000,0.0000,0.0000,0.0000,5.1,nan
1957,5.55e-06,1.0266,0.0000,0.0000,0.0000,0.0000,5.1,nan
1958,5.52e-06,0.8782,0.0000,0.0000,0.0000,0.0000,5.0,nan
1959,5.50e-06,0.8144,0.0000,0.0000,0.0000,0.0000,5.1,nan
1960,5.47e-06,0.9699,0.0000,0.0000,0.0000,0.0000,7.7,0.6907
1961,5.45e-06,0.9747,0.0000,0.0000,0.0000,0.0000,5.2,nan
1962,5.42e-06,0.9125,0.0000,0.0000,0.0000,0.0000,5.1,nan
1963,5.40e-06,0.7349,0.0000,0.0000,0.0000,0.0000,5.3,nan
1964,5.38e-06,0.9347,0.0000,0.0000,0.0000,0.0000,5.1,nan
1965,5.36e-06,0.9294,0.0000,0.0000,0.0000,0.0000,5.1,nan
1966,5.34e-06,0.7116,0.0000,0.0000,0.0000,0.0000,5.1,nan
1967,5.32e-06,0.7981,0.0000,0.0000,0.0000,0.0000,5.0,nan
1968,5.30e-06,0.8715,0.0000,0.0000,0.0000,0.0000,5.1,nan
1969,5.28e-06,0.9880,0.0000,0.0000,0.0000,0.0000,5.2,nan
1970,5.26e-06,0.8649,0.0000,0.0000,0.0000,0.0000,5.1,nan
1971,5.24e-06,0.9080,0.0000,0.0000,0.0000,0.0000,5.0,nan
1972,5.23e-06,0.8692,0.0000,0.0000,0.0000,0.0000,5.1,nan
1973,5.21e-06,0.8314,0.0000,0.0000,0.0000,0.0000,5.3,nan
1974,5.19e-06,0.8603,0.0000,0.0000,0.0000,0.0000,5.1,nan
1975,5.18e-06,0.9445,0.0000,0.0000,0.0000,0.0000,5.0,nan
1976,5.16e-06,0.8097,0.0000,0.0000,0.0000,0.0000,5.2,nan
1977,5.15e-06,0.8500,0.0000,0.0000,0.0000,0.0000,5.0,nan
1978,5.14e-06,0.8201,0.0000,0.0000,0.0000,0.0000,5.0,nan
1979,5.12e-06,0.6799,0.0000,0.0000,0.0000,0.0000,5.2,nan
1980,5.11e-06,1.0759,0.0000,0.0000,0.0000,0.0000,7.8,0.6886
1981,5.10e-06,0.9017,0.0000,0.0000,0.0000,0.0000,4.9,nan
1982,5.09e-06,0.7810,0.0000,0.0000,0.0000,0.0000,5.0,nan
1983,5.08e-06,0.8915,0.0000,0.0000,0.0000,0.0000,5.0,nan
1984,5.07e-06,0.8334,0.0000,0.0000,0.0000,0.0000,5.1,nan
1985,5.06e-06,0.7310,0.0000,0.0000,0.0000,0.0000,5.1,nan
1986,5.05e-06,0.8073,0.0000,0.0000,0.0000,0.0000,5.2,nan
1987,5.05e-06,0.7583,0.0000,0.0000,0.0000,0.0000,5.0,nan
1988,5.04e-06,0.7469,0.0000,0.0000,0.0000,0.0000,5.0,nan
1989,5.03e-06,0.9347,0.0000,0.0000,0.0000,0.0000,5.1,nan
1990,5.03e-06,0.8049,0.0000,0.0000,0.0000,0.0000,5.1,nan
1991,5.02e-06,0.8564,0.0000,0.0000,0.0000,0.0000,5.0,nan
1992,5.02e-06,0.9190,0.0000,0.0000,0.0000,0.0000,5.1,nan
1993,5.01e-06,0.8716,0.0000,0.0000,0.0000,0.0000,5.0,nan
1994,5.01e-06,0.9090,0.0000,0.0000,0.0000,0.0000,5.3,nan
1995,5.01e-06,0.8394,0.0000,0.0000,0.0000,0.0000,5.1,nan
1996,5.00e-06,0.9268,0.0000,0.0000,0.0000,0.0000,5.1,nan
1997,5.00e-06,0.7865,0.0000,0.0000,0.0000,0.0000,5.1,nan
1998,5.00e-06,0.7574,0.0000,0.0000,0.0000,0.0000,5.1,nan
1999,5.00e-06,0.7863,0.0000,0.0000,0.0000,0.0000,7.6,0.6886
