epoch,lr,train_loss,val_top1,val_top5,val_balanced,ema_top1,seconds,tracked_test_top1
0,5.00e-05,3.9232,0.0000,0.0000,0.0000,0.0000,29.0,0.0169
1,1.00e-04,3.9097,0.0000,0.0000,0.0000,0.0000,3.3,nan
2,1.50e-04,3.9000,0.0000,0.0000,0.0000,0.0000,3.1,nan
3,2.00e-04,3.8731,0.0000,0.0000,0.0000,0.0000,3.3,nan
4,2.50e-04,3.8264,0.0000,0.0000,0.0000,0.0000,3.1,nan
5,3.00e-04,3.7628,0.0000,0.0000,0.0000,0.0000,3.0,nan
6,3.50e-04,3.7793,0.0000,0.0000,0.0000,0.0000,3.3,nan
7,4.00e-04,3.6738,0.0000,0.0000,0.0000,0.0000,3.1,nan
8,4.50e-04,3.6903,0.0000,0.0000,0.0000,0.0000,3.1,nan
9,5.00e-04,3.6260,0.0000,0.0000,0.0000,0.0000,3.2,nan
10,5.00e-04,3.5887,0.0000,0.0000,0.0000,0.0000,3.2,nan
11,5.00e-04,3.5306,0.0000,0.0000,0.0000,0.0000,3.0,nan
12,5.00e-04,3.4896,0.0000,0.0000,0.0000,0.0000,3.2,nan
13,5.00e-04,3.4363,0.0000,0.0000,0.0000,0.0000,3.3,nan
14,5.00e-04,3.3970,0.0000,0.0000,0.0000,0.0000,3.1,nan
15,5.00e-04,3.3087,0.0000,0.0000,0.0000,0.0000,3.1,nan
16,5.00e-04,3.1018,0.0000,0.0000,0.0000,0.0000,3.1,nan
17,5.00e-04,3.2243,0.0000,0.0000,0.0000,0.0000,3.1,nan
18,5.00e-04,3.1830,0.0000,0.0000,0.0000,0.0000,3.1,nan
19,5.00e-04,3.1960,0.0000,0.0000,0.0000,0.0000,2.9,nan
20,5.00e-04,3.1751,0.0000,0.0000,0.0000,0.0000,4.4,0.2373
21,5.00e-04,2.9684,0.0000,0.0000,0.0000,0.0000,2.9,nan
22,5.00e-04,3.0245,0.0000,0.0000,0.0000,0.0000,3.1,nan
23,5.00e-04,3.0929,0.0000,0.0000,0.0000,0.0000,2.8,nan
24,5.00e-04,3.0674,0.0000,0.0000,0.0000,0.0000,2.9,nan
25,5.00e-04,2.7454,0.0000,0.0000,0.0000,0.0000,2.9,nan
26,5.00e-04,3.1492,0.0000,0.0000,0.0000,0.0000,3.0,nan
27,5.00e-04,2.9392,0.0000,0.0000,0.0000,0.0000,3.0,nan
28,5.00e-04,2.8535,0.0000,0.0000,0.0000,0.0000,3.1,nan
29,5.00e-04,3.0158,0.0000,0.0000,0.0000,0.0000,3.1,nan
30,5.00e-04,2.8743,0.0000,0.0000,0.0000,0.0000,3.0,nan
31,5.00e-04,2.9598,0.0000,0.0000,0.0000,0.0000,3.1,nan
32,5.00e-04,2.5766,0.0000,0.0000,0.0000,0.0000,2.9,nan
33,5.00e-04,2.8349,0.0000,0.0000,0.0000,0.0000,2.9,nan
34,5.00e-04,2.5235,0.0000,0.0000,0.0000,0.0000,2.9,nan
35,5.00e-04,2.7752,0.0000,0.0000,0.0000,0.0000,2.9,nan
36,5.00e-04,2.8784,0.0000,0.0000,0.0000,0.0000,3.0,nan
37,5.00e-04,2.8543,0.0000,0.0000,0.0000,0.0000,2.9,nan
38,5.00e-04,2.4923,0.0000,0.0000,0.0000,0.0000,3.0,nan
39,5.00e-04,2.7057,0.0000,0.0000,0.0000,0.0000,2.9,nan
40,5.00e-04,2.8687,0.0000,0.0000,0.0000,0.0000,4.8,0.3051
41,5.00e-04,2.6914,0.0000,0.0000,0.0000,0.0000,3.0,nan
42,5.00e-04,2.5700,0.0000,0.0000,0.0000,0.0000,3.0,nan
43,5.00e-04,2.6284,0.0000,0.0000,0.0000,0.0000,2.8,nan
44,5.00e-04,2.7874,0.0000,0.0000,0.0000,0.0000,2.9,nan
45,5.00e-04,2.4265,0.0000,0.0000,0.0000,0.0000,2.9,nan
46,5.00e-04,2.4226,0.0000,0.0000,0.0000,0.0000,3.0,nan
47,5.00e-04,2.2057,0.0000,0.0000,0.0000,0.0000,2.8,nan
48,5.00e-04,2.7058,0.0000,0.0000,0.0000,0.0000,2.9,nan
49,5.00e-04,2.7537,0.0000,0.0000,0.0000,0.0000,3.0,nan
50,4.99e-04,2.7819,0.0000,0.0000,0.0000,0.0000,3.0,nan
51,4.99e-04,2.3380,0.0000,0.0000,0.0000,0.0000,2.9,nan
52,4.99e-04,2.7878,0.0000,0.0000,0.0000,0.0000,2.9,nan
53,4.99e-04,2.6217,0.0000,0.0000,0.0000,0.0000,2.9,nan
54,4.99e-04,2.3493,0.0000,0.0000,0.0000,0.0000,2.8,nan
55,4.99e-04,2.4330,0.0000,0.0000,0.0000,0.0000,3.0,nan
56,4.99e-04,2.3539,0.0000,0.0000,0.0000,0.0000,2.9,nan
57,4.99e-04,2.2165,0.0000,0.0000,0.0000,0.0000,2.9,nan
58,4.99e-04,2.4365,0.0000,0.0000,0.0000,0.0000,2.9,nan
59,4.99e-04,2.4398,0.0000,0.0000,0.0000,0.0000,2.9,nan
60,4.99e-04,2.5667,0.0000,0.0000,0.0000,0.0000,4.5,0.4386
61,4.99e-04,2.2267,0.0000,0.0000,0.0000,0.0000,2.9,nan
62,4.99e-04,2.3282,0.0000,0.0000,0.0000,0.0000,2.9,nan
63,4.99e-04,2.2509,0.0000,0.0000,0.0000,0.0000,2.8,nan
64,4.99e-04,2.2217,0.0000,0.0000,0.0000,0.0000,2.9,nan
65,4.99e-04,2.2959,0.0000,0.0000,0.0000,0.0000,2.8,nan
66,4.99e-04,2.5330,0.0000,0.0000,0.0000,0.0000,2.9,nan
67,4.99e-04,2.0000,0.0000,0.0000,0.0000,0.0000,3.1,nan
68,4.99e-04,2.1943,0.0000,0.0000,0.0000,0.0000,2.8,nan
69,4.99e-04,2.2592,0.0000,0.0000,0.0000,0.0000,2.9,nan
70,4.99e-04,2.3194,0.0000,0.0000,0.0000,0.0000,3.0,nan
71,4.99e-04,2.0617,0.0000,0.0000,0.0000,0.0000,3.0,nan
72,4.99e-04,2.2074,0.0000,0.0000,0.0000,0.0000,2.9,nan
73,4.99e-04,2.0104,0.0000,0.0000,0.0000,0.0000,2.8,nan
74,4.99e-04,2.2893,0.0000,0.0000,0.0000,0.0000,2.8,nan
75,4.99e-04,2.2833,0.0000,0.0000,0.0000,0.0000,2.9,nan
76,4.99e-04,2.3180,0.0000,0.0000,0.0000,0.0000,2.9,nan
77,4.99e-04,2.0836,0.0000,0.0000,0.0000,0.0000,2.9,nan
78,4.99e-04,2.1432,0.0000,0.0000,0.0000,0.0000,3.0,nan
79,4.98e-04,1.7961,0.0000,0.0000,0.0000,0.0000,2.9,nan
80,4.98e-04,2.0861,0.0000,0.0000,0.0000,0.0000,4.4,0.3623
81,4.98e-04,2.2111,0.0000,0.0000,0.0000,0.0000,2.9,nan
82,4.98e-04,1.8768,0.0000,0.0000,0.0000,0.0000,2.9,nan
83,4.98e-04,2.2112,0.0000,0.0000,0.0000,0.0000,2.8,nan
84,4.98e-04,1.8634,0.0000,0.0000,0.0000,0.0000,2.9,nan
85,4.98e-04,2.1516,0.0000,0.0000,0.0000,0.0000,2.8,nan
86,4.98e-04,2.1223,0.0000,0.0000,0.0000,0.0000,2.9,nan
87,4.98e-04,1.7702,0.0000,0.0000,0.0000,0.0000,2.9,nan
88,4.98e-04,2.0721,0.0000,0.0000,0.0000,0.0000,2.9,nan
89,4.98e-04,2.0716,0.0000,0.0000,0.0000,0.0000,3.0,nan
90,4.98e-04,2.3188,0.0000,0.0000,0.0000,0.0000,2.8,nan
91,4.98e-04,2.0376,0.0000,0.0000,0.0000,0.0000,3.1,nan
92,4.98e-04,1.6784,0.0000,0.0000,0.0000,0.0000,3.0,nan
93,4.98e-04,2.0183,0.0000,0.0000,0.0000,0.0000,2.9,nan
94,4.98e-04,2.2084,0.0000,0.0000,0.0000,0.0000,2.8,nan
95,4.98e-04,2.1782,0.0000,0.0000,0.0000,0.0000,2.9,nan
96,4.98e-04,1.9661,0.0000,0.0000,0.0000,0.0000,2.8,nan
97,4.98e-04,2.3334,0.0000,0.0000,0.0000,0.0000,2.9,nan
98,4.98e-04,1.9840,0.0000,0.0000,0.0000,0.0000,2.9,nan
99,4.98e-04,2.0326,0.0000,0.0000,0.0000,0.0000,2.9,nan
100,4.97e-04,1.6934,0.0000,0.0000,0.0000,0.0000,4.4,0.4746
101,4.97e-04,2.1215,0.0000,0.0000,0.0000,0.0000,2.9,nan
102,4.97e-04,2.1403,0.0000,0.0000,0.0000,0.0000,2.9,nan
103,4.97e-04,2.0089,0.0000,0.0000,0.0000,0.0000,2.9,nan
104,4.97e-04,2.1574,0.0000,0.0000,0.0000,0.0000,2.8,nan
105,4.97e-04,1.5759,0.0000,0.0000,0.0000,0.0000,2.9,nan
106,4.97e-04,1.4687,0.0000,0.0000,0.0000,0.0000,2.9,nan
107,4.97e-04,2.0810,0.0000,0.0000,0.0000,0.0000,2.8,nan
108,4.97e-04,2.0736,0.0000,0.0000,0.0000,0.0000,3.0,nan
109,4.97e-04,1.8410,0.0000,0.0000,0.0000,0.0000,3.0,nan
110,4.97e-04,2.1350,0.0000,0.0000,0.0000,0.0000,2.9,nan
111,4.97e-04,1.7496,0.0000,0.0000,0.0000,0.0000,3.0,nan
112,4.97e-04,2.2162,0.0000,0.0000,0.0000,0.0000,3.0,nan
113,4.97e-04,1.7552,0.0000,0.0000,0.0000,0.0000,2.9,nan
114,4.97e-04,1.9023,0.0000,0.0000,0.0000,0.0000,2.8,nan
115,4.97e-04,2.2013,0.0000,0.0000,0.0000,0.0000,3.0,nan
116,4.96e-04,2.0457,0.0000,0.0000,0.0000,0.0000,2.9,nan
117,4.96e-04,1.7264,0.0000,0.0000,0.0000,0.0000,2.9,nan
118,4.96e-04,2.0337,0.0000,0.0000,0.0000,0.0000,2.9,nan
119,4.96e-04,1.9815,0.0000,0.0000,0.0000,0.0000,2.9,nan
120,4.96e-04,1.6424,0.0000,0.0000,0.0000,0.0000,4.5,0.4386
121,4.96e-04,1.4527,0.0000,0.0000,0.0000,0.0000,2.9,nan
122,4.96e-04,1.8228,0.0000,0.0000,0.0000,0.0000,2.9,nan
123,4.96e-04,1.6303,0.0000,0.0000,0.0000,0.0000,2.7,nan
124,4.96e-04,2.2548,0.0000,0.0000,0.0000,0.0000,2.9,nan
125,4.96e-04,1.2484,0.0000,0.0000,0.0000,0.0000,2.9,nan
126,4.96e-04,1.7798,0.0000,0.0000,0.0000,0.0000,2.8,nan
127,4.96e-04,2.0571,0.0000,0.0000,0.0000,0.0000,2.9,nan
128,4.96e-04,1.8760,0.0000,0.0000,0.0000,0.0000,2.8,nan
129,4.96e-04,1.7477,0.0000,0.0000,0.0000,0.0000,2.9,nan
130,4.96e-04,1.8711,0.0000,0.0000,0.0000,0.0000,2.9,nan
131,4.95e-04,2.2591,0.0000,0.0000,0.0000,0.0000,3.7,nan
132,4.95e-04,1.5661,0.0000,0.0000,0.0000,0.0000,3.6,nan
133,4.95e-04,1.6739,0.0000,0.0000,0.0000,0.0000,3.4,nan
134,4.95e-04,1.4963,0.0000,0.0000,0.0000,0.0000,3.0,nan
135,4.95e-04,2.1941,0.0000,0.0000,0.0000,0.0000,2.9,nan
136,4.95e-04,1.8999,0.0000,0.0000,0.0000,0.0000,3.3,nan
137,4.95e-04,1.5455,0.0000,0.0000,0.0000,0.0000,3.9,nan
138,4.95e-04,1.5713,0.0000,0.0000,0.0000,0.0000,3.3,nan
139,4.95e-04,2.1769,0.0000,0.0000,0.0000,0.0000,3.2,nan
140,4.95e-04,1.6057,0.0000,0.0000,0.0000,0.0000,4.8,0.4852
141,4.95e-04,1.6527,0.0000,0.0000,0.0000,0.0000,3.0,nan
142,4.95e-04,1.8834,0.0000,0.0000,0.0000,0.0000,3.0,nan
143,4.94e-04,2.1607,0.0000,0.0000,0.0000,0.0000,3.1,nan
144,4.94e-04,1.7106,0.0000,0.0000,0.0000,0.0000,3.1,nan
145,4.94e-04,1.7611,0.0000,0.0000,0.0000,0.0000,3.1,nan
146,4.94e-04,1.6409,0.0000,0.0000,0.0000,0.0000,3.0,nan
147,4.94e-04,1.5018,0.0000,0.0000,0.0000,0.0000,3.2,nan
148,4.94e-04,1.5744,0.0000,0.0000,0.0000,0.0000,3.1,nan
149,4.94e-04,1.8616,0.0000,0.0000,0.0000,0.0000,2.9,nan
150,4.94e-04,2.0898,0.0000,0.0000,0.0000,0.0000,3.3,nan
151,4.94e-04,1.9705,0.0000,0.0000,0.0000,0.0000,3.1,nan
152,4.94e-04,1.5848,0.0000,0.0000,0.0000,0.0000,3.0,nan
153,4.94e-04,1.5579,0.0000,0.0000,0.0000,0.0000,3.1,nan
154,4.94e-04,1.9041,0.0000,0.0000,0.0000,0.0000,3.1,nan
155,4.93e-04,1.5535,0.0000,0.0000,0.0000,0.0000,3.0,nan
156,4.93e-04,1.6777,0.0000,0.0000,0.0000,0.0000,3.1,nan
157,4.93e-04,1.2773,0.0000,0.0000,0.0000,0.0000,3.1,nan
158,4.93e-04,1.8403,0.0000,0.0000,0.0000,0.0000,3.1,nan
159,4.93e-04,2.0841,0.0000,0.0000,0.0000,0.0000,3.0,nan
160,4.93e-04,1.6730,0.0000,0.0000,0.0000,0.0000,4.6,0.5508
161,4.93e-04,1.8113,0.0000,0.0000,0.0000,0.0000,3.1,nan
162,4.93e-04,1.7834,0.0000,0.0000,0.0000,0.0000,2.9,nan
163,4.93e-04,1.3230,0.0000,0.0000,0.0000,0.0000,3.0,nan
164,4.93e-04,1.7363,0.0000,0.0000,0.0000,0.0000,3.1,nan
165,4.93e-04,2.1343,0.0000,0.0000,0.0000,0.0000,3.0,nan
166,4.92e-04,1.7862,0.0000,0.0000,0.0000,0.0000,3.6,nan
167,4.92e-04,1.6309,0.0000,0.0000,0.0000,0.0000,3.6,nan
168,4.92e-04,1.5903,0.0000,0.0000,0.0000,0.0000,3.4,nan
169,4.92e-04,1.6630,0.0000,0.0000,0.0000,0.0000,3.5,nan
170,4.92e-04,1.2258,0.0000,0.0000,0.0000,0.0000,3.4,nan
171,4.92e-04,1.7990,0.0000,0.0000,0.0000,0.0000,3.4,nan
172,4.92e-04,1.9046,0.0000,0.0000,0.0000,0.0000,3.5,nan
173,4.92e-04,1.3914,0.0000,0.0000,0.0000,0.0000,3.5,nan
174,4.92e-04,1.6043,0.0000,0.0000,0.0000,0.0000,3.4,nan
175,4.92e-04,1.8254,0.0000,0.0000,0.0000,0.0000,3.6,nan
176,4.91e-04,1.6422,0.0000,0.0000,0.0000,0.0000,3.4,nan
177,4.91e-04,1.6539,0.0000,0.0000,0.0000,0.0000,3.6,nan
178,4.91e-04,1.6321,0.0000,0.0000,0.0000,0.0000,3.9,nan
179,4.91e-04,2.0089,0.0000,0.0000,0.0000,0.0000,3.6,nan
180,4.91e-04,1.9054,0.0000,0.0000,0.0000,0.0000,5.8,0.4831
181,4.91e-04,1.7914,0.0000,0.0000,0.0000,0.0000,4.2,nan
182,4.91e-04,1.5933,0.0000,0.0000,0.0000,0.0000,4.0,nan
183,4.91e-04,1.7538,0.0000,0.0000,0.0000,0.0000,3.9,nan
184,4.91e-04,1.7972,0.0000,0.0000,0.0000,0.0000,3.7,nan
185,4.91e-04,1.8326,0.0000,0.0000,0.0000,0.0000,3.7,nan
186,4.90e-04,1.7294,0.0000,0.0000,0.0000,0.0000,3.7,nan
187,4.90e-04,1.9109,0.0000,0.0000,0.0000,0.0000,3.6,nan
188,4.90e-04,1.3478,0.0000,0.0000,0.0000,0.0000,3.6,nan
189,4.90e-04,1.6718,0.0000,0.0000,0.0000,0.0000,3.7,nan
190,4.90e-04,1.6978,0.0000,0.0000,0.0000,0.0000,3.7,nan
191,4.90e-04,1.6973,0.0000,0.0000,0.0000,0.0000,3.8,nan
192,4.90e-04,1.4990,0.0000,0.0000,0.0000,0.0000,3.7,nan
193,4.90e-04,1.5268,0.0000,0.0000,0.0000,0.0000,3.7,nan
194,4.90e-04,1.9561,0.0000,0.0000,0.0000,0.0000,3.6,nan
195,4.89e-04,1.9541,0.0000,0.0000,0.0000,0.0000,4.0,nan
196,4.89e-04,1.8870,0.0000,0.0000,0.0000,0.0000,3.7,nan
197,4.89e-04,1.2527,0.0000,0.0000,0.0000,0.0000,3.7,nan
198,4.89e-04,1.4689,0.0000,0.0000,0.0000,0.0000,3.8,nan
199,4.89e-04,1.4934,0.0000,0.0000,0.0000,0.0000,3.7,nan
200,4.89e-04,1.6892,0.0000,0.0000,0.0000,0.0000,5.7,0.5318
201,4.89e-04,1.6393,0.0000,0.0000,0.0000,0.0000,3.7,nan
202,4.89e-04,1.7252,0.0000,0.0000,0.0000,0.0000,3.8,nan
203,4.88e-04,1.8162,0.0000,0.0000,0.0000,0.0000,3.7,nan
204,4.88e-04,1.7121,0.0000,0.0000,0.0000,0.0000,3.7,nan
205,4.88e-04,1.8093,0.0000,0.0000,0.0000,0.0000,3.6,nan
206,4.88e-04,1.5140,0.0000,0.0000,0.0000,0.0000,3.7,nan
207,4.88e-04,1.7533,0.0000,0.0000,0.0000,0.0000,3.7,nan
208,4.88e-04,1.4573,0.0000,0.0000,0.0000,0.0000,3.9,nan
209,4.88e-04,1.4829,0.0000,0.0000,0.0000,0.0000,3.7,nan
210,4.88e-04,2.1479,0.0000,0.0000,0.0000,0.0000,3.6,nan
211,4.88e-04,1.3816,0.0000,0.0000,0.0000,0.0000,3.7,nan
212,4.87e-04,1.7658,0.0000,0.0000,0.0000,0.0000,3.7,nan
213,4.87e-04,1.7464,0.0000,0.0000,0.0000,0.0000,3.7,nan
214,4.87e-04,1.5714,0.0000,0.0000,0.0000,0.0000,3.6,nan
215,4.87e-04,1.6178,0.0000,0.0000,0.0000,0.0000,3.6,nan
216,4.87e-04,1.8604,0.0000,0.0000,0.0000,0.0000,3.8,nan
217,4.87e-04,2.0671,0.0000,0.0000,0.0000,0.0000,3.8,nan
218,4.87e-04,1.6677,0.0000,0.0000,0.0000,0.0000,3.7,nan
219,4.87e-04,1.7725,0.0000,0.0000,0.0000,0.0000,3.6,nan
220,4.86e-04,1.7809,0.0000,0.0000,0.0000,0.0000,5.5,0.4767
221,4.86e-04,1.7191,0.0000,0.0000,0.0000,0.0000,3.6,nan
222,4.86e-04,1.2451,0.0000,0.0000,0.0000,0.0000,3.7,nan
223,4.86e-04,1.8008,0.0000,0.0000,0.0000,0.0000,3.7,nan
224,4.86e-04,1.5866,0.0000,0.0000,0.0000,0.0000,3.7,nan
225,4.86e-04,1.9046,0.0000,0.0000,0.0000,0.0000,3.5,nan
226,4.86e-04,1.4032,0.0000,0.0000,0.0000,0.0000,3.7,nan
227,4.86e-04,1.4572,0.0000,0.0000,0.0000,0.0000,3.6,nan
228,4.85e-04,1.7569,0.0000,0.0000,0.0000,0.0000,3.6,nan
229,4.85e-04,1.3809,0.0000,0.0000,0.0000,0.0000,3.8,nan
230,4.85e-04,1.3734,0.0000,0.0000,0.0000,0.0000,3.7,nan
231,4.85e-04,1.5750,0.0000,0.0000,0.0000,0.0000,3.6,nan
232,4.85e-04,1.8549,0.0000,0.0000,0.0000,0.0000,3.8,nan
233,4.85e-04,1.6673,0.0000,0.0000,0.0000,0.0000,3.7,nan
234,4.85e-04,1.6116,0.0000,0.0000,0.0000,0.0000,3.7,nan
235,4.84e-04,1.6732,0.0000,0.0000,0.0000,0.0000,3.7,nan
236,4.84e-04,1.9817,0.0000,0.0000,0.0000,0.0000,3.7,nan
237,4.84e-04,1.5955,0.0000,0.0000,0.0000,0.0000,3.7,nan
238,4.84e-04,1.7754,0.0000,0.0000,0.0000,0.0000,3.6,nan
239,4.84e-04,1.7871,0.0000,0.0000,0.0000,0.0000,3.6,nan
240,4.84e-04,1.8842,0.0000,0.0000,0.0000,0.0000,5.6,0.5551
241,4.84e-04,1.8796,0.0000,0.0000,0.0000,0.0000,3.6,nan
242,4.83e-04,1.7741,0.0000,0.0000,0.0000,0.0000,3.6,nan
243,4.83e-04,1.4777,0.0000,0.0000,0.0000,0.0000,3.6,nan
244,4.83e-04,1.7116,0.0000,0.0000,0.0000,0.0000,3.6,nan
245,4.83e-04,1.5296,0.0000,0.0000,0.0000,0.0000,3.6,nan
246,4.83e-04,1.4019,0.0000,0.0000,0.0000,0.0000,3.6,nan
247,4.83e-04,1.7420,0.0000,0.0000,0.0000,0.0000,3.7,nan
248,4.83e-04,1.6512,0.0000,0.0000,0.0000,0.0000,3.8,nan
249,4.82e-04,1.9690,0.0000,0.0000,0.0000,0.0000,3.6,nan
250,4.82e-04,1.4426,0.0000,0.0000,0.0000,0.0000,3.9,nan
251,4.82e-04,1.7661,0.0000,0.0000,0.0000,0.0000,3.6,nan
252,4.82e-04,1.3892,0.0000,0.0000,0.0000,0.0000,3.7,nan
253,4.82e-04,1.5076,0.0000,0.0000,0.0000,0.0000,3.7,nan
254,4.82e-04,1.5639,0.0000,0.0000,0.0000,0.0000,3.8,nan
255,4.82e-04,1.7176,0.0000,0.0000,0.0000,0.0000,3.9,nan
256,4.81e-04,1.7721,0.0000,0.0000,0.0000,0.0000,3.8,nan
257,4.81e-04,1.4957,0.0000,0.0000,0.0000,0.0000,3.5,nan
258,4.81e-04,1.7032,0.0000,0.0000,0.0000,0.0000,3.6,nan
259,4.81e-04,1.7255,0.0000,0.0000,0.0000,0.0000,3.6,nan
260,4.81e-04,1.3821,0.0000,0.0000,0.0000,0.0000,6.1,0.5911
261,4.81e-04,1.6540,0.0000,0.0000,0.0000,0.0000,4.3,nan
262,4.81e-04,1.5635,0.0000,0.0000,0.0000,0.0000,4.4,nan
263,4.80e-04,1.6774,0.0000,0.0000,0.0000,0.0000,4.1,nan
264,4.80e-04,1.8119,0.0000,0.0000,0.0000,0.0000,4.1,nan
265,4.80e-04,1.8293,0.0000,0.0000,0.0000,0.0000,3.5,nan
266,4.80e-04,2.0211,0.0000,0.0000,0.0000,0.0000,3.0,nan
267,4.80e-04,1.5943,0.0000,0.0000,0.0000,0.0000,3.3,nan
268,4.80e-04,1.8080,0.0000,0.0000,0.0000,0.0000,3.5,nan
269,4.79e-04,1.5407,0.0000,0.0000,0.0000,0.0000,3.3,nan
270,4.79e-04,1.6680,0.0000,0.0000,0.0000,0.0000,3.3,nan
271,4.79e-04,1.2385,0.0000,0.0000,0.0000,0.0000,3.2,nan
272,4.79e-04,1.7751,0.0000,0.0000,0.0000,0.0000,3.2,nan
273,4.79e-04,1.6889,0.0000,0.0000,0.0000,0.0000,2.9,nan
274,4.79e-04,1.6405,0.0000,0.0000,0.0000,0.0000,3.0,nan
275,4.79e-04,1.8223,0.0000,0.0000,0.0000,0.0000,3.0,nan
276,4.78e-04,1.8662,0.0000,0.0000,0.0000,0.0000,2.9,nan
277,4.78e-04,1.6337,0.0000,0.0000,0.0000,0.0000,3.1,nan
278,4.78e-04,1.6553,0.0000,0.0000,0.0000,0.0000,2.9,nan
279,4.78e-04,1.7784,0.0000,0.0000,0.0000,0.0000,3.0,nan
280,4.78e-04,1.3912,0.0000,0.0000,0.0000,0.0000,4.9,0.5530
281,4.78e-04,1.5212,0.0000,0.0000,0.0000,0.0000,3.0,nan
282,4.77e-04,1.2874,0.0000,0.0000,0.0000,0.0000,3.0,nan
283,4.77e-04,1.8372,0.0000,0.0000,0.0000,0.0000,3.0,nan
284,4.77e-04,1.5427,0.0000,0.0000,0.0000,0.0000,3.0,nan
285,4.77e-04,1.4431,0.0000,0.0000,0.0000,0.0000,3.2,nan
286,4.77e-04,1.4029,0.0000,0.0000,0.0000,0.0000,3.3,nan
287,4.77e-04,1.5512,0.0000,0.0000,0.0000,0.0000,3.0,nan
288,4.76e-04,1.5151,0.0000,0.0000,0.0000,0.0000,3.1,nan
289,4.76e-04,1.4495,0.0000,0.0000,0.0000,0.0000,3.3,nan
290,4.76e-04,1.5656,0.0000,0.0000,0.0000,0.0000,3.2,nan
291,4.76e-04,1.7148,0.0000,0.0000,0.0000,0.0000,3.2,nan
292,4.76e-04,1.3194,0.0000,0.0000,0.0000,0.0000,3.0,nan
293,4.76e-04,1.5895,0.0000,0.0000,0.0000,0.0000,3.1,nan
294,4.75e-04,1.4770,0.0000,0.0000,0.0000,0.0000,2.9,nan
295,4.75e-04,1.7933,0.0000,0.0000,0.0000,0.0000,3.0,nan
296,4.75e-04,1.7170,0.0000,0.0000,0.0000,0.0000,2.9,nan
297,4.75e-04,1.4143,0.0000,0.0000,0.0000,0.0000,3.0,nan
298,4.75e-04,1.5245,0.0000,0.0000,0.0000,0.0000,3.1,nan
299,4.75e-04,1.6061,0.0000,0.0000,0.0000,0.0000,3.1,nan
300,4.74e-04,1.2681,0.0000,0.0000,0.0000,0.0000,4.8,0.6144
301,4.74e-04,1.6801,0.0000,0.0000,0.0000,0.0000,3.0,nan
302,4.74e-04,1.6625,0.0000,0.0000,0.0000,0.0000,2.9,nan
303,4.74e-04,1.2247,0.0000,0.0000,0.0000,0.0000,3.0,nan
304,4.74e-04,1.5436,0.0000,0.0000,0.0000,0.0000,3.1,nan
305,4.73e-04,1.3679,0.0000,0.0000,0.0000,0.0000,3.0,nan
306,4.73e-04,1.9693,0.0000,0.0000,0.0000,0.0000,2.9,nan
307,4.73e-04,1.4075,0.0000,0.0000,0.0000,0.0000,3.0,nan
308,4.73e-04,1.5762,0.0000,0.0000,0.0000,0.0000,3.1,nan
309,4.73e-04,1.2866,0.0000,0.0000,0.0000,0.0000,3.0,nan
310,4.73e-04,1.6118,0.0000,0.0000,0.0000,0.0000,3.2,nan
311,4.72e-04,1.6454,0.0000,0.0000,0.0000,0.0000,3.0,nan
312,4.72e-04,1.3776,0.0000,0.0000,0.0000,0.0000,2.9,nan
313,4.72e-04,1.0786,0.0000,0.0000,0.0000,0.0000,3.0,nan
314,4.72e-04,1.7384,0.0000,0.0000,0.0000,0.0000,3.0,nan
315,4.72e-04,1.4341,0.0000,0.0000,0.0000,0.0000,2.9,nan
316,4.72e-04,1.5354,0.0000,0.0000,0.0000,0.0000,3.0,nan
317,4.71e-04,1.6367,0.0000,0.0000,0.0000,0.0000,3.1,nan
318,4.71e-04,1.7272,0.0000,0.0000,0.0000,0.0000,3.0,nan
319,4.71e-04,1.9514,0.0000,0.0000,0.0000,0.0000,3.2,nan
320,4.71e-04,1.5828,0.0000,0.0000,0.0000,0.0000,4.7,0.5614
321,4.71e-04,1.6870,0.0000,0.0000,0.0000,0.0000,3.1,nan
322,4.70e-04,1.2686,0.0000,0.0000,0.0000,0.0000,3.1,nan
323,4.70e-04,1.4684,0.0000,0.0000,0.0000,0.0000,3.0,nan
324,4.70e-04,1.6293,0.0000,0.0000,0.0000,0.0000,3.1,nan
325,4.70e-04,1.4491,0.0000,0.0000,0.0000,0.0000,3.1,nan
326,4.70e-04,1.6781,0.0000,0.0000,0.0000,0.0000,3.9,nan
327,4.69e-04,1.2160,0.0000,0.0000,0.0000,0.0000,3.8,nan
328,4.69e-04,1.2321,0.0000,0.0000,0.0000,0.0000,3.8,nan
329,4.69e-04,1.5021,0.0000,0.0000,0.0000,0.0000,3.1,nan
330,4.69e-04,1.6530,0.0000,0.0000,0.0000,0.0000,3.2,nan
331,4.69e-04,1.6036,0.0000,0.0000,0.0000,0.0000,3.0,nan
332,4.69e-04,1.4452,0.0000,0.0000,0.0000,0.0000,3.0,nan
333,4.68e-04,1.3999,0.0000,0.0000,0.0000,0.0000,3.0,nan
334,4.68e-04,1.7453,0.0000,0.0000,0.0000,0.0000,3.0,nan
335,4.68e-04,1.4325,0.0000,0.0000,0.0000,0.0000,3.1,nan
336,4.68e-04,1.3801,0.0000,0.0000,0.0000,0.0000,3.1,nan
337,4.68e-04,1.5855,0.0000,0.0000,0.0000,0.0000,3.2,nan
338,4.67e-04,1.1404,0.0000,0.0000,0.0000,0.0000,4.6,nan
339,4.67e-04,1.3516,0.0000,0.0000,0.0000,0.0000,4.0,nan
340,4.67e-04,1.2938,0.0000,0.0000,0.0000,0.0000,6.4,0.5636
341,4.67e-04,1.2286,0.0000,0.0000,0.0000,0.0000,4.7,nan
342,4.67e-04,1.7146,0.0000,0.0000,0.0000,0.0000,4.7,nan
343,4.66e-04,1.5528,0.0000,0.0000,0.0000,0.0000,4.1,nan
344,4.66e-04,1.3501,0.0000,0.0000,0.0000,0.0000,3.6,nan
345,4.66e-04,1.7582,0.0000,0.0000,0.0000,0.0000,3.7,nan
346,4.66e-04,1.3983,0.0000,0.0000,0.0000,0.0000,3.8,nan
347,4.66e-04,1.2136,0.0000,0.0000,0.0000,0.0000,4.0,nan
348,4.65e-04,1.6987,0.0000,0.0000,0.0000,0.0000,3.8,nan
349,4.65e-04,1.4349,0.0000,0.0000,0.0000,0.0000,3.7,nan
350,4.65e-04,1.2245,0.0000,0.0000,0.0000,0.0000,4.1,nan
351,4.65e-04,1.4129,0.0000,0.0000,0.0000,0.0000,4.2,nan
352,4.65e-04,1.7415,0.0000,0.0000,0.0000,0.0000,3.8,nan
353,4.64e-04,1.9539,0.0000,0.0000,0.0000,0.0000,3.2,nan
354,4.64e-04,1.3499,0.0000,0.0000,0.0000,0.0000,3.6,nan
355,4.64e-04,1.4912,0.0000,0.0000,0.0000,0.0000,3.4,nan
356,4.64e-04,1.3455,0.0000,0.0000,0.0000,0.0000,3.9,nan
357,4.64e-04,1.4132,0.0000,0.0000,0.0000,0.0000,3.5,nan
358,4.63e-04,1.5839,0.0000,0.0000,0.0000,0.0000,3.4,nan
359,4.63e-04,1.4453,0.0000,0.0000,0.0000,0.0000,3.2,nan
360,4.63e-04,1.5393,0.0000,0.0000,0.0000,0.0000,5.4,0.6377
361,4.63e-04,1.6108,0.0000,0.0000,0.0000,0.0000,3.3,nan
362,4.63e-04,1.4204,0.0000,0.0000,0.0000,0.0000,3.4,nan
363,4.62e-04,1.7422,0.0000,0.0000,0.0000,0.0000,4.1,nan
364,4.62e-04,1.3985,0.0000,0.0000,0.0000,0.0000,4.4,nan
365,4.62e-04,1.7137,0.0000,0.0000,0.0000,0.0000,4.1,nan
366,4.62e-04,1.4740,0.0000,0.0000,0.0000,0.0000,4.2,nan
367,4.62e-04,1.4631,0.0000,0.0000,0.0000,0.0000,3.3,nan
368,4.61e-04,1.9559,0.0000,0.0000,0.0000,0.0000,3.4,nan
369,4.61e-04,1.5200,0.0000,0.0000,0.0000,0.0000,3.4,nan
370,4.61e-04,1.5455,0.0000,0.0000,0.0000,0.0000,3.2,nan
371,4.61e-04,1.4309,0.0000,0.0000,0.0000,0.0000,3.9,nan
372,4.60e-04,1.6383,0.0000,0.0000,0.0000,0.0000,3.5,nan
373,4.60e-04,1.4676,0.0000,0.0000,0.0000,0.0000,3.7,nan
374,4.60e-04,1.3730,0.0000,0.0000,0.0000,0.0000,4.3,nan
375,4.60e-04,1.4483,0.0000,0.0000,0.0000,0.0000,3.5,nan
376,4.60e-04,1.5538,0.0000,0.0000,0.0000,0.0000,3.5,nan
377,4.59e-04,1.7001,0.0000,0.0000,0.0000,0.0000,3.5,nan
378,4.59e-04,1.2359,0.0000,0.0000,0.0000,0.0000,3.5,nan
379,4.59e-04,1.6039,0.0000,0.0000,0.0000,0.0000,3.1,nan
380,4.59e-04,1.6345,0.0000,0.0000,0.0000,0.0000,4.8,0.5297
381,4.59e-04,1.4696,0.0000,0.0000,0.0000,0.0000,3.0,nan
382,4.58e-04,1.2336,0.0000,0.0000,0.0000,0.0000,3.3,nan
383,4.58e-04,1.3080,0.0000,0.0000,0.0000,0.0000,4.2,nan
384,4.58e-04,1.4489,0.0000,0.0000,0.0000,0.0000,4.5,nan
385,4.58e-04,1.7289,0.0000,0.0000,0.0000,0.0000,3.3,nan
386,4.57e-04,1.7369,0.0000,0.0000,0.0000,0.0000,3.5,nan
387,4.57e-04,1.5083,0.0000,0.0000,0.0000,0.0000,3.1,nan
388,4.57e-04,1.4099,0.0000,0.0000,0.0000,0.0000,3.4,nan
389,4.57e-04,1.4661,0.0000,0.0000,0.0000,0.0000,3.2,nan
390,4.57e-04,1.6445,0.0000,0.0000,0.0000,0.0000,3.2,nan
391,4.56e-04,1.3135,0.0000,0.0000,0.0000,0.0000,3.3,nan
392,4.56e-04,1.2708,0.0000,0.0000,0.0000,0.0000,3.7,nan
393,4.56e-04,1.4676,0.0000,0.0000,0.0000,0.0000,3.5,nan
394,4.56e-04,1.3714,0.0000,0.0000,0.0000,0.0000,3.5,nan
395,4.55e-04,1.6973,0.0000,0.0000,0.0000,0.0000,3.2,nan
396,4.55e-04,1.3439,0.0000,0.0000,0.0000,0.0000,3.3,nan
397,4.55e-04,1.5425,0.0000,0.0000,0.0000,0.0000,3.6,nan
398,4.55e-04,1.8387,0.0000,0.0000,0.0000,0.0000,3.7,nan
399,4.55e-04,1.6564,0.0000,0.0000,0.0000,0.0000,4.1,nan
400,4.54e-04,1.3619,0.0000,0.0000,0.0000,0.0000,6.2,0.5339
401,4.54e-04,1.6145,0.0000,0.0000,0.0000,0.0000,3.9,nan
402,4.54e-04,1.5156,0.0000,0.0000,0.0000,0.0000,3.7,nan
403,4.54e-04,1.1861,0.0000,0.0000,0.0000,0.0000,3.8,nan
404,4.53e-04,1.4857,0.0000,0.0000,0.0000,0.0000,4.3,nan
405,4.53e-04,1.2065,0.0000,0.0000,0.0000,0.0000,3.9,nan
406,4.53e-04,1.4477,0.0000,0.0000,0.0000,0.0000,4.0,nan
407,4.53e-04,1.2348,0.0000,0.0000,0.0000,0.0000,3.9,nan
408,4.53e-04,1.2107,0.0000,0.0000,0.0000,0.0000,3.8,nan
409,4.52e-04,1.5531,0.0000,0.0000,0.0000,0.0000,3.8,nan
410,4.52e-04,1.5192,0.0000,0.0000,0.0000,0.0000,3.6,nan
411,4.52e-04,1.8095,0.0000,0.0000,0.0000,0.0000,3.7,nan
412,4.52e-04,1.0897,0.0000,0.0000,0.0000,0.0000,3.8,nan
413,4.51e-04,1.3571,0.0000,0.0000,0.0000,0.0000,3.8,nan
414,4.51e-04,1.4845,0.0000,0.0000,0.0000,0.0000,4.1,nan
415,4.51e-04,1.4075,0.0000,0.0000,0.0000,0.0000,4.1,nan
416,4.51e-04,1.3719,0.0000,0.0000,0.0000,0.0000,4.5,nan
417,4.50e-04,1.4234,0.0000,0.0000,0.0000,0.0000,3.6,nan
418,4.50e-04,1.6355,0.0000,0.0000,0.0000,0.0000,3.6,nan
419,4.50e-04,1.0783,0.0000,0.0000,0.0000,0.0000,3.8,nan
420,4.50e-04,1.1710,0.0000,0.0000,0.0000,0.0000,5.9,0.5551
421,4.49e-04,1.2940,0.0000,0.0000,0.0000,0.0000,3.6,nan
422,4.49e-04,1.3716,0.0000,0.0000,0.0000,0.0000,5.0,nan
423,4.49e-04,1.2707,0.0000,0.0000,0.0000,0.0000,4.3,nan
424,4.49e-04,1.4081,0.0000,0.0000,0.0000,0.0000,3.2,nan
425,4.49e-04,1.1039,0.0000,0.0000,0.0000,0.0000,3.3,nan
426,4.48e-04,1.6890,0.0000,0.0000,0.0000,0.0000,3.3,nan
427,4.48e-04,0.8444,0.0000,0.0000,0.0000,0.0000,3.4,nan
428,4.48e-04,1.4156,0.0000,0.0000,0.0000,0.0000,3.4,nan
429,4.48e-04,1.2784,0.0000,0.0000,0.0000,0.0000,4.3,nan
430,4.47e-04,1.4824,0.0000,0.0000,0.0000,0.0000,4.4,nan
431,4.47e-04,1.2873,0.0000,0.0000,0.0000,0.0000,4.0,nan
432,4.47e-04,1.5464,0.0000,0.0000,0.0000,0.0000,5.0,nan
433,4.47e-04,1.6414,0.0000,0.0000,0.0000,0.0000,4.0,nan
434,4.46e-04,1.7269,0.0000,0.0000,0.0000,0.0000,4.1,nan
435,4.46e-04,1.4977,0.0000,0.0000,0.0000,0.0000,3.8,nan
436,4.46e-04,1.3756,0.0000,0.0000,0.0000,0.0000,3.8,nan
437,4.46e-04,1.4117,0.0000,0.0000,0.0000,0.0000,3.4,nan
438,4.45e-04,1.2434,0.0000,0.0000,0.0000,0.0000,3.7,nan
439,4.45e-04,1.4250,0.0000,0.0000,0.0000,0.0000,4.0,nan
440,4.45e-04,1.3652,0.0000,0.0000,0.0000,0.0000,5.8,0.6335
441,4.45e-04,1.2540,0.0000,0.0000,0.0000,0.0000,3.6,nan
442,4.44e-04,1.2187,0.0000,0.0000,0.0000,0.0000,3.3,nan
443,4.44e-04,1.3445,0.0000,0.0000,0.0000,0.0000,3.8,nan
444,4.44e-04,1.0121,0.0000,0.0000,0.0000,0.0000,4.4,nan
445,4.44e-04,1.4697,0.0000,0.0000,0.0000,0.0000,4.2,nan
446,4.43e-04,1.5532,0.0000,0.0000,0.0000,0.0000,3.8,nan
447,4.43e-04,1.5854,0.0000,0.0000,0.0000,0.0000,3.9,nan
448,4.43e-04,1.7328,0.0000,0.0000,0.0000,0.0000,4.1,nan
449,4.43e-04,1.5212,0.0000,0.0000,0.0000,0.0000,4.0,nan
450,4.42e-04,1.6314,0.0000,0.0000,0.0000,0.0000,3.5,nan
451,4.42e-04,1.3805,0.0000,0.0000,0.0000,0.0000,3.7,nan
452,4.42e-04,1.2779,0.0000,0.0000,0.0000,0.0000,4.3,nan
453,4.42e-04,1.3779,0.0000,0.0000,0.0000,0.0000,4.1,nan
454,4.41e-04,1.5044,0.0000,0.0000,0.0000,0.0000,4.3,nan
455,4.41e-04,1.3960,0.0000,0.0000,0.0000,0.0000,4.0,nan
456,4.41e-04,1.5665,0.0000,0.0000,0.0000,0.0000,4.3,nan
457,4.41e-04,1.3306,0.0000,0.0000,0.0000,0.0000,4.9,nan
458,4.40e-04,1.4494,0.0000,0.0000,0.0000,0.0000,4.0,nan
459,4.40e-04,1.4948,0.0000,0.0000,0.0000,0.0000,4.2,nan
460,4.40e-04,1.6405,0.0000,0.0000,0.0000,0.0000,6.3,0.5699
461,4.40e-04,1.4709,0.0000,0.0000,0.0000,0.0000,3.9,nan
462,4.39e-04,1.5073,0.0000,0.0000,0.0000,0.0000,4.0,nan
463,4.39e-04,1.6312,0.0000,0.0000,0.0000,0.0000,3.9,nan
464,4.39e-04,1.4846,0.0000,0.0000,0.0000,0.0000,3.7,nan
465,4.39e-04,1.5432,0.0000,0.0000,0.0000,0.0000,3.7,nan
466,4.38e-04,1.6103,0.0000,0.0000,0.0000,0.0000,3.4,nan
467,4.38e-04,1.4864,0.0000,0.0000,0.0000,0.0000,3.5,nan
468,4.38e-04,1.7080,0.0000,0.0000,0.0000,0.0000,3.4,nan
469,4.38e-04,1.3932,0.0000,0.0000,0.0000,0.0000,3.5,nan
470,4.37e-04,1.3420,0.0000,0.0000,0.0000,0.0000,4.0,nan
471,4.37e-04,1.2977,0.0000,0.0000,0.0000,0.0000,3.9,nan
472,4.37e-04,1.5494,0.0000,0.0000,0.0000,0.0000,4.2,nan
473,4.37e-04,1.5512,0.0000,0.0000,0.0000,0.0000,3.4,nan
474,4.36e-04,1.1470,0.0000,0.0000,0.0000,0.0000,3.3,nan
475,4.36e-04,0.9908,0.0000,0.0000,0.0000,0.0000,4.0,nan
476,4.36e-04,1.6066,0.0000,0.0000,0.0000,0.0000,3.7,nan
477,4.35e-04,1.2394,0.0000,0.0000,0.0000,0.0000,3.4,nan
478,4.35e-04,1.3631,0.0000,0.0000,0.0000,0.0000,4.1,nan
479,4.35e-04,0.8784,0.0000,0.0000,0.0000,0.0000,3.8,nan
480,4.35e-04,1.0786,0.0000,0.0000,0.0000,0.0000,5.6,0.5636
481,4.34e-04,1.4221,0.0000,0.0000,0.0000,0.0000,3.5,nan
482,4.34e-04,1.5411,0.0000,0.0000,0.0000,0.0000,3.4,nan
483,4.34e-04,1.3163,0.0000,0.0000,0.0000,0.0000,3.5,nan
484,4.34e-04,1.7074,0.0000,0.0000,0.0000,0.0000,3.8,nan
485,4.33e-04,1.2551,0.0000,0.0000,0.0000,0.0000,3.5,nan
486,4.33e-04,1.3313,0.0000,0.0000,0.0000,0.0000,3.3,nan
487,4.33e-04,1.2124,0.0000,0.0000,0.0000,0.0000,3.1,nan
488,4.33e-04,1.2824,0.0000,0.0000,0.0000,0.0000,3.2,nan
489,4.32e-04,1.1614,0.0000,0.0000,0.0000,0.0000,3.4,nan
490,4.32e-04,1.4949,0.0000,0.0000,0.0000,0.0000,3.2,nan
491,4.32e-04,1.4657,0.0000,0.0000,0.0000,0.0000,3.0,nan
492,4.31e-04,1.0671,0.0000,0.0000,0.0000,0.0000,3.2,nan
493,4.31e-04,1.3057,0.0000,0.0000,0.0000,0.0000,3.1,nan
494,4.31e-04,1.4425,0.0000,0.0000,0.0000,0.0000,3.1,nan
495,4.31e-04,1.5148,0.0000,0.0000,0.0000,0.0000,3.0,nan
496,4.30e-04,1.2486,0.0000,0.0000,0.0000,0.0000,3.1,nan
497,4.30e-04,1.2352,0.0000,0.0000,0.0000,0.0000,3.4,nan
498,4.30e-04,1.4438,0.0000,0.0000,0.0000,0.0000,3.5,nan
499,4.30e-04,1.4126,0.0000,0.0000,0.0000,0.0000,3.0,nan
500,4.29e-04,1.6021,0.0000,0.0000,0.0000,0.0000,4.7,0.5508
501,4.29e-04,1.3463,0.0000,0.0000,0.0000,0.0000,3.2,nan
502,4.29e-04,1.2739,0.0000,0.0000,0.0000,0.0000,3.3,nan
503,4.29e-04,1.4481,0.0000,0.0000,0.0000,0.0000,3.2,nan
504,4.28e-04,1.4781,0.0000,0.0000,0.0000,0.0000,3.1,nan
505,4.28e-04,1.4310,0.0000,0.0000,0.0000,0.0000,3.2,nan
506,4.28e-04,1.4879,0.0000,0.0000,0.0000,0.0000,3.1,nan
507,4.27e-04,1.3916,0.0000,0.0000,0.0000,0.0000,3.3,nan
508,4.27e-04,1.6635,0.0000,0.0000,0.0000,0.0000,3.4,nan
509,4.27e-04,1.4591,0.0000,0.0000,0.0000,0.0000,3.7,nan
510,4.27e-04,1.3283,0.0000,0.0000,0.0000,0.0000,3.5,nan
511,4.26e-04,0.9225,0.0000,0.0000,0.0000,0.0000,3.5,nan
512,4.26e-04,1.2027,0.0000,0.0000,0.0000,0.0000,3.4,nan
513,4.26e-04,1.4216,0.0000,0.0000,0.0000,0.0000,3.6,nan
514,4.25e-04,1.1902,0.0000,0.0000,0.0000,0.0000,3.5,nan
515,4.25e-04,1.4869,0.0000,0.0000,0.0000,0.0000,3.6,nan
516,4.25e-04,1.5649,0.0000,0.0000,0.0000,0.0000,3.2,nan
517,4.25e-04,1.6276,0.0000,0.0000,0.0000,0.0000,3.2,nan
518,4.24e-04,1.2037,0.0000,0.0000,0.0000,0.0000,3.2,nan
519,4.24e-04,1.3886,0.0000,0.0000,0.0000,0.0000,3.2,nan
520,4.24e-04,1.5867,0.0000,0.0000,0.0000,0.0000,5.5,0.6081
521,4.23e-04,1.4940,0.0000,0.0000,0.0000,0.0000,3.5,nan
522,4.23e-04,1.5298,0.0000,0.0000,0.0000,0.0000,3.6,nan
523,4.23e-04,1.4352,0.0000,0.0000,0.0000,0.0000,4.6,nan
524,4.23e-04,1.3595,0.0000,0.0000,0.0000,0.0000,3.9,nan
525,4.22e-04,1.3800,0.0000,0.0000,0.0000,0.0000,3.6,nan
526,4.22e-04,1.2168,0.0000,0.0000,0.0000,0.0000,4.2,nan
527,4.22e-04,1.4194,0.0000,0.0000,0.0000,0.0000,4.6,nan
528,4.21e-04,1.5496,0.0000,0.0000,0.0000,0.0000,4.6,nan
529,4.21e-04,1.3324,0.0000,0.0000,0.0000,0.0000,6.1,nan
530,4.21e-04,1.1673,0.0000,0.0000,0.0000,0.0000,6.4,nan
531,4.21e-04,1.6397,0.0000,0.0000,0.0000,0.0000,4.9,nan
532,4.20e-04,1.1939,0.0000,0.0000,0.0000,0.0000,4.9,nan
533,4.20e-04,1.1560,0.0000,0.0000,0.0000,0.0000,4.6,nan
534,4.20e-04,1.3749,0.0000,0.0000,0.0000,0.0000,4.6,nan
535,4.19e-04,1.4614,0.0000,0.0000,0.0000,0.0000,4.4,nan
536,4.19e-04,1.2158,0.0000,0.0000,0.0000,0.0000,4.0,nan
537,4.19e-04,1.3205,0.0000,0.0000,0.0000,0.0000,4.0,nan
538,4.19e-04,1.3250,0.0000,0.0000,0.0000,0.0000,4.1,nan
539,4.18e-04,1.4311,0.0000,0.0000,0.0000,0.0000,4.5,nan
540,4.18e-04,1.2268,0.0000,0.0000,0.0000,0.0000,6.1,0.5996
541,4.18e-04,1.3403,0.0000,0.0000,0.0000,0.0000,3.7,nan
542,4.17e-04,1.1853,0.0000,0.0000,0.0000,0.0000,3.7,nan
543,4.17e-04,1.7291,0.0000,0.0000,0.0000,0.0000,3.4,nan
544,4.17e-04,1.0284,0.0000,0.0000,0.0000,0.0000,3.3,nan
545,4.17e-04,1.2427,0.0000,0.0000,0.0000,0.0000,3.5,nan
546,4.16e-04,1.1510,0.0000,0.0000,0.0000,0.0000,3.3,nan
547,4.16e-04,1.4556,0.0000,0.0000,0.0000,0.0000,3.4,nan
548,4.16e-04,1.3204,0.0000,0.0000,0.0000,0.0000,3.2,nan
549,4.15e-04,1.3101,0.0000,0.0000,0.0000,0.0000,3.3,nan
550,4.15e-04,1.3358,0.0000,0.0000,0.0000,0.0000,3.6,nan
551,4.15e-04,1.3664,0.0000,0.0000,0.0000,0.0000,3.2,nan
552,4.15e-04,1.3649,0.0000,0.0000,0.0000,0.0000,3.3,nan
553,4.14e-04,1.5379,0.0000,0.0000,0.0000,0.0000,3.2,nan
554,4.14e-04,1.5719,0.0000,0.0000,0.0000,0.0000,3.3,nan
555,4.14e-04,1.0280,0.0000,0.0000,0.0000,0.0000,3.3,nan
556,4.13e-04,1.4541,0.0000,0.0000,0.0000,0.0000,3.3,nan
557,4.13e-04,1.1430,0.0000,0.0000,0.0000,0.0000,3.2,nan
558,4.13e-04,1.4468,0.0000,0.0000,0.0000,0.0000,3.3,nan
559,4.12e-04,1.2709,0.0000,0.0000,0.0000,0.0000,3.3,nan
560,4.12e-04,1.3035,0.0000,0.0000,0.0000,0.0000,5.0,0.5826
561,4.12e-04,1.3595,0.0000,0.0000,0.0000,0.0000,3.4,nan
562,4.12e-04,1.5098,0.0000,0.0000,0.0000,0.0000,3.2,nan
563,4.11e-04,1.4020,0.0000,0.0000,0.0000,0.0000,3.1,nan
564,4.11e-04,1.2535,0.0000,0.0000,0.0000,0.0000,3.6,nan
565,4.11e-04,1.4050,0.0000,0.0000,0.0000,0.0000,3.6,nan
566,4.10e-04,1.8733,0.0000,0.0000,0.0000,0.0000,3.1,nan
567,4.10e-04,1.1484,0.0000,0.0000,0.0000,0.0000,3.2,nan
568,4.10e-04,1.6049,0.0000,0.0000,0.0000,0.0000,3.2,nan
569,4.09e-04,1.1883,0.0000,0.0000,0.0000,0.0000,3.2,nan
570,4.09e-04,1.2278,0.0000,0.0000,0.0000,0.0000,3.1,nan
571,4.09e-04,1.4106,0.0000,0.0000,0.0000,0.0000,3.2,nan
572,4.09e-04,1.1808,0.0000,0.0000,0.0000,0.0000,3.1,nan
573,4.08e-04,1.7537,0.0000,0.0000,0.0000,0.0000,3.2,nan
574,4.08e-04,1.2495,0.0000,0.0000,0.0000,0.0000,3.4,nan
575,4.08e-04,1.5235,0.0000,0.0000,0.0000,0.0000,3.1,nan
576,4.07e-04,1.5054,0.0000,0.0000,0.0000,0.0000,3.2,nan
577,4.07e-04,1.2631,0.0000,0.0000,0.0000,0.0000,3.3,nan
578,4.07e-04,0.8336,0.0000,0.0000,0.0000,0.0000,3.9,nan
579,4.06e-04,1.2408,0.0000,0.0000,0.0000,0.0000,3.9,nan
580,4.06e-04,1.4681,0.0000,0.0000,0.0000,0.0000,6.0,0.5403
581,4.06e-04,1.4659,0.0000,0.0000,0.0000,0.0000,3.5,nan
582,4.05e-04,1.3473,0.0000,0.0000,0.0000,0.0000,3.2,nan
583,4.05e-04,1.4656,0.0000,0.0000,0.0000,0.0000,3.2,nan
584,4.05e-04,1.2379,0.0000,0.0000,0.0000,0.0000,3.3,nan
585,4.05e-04,1.0349,0.0000,0.0000,0.0000,0.0000,3.3,nan
586,4.04e-04,1.2995,0.0000,0.0000,0.0000,0.0000,3.2,nan
587,4.04e-04,1.3619,0.0000,0.0000,0.0000,0.0000,3.5,nan
588,4.04e-04,1.4136,0.0000,0.0000,0.0000,0.0000,3.2,nan
589,4.03e-04,0.9347,0.0000,0.0000,0.0000,0.0000,3.3,nan
590,4.03e-04,1.1207,0.0000,0.0000,0.0000,0.0000,3.2,nan
591,4.03e-04,1.2607,0.0000,0.0000,0.0000,0.0000,3.3,nan
592,4.02e-04,1.1638,0.0000,0.0000,0.0000,0.0000,3.3,nan
593,4.02e-04,1.4699,0.0000,0.0000,0.0000,0.0000,3.2,nan
594,4.02e-04,1.5701,0.0000,0.0000,0.0000,0.0000,3.2,nan
595,4.01e-04,1.3140,0.0000,0.0000,0.0000,0.0000,3.4,nan
596,4.01e-04,1.6836,0.0000,0.0000,0.0000,0.0000,3.3,nan
597,4.01e-04,1.4309,0.0000,0.0000,0.0000,0.0000,3.3,nan
598,4.01e-04,1.3040,0.0000,0.0000,0.0000,0.0000,3.3,nan
599,4.00e-04,1.3553,0.0000,0.0000,0.0000,0.0000,3.4,nan
600,4.00e-04,1.4909,0.0000,0.0000,0.0000,0.0000,5.2,0.6038
601,4.00e-04,1.1452,0.0000,0.0000,0.0000,0.0000,3.6,nan
602,3.99e-04,1.2946,0.0000,0.0000,0.0000,0.0000,3.8,nan
603,3.99e-04,1.6257,0.0000,0.0000,0.0000,0.0000,3.6,nan
604,3.99e-04,1.3646,0.0000,0.0000,0.0000,0.0000,3.7,nan
605,3.98e-04,1.3456,0.0000,0.0000,0.0000,0.0000,3.5,nan
606,3.98e-04,1.4968,0.0000,0.0000,0.0000,0.0000,3.7,nan
607,3.98e-04,1.2269,0.0000,0.0000,0.0000,0.0000,3.6,nan
608,3.97e-04,1.4257,0.0000,0.0000,0.0000,0.0000,3.5,nan
609,3.97e-04,1.4466,0.0000,0.0000,0.0000,0.0000,3.5,nan
610,3.97e-04,1.3026,0.0000,0.0000,0.0000,0.0000,3.4,nan
611,3.96e-04,1.4672,0.0000,0.0000,0.0000,0.0000,3.6,nan
612,3.96e-04,1.5263,0.0000,0.0000,0.0000,0.0000,3.4,nan
613,3.96e-04,0.9691,0.0000,0.0000,0.0000,0.0000,3.4,nan
614,3.95e-04,1.4746,0.0000,0.0000,0.0000,0.0000,3.5,nan
615,3.95e-04,1.2406,0.0000,0.0000,0.0000,0.0000,3.5,nan
616,3.95e-04,1.2317,0.0000,0.0000,0.0000,0.0000,3.4,nan
617,3.95e-04,1.4005,0.0000,0.0000,0.0000,0.0000,3.5,nan
618,3.94e-04,1.5763,0.0000,0.0000,0.0000,0.0000,3.3,nan
619,3.94e-04,1.2044,0.0000,0.0000,0.0000,0.0000,3.6,nan
620,3.94e-04,1.3104,0.0000,0.0000,0.0000,0.0000,5.6,0.5657
621,3.93e-04,1.1635,0.0000,0.0000,0.0000,0.0000,3.5,nan
622,3.93e-04,1.3105,0.0000,0.0000,0.0000,0.0000,3.5,nan
623,3.93e-04,1.1602,0.0000,0.0000,0.0000,0.0000,3.4,nan
624,3.92e-04,1.3085,0.0000,0.0000,0.0000,0.0000,3.4,nan
625,3.92e-04,1.3814,0.0000,0.0000,0.0000,0.0000,3.3,nan
626,3.92e-04,1.5095,0.0000,0.0000,0.0000,0.0000,3.2,nan
627,3.91e-04,1.1773,0.0000,0.0000,0.0000,0.0000,3.4,nan
628,3.91e-04,1.1306,0.0000,0.0000,0.0000,0.0000,3.2,nan
629,3.91e-04,1.4283,0.0000,0.0000,0.0000,0.0000,3.3,nan
630,3.90e-04,1.6290,0.0000,0.0000,0.0000,0.0000,3.5,nan
631,3.90e-04,1.3597,0.0000,0.0000,0.0000,0.0000,3.2,nan
632,3.90e-04,1.2496,0.0000,0.0000,0.0000,0.0000,3.3,nan
633,3.89e-04,1.3412,0.0000,0.0000,0.0000,0.0000,3.3,nan
634,3.89e-04,1.3396,0.0000,0.0000,0.0000,0.0000,3.3,nan
635,3.89e-04,1.3653,0.0000,0.0000,0.0000,0.0000,3.2,nan
636,3.88e-04,1.2882,0.0000,0.0000,0.0000,0.0000,3.3,nan
637,3.88e-04,1.4049,0.0000,0.0000,0.0000,0.0000,3.3,nan
638,3.88e-04,1.2364,0.0000,0.0000,0.0000,0.0000,3.2,nan
639,3.87e-04,1.3634,0.0000,0.0000,0.0000,0.0000,3.5,nan
640,3.87e-04,1.3889,0.0000,0.0000,0.0000,0.0000,5.6,0.5551
641,3.87e-04,1.4019,0.0000,0.0000,0.0000,0.0000,3.5,nan
642,3.86e-04,1.2768,0.0000,0.0000,0.0000,0.0000,3.6,nan
643,3.86e-04,1.3613,0.0000,0.0000,0.0000,0.0000,3.7,nan
644,3.86e-04,1.4363,0.0000,0.0000,0.0000,0.0000,3.8,nan
645,3.85e-04,1.1703,0.0000,0.0000,0.0000,0.0000,3.7,nan
646,3.85e-04,1.2889,0.0000,0.0000,0.0000,0.0000,3.9,nan
647,3.85e-04,1.1553,0.0000,0.0000,0.0000,0.0000,3.9,nan
648,3.84e-04,1.4503,0.0000,0.0000,0.0000,0.0000,4.0,nan
649,3.84e-04,1.0898,0.0000,0.0000,0.0000,0.0000,4.0,nan
650,3.84e-04,1.5698,0.0000,0.0000,0.0000,0.0000,4.0,nan
651,3.83e-04,1.4884,0.0000,0.0000,0.0000,0.0000,4.0,nan
652,3.83e-04,1.2532,0.0000,0.0000,0.0000,0.0000,3.9,nan
653,3.83e-04,1.0133,0.0000,0.0000,0.0000,0.0000,3.8,nan
654,3.82e-04,1.4497,0.0000,0.0000,0.0000,0.0000,4.0,nan
655,3.82e-04,1.3172,0.0000,0.0000,0.0000,0.0000,4.0,nan
656,3.82e-04,1.3391,0.0000,0.0000,0.0000,0.0000,3.9,nan
657,3.81e-04,1.3661,0.0000,0.0000,0.0000,0.0000,4.0,nan
658,3.81e-04,1.5164,0.0000,0.0000,0.0000,0.0000,4.0,nan
659,3.81e-04,1.5469,0.0000,0.0000,0.0000,0.0000,4.0,nan
660,3.80e-04,0.7782,0.0000,0.0000,0.0000,0.0000,6.3,0.5826
661,3.80e-04,1.3858,0.0000,0.0000,0.0000,0.0000,4.3,nan
662,3.80e-04,1.4910,0.0000,0.0000,0.0000,0.0000,4.4,nan
663,3.79e-04,1.5673,0.0000,0.0000,0.0000,0.0000,4.2,nan
664,3.79e-04,1.3463,0.0000,0.0000,0.0000,0.0000,4.1,nan
665,3.79e-04,1.0770,0.0000,0.0000,0.0000,0.0000,3.9,nan
666,3.78e-04,1.0638,0.0000,0.0000,0.0000,0.0000,3.9,nan
667,3.78e-04,1.4537,0.0000,0.0000,0.0000,0.0000,4.1,nan
668,3.78e-04,1.3553,0.0000,0.0000,0.0000,0.0000,4.0,nan
669,3.77e-04,1.5141,0.0000,0.0000,0.0000,0.0000,4.1,nan
670,3.77e-04,1.0092,0.0000,0.0000,0.0000,0.0000,4.1,nan
671,3.77e-04,1.0898,0.0000,0.0000,0.0000,0.0000,4.1,nan
672,3.76e-04,1.0850,0.0000,0.0000,0.0000,0.0000,4.0,nan
673,3.76e-04,1.5673,0.0000,0.0000,0.0000,0.0000,4.0,nan
674,3.76e-04,1.4342,0.0000,0.0000,0.0000,0.0000,4.1,nan
675,3.75e-04,1.0317,0.0000,0.0000,0.0000,0.0000,4.1,nan
676,3.75e-04,1.1509,0.0000,0.0000,0.0000,0.0000,3.4,nan
677,3.75e-04,1.3371,0.0000,0.0000,0.0000,0.0000,3.3,nan
678,3.74e-04,1.1481,0.0000,0.0000,0.0000,0.0000,3.8,nan
679,3.74e-04,1.4634,0.0000,0.0000,0.0000,0.0000,3.5,nan
680,3.74e-04,1.4791,0.0000,0.0000,0.0000,0.0000,5.5,0.5847
681,3.73e-04,1.5062,0.0000,0.0000,0.0000,0.0000,3.4,nan
682,3.73e-04,1.3104,0.0000,0.0000,0.0000,0.0000,3.5,nan
683,3.73e-04,1.2196,0.0000,0.0000,0.0000,0.0000,3.4,nan
684,3.72e-04,0.9619,0.0000,0.0000,0.0000,0.0000,3.8,nan
685,3.72e-04,1.4318,0.0000,0.0000,0.0000,0.0000,4.7,nan
686,3.72e-04,1.2042,0.0000,0.0000,0.0000,0.0000,4.7,nan
687,3.71e-04,1.2924,0.0000,0.0000,0.0000,0.0000,3.7,nan
688,3.71e-04,1.4303,0.0000,0.0000,0.0000,0.0000,3.4,nan
689,3.71e-04,1.3668,0.0000,0.0000,0.0000,0.0000,3.6,nan
690,3.70e-04,1.3450,0.0000,0.0000,0.0000,0.0000,3.3,nan
691,3.70e-04,1.2633,0.0000,0.0000,0.0000,0.0000,3.2,nan
692,3.70e-04,1.2282,0.0000,0.0000,0.0000,0.0000,3.6,nan
693,3.69e-04,1.2464,0.0000,0.0000,0.0000,0.0000,3.5,nan
694,3.69e-04,1.4907,0.0000,0.0000,0.0000,0.0000,3.8,nan
695,3.69e-04,1.4094,0.0000,0.0000,0.0000,0.0000,4.4,nan
696,3.68e-04,1.2767,0.0000,0.0000,0.0000,0.0000,4.9,nan
697,3.68e-04,1.4634,0.0000,0.0000,0.0000,0.0000,5.0,nan
698,3.68e-04,1.2009,0.0000,0.0000,0.0000,0.0000,4.3,nan
699,3.67e-04,1.2184,0.0000,0.0000,0.0000,0.0000,4.0,nan
700,3.67e-04,1.3391,0.0000,0.0000,0.0000,0.0000,7.0,0.5911
701,3.66e-04,1.5970,0.0000,0.0000,0.0000,0.0000,4.7,nan
702,3.66e-04,1.1498,0.0000,0.0000,0.0000,0.0000,4.4,nan
703,3.66e-04,1.2153,0.0000,0.0000,0.0000,0.0000,3.8,nan
704,3.65e-04,1.5766,0.0000,0.0000,0.0000,0.0000,3.7,nan
705,3.65e-04,1.1848,0.0000,0.0000,0.0000,0.0000,3.8,nan
706,3.65e-04,1.2836,0.0000,0.0000,0.0000,0.0000,3.8,nan
707,3.64e-04,1.4385,0.0000,0.0000,0.0000,0.0000,3.6,nan
708,3.64e-04,1.0933,0.0000,0.0000,0.0000,0.0000,3.7,nan
709,3.64e-04,1.1628,0.0000,0.0000,0.0000,0.0000,3.7,nan
710,3.63e-04,1.2432,0.0000,0.0000,0.0000,0.0000,3.4,nan
711,3.63e-04,0.8647,0.0000,0.0000,0.0000,0.0000,3.6,nan
712,3.63e-04,0.9122,0.0000,0.0000,0.0000,0.0000,4.4,nan
713,3.62e-04,1.3774,0.0000,0.0000,0.0000,0.0000,3.9,nan
714,3.62e-04,1.1769,0.0000,0.0000,0.0000,0.0000,4.1,nan
715,3.62e-04,1.2837,0.0000,0.0000,0.0000,0.0000,4.0,nan
716,3.61e-04,1.2206,0.0000,0.0000,0.0000,0.0000,4.2,nan
717,3.61e-04,1.4527,0.0000,0.0000,0.0000,0.0000,3.8,nan
718,3.61e-04,1.3177,0.0000,0.0000,0.0000,0.0000,4.0,nan
719,3.60e-04,1.4064,0.0000,0.0000,0.0000,0.0000,4.0,nan
720,3.60e-04,1.4305,0.0000,0.0000,0.0000,0.0000,6.2,0.5911
721,3.59e-04,1.0871,0.0000,0.0000,0.0000,0.0000,4.4,nan
722,3.59e-04,1.2024,0.0000,0.0000,0.0000,0.0000,4.0,nan
723,3.59e-04,1.2346,0.0000,0.0000,0.0000,0.0000,5.1,nan
724,3.58e-04,0.9703,0.0000,0.0000,0.0000,0.0000,4.9,nan
725,3.58e-04,1.3983,0.0000,0.0000,0.0000,0.0000,4.6,nan
726,3.58e-04,1.1482,0.0000,0.0000,0.0000,0.0000,4.6,nan
727,3.57e-04,1.5401,0.0000,0.0000,0.0000,0.0000,4.6,nan
728,3.57e-04,1.2227,0.0000,0.0000,0.0000,0.0000,4.3,nan
729,3.57e-04,1.2258,0.0000,0.0000,0.0000,0.0000,4.6,nan
730,3.56e-04,1.2430,0.0000,0.0000,0.0000,0.0000,4.6,nan
731,3.56e-04,1.2240,0.0000,0.0000,0.0000,0.0000,3.5,nan
732,3.56e-04,1.1774,0.0000,0.0000,0.0000,0.0000,3.5,nan
733,3.55e-04,1.1842,0.0000,0.0000,0.0000,0.0000,3.5,nan
734,3.55e-04,1.4709,0.0000,0.0000,0.0000,0.0000,3.6,nan
735,3.55e-04,1.2810,0.0000,0.0000,0.0000,0.0000,4.0,nan
736,3.54e-04,1.2728,0.0000,0.0000,0.0000,0.0000,3.8,nan
737,3.54e-04,1.3435,0.0000,0.0000,0.0000,0.0000,3.5,nan
738,3.53e-04,1.1657,0.0000,0.0000,0.0000,0.0000,3.3,nan
739,3.53e-04,1.0691,0.0000,0.0000,0.0000,0.0000,3.4,nan
740,3.53e-04,1.0989,0.0000,0.0000,0.0000,0.0000,5.3,0.5784
741,3.52e-04,1.1938,0.0000,0.0000,0.0000,0.0000,3.3,nan
742,3.52e-04,1.1790,0.0000,0.0000,0.0000,0.0000,3.2,nan
743,3.52e-04,1.2855,0.0000,0.0000,0.0000,0.0000,3.5,nan
744,3.51e-04,1.0566,0.0000,0.0000,0.0000,0.0000,3.4,nan
745,3.51e-04,1.4514,0.0000,0.0000,0.0000,0.0000,3.8,nan
746,3.51e-04,1.2879,0.0000,0.0000,0.0000,0.0000,4.4,nan
747,3.50e-04,1.2992,0.0000,0.0000,0.0000,0.0000,4.4,nan
748,3.50e-04,1.1048,0.0000,0.0000,0.0000,0.0000,4.1,nan
749,3.50e-04,1.3712,0.0000,0.0000,0.0000,0.0000,4.1,nan
750,3.49e-04,1.3412,0.0000,0.0000,0.0000,0.0000,4.3,nan
751,3.49e-04,1.3177,0.0000,0.0000,0.0000,0.0000,3.7,nan
752,3.48e-04,1.2805,0.0000,0.0000,0.0000,0.0000,3.9,nan
753,3.48e-04,1.3901,0.0000,0.0000,0.0000,0.0000,3.8,nan
754,3.48e-04,0.9993,0.0000,0.0000,0.0000,0.0000,3.5,nan
755,3.47e-04,1.2562,0.0000,0.0000,0.0000,0.0000,3.5,nan
756,3.47e-04,1.2535,0.0000,0.0000,0.0000,0.0000,3.5,nan
757,3.47e-04,1.1908,0.0000,0.0000,0.0000,0.0000,3.9,nan
758,3.46e-04,1.3548,0.0000,0.0000,0.0000,0.0000,3.9,nan
759,3.46e-04,1.2080,0.0000,0.0000,0.0000,0.0000,3.9,nan
760,3.46e-04,1.0866,0.0000,0.0000,0.0000,0.0000,5.6,0.5996
761,3.45e-04,1.1429,0.0000,0.0000,0.0000,0.0000,3.7,nan
762,3.45e-04,0.9011,0.0000,0.0000,0.0000,0.0000,3.8,nan
763,3.44e-04,1.5042,0.0000,0.0000,0.0000,0.0000,4.2,nan
764,3.44e-04,1.3037,0.0000,0.0000,0.0000,0.0000,4.8,nan
765,3.44e-04,1.3006,0.0000,0.0000,0.0000,0.0000,4.0,nan
766,3.43e-04,1.1316,0.0000,0.0000,0.0000,0.0000,3.9,nan
767,3.43e-04,1.0599,0.0000,0.0000,0.0000,0.0000,3.7,nan
768,3.43e-04,1.1006,0.0000,0.0000,0.0000,0.0000,4.0,nan
769,3.42e-04,1.4048,0.0000,0.0000,0.0000,0.0000,3.8,nan
770,3.42e-04,1.1551,0.0000,0.0000,0.0000,0.0000,3.9,nan
771,3.42e-04,1.2513,0.0000,0.0000,0.0000,0.0000,4.0,nan
772,3.41e-04,1.1664,0.0000,0.0000,0.0000,0.0000,4.1,nan
773,3.41e-04,1.3899,0.0000,0.0000,0.0000,0.0000,3.7,nan
774,3.40e-04,1.1443,0.0000,0.0000,0.0000,0.0000,3.7,nan
775,3.40e-04,1.4963,0.0000,0.0000,0.0000,0.0000,4.0,nan
776,3.40e-04,1.3132,0.0000,0.0000,0.0000,0.0000,3.8,nan
777,3.39e-04,1.3226,0.0000,0.0000,0.0000,0.0000,3.7,nan
778,3.39e-04,1.0324,0.0000,0.0000,0.0000,0.0000,3.9,nan
779,3.39e-04,1.1521,0.0000,0.0000,0.0000,0.0000,4.3,nan
780,3.38e-04,1.3615,0.0000,0.0000,0.0000,0.0000,6.3,0.5784
781,3.38e-04,1.2267,0.0000,0.0000,0.0000,0.0000,3.8,nan
782,3.38e-04,1.2564,0.0000,0.0000,0.0000,0.0000,3.8,nan
783,3.37e-04,1.3229,0.0000,0.0000,0.0000,0.0000,4.0,nan
784,3.37e-04,1.2618,0.0000,0.0000,0.0000,0.0000,3.8,nan
785,3.36e-04,1.3492,0.0000,0.0000,0.0000,0.0000,3.9,nan
786,3.36e-04,1.0678,0.0000,0.0000,0.0000,0.0000,3.9,nan
787,3.36e-04,1.2126,0.0000,0.0000,0.0000,0.0000,3.9,nan
788,3.35e-04,1.3114,0.0000,0.0000,0.0000,0.0000,3.8,nan
789,3.35e-04,1.1432,0.0000,0.0000,0.0000,0.0000,3.8,nan
790,3.35e-04,1.1992,0.0000,0.0000,0.0000,0.0000,3.8,nan
791,3.34e-04,1.2535,0.0000,0.0000,0.0000,0.0000,3.9,nan
792,3.34e-04,1.4041,0.0000,0.0000,0.0000,0.0000,3.7,nan
793,3.33e-04,1.3461,0.0000,0.0000,0.0000,0.0000,3.6,nan
794,3.33e-04,1.2368,0.0000,0.0000,0.0000,0.0000,3.8,nan
795,3.33e-04,1.3069,0.0000,0.0000,0.0000,0.0000,3.6,nan
796,3.32e-04,1.4786,0.0000,0.0000,0.0000,0.0000,3.8,nan
797,3.32e-04,1.2456,0.0000,0.0000,0.0000,0.0000,3.9,nan
798,3.32e-04,1.1858,0.0000,0.0000,0.0000,0.0000,4.0,nan
799,3.31e-04,1.1497,0.0000,0.0000,0.0000,0.0000,3.7,nan
800,3.31e-04,1.1849,0.0000,0.0000,0.0000,0.0000,5.6,0.5975
801,3.31e-04,1.0805,0.0000,0.0000,0.0000,0.0000,3.8,nan
802,3.30e-04,0.9888,0.0000,0.0000,0.0000,0.0000,3.7,nan
803,3.30e-04,1.2162,0.0000,0.0000,0.0000,0.0000,3.7,nan
804,3.29e-04,1.4177,0.0000,0.0000,0.0000,0.0000,3.7,nan
805,3.29e-04,1.4204,0.0000,0.0000,0.0000,0.0000,3.7,nan
806,3.29e-04,1.0365,0.0000,0.0000,0.0000,0.0000,4.0,nan
807,3.28e-04,0.9891,0.0000,0.0000,0.0000,0.0000,3.7,nan
808,3.28e-04,0.8587,0.0000,0.0000,0.0000,0.0000,3.8,nan
809,3.28e-04,1.2047,0.0000,0.0000,0.0000,0.0000,3.8,nan
810,3.27e-04,1.0872,0.0000,0.0000,0.0000,0.0000,3.6,nan
811,3.27e-04,1.2505,0.0000,0.0000,0.0000,0.0000,3.9,nan
812,3.26e-04,1.3271,0.0000,0.0000,0.0000,0.0000,3.9,nan
813,3.26e-04,1.2114,0.0000,0.0000,0.0000,0.0000,3.8,nan
814,3.26e-04,1.1722,0.0000,0.0000,0.0000,0.0000,3.9,nan
815,3.25e-04,1.0803,0.0000,0.0000,0.0000,0.0000,3.7,nan
816,3.25e-04,1.2827,0.0000,0.0000,0.0000,0.0000,3.7,nan
817,3.25e-04,1.3522,0.0000,0.0000,0.0000,0.0000,3.7,nan
818,3.24e-04,1.2372,0.0000,0.0000,0.0000,0.0000,3.8,nan
819,3.24e-04,0.8204,0.0000,0.0000,0.0000,0.0000,3.6,nan
820,3.23e-04,1.0344,0.0000,0.0000,0.0000,0.0000,5.5,0.5424
821,3.23e-04,0.9237,0.0000,0.0000,0.0000,0.0000,3.7,nan
822,3.23e-04,1.2745,0.0000,0.0000,0.0000,0.0000,3.9,nan
823,3.22e-04,1.2046,0.0000,0.0000,0.0000,0.0000,3.8,nan
824,3.22e-04,1.3668,0.0000,0.0000,0.0000,0.0000,3.7,nan
825,3.22e-04,1.2210,0.0000,0.0000,0.0000,0.0000,3.5,nan
826,3.21e-04,1.3408,0.0000,0.0000,0.0000,0.0000,3.8,nan
827,3.21e-04,1.1792,0.0000,0.0000,0.0000,0.0000,3.5,nan
828,3.20e-04,1.3572,0.0000,0.0000,0.0000,0.0000,4.0,nan
829,3.20e-04,1.2506,0.0000,0.0000,0.0000,0.0000,3.7,nan
830,3.20e-04,1.1004,0.0000,0.0000,0.0000,0.0000,4.0,nan
831,3.19e-04,1.2210,0.0000,0.0000,0.0000,0.0000,3.5,nan
832,3.19e-04,1.0257,0.0000,0.0000,0.0000,0.0000,3.6,nan
833,3.19e-04,1.3982,0.0000,0.0000,0.0000,0.0000,3.5,nan
834,3.18e-04,1.1345,0.0000,0.0000,0.0000,0.0000,3.6,nan
835,3.18e-04,1.1770,0.0000,0.0000,0.0000,0.0000,3.6,nan
836,3.17e-04,1.1588,0.0000,0.0000,0.0000,0.0000,3.8,nan
837,3.17e-04,1.2002,0.0000,0.0000,0.0000,0.0000,3.9,nan
838,3.17e-04,1.3801,0.0000,0.0000,0.0000,0.0000,3.5,nan
839,3.16e-04,1.1328,0.0000,0.0000,0.0000,0.0000,3.6,nan
840,3.16e-04,1.3583,0.0000,0.0000,0.0000,0.0000,5.3,0.6229
841,3.16e-04,1.3279,0.0000,0.0000,0.0000,0.0000,3.6,nan
842,3.15e-04,1.1751,0.0000,0.0000,0.0000,0.0000,3.6,nan
843,3.15e-04,1.2692,0.0000,0.0000,0.0000,0.0000,3.5,nan
844,3.14e-04,1.1255,0.0000,0.0000,0.0000,0.0000,3.8,nan
845,3.14e-04,1.2751,0.0000,0.0000,0.0000,0.0000,3.9,nan
846,3.14e-04,1.2199,0.0000,0.0000,0.0000,0.0000,3.7,nan
847,3.13e-04,1.1670,0.0000,0.0000,0.0000,0.0000,3.9,nan
848,3.13e-04,1.0816,0.0000,0.0000,0.0000,0.0000,3.9,nan
849,3.12e-04,1.4921,0.0000,0.0000,0.0000,0.0000,3.7,nan
850,3.12e-04,1.2090,0.0000,0.0000,0.0000,0.0000,3.7,nan
851,3.12e-04,1.2833,0.0000,0.0000,0.0000,0.0000,3.7,nan
852,3.11e-04,1.4696,0.0000,0.0000,0.0000,0.0000,4.2,nan
853,3.11e-04,1.0339,0.0000,0.0000,0.0000,0.0000,3.8,nan
854,3.11e-04,1.1018,0.0000,0.0000,0.0000,0.0000,3.5,nan
855,3.10e-04,1.1645,0.0000,0.0000,0.0000,0.0000,3.6,nan
856,3.10e-04,1.2343,0.0000,0.0000,0.0000,0.0000,3.6,nan
857,3.09e-04,1.1684,0.0000,0.0000,0.0000,0.0000,3.6,nan
858,3.09e-04,1.4430,0.0000,0.0000,0.0000,0.0000,3.6,nan
859,3.09e-04,1.1741,0.0000,0.0000,0.0000,0.0000,3.5,nan
860,3.08e-04,1.4062,0.0000,0.0000,0.0000,0.0000,5.6,0.5847
861,3.08e-04,1.2074,0.0000,0.0000,0.0000,0.0000,3.8,nan
862,3.08e-04,0.9562,0.0000,0.0000,0.0000,0.0000,3.6,nan
863,3.07e-04,1.0268,0.0000,0.0000,0.0000,0.0000,3.6,nan
864,3.07e-04,1.2681,0.0000,0.0000,0.0000,0.0000,3.8,nan
865,3.06e-04,1.2138,0.0000,0.0000,0.0000,0.0000,3.6,nan
866,3.06e-04,0.9271,0.0000,0.0000,0.0000,0.0000,3.6,nan
867,3.06e-04,1.2869,0.0000,0.0000,0.0000,0.0000,3.6,nan
868,3.05e-04,1.0299,0.0000,0.0000,0.0000,0.0000,3.5,nan
869,3.05e-04,1.2179,0.0000,0.0000,0.0000,0.0000,3.7,nan
870,3.05e-04,1.0707,0.0000,0.0000,0.0000,0.0000,3.8,nan
871,3.04e-04,1.2231,0.0000,0.0000,0.0000,0.0000,3.6,nan
872,3.04e-04,1.2983,0.0000,0.0000,0.0000,0.0000,3.6,nan
873,3.03e-04,1.4354,0.0000,0.0000,0.0000,0.0000,3.6,nan
874,3.03e-04,0.9958,0.0000,0.0000,0.0000,0.0000,3.6,nan
875,3.03e-04,1.1741,0.0000,0.0000,0.0000,0.0000,3.6,nan
876,3.02e-04,1.2832,0.0000,0.0000,0.0000,0.0000,3.7,nan
877,3.02e-04,0.7767,0.0000,0.0000,0.0000,0.0000,3.7,nan
878,3.01e-04,1.3287,0.0000,0.0000,0.0000,0.0000,3.5,nan
879,3.01e-04,1.1213,0.0000,0.0000,0.0000,0.0000,3.5,nan
880,3.01e-04,0.8812,0.0000,0.0000,0.0000,0.0000,5.7,0.5699
881,3.00e-04,1.0998,0.0000,0.0000,0.0000,0.0000,3.7,nan
882,3.00e-04,1.2106,0.0000,0.0000,0.0000,0.0000,3.8,nan
883,3.00e-04,0.9326,0.0000,0.0000,0.0000,0.0000,3.6,nan
884,2.99e-04,1.2687,0.0000,0.0000,0.0000,0.0000,3.8,nan
885,2.99e-04,1.1934,0.0000,0.0000,0.0000,0.0000,3.8,nan
886,2.98e-04,1.0819,0.0000,0.0000,0.0000,0.0000,3.7,nan
887,2.98e-04,1.3312,0.0000,0.0000,0.0000,0.0000,3.8,nan
888,2.98e-04,0.9663,0.0000,0.0000,0.0000,0.0000,3.5,nan
889,2.97e-04,1.1979,0.0000,0.0000,0.0000,0.0000,3.7,nan
890,2.97e-04,1.1879,0.0000,0.0000,0.0000,0.0000,3.9,nan
891,2.96e-04,1.2737,0.0000,0.0000,0.0000,0.0000,4.1,nan
892,2.96e-04,1.2700,0.0000,0.0000,0.0000,0.0000,3.7,nan
893,2.96e-04,1.2318,0.0000,0.0000,0.0000,0.0000,3.8,nan
894,2.95e-04,1.0793,0.0000,0.0000,0.0000,0.0000,3.7,nan
895,2.95e-04,1.0571,0.0000,0.0000,0.0000,0.0000,3.7,nan
896,2.95e-04,1.3544,0.0000,0.0000,0.0000,0.0000,3.5,nan
897,2.94e-04,1.2275,0.0000,0.0000,0.0000,0.0000,3.7,nan
898,2.94e-04,1.1829,0.0000,0.0000,0.0000,0.0000,3.8,nan
899,2.93e-04,1.1341,0.0000,0.0000,0.0000,0.0000,3.7,nan
900,2.93e-04,0.9838,0.0000,0.0000,0.0000,0.0000,5.8,0.6102
901,2.93e-04,1.3310,0.0000,0.0000,0.0000,0.0000,3.7,nan
902,2.92e-04,1.0852,0.0000,0.0000,0.0000,0.0000,3.7,nan
903,2.92e-04,1.1193,0.0000,0.0000,0.0000,0.0000,3.8,nan
904,2.91e-04,1.3905,0.0000,0.0000,0.0000,0.0000,3.7,nan
905,2.91e-04,1.2006,0.0000,0.0000,0.0000,0.0000,4.0,nan
906,2.91e-04,1.1351,0.0000,0.0000,0.0000,0.0000,3.5,nan
907,2.90e-04,1.1219,0.0000,0.0000,0.0000,0.0000,3.8,nan
908,2.90e-04,1.0414,0.0000,0.0000,0.0000,0.0000,3.6,nan
909,2.90e-04,1.2195,0.0000,0.0000,0.0000,0.0000,3.6,nan
910,2.89e-04,0.8579,0.0000,0.0000,0.0000,0.0000,3.4,nan
911,2.89e-04,1.2103,0.0000,0.0000,0.0000,0.0000,3.7,nan
912,2.88e-04,1.0466,0.0000,0.0000,0.0000,0.0000,3.7,nan
913,2.88e-04,1.3605,0.0000,0.0000,0.0000,0.0000,3.7,nan
914,2.88e-04,0.9150,0.0000,0.0000,0.0000,0.0000,3.5,nan
915,2.87e-04,1.2070,0.0000,0.0000,0.0000,0.0000,3.6,nan
916,2.87e-04,1.0858,0.0000,0.0000,0.0000,0.0000,3.7,nan
917,2.86e-04,1.0853,0.0000,0.0000,0.0000,0.0000,3.6,nan
918,2.86e-04,1.4015,0.0000,0.0000,0.0000,0.0000,3.6,nan
919,2.86e-04,1.2964,0.0000,0.0000,0.0000,0.0000,3.5,nan
920,2.85e-04,1.1294,0.0000,0.0000,0.0000,0.0000,5.1,0.5890
921,2.85e-04,0.9884,0.0000,0.0000,0.0000,0.0000,3.0,nan
922,2.84e-04,1.1493,0.0000,0.0000,0.0000,0.0000,3.1,nan
923,2.84e-04,0.7206,0.0000,0.0000,0.0000,0.0000,3.1,nan
924,2.84e-04,0.9940,0.0000,0.0000,0.0000,0.0000,3.3,nan
925,2.83e-04,0.7941,0.0000,0.0000,0.0000,0.0000,3.3,nan
926,2.83e-04,1.2539,0.0000,0.0000,0.0000,0.0000,3.4,nan
927,2.83e-04,1.0817,0.0000,0.0000,0.0000,0.0000,3.2,nan
928,2.82e-04,1.1695,0.0000,0.0000,0.0000,0.0000,3.0,nan
929,2.82e-04,1.2249,0.0000,0.0000,0.0000,0.0000,3.2,nan
930,2.81e-04,1.1012,0.0000,0.0000,0.0000,0.0000,3.2,nan
931,2.81e-04,1.2407,0.0000,0.0000,0.0000,0.0000,3.2,nan
932,2.81e-04,1.0938,0.0000,0.0000,0.0000,0.0000,3.1,nan
933,2.80e-04,1.1110,0.0000,0.0000,0.0000,0.0000,3.2,nan
934,2.80e-04,1.1407,0.0000,0.0000,0.0000,0.0000,3.0,nan
935,2.79e-04,1.1965,0.0000,0.0000,0.0000,0.0000,3.1,nan
936,2.79e-04,1.0418,0.0000,0.0000,0.0000,0.0000,3.0,nan
937,2.79e-04,1.3703,0.0000,0.0000,0.0000,0.0000,3.3,nan
938,2.78e-04,0.9963,0.0000,0.0000,0.0000,0.0000,3.9,nan
939,2.78e-04,1.3508,0.0000,0.0000,0.0000,0.0000,3.7,nan
940,2.78e-04,1.1422,0.0000,0.0000,0.0000,0.0000,5.2,0.6017
941,2.77e-04,1.0255,0.0000,0.0000,0.0000,0.0000,3.5,nan
942,2.77e-04,1.1314,0.0000,0.0000,0.0000,0.0000,3.4,nan
943,2.76e-04,1.2017,0.0000,0.0000,0.0000,0.0000,3.6,nan
944,2.76e-04,1.2106,0.0000,0.0000,0.0000,0.0000,3.6,nan
945,2.76e-04,1.1963,0.0000,0.0000,0.0000,0.0000,3.6,nan
946,2.75e-04,1.0288,0.0000,0.0000,0.0000,0.0000,3.4,nan
947,2.75e-04,1.2727,0.0000,0.0000,0.0000,0.0000,3.6,nan
948,2.74e-04,1.3489,0.0000,0.0000,0.0000,0.0000,3.5,nan
949,2.74e-04,1.1195,0.0000,0.0000,0.0000,0.0000,3.4,nan
950,2.74e-04,1.2834,0.0000,0.0000,0.0000,0.0000,3.5,nan
951,2.73e-04,1.2826,0.0000,0.0000,0.0000,0.0000,3.5,nan
952,2.73e-04,0.9926,0.0000,0.0000,0.0000,0.0000,3.4,nan
953,2.72e-04,1.0768,0.0000,0.0000,0.0000,0.0000,3.5,nan
954,2.72e-04,1.0982,0.0000,0.0000,0.0000,0.0000,3.4,nan
955,2.72e-04,1.1822,0.0000,0.0000,0.0000,0.0000,3.3,nan
956,2.71e-04,1.2286,0.0000,0.0000,0.0000,0.0000,3.6,nan
957,2.71e-04,1.2835,0.0000,0.0000,0.0000,0.0000,3.3,nan
958,2.70e-04,1.2352,0.0000,0.0000,0.0000,0.0000,3.1,nan
959,2.70e-04,0.9606,0.0000,0.0000,0.0000,0.0000,3.2,nan
960,2.70e-04,1.2180,0.0000,0.0000,0.0000,0.0000,4.9,0.5530
961,2.69e-04,0.9358,0.0000,0.0000,0.0000,0.0000,4.4,nan
962,2.69e-04,1.2737,0.0000,0.0000,0.0000,0.0000,3.9,nan
963,2.69e-04,1.1623,0.0000,0.0000,0.0000,0.0000,3.6,nan
964,2.68e-04,1.1228,0.0000,0.0000,0.0000,0.0000,3.7,nan
965,2.68e-04,1.0602,0.0000,0.0000,0.0000,0.0000,3.7,nan
966,2.67e-04,1.3244,0.0000,0.0000,0.0000,0.0000,3.8,nan
967,2.67e-04,0.9212,0.0000,0.0000,0.0000,0.0000,3.9,nan
968,2.67e-04,0.9149,0.0000,0.0000,0.0000,0.0000,3.8,nan
969,2.66e-04,1.1445,0.0000,0.0000,0.0000,0.0000,3.9,nan
970,2.66e-04,1.1833,0.0000,0.0000,0.0000,0.0000,3.6,nan
971,2.65e-04,1.0355,0.0000,0.0000,0.0000,0.0000,3.9,nan
972,2.65e-04,1.0364,0.0000,0.0000,0.0000,0.0000,3.9,nan
973,2.65e-04,1.1467,0.0000,0.0000,0.0000,0.0000,3.5,nan
974,2.64e-04,1.0894,0.0000,0.0000,0.0000,0.0000,3.8,nan
975,2.64e-04,1.1886,0.0000,0.0000,0.0000,0.0000,3.7,nan
976,2.63e-04,1.1195,0.0000,0.0000,0.0000,0.0000,3.4,nan
977,2.63e-04,1.0856,0.0000,0.0000,0.0000,0.0000,3.1,nan
978,2.63e-04,0.8172,0.0000,0.0000,0.0000,0.0000,2.9,nan
979,2.62e-04,1.2787,0.0000,0.0000,0.0000,0.0000,3.0,nan
980,2.62e-04,1.2576,0.0000,0.0000,0.0000,0.0000,4.5,0.6017
981,2.62e-04,1.3689,0.0000,0.0000,0.0000,0.0000,3.0,nan
982,2.61e-04,1.1811,0.0000,0.0000,0.0000,0.0000,2.9,nan
983,2.61e-04,1.0589,0.0000,0.0000,0.0000,0.0000,3.1,nan
984,2.60e-04,1.1889,0.0000,0.0000,0.0000,0.0000,2.8,nan
985,2.60e-04,1.1971,0.0000,0.0000,0.0000,0.0000,3.0,nan
986,2.60e-04,1.2211,0.0000,0.0000,0.0000,0.0000,2.9,nan
987,2.59e-04,1.2943,0.0000,0.0000,0.0000,0.0000,2.9,nan
988,2.59e-04,0.9413,0.0000,0.0000,0.0000,0.0000,3.1,nan
989,2.58e-04,1.2258,0.0000,0.0000,0.0000,0.0000,3.3,nan
990,2.58e-04,1.2247,0.0000,0.0000,0.0000,0.0000,3.2,nan
991,2.58e-04,1.3237,0.0000,0.0000,0.0000,0.0000,3.7,nan
992,2.57e-04,1.0966,0.0000,0.0000,0.0000,0.0000,3.8,nan
993,2.57e-04,1.1360,0.0000,0.0000,0.0000,0.0000,3.4,nan
994,2.56e-04,0.9607,0.0000,0.0000,0.0000,0.0000,3.3,nan
995,2.56e-04,1.1782,0.0000,0.0000,0.0000,0.0000,3.3,nan
996,2.56e-04,1.0318,0.0000,0.0000,0.0000,0.0000,3.3,nan
997,2.55e-04,0.9722,0.0000,0.0000,0.0000,0.0000,3.3,nan
998,2.55e-04,1.3680,0.0000,0.0000,0.0000,0.0000,3.2,nan
999,2.54e-04,1.2666,0.0000,0.0000,0.0000,0.0000,3.3,nan
1000,2.54e-04,1.1074,0.0000,0.0000,0.0000,0.0000,4.9,0.5593
1001,2.54e-04,1.0865,0.0000,0.0000,0.0000,0.0000,3.2,nan
1002,2.53e-04,0.8267,0.0000,0.0000,0.0000,0.0000,3.2,nan
1003,2.53e-04,1.1391,0.0000,0.0000,0.0000,0.0000,3.3,nan
1004,2.53e-04,1.3619,0.0000,0.0000,0.0000,0.0000,3.3,nan
1005,2.52e-04,0.9847,0.0000,0.0000,0.0000,0.0000,3.3,nan
1006,2.52e-04,1.0105,0.0000,0.0000,0.0000,0.0000,3.2,nan
1007,2.51e-04,1.2855,0.0000,0.0000,0.0000,0.0000,3.4,nan
1008,2.51e-04,1.4641,0.0000,0.0000,0.0000,0.0000,3.3,nan
1009,2.51e-04,1.0504,0.0000,0.0000,0.0000,0.0000,3.3,nan
1010,2.50e-04,1.1648,0.0000,0.0000,0.0000,0.0000,3.2,nan
1011,2.50e-04,1.1846,0.0000,0.0000,0.0000,0.0000,3.4,nan
1012,2.49e-04,0.9514,0.0000,0.0000,0.0000,0.0000,3.3,nan
1013,2.49e-04,1.1301,0.0000,0.0000,0.0000,0.0000,3.7,nan
1014,2.49e-04,1.3170,0.0000,0.0000,0.0000,0.0000,3.3,nan
1015,2.48e-04,1.2995,0.0000,0.0000,0.0000,0.0000,3.2,nan
1016,2.48e-04,0.9272,0.0000,0.0000,0.0000,0.0000,4.5,nan
1017,2.47e-04,1.3738,0.0000,0.0000,0.0000,0.0000,3.3,nan
1018,2.47e-04,1.1590,0.0000,0.0000,0.0000,0.0000,3.9,nan
1019,2.47e-04,1.1056,0.0000,0.0000,0.0000,0.0000,3.6,nan
1020,2.46e-04,1.2789,0.0000,0.0000,0.0000,0.0000,5.3,0.5890
1021,2.46e-04,1.3136,0.0000,0.0000,0.0000,0.0000,3.3,nan
1022,2.46e-04,1.2446,0.0000,0.0000,0.0000,0.0000,3.5,nan
1023,2.45e-04,1.0163,0.0000,0.0000,0.0000,0.0000,3.6,nan
1024,2.45e-04,1.3508,0.0000,0.0000,0.0000,0.0000,3.6,nan
1025,2.44e-04,1.0403,0.0000,0.0000,0.0000,0.0000,3.6,nan
1026,2.44e-04,1.3079,0.0000,0.0000,0.0000,0.0000,3.6,nan
1027,2.44e-04,1.3063,0.0000,0.0000,0.0000,0.0000,3.4,nan
1028,2.43e-04,1.1842,0.0000,0.0000,0.0000,0.0000,3.8,nan
1029,2.43e-04,0.9996,0.0000,0.0000,0.0000,0.0000,3.7,nan
1030,2.42e-04,0.8537,0.0000,0.0000,0.0000,0.0000,3.5,nan
1031,2.42e-04,1.1611,0.0000,0.0000,0.0000,0.0000,3.5,nan
1032,2.42e-04,1.0735,0.0000,0.0000,0.0000,0.0000,3.4,nan
1033,2.41e-04,1.2094,0.0000,0.0000,0.0000,0.0000,3.5,nan
1034,2.41e-04,1.3219,0.0000,0.0000,0.0000,0.0000,3.7,nan
1035,2.40e-04,1.0912,0.0000,0.0000,0.0000,0.0000,3.5,nan
1036,2.40e-04,1.2613,0.0000,0.0000,0.0000,0.0000,3.6,nan
1037,2.40e-04,1.2481,0.0000,0.0000,0.0000,0.0000,3.5,nan
1038,2.39e-04,1.0830,0.0000,0.0000,0.0000,0.0000,3.6,nan
1039,2.39e-04,1.0608,0.0000,0.0000,0.0000,0.0000,3.4,nan
1040,2.38e-04,1.0854,0.0000,0.0000,0.0000,0.0000,5.2,0.5911
1041,2.38e-04,1.1269,0.0000,0.0000,0.0000,0.0000,3.7,nan
1042,2.38e-04,1.2622,0.0000,0.0000,0.0000,0.0000,3.4,nan
1043,2.37e-04,0.9505,0.0000,0.0000,0.0000,0.0000,3.4,nan
1044,2.37e-04,0.9130,0.0000,0.0000,0.0000,0.0000,3.5,nan
1045,2.37e-04,1.3139,0.0000,0.0000,0.0000,0.0000,3.5,nan
1046,2.36e-04,1.0183,0.0000,0.0000,0.0000,0.0000,3.4,nan
1047,2.36e-04,1.0783,0.0000,0.0000,0.0000,0.0000,3.5,nan
1048,2.35e-04,1.1284,0.0000,0.0000,0.0000,0.0000,3.5,nan
1049,2.35e-04,0.8060,0.0000,0.0000,0.0000,0.0000,3.5,nan
1050,2.35e-04,1.1978,0.0000,0.0000,0.0000,0.0000,3.5,nan
1051,2.34e-04,1.1362,0.0000,0.0000,0.0000,0.0000,3.5,nan
1052,2.34e-04,1.0828,0.0000,0.0000,0.0000,0.0000,3.4,nan
1053,2.33e-04,1.1202,0.0000,0.0000,0.0000,0.0000,3.6,nan
1054,2.33e-04,1.0290,0.0000,0.0000,0.0000,0.0000,3.8,nan
1055,2.33e-04,0.9193,0.0000,0.0000,0.0000,0.0000,3.4,nan
1056,2.32e-04,1.1047,0.0000,0.0000,0.0000,0.0000,3.4,nan
1057,2.32e-04,1.1712,0.0000,0.0000,0.0000,0.0000,3.5,nan
1058,2.31e-04,1.1100,0.0000,0.0000,0.0000,0.0000,3.4,nan
1059,2.31e-04,1.0139,0.0000,0.0000,0.0000,0.0000,3.6,nan
1060,2.31e-04,1.2263,0.0000,0.0000,0.0000,0.0000,5.9,0.6102
1061,2.30e-04,0.7184,0.0000,0.0000,0.0000,0.0000,3.6,nan
1062,2.30e-04,0.8758,0.0000,0.0000,0.0000,0.0000,3.4,nan
1063,2.30e-04,1.2390,0.0000,0.0000,0.0000,0.0000,3.5,nan
1064,2.29e-04,1.2147,0.0000,0.0000,0.0000,0.0000,3.6,nan
1065,2.29e-04,1.1326,0.0000,0.0000,0.0000,0.0000,3.4,nan
1066,2.28e-04,1.2208,0.0000,0.0000,0.0000,0.0000,3.5,nan
1067,2.28e-04,1.2022,0.0000,0.0000,0.0000,0.0000,3.4,nan
1068,2.28e-04,1.3033,0.0000,0.0000,0.0000,0.0000,3.5,nan
1069,2.27e-04,1.2909,0.0000,0.0000,0.0000,0.0000,3.7,nan
1070,2.27e-04,1.1609,0.0000,0.0000,0.0000,0.0000,3.3,nan
1071,2.26e-04,1.1477,0.0000,0.0000,0.0000,0.0000,3.5,nan
1072,2.26e-04,1.0074,0.0000,0.0000,0.0000,0.0000,3.6,nan
1073,2.26e-04,1.1628,0.0000,0.0000,0.0000,0.0000,3.3,nan
1074,2.25e-04,1.4130,0.0000,0.0000,0.0000,0.0000,3.5,nan
1075,2.25e-04,0.9780,0.0000,0.0000,0.0000,0.0000,3.5,nan
1076,2.24e-04,1.3744,0.0000,0.0000,0.0000,0.0000,3.3,nan
1077,2.24e-04,1.2256,0.0000,0.0000,0.0000,0.0000,3.4,nan
1078,2.24e-04,0.9173,0.0000,0.0000,0.0000,0.0000,3.5,nan
1079,2.23e-04,1.0728,0.0000,0.0000,0.0000,0.0000,3.6,nan
1080,2.23e-04,1.0819,0.0000,0.0000,0.0000,0.0000,5.5,0.6102
1081,2.23e-04,1.1995,0.0000,0.0000,0.0000,0.0000,3.5,nan
1082,2.22e-04,1.1411,0.0000,0.0000,0.0000,0.0000,3.4,nan
1083,2.22e-04,1.2393,0.0000,0.0000,0.0000,0.0000,3.6,nan
1084,2.21e-04,1.1397,0.0000,0.0000,0.0000,0.0000,3.8,nan
1085,2.21e-04,1.1756,0.0000,0.0000,0.0000,0.0000,3.9,nan
1086,2.21e-04,1.0969,0.0000,0.0000,0.0000,0.0000,3.7,nan
1087,2.20e-04,1.1978,0.0000,0.0000,0.0000,0.0000,3.8,nan
1088,2.20e-04,1.0675,0.0000,0.0000,0.0000,0.0000,3.6,nan
1089,2.19e-04,1.3367,0.0000,0.0000,0.0000,0.0000,3.6,nan
1090,2.19e-04,0.9798,0.0000,0.0000,0.0000,0.0000,3.6,nan
1091,2.19e-04,1.1809,0.0000,0.0000,0.0000,0.0000,3.5,nan
1092,2.18e-04,1.3553,0.0000,0.0000,0.0000,0.0000,3.7,nan
1093,2.18e-04,0.9054,0.0000,0.0000,0.0000,0.0000,3.6,nan
1094,2.17e-04,1.1238,0.0000,0.0000,0.0000,0.0000,3.6,nan
1095,2.17e-04,0.8062,0.0000,0.0000,0.0000,0.0000,3.5,nan
1096,2.17e-04,1.3566,0.0000,0.0000,0.0000,0.0000,3.8,nan
1097,2.16e-04,0.9954,0.0000,0.0000,0.0000,0.0000,3.5,nan
1098,2.16e-04,1.0330,0.0000,0.0000,0.0000,0.0000,3.5,nan
1099,2.16e-04,0.8499,0.0000,0.0000,0.0000,0.0000,3.6,nan
1100,2.15e-04,1.1362,0.0000,0.0000,0.0000,0.0000,5.6,0.6186
1101,2.15e-04,0.9799,0.0000,0.0000,0.0000,0.0000,3.6,nan
1102,2.14e-04,0.9048,0.0000,0.0000,0.0000,0.0000,3.7,nan
1103,2.14e-04,1.0700,0.0000,0.0000,0.0000,0.0000,3.5,nan
1104,2.14e-04,0.9493,0.0000,0.0000,0.0000,0.0000,3.8,nan
1105,2.13e-04,1.1871,0.0000,0.0000,0.0000,0.0000,3.6,nan
1106,2.13e-04,1.1977,0.0000,0.0000,0.0000,0.0000,3.6,nan
1107,2.12e-04,1.2040,0.0000,0.0000,0.0000,0.0000,3.9,nan
1108,2.12e-04,1.0498,0.0000,0.0000,0.0000,0.0000,3.8,nan
1109,2.12e-04,0.9578,0.0000,0.0000,0.0000,0.0000,3.8,nan
1110,2.11e-04,1.1359,0.0000,0.0000,0.0000,0.0000,3.5,nan
1111,2.11e-04,1.0604,0.0000,0.0000,0.0000,0.0000,3.9,nan
1112,2.11e-04,1.0608,0.0000,0.0000,0.0000,0.0000,3.9,nan
1113,2.10e-04,1.0431,0.0000,0.0000,0.0000,0.0000,3.9,nan
1114,2.10e-04,1.3379,0.0000,0.0000,0.0000,0.0000,3.9,nan
1115,2.09e-04,1.1607,0.0000,0.0000,0.0000,0.0000,3.8,nan
1116,2.09e-04,1.2353,0.0000,0.0000,0.0000,0.0000,3.9,nan
1117,2.09e-04,1.0796,0.0000,0.0000,0.0000,0.0000,3.9,nan
1118,2.08e-04,1.1985,0.0000,0.0000,0.0000,0.0000,4.0,nan
1119,2.08e-04,0.9772,0.0000,0.0000,0.0000,0.0000,4.0,nan
1120,2.07e-04,1.0583,0.0000,0.0000,0.0000,0.0000,5.8,0.5275
1121,2.07e-04,0.9638,0.0000,0.0000,0.0000,0.0000,3.5,nan
1122,2.07e-04,1.0988,0.0000,0.0000,0.0000,0.0000,3.5,nan
1123,2.06e-04,1.1310,0.0000,0.0000,0.0000,0.0000,3.5,nan
1124,2.06e-04,1.0877,0.0000,0.0000,0.0000,0.0000,3.6,nan
1125,2.06e-04,1.0630,0.0000,0.0000,0.0000,0.0000,3.6,nan
1126,2.05e-04,0.9660,0.0000,0.0000,0.0000,0.0000,3.3,nan
1127,2.05e-04,0.8197,0.0000,0.0000,0.0000,0.0000,3.4,nan
1128,2.04e-04,1.0806,0.0000,0.0000,0.0000,0.0000,3.6,nan
1129,2.04e-04,1.3247,0.0000,0.0000,0.0000,0.0000,3.6,nan
1130,2.04e-04,1.1442,0.0000,0.0000,0.0000,0.0000,3.8,nan
1131,2.03e-04,1.0434,0.0000,0.0000,0.0000,0.0000,3.6,nan
1132,2.03e-04,1.1242,0.0000,0.0000,0.0000,0.0000,3.5,nan
1133,2.02e-04,1.0710,0.0000,0.0000,0.0000,0.0000,3.8,nan
1134,2.02e-04,0.9521,0.0000,0.0000,0.0000,0.0000,3.5,nan
1135,2.02e-04,0.9305,0.0000,0.0000,0.0000,0.0000,3.8,nan
1136,2.01e-04,1.0571,0.0000,0.0000,0.0000,0.0000,3.5,nan
1137,2.01e-04,1.1401,0.0000,0.0000,0.0000,0.0000,3.7,nan
1138,2.01e-04,1.0172,0.0000,0.0000,0.0000,0.0000,3.9,nan
1139,2.00e-04,1.1986,0.0000,0.0000,0.0000,0.0000,3.6,nan
1140,2.00e-04,1.0398,0.0000,0.0000,0.0000,0.0000,5.4,0.5932
1141,1.99e-04,1.0004,0.0000,0.0000,0.0000,0.0000,3.8,nan
1142,1.99e-04,1.0270,0.0000,0.0000,0.0000,0.0000,3.4,nan
1143,1.99e-04,1.1172,0.0000,0.0000,0.0000,0.0000,3.5,nan
1144,1.98e-04,1.0340,0.0000,0.0000,0.0000,0.0000,3.5,nan
1145,1.98e-04,1.1573,0.0000,0.0000,0.0000,0.0000,3.5,nan
1146,1.98e-04,1.0597,0.0000,0.0000,0.0000,0.0000,3.4,nan
1147,1.97e-04,1.0728,0.0000,0.0000,0.0000,0.0000,3.4,nan
1148,1.97e-04,0.9951,0.0000,0.0000,0.0000,0.0000,3.4,nan
1149,1.96e-04,1.0294,0.0000,0.0000,0.0000,0.0000,3.4,nan
1150,1.96e-04,1.2083,0.0000,0.0000,0.0000,0.0000,3.4,nan
1151,1.96e-04,1.1405,0.0000,0.0000,0.0000,0.0000,3.5,nan
1152,1.95e-04,0.9858,0.0000,0.0000,0.0000,0.0000,3.3,nan
1153,1.95e-04,1.0707,0.0000,0.0000,0.0000,0.0000,3.2,nan
1154,1.94e-04,1.1256,0.0000,0.0000,0.0000,0.0000,3.2,nan
1155,1.94e-04,1.1492,0.0000,0.0000,0.0000,0.0000,3.4,nan
1156,1.94e-04,0.9273,0.0000,0.0000,0.0000,0.0000,3.5,nan
1157,1.93e-04,0.9367,0.0000,0.0000,0.0000,0.0000,3.4,nan
1158,1.93e-04,1.2452,0.0000,0.0000,0.0000,0.0000,3.3,nan
1159,1.93e-04,1.1500,0.0000,0.0000,0.0000,0.0000,3.4,nan
1160,1.92e-04,1.0130,0.0000,0.0000,0.0000,0.0000,5.3,0.5466
1161,1.92e-04,0.7612,0.0000,0.0000,0.0000,0.0000,3.5,nan
1162,1.91e-04,1.3566,0.0000,0.0000,0.0000,0.0000,3.4,nan
1163,1.91e-04,1.1559,0.0000,0.0000,0.0000,0.0000,3.3,nan
1164,1.91e-04,0.9224,0.0000,0.0000,0.0000,0.0000,3.4,nan
1165,1.90e-04,0.7544,0.0000,0.0000,0.0000,0.0000,3.4,nan
1166,1.90e-04,0.9459,0.0000,0.0000,0.0000,0.0000,3.4,nan
1167,1.90e-04,0.9971,0.0000,0.0000,0.0000,0.0000,3.6,nan
1168,1.89e-04,1.1660,0.0000,0.0000,0.0000,0.0000,3.6,nan
1169,1.89e-04,1.1089,0.0000,0.0000,0.0000,0.0000,3.4,nan
1170,1.88e-04,1.0467,0.0000,0.0000,0.0000,0.0000,3.3,nan
1171,1.88e-04,1.2397,0.0000,0.0000,0.0000,0.0000,3.3,nan
1172,1.88e-04,1.1662,0.0000,0.0000,0.0000,0.0000,3.4,nan
1173,1.87e-04,1.0145,0.0000,0.0000,0.0000,0.0000,3.4,nan
1174,1.87e-04,1.1994,0.0000,0.0000,0.0000,0.0000,3.6,nan
1175,1.87e-04,1.0580,0.0000,0.0000,0.0000,0.0000,3.4,nan
1176,1.86e-04,1.1044,0.0000,0.0000,0.0000,0.0000,3.5,nan
1177,1.86e-04,0.9931,0.0000,0.0000,0.0000,0.0000,3.5,nan
1178,1.85e-04,1.1038,0.0000,0.0000,0.0000,0.0000,3.5,nan
1179,1.85e-04,1.1227,0.0000,0.0000,0.0000,0.0000,3.6,nan
1180,1.85e-04,1.3249,0.0000,0.0000,0.0000,0.0000,5.2,0.5975
1181,1.84e-04,1.0476,0.0000,0.0000,0.0000,0.0000,3.4,nan
1182,1.84e-04,1.1216,0.0000,0.0000,0.0000,0.0000,3.5,nan
1183,1.84e-04,1.0670,0.0000,0.0000,0.0000,0.0000,3.4,nan
1184,1.83e-04,1.0753,0.0000,0.0000,0.0000,0.0000,3.4,nan
1185,1.83e-04,0.9689,0.0000,0.0000,0.0000,0.0000,3.2,nan
1186,1.82e-04,1.0480,0.0000,0.0000,0.0000,0.0000,3.3,nan
1187,1.82e-04,0.9503,0.0000,0.0000,0.0000,0.0000,3.4,nan
1188,1.82e-04,1.1494,0.0000,0.0000,0.0000,0.0000,3.4,nan
1189,1.81e-04,1.1345,0.0000,0.0000,0.0000,0.0000,3.6,nan
1190,1.81e-04,0.8291,0.0000,0.0000,0.0000,0.0000,3.9,nan
1191,1.81e-04,1.1987,0.0000,0.0000,0.0000,0.0000,4.1,nan
1192,1.80e-04,1.1426,0.0000,0.0000,0.0000,0.0000,4.0,nan
1193,1.80e-04,1.1805,0.0000,0.0000,0.0000,0.0000,3.9,nan
1194,1.79e-04,0.9581,0.0000,0.0000,0.0000,0.0000,3.8,nan
1195,1.79e-04,0.8660,0.0000,0.0000,0.0000,0.0000,4.1,nan
1196,1.79e-04,1.1504,0.0000,0.0000,0.0000,0.0000,3.9,nan
1197,1.78e-04,1.0640,0.0000,0.0000,0.0000,0.0000,3.8,nan
1198,1.78e-04,1.1458,0.0000,0.0000,0.0000,0.0000,3.9,nan
1199,1.78e-04,1.2857,0.0000,0.0000,0.0000,0.0000,4.0,nan
1200,1.77e-04,1.2782,0.0000,0.0000,0.0000,0.0000,5.9,0.5869
1201,1.77e-04,1.2144,0.0000,0.0000,0.0000,0.0000,4.0,nan
1202,1.76e-04,1.2143,0.0000,0.0000,0.0000,0.0000,3.9,nan
1203,1.76e-04,1.1219,0.0000,0.0000,0.0000,0.0000,3.9,nan
1204,1.76e-04,1.0705,0.0000,0.0000,0.0000,0.0000,4.0,nan
1205,1.75e-04,1.2187,0.0000,0.0000,0.0000,0.0000,3.9,nan
1206,1.75e-04,1.0549,0.0000,0.0000,0.0000,0.0000,4.0,nan
1207,1.75e-04,0.5156,0.0000,0.0000,0.0000,0.0000,4.0,nan
1208,1.74e-04,1.2557,0.0000,0.0000,0.0000,0.0000,3.9,nan
1209,1.74e-04,1.0749,0.0000,0.0000,0.0000,0.0000,3.7,nan
1210,1.73e-04,1.1860,0.0000,0.0000,0.0000,0.0000,3.7,nan
1211,1.73e-04,0.9571,0.0000,0.0000,0.0000,0.0000,3.7,nan
1212,1.73e-04,1.1598,0.0000,0.0000,0.0000,0.0000,3.6,nan
1213,1.72e-04,1.0957,0.0000,0.0000,0.0000,0.0000,3.7,nan
1214,1.72e-04,0.8733,0.0000,0.0000,0.0000,0.0000,3.7,nan
1215,1.72e-04,0.9944,0.0000,0.0000,0.0000,0.0000,4.2,nan
1216,1.71e-04,1.2009,0.0000,0.0000,0.0000,0.0000,3.9,nan
1217,1.71e-04,1.1501,0.0000,0.0000,0.0000,0.0000,3.7,nan
1218,1.71e-04,1.1034,0.0000,0.0000,0.0000,0.0000,3.7,nan
1219,1.70e-04,1.2720,0.0000,0.0000,0.0000,0.0000,3.9,nan
1220,1.70e-04,1.0658,0.0000,0.0000,0.0000,0.0000,5.7,0.5784
1221,1.69e-04,1.1291,0.0000,0.0000,0.0000,0.0000,3.6,nan
1222,1.69e-04,0.9365,0.0000,0.0000,0.0000,0.0000,4.0,nan
1223,1.69e-04,1.1988,0.0000,0.0000,0.0000,0.0000,3.7,nan
1224,1.68e-04,1.0522,0.0000,0.0000,0.0000,0.0000,3.9,nan
1225,1.68e-04,1.0593,0.0000,0.0000,0.0000,0.0000,3.9,nan
1226,1.68e-04,1.0440,0.0000,0.0000,0.0000,0.0000,3.7,nan
1227,1.67e-04,1.0965,0.0000,0.0000,0.0000,0.0000,3.8,nan
1228,1.67e-04,1.0559,0.0000,0.0000,0.0000,0.0000,4.2,nan
1229,1.66e-04,1.1083,0.0000,0.0000,0.0000,0.0000,3.9,nan
1230,1.66e-04,1.0255,0.0000,0.0000,0.0000,0.0000,4.0,nan
1231,1.66e-04,0.8698,0.0000,0.0000,0.0000,0.0000,3.9,nan
1232,1.65e-04,1.2748,0.0000,0.0000,0.0000,0.0000,3.8,nan
1233,1.65e-04,0.9552,0.0000,0.0000,0.0000,0.0000,3.7,nan
1234,1.65e-04,0.9812,0.0000,0.0000,0.0000,0.0000,3.8,nan
1235,1.64e-04,1.1143,0.0000,0.0000,0.0000,0.0000,3.8,nan
1236,1.64e-04,1.0180,0.0000,0.0000,0.0000,0.0000,3.8,nan
1237,1.64e-04,1.2504,0.0000,0.0000,0.0000,0.0000,4.0,nan
1238,1.63e-04,1.1103,0.0000,0.0000,0.0000,0.0000,4.1,nan
1239,1.63e-04,1.1567,0.0000,0.0000,0.0000,0.0000,3.9,nan
1240,1.62e-04,1.1224,0.0000,0.0000,0.0000,0.0000,5.9,0.5678
1241,1.62e-04,1.0032,0.0000,0.0000,0.0000,0.0000,3.9,nan
1242,1.62e-04,0.8566,0.0000,0.0000,0.0000,0.0000,3.8,nan
1243,1.61e-04,1.1977,0.0000,0.0000,0.0000,0.0000,3.9,nan
1244,1.61e-04,1.0917,0.0000,0.0000,0.0000,0.0000,4.0,nan
1245,1.61e-04,1.2926,0.0000,0.0000,0.0000,0.0000,4.0,nan
1246,1.60e-04,0.9258,0.0000,0.0000,0.0000,0.0000,3.8,nan
1247,1.60e-04,1.0387,0.0000,0.0000,0.0000,0.0000,3.8,nan
1248,1.60e-04,1.2463,0.0000,0.0000,0.0000,0.0000,3.9,nan
1249,1.59e-04,1.1416,0.0000,0.0000,0.0000,0.0000,4.0,nan
1250,1.59e-04,1.0948,0.0000,0.0000,0.0000,0.0000,4.0,nan
1251,1.58e-04,0.9423,0.0000,0.0000,0.0000,0.0000,4.0,nan
1252,1.58e-04,1.2077,0.0000,0.0000,0.0000,0.0000,3.7,nan
1253,1.58e-04,1.0914,0.0000,0.0000,0.0000,0.0000,3.8,nan
1254,1.57e-04,1.0982,0.0000,0.0000,0.0000,0.0000,3.7,nan
1255,1.57e-04,0.9591,0.0000,0.0000,0.0000,0.0000,3.7,nan
1256,1.57e-04,1.2340,0.0000,0.0000,0.0000,0.0000,4.1,nan
1257,1.56e-04,0.8222,0.0000,0.0000,0.0000,0.0000,4.1,nan
1258,1.56e-04,0.9875,0.0000,0.0000,0.0000,0.0000,4.1,nan
1259,1.56e-04,1.1228,0.0000,0.0000,0.0000,0.0000,3.9,nan
1260,1.55e-04,1.0732,0.0000,0.0000,0.0000,0.0000,5.6,0.6102
1261,1.55e-04,0.9150,0.0000,0.0000,0.0000,0.0000,3.8,nan
1262,1.54e-04,1.1170,0.0000,0.0000,0.0000,0.0000,3.7,nan
1263,1.54e-04,1.0439,0.0000,0.0000,0.0000,0.0000,3.8,nan
1264,1.54e-04,0.9110,0.0000,0.0000,0.0000,0.0000,3.8,nan
1265,1.53e-04,0.9830,0.0000,0.0000,0.0000,0.0000,4.0,nan
1266,1.53e-04,1.1112,0.0000,0.0000,0.0000,0.0000,3.8,nan
1267,1.53e-04,1.3466,0.0000,0.0000,0.0000,0.0000,3.9,nan
1268,1.52e-04,1.0586,0.0000,0.0000,0.0000,0.0000,4.1,nan
1269,1.52e-04,0.9510,0.0000,0.0000,0.0000,0.0000,3.9,nan
1270,1.52e-04,0.8737,0.0000,0.0000,0.0000,0.0000,3.8,nan
1271,1.51e-04,1.0012,0.0000,0.0000,0.0000,0.0000,3.8,nan
1272,1.51e-04,1.1519,0.0000,0.0000,0.0000,0.0000,4.1,nan
1273,1.51e-04,1.0723,0.0000,0.0000,0.0000,0.0000,4.0,nan
1274,1.50e-04,1.1842,0.0000,0.0000,0.0000,0.0000,4.0,nan
1275,1.50e-04,1.0938,0.0000,0.0000,0.0000,0.0000,3.5,nan
1276,1.49e-04,0.7193,0.0000,0.0000,0.0000,0.0000,3.7,nan
1277,1.49e-04,1.1490,0.0000,0.0000,0.0000,0.0000,3.4,nan
1278,1.49e-04,0.9783,0.0000,0.0000,0.0000,0.0000,3.4,nan
1279,1.48e-04,0.9344,0.0000,0.0000,0.0000,0.0000,3.4,nan
1280,1.48e-04,1.1066,0.0000,0.0000,0.0000,0.0000,5.3,0.6525
1281,1.48e-04,0.9157,0.0000,0.0000,0.0000,0.0000,3.5,nan
1282,1.47e-04,1.1461,0.0000,0.0000,0.0000,0.0000,3.2,nan
1283,1.47e-04,0.9950,0.0000,0.0000,0.0000,0.0000,3.3,nan
1284,1.47e-04,0.8387,0.0000,0.0000,0.0000,0.0000,3.4,nan
1285,1.46e-04,0.8813,0.0000,0.0000,0.0000,0.0000,3.3,nan
1286,1.46e-04,1.0282,0.0000,0.0000,0.0000,0.0000,3.4,nan
1287,1.46e-04,1.0766,0.0000,0.0000,0.0000,0.0000,3.3,nan
1288,1.45e-04,0.9890,0.0000,0.0000,0.0000,0.0000,3.3,nan
1289,1.45e-04,1.0916,0.0000,0.0000,0.0000,0.0000,3.7,nan
1290,1.45e-04,1.0642,0.0000,0.0000,0.0000,0.0000,3.7,nan
1291,1.44e-04,1.0346,0.0000,0.0000,0.0000,0.0000,3.5,nan
1292,1.44e-04,1.0828,0.0000,0.0000,0.0000,0.0000,3.4,nan
1293,1.43e-04,0.9374,0.0000,0.0000,0.0000,0.0000,4.0,nan
1294,1.43e-04,1.1217,0.0000,0.0000,0.0000,0.0000,3.9,nan
1295,1.43e-04,1.0316,0.0000,0.0000,0.0000,0.0000,4.5,nan
1296,1.42e-04,0.9561,0.0000,0.0000,0.0000,0.0000,4.2,nan
1297,1.42e-04,1.3083,0.0000,0.0000,0.0000,0.0000,3.8,nan
1298,1.42e-04,1.0691,0.0000,0.0000,0.0000,0.0000,4.0,nan
1299,1.41e-04,0.8377,0.0000,0.0000,0.0000,0.0000,3.8,nan
1300,1.41e-04,0.8213,0.0000,0.0000,0.0000,0.0000,6.2,0.5890
1301,1.41e-04,1.0253,0.0000,0.0000,0.0000,0.0000,4.1,nan
1302,1.40e-04,0.9773,0.0000,0.0000,0.0000,0.0000,4.2,nan
1303,1.40e-04,1.0339,0.0000,0.0000,0.0000,0.0000,4.1,nan
1304,1.40e-04,1.1936,0.0000,0.0000,0.0000,0.0000,3.7,nan
1305,1.39e-04,0.9336,0.0000,0.0000,0.0000,0.0000,3.8,nan
1306,1.39e-04,0.9393,0.0000,0.0000,0.0000,0.0000,3.9,nan
1307,1.39e-04,1.0571,0.0000,0.0000,0.0000,0.0000,3.7,nan
1308,1.38e-04,1.0891,0.0000,0.0000,0.0000,0.0000,3.8,nan
1309,1.38e-04,0.7060,0.0000,0.0000,0.0000,0.0000,4.0,nan
1310,1.38e-04,1.0008,0.0000,0.0000,0.0000,0.0000,4.0,nan
1311,1.37e-04,0.9510,0.0000,0.0000,0.0000,0.0000,3.8,nan
1312,1.37e-04,1.2346,0.0000,0.0000,0.0000,0.0000,4.0,nan
1313,1.37e-04,1.2235,0.0000,0.0000,0.0000,0.0000,4.1,nan
1314,1.36e-04,0.9123,0.0000,0.0000,0.0000,0.0000,4.0,nan
1315,1.36e-04,1.1148,0.0000,0.0000,0.0000,0.0000,3.8,nan
1316,1.35e-04,1.0166,0.0000,0.0000,0.0000,0.0000,3.9,nan
1317,1.35e-04,0.9515,0.0000,0.0000,0.0000,0.0000,3.9,nan
1318,1.35e-04,1.0193,0.0000,0.0000,0.0000,0.0000,3.8,nan
1319,1.34e-04,0.8818,0.0000,0.0000,0.0000,0.0000,3.8,nan
1320,1.34e-04,1.2171,0.0000,0.0000,0.0000,0.0000,5.9,0.6017
1321,1.34e-04,0.7517,0.0000,0.0000,0.0000,0.0000,3.8,nan
1322,1.33e-04,0.9392,0.0000,0.0000,0.0000,0.0000,3.8,nan
1323,1.33e-04,1.0936,0.0000,0.0000,0.0000,0.0000,4.0,nan
1324,1.33e-04,0.9359,0.0000,0.0000,0.0000,0.0000,3.6,nan
1325,1.32e-04,1.0162,0.0000,0.0000,0.0000,0.0000,3.5,nan
1326,1.32e-04,0.9982,0.0000,0.0000,0.0000,0.0000,3.6,nan
1327,1.32e-04,0.6888,0.0000,0.0000,0.0000,0.0000,3.4,nan
1328,1.31e-04,1.0342,0.0000,0.0000,0.0000,0.0000,3.3,nan
1329,1.31e-04,1.0533,0.0000,0.0000,0.0000,0.0000,3.5,nan
1330,1.31e-04,0.9066,0.0000,0.0000,0.0000,0.0000,3.4,nan
1331,1.30e-04,1.0764,0.0000,0.0000,0.0000,0.0000,3.5,nan
1332,1.30e-04,0.8263,0.0000,0.0000,0.0000,0.0000,3.9,nan
1333,1.30e-04,0.9985,0.0000,0.0000,0.0000,0.0000,4.1,nan
1334,1.29e-04,1.1362,0.0000,0.0000,0.0000,0.0000,4.0,nan
1335,1.29e-04,1.0625,0.0000,0.0000,0.0000,0.0000,3.5,nan
1336,1.29e-04,1.0774,0.0000,0.0000,0.0000,0.0000,3.6,nan
1337,1.28e-04,1.0464,0.0000,0.0000,0.0000,0.0000,3.3,nan
1338,1.28e-04,1.0402,0.0000,0.0000,0.0000,0.0000,3.6,nan
1339,1.28e-04,0.9122,0.0000,0.0000,0.0000,0.0000,4.1,nan
1340,1.27e-04,0.8729,0.0000,0.0000,0.0000,0.0000,5.8,0.5805
1341,1.27e-04,1.2316,0.0000,0.0000,0.0000,0.0000,3.8,nan
1342,1.27e-04,0.7825,0.0000,0.0000,0.0000,0.0000,3.8,nan
1343,1.26e-04,0.9931,0.0000,0.0000,0.0000,0.0000,4.0,nan
1344,1.26e-04,1.3245,0.0000,0.0000,0.0000,0.0000,3.8,nan
1345,1.26e-04,1.1067,0.0000,0.0000,0.0000,0.0000,3.7,nan
1346,1.25e-04,0.9683,0.0000,0.0000,0.0000,0.0000,3.8,nan
1347,1.25e-04,1.1185,0.0000,0.0000,0.0000,0.0000,3.6,nan
1348,1.25e-04,1.0826,0.0000,0.0000,0.0000,0.0000,3.7,nan
1349,1.24e-04,1.0345,0.0000,0.0000,0.0000,0.0000,3.8,nan
1350,1.24e-04,0.9925,0.0000,0.0000,0.0000,0.0000,3.8,nan
1351,1.24e-04,0.9563,0.0000,0.0000,0.0000,0.0000,3.8,nan
1352,1.23e-04,0.9006,0.0000,0.0000,0.0000,0.0000,3.7,nan
1353,1.23e-04,1.0638,0.0000,0.0000,0.0000,0.0000,4.1,nan
1354,1.23e-04,1.0242,0.0000,0.0000,0.0000,0.0000,3.7,nan
1355,1.22e-04,1.0762,0.0000,0.0000,0.0000,0.0000,3.8,nan
1356,1.22e-04,0.7717,0.0000,0.0000,0.0000,0.0000,4.0,nan
1357,1.22e-04,1.0301,0.0000,0.0000,0.0000,0.0000,3.8,nan
1358,1.21e-04,1.0302,0.0000,0.0000,0.0000,0.0000,3.7,nan
1359,1.21e-04,0.9508,0.0000,0.0000,0.0000,0.0000,4.0,nan
1360,1.21e-04,1.0606,0.0000,0.0000,0.0000,0.0000,5.5,0.6038
1361,1.20e-04,1.1638,0.0000,0.0000,0.0000,0.0000,3.9,nan
1362,1.20e-04,0.8632,0.0000,0.0000,0.0000,0.0000,3.7,nan
1363,1.20e-04,1.0910,0.0000,0.0000,0.0000,0.0000,3.8,nan
1364,1.19e-04,1.0627,0.0000,0.0000,0.0000,0.0000,3.9,nan
1365,1.19e-04,0.9380,0.0000,0.0000,0.0000,0.0000,3.8,nan
1366,1.19e-04,0.9826,0.0000,0.0000,0.0000,0.0000,3.7,nan
1367,1.18e-04,1.2565,0.0000,0.0000,0.0000,0.0000,3.8,nan
1368,1.18e-04,0.9960,0.0000,0.0000,0.0000,0.0000,4.0,nan
1369,1.18e-04,1.0607,0.0000,0.0000,0.0000,0.0000,3.7,nan
1370,1.17e-04,1.0439,0.0000,0.0000,0.0000,0.0000,4.0,nan
1371,1.17e-04,1.1021,0.0000,0.0000,0.0000,0.0000,4.1,nan
1372,1.17e-04,1.0744,0.0000,0.0000,0.0000,0.0000,4.1,nan
1373,1.16e-04,1.1308,0.0000,0.0000,0.0000,0.0000,3.9,nan
1374,1.16e-04,1.2027,0.0000,0.0000,0.0000,0.0000,4.0,nan
1375,1.16e-04,1.0725,0.0000,0.0000,0.0000,0.0000,3.8,nan
1376,1.15e-04,1.0796,0.0000,0.0000,0.0000,0.0000,4.2,nan
1377,1.15e-04,1.2954,0.0000,0.0000,0.0000,0.0000,3.9,nan
1378,1.15e-04,0.9400,0.0000,0.0000,0.0000,0.0000,3.9,nan
1379,1.14e-04,1.0752,0.0000,0.0000,0.0000,0.0000,4.0,nan
1380,1.14e-04,1.1036,0.0000,0.0000,0.0000,0.0000,5.8,0.6017
1381,1.14e-04,0.9898,0.0000,0.0000,0.0000,0.0000,3.2,nan
1382,1.13e-04,1.1688,0.0000,0.0000,0.0000,0.0000,3.4,nan
1383,1.13e-04,1.0696,0.0000,0.0000,0.0000,0.0000,3.2,nan
1384,1.13e-04,0.9028,0.0000,0.0000,0.0000,0.0000,2.9,nan
1385,1.12e-04,1.1969,0.0000,0.0000,0.0000,0.0000,3.1,nan
1386,1.12e-04,0.7739,0.0000,0.0000,0.0000,0.0000,3.0,nan
1387,1.12e-04,1.0296,0.0000,0.0000,0.0000,0.0000,3.0,nan
1388,1.12e-04,1.0119,0.0000,0.0000,0.0000,0.0000,3.0,nan
1389,1.11e-04,1.0745,0.0000,0.0000,0.0000,0.0000,3.0,nan
1390,1.11e-04,1.2087,0.0000,0.0000,0.0000,0.0000,3.3,nan
1391,1.11e-04,0.9658,0.0000,0.0000,0.0000,0.0000,3.6,nan
1392,1.10e-04,0.8625,0.0000,0.0000,0.0000,0.0000,3.7,nan
1393,1.10e-04,0.9252,0.0000,0.0000,0.0000,0.0000,3.7,nan
1394,1.10e-04,1.0082,0.0000,0.0000,0.0000,0.0000,3.5,nan
1395,1.09e-04,1.1753,0.0000,0.0000,0.0000,0.0000,3.5,nan
1396,1.09e-04,0.9137,0.0000,0.0000,0.0000,0.0000,3.7,nan
1397,1.09e-04,1.1068,0.0000,0.0000,0.0000,0.0000,3.6,nan
1398,1.08e-04,1.0536,0.0000,0.0000,0.0000,0.0000,3.6,nan
1399,1.08e-04,1.2798,0.0000,0.0000,0.0000,0.0000,3.3,nan
1400,1.08e-04,0.9086,0.0000,0.0000,0.0000,0.0000,5.3,0.5614
1401,1.07e-04,0.8977,0.0000,0.0000,0.0000,0.0000,3.3,nan
1402,1.07e-04,0.9424,0.0000,0.0000,0.0000,0.0000,3.5,nan
1403,1.07e-04,1.1499,0.0000,0.0000,0.0000,0.0000,3.4,nan
1404,1.06e-04,1.0449,0.0000,0.0000,0.0000,0.0000,3.5,nan
1405,1.06e-04,1.0374,0.0000,0.0000,0.0000,0.0000,3.4,nan
1406,1.06e-04,0.9205,0.0000,0.0000,0.0000,0.0000,3.5,nan
1407,1.05e-04,0.9812,0.0000,0.0000,0.0000,0.0000,3.4,nan
1408,1.05e-04,1.0380,0.0000,0.0000,0.0000,0.0000,3.6,nan
1409,1.05e-04,1.0978,0.0000,0.0000,0.0000,0.0000,3.4,nan
1410,1.05e-04,1.1426,0.0000,0.0000,0.0000,0.0000,3.4,nan
1411,1.04e-04,0.8650,0.0000,0.0000,0.0000,0.0000,3.6,nan
1412,1.04e-04,1.1392,0.0000,0.0000,0.0000,0.0000,3.5,nan
1413,1.04e-04,1.0070,0.0000,0.0000,0.0000,0.0000,3.4,nan
1414,1.03e-04,1.0252,0.0000,0.0000,0.0000,0.0000,3.5,nan
1415,1.03e-04,0.8238,0.0000,0.0000,0.0000,0.0000,3.5,nan
1416,1.03e-04,1.1398,0.0000,0.0000,0.0000,0.0000,3.6,nan
1417,1.02e-04,0.9728,0.0000,0.0000,0.0000,0.0000,3.3,nan
1418,1.02e-04,0.9130,0.0000,0.0000,0.0000,0.0000,3.7,nan
1419,1.02e-04,1.1408,0.0000,0.0000,0.0000,0.0000,3.3,nan
1420,1.01e-04,1.0262,0.0000,0.0000,0.0000,0.0000,5.2,0.5805
1421,1.01e-04,0.9136,0.0000,0.0000,0.0000,0.0000,3.3,nan
1422,1.01e-04,0.9812,0.0000,0.0000,0.0000,0.0000,3.3,nan
1423,1.00e-04,1.0910,0.0000,0.0000,0.0000,0.0000,3.5,nan
1424,1.00e-04,1.0443,0.0000,0.0000,0.0000,0.0000,3.5,nan
1425,9.99e-05,1.1917,0.0000,0.0000,0.0000,0.0000,3.4,nan
1426,9.96e-05,1.0342,0.0000,0.0000,0.0000,0.0000,3.5,nan
1427,9.93e-05,1.0353,0.0000,0.0000,0.0000,0.0000,3.4,nan
1428,9.90e-05,1.0271,0.0000,0.0000,0.0000,0.0000,3.4,nan
1429,9.87e-05,0.8965,0.0000,0.0000,0.0000,0.0000,3.3,nan
1430,9.83e-05,1.0336,0.0000,0.0000,0.0000,0.0000,3.3,nan
1431,9.80e-05,0.9987,0.0000,0.0000,0.0000,0.0000,3.5,nan
1432,9.77e-05,0.9692,0.0000,0.0000,0.0000,0.0000,3.4,nan
1433,9.74e-05,0.8856,0.0000,0.0000,0.0000,0.0000,3.4,nan
1434,9.71e-05,1.0509,0.0000,0.0000,0.0000,0.0000,3.5,nan
1435,9.68e-05,0.8892,0.0000,0.0000,0.0000,0.0000,3.7,nan
1436,9.65e-05,1.0301,0.0000,0.0000,0.0000,0.0000,3.4,nan
1437,9.62e-05,0.7947,0.0000,0.0000,0.0000,0.0000,3.6,nan
1438,9.59e-05,1.0876,0.0000,0.0000,0.0000,0.0000,3.4,nan
1439,9.56e-05,0.8692,0.0000,0.0000,0.0000,0.0000,3.4,nan
1440,9.53e-05,0.9801,0.0000,0.0000,0.0000,0.0000,5.2,0.5699
1441,9.50e-05,1.0124,0.0000,0.0000,0.0000,0.0000,3.5,nan
1442,9.47e-05,0.9098,0.0000,0.0000,0.0000,0.0000,3.5,nan
1443,9.44e-05,1.0036,0.0000,0.0000,0.0000,0.0000,3.6,nan
1444,9.41e-05,1.0838,0.0000,0.0000,0.0000,0.0000,3.5,nan
1445,9.38e-05,1.0018,0.0000,0.0000,0.0000,0.0000,3.4,nan
1446,9.35e-05,1.0779,0.0000,0.0000,0.0000,0.0000,3.3,nan
1447,9.32e-05,0.7510,0.0000,0.0000,0.0000,0.0000,3.4,nan
1448,9.29e-05,1.0139,0.0000,0.0000,0.0000,0.0000,3.4,nan
1449,9.26e-05,0.9901,0.0000,0.0000,0.0000,0.0000,3.3,nan
1450,9.23e-05,0.8866,0.0000,0.0000,0.0000,0.0000,3.4,nan
1451,9.20e-05,1.1557,0.0000,0.0000,0.0000,0.0000,3.4,nan
1452,9.17e-05,1.1040,0.0000,0.0000,0.0000,0.0000,3.5,nan
1453,9.14e-05,1.0514,0.0000,0.0000,0.0000,0.0000,3.3,nan
1454,9.11e-05,1.0840,0.0000,0.0000,0.0000,0.0000,3.7,nan
1455,9.08e-05,0.9508,0.0000,0.0000,0.0000,0.0000,3.5,nan
1456,9.05e-05,0.8309,0.0000,0.0000,0.0000,0.0000,3.5,nan
1457,9.02e-05,1.1726,0.0000,0.0000,0.0000,0.0000,3.4,nan
1458,8.99e-05,0.7873,0.0000,0.0000,0.0000,0.0000,3.5,nan
1459,8.96e-05,0.8837,0.0000,0.0000,0.0000,0.0000,3.4,nan
1460,8.94e-05,1.0043,0.0000,0.0000,0.0000,0.0000,5.3,0.5614
1461,8.91e-05,0.9733,0.0000,0.0000,0.0000,0.0000,3.5,nan
1462,8.88e-05,0.9079,0.0000,0.0000,0.0000,0.0000,3.6,nan
1463,8.85e-05,1.1291,0.0000,0.0000,0.0000,0.0000,3.4,nan
1464,8.82e-05,0.8780,0.0000,0.0000,0.0000,0.0000,3.5,nan
1465,8.79e-05,1.2187,0.0000,0.0000,0.0000,0.0000,3.4,nan
1466,8.76e-05,0.9623,0.0000,0.0000,0.0000,0.0000,3.4,nan
1467,8.73e-05,0.9859,0.0000,0.0000,0.0000,0.0000,3.4,nan
1468,8.70e-05,0.8916,0.0000,0.0000,0.0000,0.0000,3.5,nan
1469,8.67e-05,0.8313,0.0000,0.0000,0.0000,0.0000,3.5,nan
1470,8.64e-05,1.1236,0.0000,0.0000,0.0000,0.0000,3.3,nan
1471,8.61e-05,0.7727,0.0000,0.0000,0.0000,0.0000,3.5,nan
1472,8.59e-05,0.8566,0.0000,0.0000,0.0000,0.0000,3.3,nan
1473,8.56e-05,0.9868,0.0000,0.0000,0.0000,0.0000,3.4,nan
1474,8.53e-05,1.1993,0.0000,0.0000,0.0000,0.0000,3.4,nan
1475,8.50e-05,1.0574,0.0000,0.0000,0.0000,0.0000,3.4,nan
1476,8.47e-05,0.9771,0.0000,0.0000,0.0000,0.0000,3.4,nan
1477,8.44e-05,0.8955,0.0000,0.0000,0.0000,0.0000,3.4,nan
1478,8.41e-05,0.8296,0.0000,0.0000,0.0000,0.0000,3.6,nan
1479,8.38e-05,1.0623,0.0000,0.0000,0.0000,0.0000,3.4,nan
1480,8.36e-05,1.0481,0.0000,0.0000,0.0000,0.0000,5.3,0.5636
1481,8.33e-05,0.8728,0.0000,0.0000,0.0000,0.0000,3.5,nan
1482,8.30e-05,1.0178,0.0000,0.0000,0.0000,0.0000,3.4,nan
1483,8.27e-05,0.8980,0.0000,0.0000,0.0000,0.0000,3.4,nan
1484,8.24e-05,1.0045,0.0000,0.0000,0.0000,0.0000,3.4,nan
1485,8.21e-05,1.0735,0.0000,0.0000,0.0000,0.0000,3.5,nan
1486,8.19e-05,1.0006,0.0000,0.0000,0.0000,0.0000,3.4,nan
1487,8.16e-05,1.0367,0.0000,0.0000,0.0000,0.0000,3.5,nan
1488,8.13e-05,1.1619,0.0000,0.0000,0.0000,0.0000,3.4,nan
1489,8.10e-05,1.1526,0.0000,0.0000,0.0000,0.0000,3.9,nan
1490,8.07e-05,1.1334,0.0000,0.0000,0.0000,0.0000,3.6,nan
1491,8.04e-05,0.9868,0.0000,0.0000,0.0000,0.0000,3.6,nan
1492,8.02e-05,0.9652,0.0000,0.0000,0.0000,0.0000,3.5,nan
1493,7.99e-05,1.0893,0.0000,0.0000,0.0000,0.0000,3.6,nan
1494,7.96e-05,0.9569,0.0000,0.0000,0.0000,0.0000,3.5,nan
1495,7.93e-05,1.0381,0.0000,0.0000,0.0000,0.0000,3.5,nan
1496,7.90e-05,0.9956,0.0000,0.0000,0.0000,0.0000,3.5,nan
1497,7.88e-05,1.0260,0.0000,0.0000,0.0000,0.0000,3.4,nan
1498,7.85e-05,1.0189,0.0000,0.0000,0.0000,0.0000,3.4,nan
1499,7.82e-05,1.0075,0.0000,0.0000,0.0000,0.0000,3.6,nan
1500,7.79e-05,1.0984,0.0000,0.0000,0.0000,0.0000,5.4,0.5932
1501,7.77e-05,0.9886,0.0000,0.0000,0.0000,0.0000,3.6,nan
1502,7.74e-05,0.9593,0.0000,0.0000,0.0000,0.0000,3.5,nan
1503,7.71e-05,0.7789,0.0000,0.0000,0.0000,0.0000,3.4,nan
1504,7.68e-05,0.9759,0.0000,0.0000,0.0000,0.0000,3.5,nan
1505,7.66e-05,1.1173,0.0000,0.0000,0.0000,0.0000,3.5,nan
1506,7.63e-05,0.5656,0.0000,0.0000,0.0000,0.0000,3.5,nan
1507,7.60e-05,0.9261,0.0000,0.0000,0.0000,0.0000,3.5,nan
1508,7.57e-05,0.9312,0.0000,0.0000,0.0000,0.0000,3.6,nan
1509,7.55e-05,0.8778,0.0000,0.0000,0.0000,0.0000,3.6,nan
1510,7.52e-05,0.9740,0.0000,0.0000,0.0000,0.0000,3.5,nan
1511,7.49e-05,1.0087,0.0000,0.0000,0.0000,0.0000,3.3,nan
1512,7.46e-05,0.9861,0.0000,0.0000,0.0000,0.0000,3.5,nan
1513,7.44e-05,1.1337,0.0000,0.0000,0.0000,0.0000,3.4,nan
1514,7.41e-05,1.0838,0.0000,0.0000,0.0000,0.0000,3.4,nan
1515,7.38e-05,0.9460,0.0000,0.0000,0.0000,0.0000,3.3,nan
1516,7.36e-05,1.0195,0.0000,0.0000,0.0000,0.0000,3.4,nan
1517,7.33e-05,0.8646,0.0000,0.0000,0.0000,0.0000,3.4,nan
1518,7.30e-05,1.0191,0.0000,0.0000,0.0000,0.0000,3.6,nan
1519,7.28e-05,1.0209,0.0000,0.0000,0.0000,0.0000,3.6,nan
1520,7.25e-05,0.9022,0.0000,0.0000,0.0000,0.0000,5.1,0.5890
1521,7.22e-05,0.8864,0.0000,0.0000,0.0000,0.0000,3.5,nan
1522,7.19e-05,0.7616,0.0000,0.0000,0.0000,0.0000,3.4,nan
1523,7.17e-05,0.8628,0.0000,0.0000,0.0000,0.0000,3.4,nan
1524,7.14e-05,1.0104,0.0000,0.0000,0.0000,0.0000,3.4,nan
1525,7.11e-05,0.9880,0.0000,0.0000,0.0000,0.0000,3.5,nan
1526,7.09e-05,1.1260,0.0000,0.0000,0.0000,0.0000,3.5,nan
1527,7.06e-05,1.1086,0.0000,0.0000,0.0000,0.0000,3.6,nan
1528,7.04e-05,0.8726,0.0000,0.0000,0.0000,0.0000,3.4,nan
1529,7.01e-05,1.0852,0.0000,0.0000,0.0000,0.0000,3.5,nan
1530,6.98e-05,1.0795,0.0000,0.0000,0.0000,0.0000,3.5,nan
1531,6.96e-05,0.8225,0.0000,0.0000,0.0000,0.0000,3.6,nan
1532,6.93e-05,1.0373,0.0000,0.0000,0.0000,0.0000,3.4,nan
1533,6.90e-05,0.6951,0.0000,0.0000,0.0000,0.0000,3.6,nan
1534,6.88e-05,0.8927,0.0000,0.0000,0.0000,0.0000,3.5,nan
1535,6.85e-05,1.0356,0.0000,0.0000,0.0000,0.0000,3.6,nan
1536,6.82e-05,1.0462,0.0000,0.0000,0.0000,0.0000,3.5,nan
1537,6.80e-05,0.9537,0.0000,0.0000,0.0000,0.0000,3.5,nan
1538,6.77e-05,0.9940,0.0000,0.0000,0.0000,0.0000,3.5,nan
1539,6.75e-05,0.9149,0.0000,0.0000,0.0000,0.0000,3.4,nan
1540,6.72e-05,0.8856,0.0000,0.0000,0.0000,0.0000,5.2,0.5996
1541,6.70e-05,1.0137,0.0000,0.0000,0.0000,0.0000,3.5,nan
1542,6.67e-05,1.0406,0.0000,0.0000,0.0000,0.0000,3.5,nan
1543,6.64e-05,0.8930,0.0000,0.0000,0.0000,0.0000,3.6,nan
1544,6.62e-05,0.8629,0.0000,0.0000,0.0000,0.0000,3.5,nan
1545,6.59e-05,0.8177,0.0000,0.0000,0.0000,0.0000,3.5,nan
1546,6.57e-05,1.1449,0.0000,0.0000,0.0000,0.0000,3.4,nan
1547,6.54e-05,0.7263,0.0000,0.0000,0.0000,0.0000,3.3,nan
1548,6.52e-05,0.8675,0.0000,0.0000,0.0000,0.0000,3.8,nan
1549,6.49e-05,1.1676,0.0000,0.0000,0.0000,0.0000,4.2,nan
1550,6.46e-05,0.9774,0.0000,0.0000,0.0000,0.0000,4.3,nan
1551,6.44e-05,0.9201,0.0000,0.0000,0.0000,0.0000,3.7,nan
1552,6.41e-05,0.7805,0.0000,0.0000,0.0000,0.0000,3.4,nan
1553,6.39e-05,0.9711,0.0000,0.0000,0.0000,0.0000,3.5,nan
1554,6.36e-05,0.9651,0.0000,0.0000,0.0000,0.0000,3.6,nan
1555,6.34e-05,0.8694,0.0000,0.0000,0.0000,0.0000,3.3,nan
1556,6.31e-05,1.0115,0.0000,0.0000,0.0000,0.0000,3.4,nan
1557,6.29e-05,0.9900,0.0000,0.0000,0.0000,0.0000,3.7,nan
1558,6.26e-05,1.1552,0.0000,0.0000,0.0000,0.0000,3.9,nan
1559,6.24e-05,1.0961,0.0000,0.0000,0.0000,0.0000,3.3,nan
1560,6.21e-05,0.9583,0.0000,0.0000,0.0000,0.0000,5.0,0.5742
1561,6.19e-05,0.7806,0.0000,0.0000,0.0000,0.0000,3.1,nan
1562,6.16e-05,0.9551,0.0000,0.0000,0.0000,0.0000,3.1,nan
1563,6.14e-05,0.9988,0.0000,0.0000,0.0000,0.0000,3.2,nan
1564,6.11e-05,0.8930,0.0000,0.0000,0.0000,0.0000,3.6,nan
1565,6.09e-05,1.0289,0.0000,0.0000,0.0000,0.0000,3.3,nan
1566,6.06e-05,1.0462,0.0000,0.0000,0.0000,0.0000,3.4,nan
1567,6.04e-05,1.2070,0.0000,0.0000,0.0000,0.0000,4.0,nan
1568,6.01e-05,0.8844,0.0000,0.0000,0.0000,0.0000,4.2,nan
1569,5.99e-05,0.8399,0.0000,0.0000,0.0000,0.0000,3.6,nan
1570,5.96e-05,1.1137,0.0000,0.0000,0.0000,0.0000,3.8,nan
1571,5.94e-05,1.0927,0.0000,0.0000,0.0000,0.0000,3.7,nan
1572,5.92e-05,0.8233,0.0000,0.0000,0.0000,0.0000,3.9,nan
1573,5.89e-05,1.1295,0.0000,0.0000,0.0000,0.0000,4.0,nan
1574,5.87e-05,1.0005,0.0000,0.0000,0.0000,0.0000,3.7,nan
1575,5.84e-05,1.0007,0.0000,0.0000,0.0000,0.0000,4.2,nan
1576,5.82e-05,0.9741,0.0000,0.0000,0.0000,0.0000,4.1,nan
1577,5.79e-05,1.0472,0.0000,0.0000,0.0000,0.0000,3.9,nan
1578,5.77e-05,0.8277,0.0000,0.0000,0.0000,0.0000,3.7,nan
1579,5.75e-05,0.7757,0.0000,0.0000,0.0000,0.0000,4.1,nan
1580,5.72e-05,0.7898,0.0000,0.0000,0.0000,0.0000,6.2,0.5826
1581,5.70e-05,0.9470,0.0000,0.0000,0.0000,0.0000,3.8,nan
1582,5.67e-05,1.0523,0.0000,0.0000,0.0000,0.0000,4.3,nan
1583,5.65e-05,1.0076,0.0000,0.0000,0.0000,0.0000,5.0,nan
1584,5.63e-05,0.9968,0.0000,0.0000,0.0000,0.0000,4.7,nan
1585,5.60e-05,0.8868,0.0000,0.0000,0.0000,0.0000,5.0,nan
1586,5.58e-05,0.8639,0.0000,0.0000,0.0000,0.0000,5.0,nan
1587,5.56e-05,1.1653,0.0000,0.0000,0.0000,0.0000,4.6,nan
1588,5.53e-05,0.8251,0.0000,0.0000,0.0000,0.0000,4.7,nan
1589,5.51e-05,1.0093,0.0000,0.0000,0.0000,0.0000,5.0,nan
1590,5.48e-05,0.6873,0.0000,0.0000,0.0000,0.0000,5.3,nan
1591,5.46e-05,1.0139,0.0000,0.0000,0.0000,0.0000,5.3,nan
1592,5.44e-05,0.9699,0.0000,0.0000,0.0000,0.0000,5.5,nan
1593,5.41e-05,1.1243,0.0000,0.0000,0.0000,0.0000,5.1,nan
1594,5.39e-05,0.9560,0.0000,0.0000,0.0000,0.0000,4.7,nan
1595,5.37e-05,0.9916,0.0000,0.0000,0.0000,0.0000,5.3,nan
1596,5.34e-05,0.8148,0.0000,0.0000,0.0000,0.0000,4.1,nan
1597,5.32e-05,0.8961,0.0000,0.0000,0.0000,0.0000,3.8,nan
1598,5.30e-05,0.9563,0.0000,0.0000,0.0000,0.0000,3.9,nan
1599,5.28e-05,0.9591,0.0000,0.0000,0.0000,0.0000,3.8,nan
1600,5.25e-05,0.9865,0.0000,0.0000,0.0000,0.0000,5.7,0.5805
1601,5.23e-05,1.0043,0.0000,0.0000,0.0000,0.0000,3.9,nan
1602,5.21e-05,1.0838,0.0000,0.0000,0.0000,0.0000,3.8,nan
1603,5.18e-05,1.1128,0.0000,0.0000,0.0000,0.0000,3.9,nan
1604,5.16e-05,1.0384,0.0000,0.0000,0.0000,0.0000,3.6,nan
1605,5.14e-05,0.8515,0.0000,0.0000,0.0000,0.0000,3.8,nan
1606,5.11e-05,1.0597,0.0000,0.0000,0.0000,0.0000,4.0,nan
1607,5.09e-05,1.0499,0.0000,0.0000,0.0000,0.0000,3.8,nan
1608,5.07e-05,1.0296,0.0000,0.0000,0.0000,0.0000,3.7,nan
1609,5.05e-05,0.8993,0.0000,0.0000,0.0000,0.0000,3.9,nan
1610,5.02e-05,0.9591,0.0000,0.0000,0.0000,0.0000,3.7,nan
1611,5.00e-05,1.0973,0.0000,0.0000,0.0000,0.0000,3.7,nan
1612,4.98e-05,1.0216,0.0000,0.0000,0.0000,0.0000,3.7,nan
1613,4.96e-05,1.0671,0.0000,0.0000,0.0000,0.0000,3.7,nan
1614,4.93e-05,1.1341,0.0000,0.0000,0.0000,0.0000,3.8,nan
1615,4.91e-05,1.1389,0.0000,0.0000,0.0000,0.0000,3.7,nan
1616,4.89e-05,0.9165,0.0000,0.0000,0.0000,0.0000,3.8,nan
1617,4.87e-05,0.8629,0.0000,0.0000,0.0000,0.0000,4.1,nan
1618,4.85e-05,0.7781,0.0000,0.0000,0.0000,0.0000,3.9,nan
1619,4.82e-05,1.1505,0.0000,0.0000,0.0000,0.0000,4.0,nan
1620,4.80e-05,0.9741,0.0000,0.0000,0.0000,0.0000,5.9,0.5742
1621,4.78e-05,0.7841,0.0000,0.0000,0.0000,0.0000,4.0,nan
1622,4.76e-05,1.0521,0.0000,0.0000,0.0000,0.0000,3.9,nan
1623,4.74e-05,0.9027,0.0000,0.0000,0.0000,0.0000,3.7,nan
1624,4.71e-05,0.7729,0.0000,0.0000,0.0000,0.0000,3.8,nan
1625,4.69e-05,1.1811,0.0000,0.0000,0.0000,0.0000,3.8,nan
1626,4.67e-05,0.9545,0.0000,0.0000,0.0000,0.0000,3.6,nan
1627,4.65e-05,1.2159,0.0000,0.0000,0.0000,0.0000,3.8,nan
1628,4.63e-05,0.9570,0.0000,0.0000,0.0000,0.0000,3.9,nan
1629,4.61e-05,0.7534,0.0000,0.0000,0.0000,0.0000,3.8,nan
1630,4.58e-05,1.0188,0.0000,0.0000,0.0000,0.0000,3.8,nan
1631,4.56e-05,1.0061,0.0000,0.0000,0.0000,0.0000,3.9,nan
1632,4.54e-05,0.8427,0.0000,0.0000,0.0000,0.0000,3.8,nan
1633,4.52e-05,1.0572,0.0000,0.0000,0.0000,0.0000,4.2,nan
1634,4.50e-05,0.9308,0.0000,0.0000,0.0000,0.0000,3.8,nan
1635,4.48e-05,0.9182,0.0000,0.0000,0.0000,0.0000,3.9,nan
1636,4.46e-05,0.8866,0.0000,0.0000,0.0000,0.0000,3.8,nan
1637,4.43e-05,0.9655,0.0000,0.0000,0.0000,0.0000,3.7,nan
1638,4.41e-05,1.1273,0.0000,0.0000,0.0000,0.0000,3.7,nan
1639,4.39e-05,1.0861,0.0000,0.0000,0.0000,0.0000,3.9,nan
1640,4.37e-05,1.0388,0.0000,0.0000,0.0000,0.0000,5.9,0.5826
1641,4.35e-05,0.9603,0.0000,0.0000,0.0000,0.0000,4.2,nan
1642,4.33e-05,0.9226,0.0000,0.0000,0.0000,0.0000,4.0,nan
1643,4.31e-05,1.0123,0.0000,0.0000,0.0000,0.0000,3.8,nan
1644,4.29e-05,1.1298,0.0000,0.0000,0.0000,0.0000,3.8,nan
1645,4.27e-05,0.9587,0.0000,0.0000,0.0000,0.0000,3.8,nan
1646,4.25e-05,0.9117,0.0000,0.0000,0.0000,0.0000,4.1,nan
1647,4.23e-05,0.9515,0.0000,0.0000,0.0000,0.0000,4.1,nan
1648,4.21e-05,1.0462,0.0000,0.0000,0.0000,0.0000,4.1,nan
1649,4.19e-05,1.0306,0.0000,0.0000,0.0000,0.0000,3.8,nan
1650,4.16e-05,0.8528,0.0000,0.0000,0.0000,0.0000,3.9,nan
1651,4.14e-05,0.8801,0.0000,0.0000,0.0000,0.0000,3.9,nan
1652,4.12e-05,0.8320,0.0000,0.0000,0.0000,0.0000,4.0,nan
1653,4.10e-05,1.0960,0.0000,0.0000,0.0000,0.0000,4.0,nan
1654,4.08e-05,0.7906,0.0000,0.0000,0.0000,0.0000,3.9,nan
1655,4.06e-05,1.0387,0.0000,0.0000,0.0000,0.0000,3.8,nan
1656,4.04e-05,0.8447,0.0000,0.0000,0.0000,0.0000,3.8,nan
1657,4.02e-05,0.7500,0.0000,0.0000,0.0000,0.0000,3.9,nan
1658,4.00e-05,1.0496,0.0000,0.0000,0.0000,0.0000,3.8,nan
1659,3.98e-05,0.9144,0.0000,0.0000,0.0000,0.0000,4.4,nan
1660,3.96e-05,1.0745,0.0000,0.0000,0.0000,0.0000,5.6,0.5996
1661,3.94e-05,0.9290,0.0000,0.0000,0.0000,0.0000,3.2,nan
1662,3.92e-05,0.9920,0.0000,0.0000,0.0000,0.0000,3.2,nan
1663,3.90e-05,0.9300,0.0000,0.0000,0.0000,0.0000,3.3,nan
1664,3.88e-05,1.0951,0.0000,0.0000,0.0000,0.0000,3.2,nan
1665,3.86e-05,0.9143,0.0000,0.0000,0.0000,0.0000,3.2,nan
1666,3.84e-05,0.8911,0.0000,0.0000,0.0000,0.0000,3.3,nan
1667,3.82e-05,0.8735,0.0000,0.0000,0.0000,0.0000,3.2,nan
1668,3.80e-05,0.8018,0.0000,0.0000,0.0000,0.0000,3.3,nan
1669,3.79e-05,1.0606,0.0000,0.0000,0.0000,0.0000,3.2,nan
1670,3.77e-05,1.0848,0.0000,0.0000,0.0000,0.0000,3.3,nan
1671,3.75e-05,0.9631,0.0000,0.0000,0.0000,0.0000,3.3,nan
1672,3.73e-05,1.0228,0.0000,0.0000,0.0000,0.0000,3.3,nan
1673,3.71e-05,1.0221,0.0000,0.0000,0.0000,0.0000,3.3,nan
1674,3.69e-05,0.7229,0.0000,0.0000,0.0000,0.0000,3.5,nan
1675,3.67e-05,1.0060,0.0000,0.0000,0.0000,0.0000,3.2,nan
1676,3.65e-05,0.8306,0.0000,0.0000,0.0000,0.0000,3.3,nan
1677,3.63e-05,0.7738,0.0000,0.0000,0.0000,0.0000,3.5,nan
1678,3.61e-05,0.9573,0.0000,0.0000,0.0000,0.0000,3.8,nan
1679,3.59e-05,1.0390,0.0000,0.0000,0.0000,0.0000,3.4,nan
1680,3.57e-05,1.0345,0.0000,0.0000,0.0000,0.0000,5.6,0.5996
1681,3.56e-05,0.9705,0.0000,0.0000,0.0000,0.0000,3.4,nan
1682,3.54e-05,0.9447,0.0000,0.0000,0.0000,0.0000,3.6,nan
1683,3.52e-05,1.0602,0.0000,0.0000,0.0000,0.0000,3.7,nan
1684,3.50e-05,0.8953,0.0000,0.0000,0.0000,0.0000,3.3,nan
1685,3.48e-05,0.9807,0.0000,0.0000,0.0000,0.0000,3.5,nan
1686,3.46e-05,0.9178,0.0000,0.0000,0.0000,0.0000,3.5,nan
1687,3.44e-05,1.0613,0.0000,0.0000,0.0000,0.0000,3.6,nan
1688,3.43e-05,1.1248,0.0000,0.0000,0.0000,0.0000,3.6,nan
1689,3.41e-05,0.9081,0.0000,0.0000,0.0000,0.0000,3.5,nan
1690,3.39e-05,0.8890,0.0000,0.0000,0.0000,0.0000,4.0,nan
1691,3.37e-05,1.0955,0.0000,0.0000,0.0000,0.0000,3.8,nan
1692,3.35e-05,0.8447,0.0000,0.0000,0.0000,0.0000,3.7,nan
1693,3.33e-05,0.9697,0.0000,0.0000,0.0000,0.0000,3.8,nan
1694,3.32e-05,1.0916,0.0000,0.0000,0.0000,0.0000,3.8,nan
1695,3.30e-05,1.0407,0.0000,0.0000,0.0000,0.0000,3.8,nan
1696,3.28e-05,1.0526,0.0000,0.0000,0.0000,0.0000,4.0,nan
1697,3.26e-05,0.8878,0.0000,0.0000,0.0000,0.0000,3.9,nan
1698,3.24e-05,0.7630,0.0000,0.0000,0.0000,0.0000,3.9,nan
1699,3.23e-05,0.9760,0.0000,0.0000,0.0000,0.0000,3.8,nan
1700,3.21e-05,0.8467,0.0000,0.0000,0.0000,0.0000,5.9,0.5869
1701,3.19e-05,1.0317,0.0000,0.0000,0.0000,0.0000,3.8,nan
1702,3.17e-05,0.8339,0.0000,0.0000,0.0000,0.0000,3.9,nan
1703,3.16e-05,0.8827,0.0000,0.0000,0.0000,0.0000,4.0,nan
1704,3.14e-05,0.8987,0.0000,0.0000,0.0000,0.0000,4.0,nan
1705,3.12e-05,1.0637,0.0000,0.0000,0.0000,0.0000,3.8,nan
1706,3.10e-05,0.8579,0.0000,0.0000,0.0000,0.0000,3.7,nan
1707,3.09e-05,1.1083,0.0000,0.0000,0.0000,0.0000,3.8,nan
1708,3.07e-05,0.8460,0.0000,0.0000,0.0000,0.0000,3.8,nan
1709,3.05e-05,0.7834,0.0000,0.0000,0.0000,0.0000,3.9,nan
1710,3.03e-05,0.9756,0.0000,0.0000,0.0000,0.0000,4.0,nan
1711,3.02e-05,1.1085,0.0000,0.0000,0.0000,0.0000,4.2,nan
1712,3.00e-05,1.0577,0.0000,0.0000,0.0000,0.0000,3.9,nan
1713,2.98e-05,0.9743,0.0000,0.0000,0.0000,0.0000,4.0,nan
1714,2.96e-05,1.0117,0.0000,0.0000,0.0000,0.0000,4.0,nan
1715,2.95e-05,0.9247,0.0000,0.0000,0.0000,0.0000,4.0,nan
1716,2.93e-05,0.8781,0.0000,0.0000,0.0000,0.0000,4.3,nan
1717,2.91e-05,1.0730,0.0000,0.0000,0.0000,0.0000,4.1,nan
1718,2.90e-05,1.1769,0.0000,0.0000,0.0000,0.0000,4.1,nan
1719,2.88e-05,0.9321,0.0000,0.0000,0.0000,0.0000,3.9,nan
1720,2.86e-05,0.8403,0.0000,0.0000,0.0000,0.0000,6.2,0.5911
1721,2.85e-05,0.9801,0.0000,0.0000,0.0000,0.0000,4.0,nan
1722,2.83e-05,1.0034,0.0000,0.0000,0.0000,0.0000,4.0,nan
1723,2.81e-05,0.8857,0.0000,0.0000,0.0000,0.0000,3.9,nan
1724,2.80e-05,1.0533,0.0000,0.0000,0.0000,0.0000,4.0,nan
1725,2.78e-05,0.8321,0.0000,0.0000,0.0000,0.0000,4.1,nan
1726,2.76e-05,1.0828,0.0000,0.0000,0.0000,0.0000,4.1,nan
1727,2.75e-05,0.8078,0.0000,0.0000,0.0000,0.0000,3.9,nan
1728,2.73e-05,0.7696,0.0000,0.0000,0.0000,0.0000,3.7,nan
1729,2.72e-05,0.8142,0.0000,0.0000,0.0000,0.0000,3.8,nan
1730,2.70e-05,0.9667,0.0000,0.0000,0.0000,0.0000,3.8,nan
1731,2.68e-05,0.9844,0.0000,0.0000,0.0000,0.0000,4.0,nan
1732,2.67e-05,0.8259,0.0000,0.0000,0.0000,0.0000,3.7,nan
1733,2.65e-05,1.0167,0.0000,0.0000,0.0000,0.0000,3.8,nan
1734,2.64e-05,1.1383,0.0000,0.0000,0.0000,0.0000,3.8,nan
1735,2.62e-05,1.0220,0.0000,0.0000,0.0000,0.0000,3.8,nan
1736,2.60e-05,0.8572,0.0000,0.0000,0.0000,0.0000,3.8,nan
1737,2.59e-05,0.9377,0.0000,0.0000,0.0000,0.0000,4.0,nan
1738,2.57e-05,1.1731,0.0000,0.0000,0.0000,0.0000,3.6,nan
1739,2.56e-05,0.8657,0.0000,0.0000,0.0000,0.0000,3.9,nan
1740,2.54e-05,0.8985,0.0000,0.0000,0.0000,0.0000,5.6,0.6038
1741,2.53e-05,0.7955,0.0000,0.0000,0.0000,0.0000,3.8,nan
1742,2.51e-05,0.9268,0.0000,0.0000,0.0000,0.0000,3.6,nan
1743,2.50e-05,0.9542,0.0000,0.0000,0.0000,0.0000,3.7,nan
1744,2.48e-05,0.9851,0.0000,0.0000,0.0000,0.0000,3.7,nan
1745,2.46e-05,0.9707,0.0000,0.0000,0.0000,0.0000,3.6,nan
1746,2.45e-05,0.7854,0.0000,0.0000,0.0000,0.0000,3.9,nan
1747,2.43e-05,0.9684,0.0000,0.0000,0.0000,0.0000,3.7,nan
1748,2.42e-05,0.7897,0.0000,0.0000,0.0000,0.0000,3.7,nan
1749,2.40e-05,0.8239,0.0000,0.0000,0.0000,0.0000,3.7,nan
1750,2.39e-05,1.0564,0.0000,0.0000,0.0000,0.0000,3.6,nan
1751,2.37e-05,0.9884,0.0000,0.0000,0.0000,0.0000,3.6,nan
1752,2.36e-05,0.9866,0.0000,0.0000,0.0000,0.0000,3.4,nan
1753,2.34e-05,0.9761,0.0000,0.0000,0.0000,0.0000,3.4,nan
1754,2.33e-05,0.9075,0.0000,0.0000,0.0000,0.0000,3.4,nan
1755,2.32e-05,0.8012,0.0000,0.0000,0.0000,0.0000,3.8,nan
1756,2.30e-05,0.8899,0.0000,0.0000,0.0000,0.0000,3.7,nan
1757,2.29e-05,1.0609,0.0000,0.0000,0.0000,0.0000,3.7,nan
1758,2.27e-05,0.8469,0.0000,0.0000,0.0000,0.0000,3.4,nan
1759,2.26e-05,0.9039,0.0000,0.0000,0.0000,0.0000,3.4,nan
1760,2.24e-05,0.9058,0.0000,0.0000,0.0000,0.0000,5.3,0.5975
1761,2.23e-05,1.0568,0.0000,0.0000,0.0000,0.0000,3.4,nan
1762,2.21e-05,1.1387,0.0000,0.0000,0.0000,0.0000,3.3,nan
1763,2.20e-05,0.8903,0.0000,0.0000,0.0000,0.0000,3.5,nan
1764,2.19e-05,1.1960,0.0000,0.0000,0.0000,0.0000,3.4,nan
1765,2.17e-05,1.0626,0.0000,0.0000,0.0000,0.0000,3.4,nan
1766,2.16e-05,0.9756,0.0000,0.0000,0.0000,0.0000,3.5,nan
1767,2.14e-05,0.9427,0.0000,0.0000,0.0000,0.0000,3.3,nan
1768,2.13e-05,1.0702,0.0000,0.0000,0.0000,0.0000,3.4,nan
1769,2.12e-05,0.8821,0.0000,0.0000,0.0000,0.0000,3.3,nan
1770,2.10e-05,0.9762,0.0000,0.0000,0.0000,0.0000,3.3,nan
1771,2.09e-05,0.9397,0.0000,0.0000,0.0000,0.0000,3.4,nan
1772,2.07e-05,0.9582,0.0000,0.0000,0.0000,0.0000,3.6,nan
1773,2.06e-05,0.6464,0.0000,0.0000,0.0000,0.0000,3.4,nan
1774,2.05e-05,1.0599,0.0000,0.0000,0.0000,0.0000,3.4,nan
1775,2.03e-05,1.0757,0.0000,0.0000,0.0000,0.0000,3.4,nan
1776,2.02e-05,1.2208,0.0000,0.0000,0.0000,0.0000,3.3,nan
1777,2.01e-05,0.8705,0.0000,0.0000,0.0000,0.0000,3.4,nan
1778,1.99e-05,0.9223,0.0000,0.0000,0.0000,0.0000,3.4,nan
1779,1.98e-05,0.8376,0.0000,0.0000,0.0000,0.0000,3.3,nan
1780,1.97e-05,0.9144,0.0000,0.0000,0.0000,0.0000,5.3,0.5890
1781,1.95e-05,1.0844,0.0000,0.0000,0.0000,0.0000,3.4,nan
1782,1.94e-05,0.8780,0.0000,0.0000,0.0000,0.0000,3.5,nan
1783,1.93e-05,0.8177,0.0000,0.0000,0.0000,0.0000,3.6,nan
1784,1.91e-05,0.9311,0.0000,0.0000,0.0000,0.0000,3.4,nan
1785,1.90e-05,1.0216,0.0000,0.0000,0.0000,0.0000,3.4,nan
1786,1.89e-05,0.9741,0.0000,0.0000,0.0000,0.0000,3.4,nan
1787,1.87e-05,1.0159,0.0000,0.0000,0.0000,0.0000,3.4,nan
1788,1.86e-05,0.8317,0.0000,0.0000,0.0000,0.0000,3.4,nan
1789,1.85e-05,1.0285,0.0000,0.0000,0.0000,0.0000,3.4,nan
1790,1.84e-05,0.8392,0.0000,0.0000,0.0000,0.0000,3.3,nan
1791,1.82e-05,0.9652,0.0000,0.0000,0.0000,0.0000,3.6,nan
1792,1.81e-05,1.0383,0.0000,0.0000,0.0000,0.0000,3.4,nan
1793,1.80e-05,0.8722,0.0000,0.0000,0.0000,0.0000,3.3,nan
1794,1.79e-05,0.9426,0.0000,0.0000,0.0000,0.0000,3.4,nan
1795,1.77e-05,0.7648,0.0000,0.0000,0.0000,0.0000,3.4,nan
1796,1.76e-05,0.8749,0.0000,0.0000,0.0000,0.0000,3.4,nan
1797,1.75e-05,0.8204,0.0000,0.0000,0.0000,0.0000,3.3,nan
1798,1.74e-05,0.7734,0.0000,0.0000,0.0000,0.0000,3.3,nan
1799,1.72e-05,0.9785,0.0000,0.0000,0.0000,0.0000,3.3,nan
1800,1.71e-05,1.0505,0.0000,0.0000,0.0000,0.0000,5.1,0.5975
1801,1.70e-05,0.8891,0.0000,0.0000,0.0000,0.0000,3.3,nan
1802,1.69e-05,1.0495,0.0000,0.0000,0.0000,0.0000,3.3,nan
1803,1.68e-05,0.8958,0.0000,0.0000,0.0000,0.0000,3.3,nan
1804,1.66e-05,0.6940,0.0000,0.0000,0.0000,0.0000,3.4,nan
1805,1.65e-05,0.8759,0.0000,0.0000,0.0000,0.0000,3.4,nan
1806,1.64e-05,0.9287,0.0000,0.0000,0.0000,0.0000,3.4,nan
1807,1.63e-05,0.9231,0.0000,0.0000,0.0000,0.0000,3.2,nan
1808,1.62e-05,0.8340,0.0000,0.0000,0.0000,0.0000,3.4,nan
1809,1.61e-05,0.9076,0.0000,0.0000,0.0000,0.0000,3.3,nan
1810,1.59e-05,1.1062,0.0000,0.0000,0.0000,0.0000,3.4,nan
1811,1.58e-05,0.9678,0.0000,0.0000,0.0000,0.0000,3.4,nan
1812,1.57e-05,0.8529,0.0000,0.0000,0.0000,0.0000,3.4,nan
1813,1.56e-05,0.9773,0.0000,0.0000,0.0000,0.0000,3.4,nan
1814,1.55e-05,1.0677,0.0000,0.0000,0.0000,0.0000,3.4,nan
1815,1.54e-05,1.1178,0.0000,0.0000,0.0000,0.0000,3.5,nan
1816,1.53e-05,0.8510,0.0000,0.0000,0.0000,0.0000,3.4,nan
1817,1.52e-05,0.9859,0.0000,0.0000,0.0000,0.0000,3.4,nan
1818,1.50e-05,0.9373,0.0000,0.0000,0.0000,0.0000,3.5,nan
1819,1.49e-05,0.9656,0.0000,0.0000,0.0000,0.0000,3.4,nan
1820,1.48e-05,1.1215,0.0000,0.0000,0.0000,0.0000,5.0,0.6102
1821,1.47e-05,0.8668,0.0000,0.0000,0.0000,0.0000,3.3,nan
1822,1.46e-05,1.0494,0.0000,0.0000,0.0000,0.0000,3.9,nan
1823,1.45e-05,0.7918,0.0000,0.0000,0.0000,0.0000,4.4,nan
1824,1.44e-05,0.9448,0.0000,0.0000,0.0000,0.0000,3.6,nan
1825,1.43e-05,0.9847,0.0000,0.0000,0.0000,0.0000,3.6,nan
1826,1.42e-05,0.9876,0.0000,0.0000,0.0000,0.0000,3.5,nan
1827,1.41e-05,1.0465,0.0000,0.0000,0.0000,0.0000,3.3,nan
1828,1.40e-05,0.8814,0.0000,0.0000,0.0000,0.0000,3.4,nan
1829,1.39e-05,1.0458,0.0000,0.0000,0.0000,0.0000,3.4,nan
1830,1.38e-05,0.9412,0.0000,0.0000,0.0000,0.0000,3.4,nan
1831,1.37e-05,0.9488,0.0000,0.0000,0.0000,0.0000,3.3,nan
1832,1.36e-05,0.9424,0.0000,0.0000,0.0000,0.0000,3.3,nan
1833,1.35e-05,1.0357,0.0000,0.0000,0.0000,0.0000,3.4,nan
1834,1.34e-05,0.9433,0.0000,0.0000,0.0000,0.0000,3.3,nan
1835,1.33e-05,0.8998,0.0000,0.0000,0.0000,0.0000,3.5,nan
1836,1.32e-05,0.7074,0.0000,0.0000,0.0000,0.0000,3.5,nan
1837,1.31e-05,1.0502,0.0000,0.0000,0.0000,0.0000,3.5,nan
1838,1.30e-05,1.0160,0.0000,0.0000,0.0000,0.0000,3.6,nan
1839,1.29e-05,1.1099,0.0000,0.0000,0.0000,0.0000,3.6,nan
1840,1.28e-05,1.1910,0.0000,0.0000,0.0000,0.0000,5.2,0.5996
1841,1.27e-05,1.0588,0.0000,0.0000,0.0000,0.0000,3.5,nan
1842,1.26e-05,1.0048,0.0000,0.0000,0.0000,0.0000,3.5,nan
1843,1.25e-05,0.9978,0.0000,0.0000,0.0000,0.0000,3.6,nan
1844,1.24e-05,0.9352,0.0000,0.0000,0.0000,0.0000,3.4,nan
1845,1.23e-05,0.7545,0.0000,0.0000,0.0000,0.0000,3.5,nan
1846,1.22e-05,0.8723,0.0000,0.0000,0.0000,0.0000,3.6,nan
1847,1.21e-05,1.0603,0.0000,0.0000,0.0000,0.0000,3.5,nan
1848,1.20e-05,0.9675,0.0000,0.0000,0.0000,0.0000,3.4,nan
1849,1.19e-05,0.8939,0.0000,0.0000,0.0000,0.0000,3.4,nan
1850,1.18e-05,0.8978,0.0000,0.0000,0.0000,0.0000,3.5,nan
1851,1.17e-05,1.0297,0.0000,0.0000,0.0000,0.0000,3.5,nan
1852,1.16e-05,0.9989,0.0000,0.0000,0.0000,0.0000,3.3,nan
1853,1.16e-05,1.0179,0.0000,0.0000,0.0000,0.0000,3.3,nan
1854,1.15e-05,0.8722,0.0000,0.0000,0.0000,0.0000,3.4,nan
1855,1.14e-05,0.7490,0.0000,0.0000,0.0000,0.0000,3.4,nan
1856,1.13e-05,0.8421,0.0000,0.0000,0.0000,0.0000,3.5,nan
1857,1.12e-05,0.9266,0.0000,0.0000,0.0000,0.0000,3.4,nan
1858,1.11e-05,1.0441,0.0000,0.0000,0.0000,0.0000,3.4,nan
1859,1.10e-05,0.8031,0.0000,0.0000,0.0000,0.0000,3.5,nan
1860,1.09e-05,0.9834,0.0000,0.0000,0.0000,0.0000,5.2,0.5996
1861,1.09e-05,0.7584,0.0000,0.0000,0.0000,0.0000,3.4,nan
1862,1.08e-05,0.9016,0.0000,0.0000,0.0000,0.0000,3.6,nan
1863,1.07e-05,0.8743,0.0000,0.0000,0.0000,0.0000,3.4,nan
1864,1.06e-05,1.0483,0.0000,0.0000,0.0000,0.0000,3.5,nan
1865,1.05e-05,0.9871,0.0000,0.0000,0.0000,0.0000,3.5,nan
1866,1.04e-05,0.9271,0.0000,0.0000,0.0000,0.0000,3.5,nan
1867,1.04e-05,0.8735,0.0000,0.0000,0.0000,0.0000,3.4,nan
1868,1.03e-05,0.7328,0.0000,0.0000,0.0000,0.0000,3.5,nan
1869,1.02e-05,0.8783,0.0000,0.0000,0.0000,0.0000,3.4,nan
1870,1.01e-05,1.0081,0.0000,0.0000,0.0000,0.0000,3.5,nan
1871,1.00e-05,0.8584,0.0000,0.0000,0.0000,0.0000,3.4,nan
1872,9.97e-06,1.1366,0.0000,0.0000,0.0000,0.0000,3.3,nan
1873,9.89e-06,0.8858,0.0000,0.0000,0.0000,0.0000,3.4,nan
1874,9.81e-06,1.0886,0.0000,0.0000,0.0000,0.0000,3.5,nan
1875,9.73e-06,0.9088,0.0000,0.0000,0.0000,0.0000,3.4,nan
1876,9.66e-06,0.9428,0.0000,0.0000,0.0000,0.0000,3.3,nan
1877,9.58e-06,0.7897,0.0000,0.0000,0.0000,0.0000,3.4,nan
1878,9.51e-06,0.9377,0.0000,0.0000,0.0000,0.0000,3.4,nan
1879,9.44e-06,1.0782,0.0000,0.0000,0.0000,0.0000,3.4,nan
1880,9.36e-06,0.9479,0.0000,0.0000,0.0000,0.0000,5.1,0.5996
1881,9.29e-06,0.9751,0.0000,0.0000,0.0000,0.0000,3.3,nan
1882,9.22e-06,0.8147,0.0000,0.0000,0.0000,0.0000,3.5,nan
1883,9.15e-06,0.9604,0.0000,0.0000,0.0000,0.0000,3.5,nan
1884,9.07e-06,0.8667,0.0000,0.0000,0.0000,0.0000,3.5,nan
1885,9.00e-06,1.1252,0.0000,0.0000,0.0000,0.0000,3.5,nan
1886,8.93e-06,1.1157,0.0000,0.0000,0.0000,0.0000,3.5,nan
1887,8.87e-06,0.6622,0.0000,0.0000,0.0000,0.0000,3.4,nan
1888,8.80e-06,0.7040,0.0000,0.0000,0.0000,0.0000,3.5,nan
1889,8.73e-06,0.6593,0.0000,0.0000,0.0000,0.0000,3.5,nan
1890,8.66e-06,0.9061,0.0000,0.0000,0.0000,0.0000,3.7,nan
1891,8.60e-06,1.0682,0.0000,0.0000,0.0000,0.0000,3.7,nan
1892,8.53e-06,1.0685,0.0000,0.0000,0.0000,0.0000,3.7,nan
1893,8.46e-06,0.9612,0.0000,0.0000,0.0000,0.0000,3.6,nan
1894,8.40e-06,0.7903,0.0000,0.0000,0.0000,0.0000,3.5,nan
1895,8.33e-06,0.9851,0.0000,0.0000,0.0000,0.0000,3.5,nan
1896,8.27e-06,1.0033,0.0000,0.0000,0.0000,0.0000,3.6,nan
1897,8.21e-06,0.9839,0.0000,0.0000,0.0000,0.0000,3.6,nan
1898,8.15e-06,0.9797,0.0000,0.0000,0.0000,0.0000,3.5,nan
1899,8.08e-06,1.0255,0.0000,0.0000,0.0000,0.0000,3.6,nan
1900,8.02e-06,1.0055,0.0000,0.0000,0.0000,0.0000,5.5,0.5975
1901,7.96e-06,0.9752,0.0000,0.0000,0.0000,0.0000,3.6,nan
1902,7.90e-06,0.9382,0.0000,0.0000,0.0000,0.0000,3.6,nan
1903,7.84e-06,0.8877,0.0000,0.0000,0.0000,0.0000,3.7,nan
1904,7.78e-06,0.9223,0.0000,0.0000,0.0000,0.0000,3.8,nan
1905,7.73e-06,1.0150,0.0000,0.0000,0.0000,0.0000,3.7,nan
1906,7.67e-06,1.0859,0.0000,0.0000,0.0000,0.0000,3.6,nan
1907,7.61e-06,0.9153,0.0000,0.0000,0.0000,0.0000,3.6,nan
1908,7.56e-06,1.0433,0.0000,0.0000,0.0000,0.0000,3.7,nan
1909,7.50e-06,0.9694,0.0000,0.0000,0.0000,0.0000,3.9,nan
1910,7.44e-06,1.1341,0.0000,0.0000,0.0000,0.0000,3.6,nan
1911,7.39e-06,1.0400,0.0000,0.0000,0.0000,0.0000,3.7,nan
1912,7.34e-06,0.8890,0.0000,0.0000,0.0000,0.0000,3.7,nan
1913,7.28e-06,0.8461,0.0000,0.0000,0.0000,0.0000,3.6,nan
1914,7.23e-06,0.9005,0.0000,0.0000,0.0000,0.0000,3.6,nan
1915,7.18e-06,1.0790,0.0000,0.0000,0.0000,0.0000,3.8,nan
1916,7.13e-06,0.9482,0.0000,0.0000,0.0000,0.0000,3.6,nan
1917,7.08e-06,0.8105,0.0000,0.0000,0.0000,0.0000,3.6,nan
1918,7.03e-06,0.6526,0.0000,0.0000,0.0000,0.0000,3.6,nan
1919,6.98e-06,0.9756,0.0000,0.0000,0.0000,0.0000,3.6,nan
1920,6.93e-06,0.8625,0.0000,0.0000,0.0000,0.0000,5.4,0.5890
1921,6.88e-06,1.0049,0.0000,0.0000,0.0000,0.0000,3.8,nan
1922,6.83e-06,0.8852,0.0000,0.0000,0.0000,0.0000,3.7,nan
1923,6.78e-06,1.0330,0.0000,0.0000,0.0000,0.0000,3.7,nan
1924,6.74e-06,0.8015,0.0000,0.0000,0.0000,0.0000,3.6,nan
1925,6.69e-06,1.0051,0.0000,0.0000,0.0000,0.0000,3.7,nan
1926,6.65e-06,0.6911,0.0000,0.0000,0.0000,0.0000,3.5,nan
1927,6.60e-06,0.9928,0.0000,0.0000,0.0000,0.0000,3.6,nan
1928,6.56e-06,1.0519,0.0000,0.0000,0.0000,0.0000,3.6,nan
1929,6.51e-06,0.7540,0.0000,0.0000,0.0000,0.0000,3.5,nan
1930,6.47e-06,1.1378,0.0000,0.0000,0.0000,0.0000,3.7,nan
1931,6.43e-06,0.9344,0.0000,0.0000,0.0000,0.0000,3.6,nan
1932,6.39e-06,0.7804,0.0000,0.0000,0.0000,0.0000,3.7,nan
1933,6.35e-06,0.8561,0.0000,0.0000,0.0000,0.0000,3.6,nan
1934,6.31e-06,0.9361,0.0000,0.0000,0.0000,0.0000,3.5,nan
1935,6.27e-06,0.8731,0.0000,0.0000,0.0000,0.0000,3.7,nan
1936,6.23e-06,0.8955,0.0000,0.0000,0.0000,0.0000,3.6,nan
1937,6.19e-06,0.8791,0.0000,0.0000,0.0000,0.0000,3.5,nan
1938,6.15e-06,0.9646,0.0000,0.0000,0.0000,0.0000,3.7,nan
1939,6.11e-06,0.9726,0.0000,0.0000,0.0000,0.0000,3.6,nan
1940,6.08e-06,0.8015,0.0000,0.0000,0.0000,0.0000,5.6,0.5932
1941,6.04e-06,0.8241,0.0000,0.0000,0.0000,0.0000,3.7,nan
1942,6.00e-06,0.9312,0.0000,0.0000,0.0000,0.0000,3.5,nan
1943,5.97e-06,0.9427,0.0000,0.0000,0.0000,0.0000,3.6,nan
1944,5.94e-06,0.7813,0.0000,0.0000,0.0000,0.0000,3.7,nan
1945,5.90e-06,0.9642,0.0000,0.0000,0.0000,0.0000,3.5,nan
1946,5.87e-06,0.7395,0.0000,0.0000,0.0000,0.0000,3.7,nan
1947,5.84e-06,1.0998,0.0000,0.0000,0.0000,0.0000,3.7,nan
1948,5.80e-06,0.8912,0.0000,0.0000,0.0000,0.0000,3.7,nan
1949,5.77e-06,1.0521,0.0000,0.0000,0.0000,0.0000,3.7,nan
1950,5.74e-06,0.7413,0.0000,0.0000,0.0000,0.0000,3.6,nan
1951,5.71e-06,1.0302,0.0000,0.0000,0.0000,0.0000,3.7,nan
1952,5.68e-06,0.9092,0.0000,0.0000,0.0000,0.0000,3.6,nan
1953,5.66e-06,0.8623,0.0000,0.0000,0.0000,0.0000,3.6,nan
1954,5.63e-06,0.9640,0.0000,0.0000,0.0000,0.0000,3.6,nan
1955,5.60e-06,0.8635,0.0000,0.0000,0.0000,0.0000,3.7,nan
1956,5.57e-06,0.8410,0.0000,0.0000,0.0000,0.0000,3.7,nan
1957,5.55e-06,1.0860,0.0000,0.0000,0.0000,0.0000,3.9,nan
1958,5.52e-06,0.9868,0.0000,0.0000,0.0000,0.0000,3.5,nan
1959,5.50e-06,0.8867,0.0000,0.0000,0.0000,0.0000,3.6,nan
1960,5.47e-06,1.0109,0.0000,0.0000,0.0000,0.0000,5.5,0.5890
1961,5.45e-06,1.0327,0.0000,0.0000,0.0000,0.0000,3.5,nan
1962,5.42e-06,1.0423,0.0000,0.0000,0.0000,0.0000,3.6,nan
1963,5.40e-06,0.7537,0.0000,0.0000,0.0000,0.0000,3.5,nan
1964,5.38e-06,0.9534,0.0000,0.0000,0.0000,0.0000,3.5,nan
1965,5.36e-06,0.9638,0.0000,0.0000,0.0000,0.0000,3.7,nan
1966,5.34e-06,0.7810,0.0000,0.0000,0.0000,0.0000,3.6,nan
1967,5.32e-06,0.8297,0.0000,0.0000,0.0000,0.0000,3.6,nan
1968,5.30e-06,0.9610,0.0000,0.0000,0.0000,0.0000,3.6,nan
1969,5.28e-06,1.0493,0.0000,0.0000,0.0000,0.0000,3.6,nan
1970,5.26e-06,0.9362,0.0000,0.0000,0.0000,0.0000,3.6,nan
1971,5.24e-06,0.9531,0.0000,0.0000,0.0000,0.0000,3.7,nan
1972,5.23e-06,0.9412,0.0000,0.0000,0.0000,0.0000,3.6,nan
1973,5.21e-06,0.8927,0.0000,0.0000,0.0000,0.0000,3.8,nan
1974,5.19e-06,0.8957,0.0000,0.0000,0.0000,0.0000,3.6,nan
1975,5.18e-06,0.9597,0.0000,0.0000,0.0000,0.0000,3.5,nan
1976,5.16e-06,0.9279,0.0000,0.0000,0.0000,0.0000,3.5,nan
1977,5.15e-06,0.9145,0.0000,0.0000,0.0000,0.0000,3.6,nan
1978,5.14e-06,0.8622,0.0000,0.0000,0.0000,0.0000,3.6,nan
1979,5.12e-06,0.7582,0.0000,0.0000,0.0000,0.0000,3.6,nan
1980,5.11e-06,1.0892,0.0000,0.0000,0.0000,0.0000,5.7,0.5932
1981,5.10e-06,1.0202,0.0000,0.0000,0.0000,0.0000,3.8,nan
1982,5.09e-06,0.8014,0.0000,0.0000,0.0000,0.0000,3.5,nan
1983,5.08e-06,0.9941,0.0000,0.0000,0.0000,0.0000,3.6,nan
1984,5.07e-06,0.8792,0.0000,0.0000,0.0000,0.0000,3.6,nan
1985,5.06e-06,0.7671,0.0000,0.0000,0.0000,0.0000,3.6,nan
1986,5.05e-06,0.8672,0.0000,0.0000,0.0000,0.0000,3.5,nan
1987,5.05e-06,0.8321,0.0000,0.0000,0.0000,0.0000,3.5,nan
1988,5.04e-06,0.7982,0.0000,0.0000,0.0000,0.0000,3.7,nan
1989,5.03e-06,1.0270,0.0000,0.0000,0.0000,0.0000,3.7,nan
1990,5.03e-06,0.9048,0.0000,0.0000,0.0000,0.0000,3.5,nan
1991,5.02e-06,0.9164,0.0000,0.0000,0.0000,0.0000,3.6,nan
1992,5.02e-06,0.9511,0.0000,0.0000,0.0000,0.0000,3.6,nan
1993,5.01e-06,0.8987,0.0000,0.0000,0.0000,0.0000,3.6,nan
1994,5.01e-06,0.9637,0.0000,0.0000,0.0000,0.0000,3.7,nan
1995,5.01e-06,0.9430,0.0000,0.0000,0.0000,0.0000,3.6,nan
1996,5.00e-06,0.9985,0.0000,0.0000,0.0000,0.0000,3.7,nan
1997,5.00e-06,0.8407,0.0000,0.0000,0.0000,0.0000,3.7,nan
1998,5.00e-06,0.8085,0.0000,0.0000,0.0000,0.0000,3.6,nan
1999,5.00e-06,0.8890,0.0000,0.0000,0.0000,0.0000,5.5,0.5996
