epoch,lr,train_loss,val_top1,val_top5,val_balanced,ema_top1,seconds,tracked_test_top1
0,5.00e-05,3.9192,0.0000,0.0000,0.0000,0.0000,56.7,0.0233
1,1.00e-04,3.9103,0.0000,0.0000,0.0000,0.0000,10.7,nan
2,1.50e-04,3.8870,0.0000,0.0000,0.0000,0.0000,8.7,nan
3,2.00e-04,3.8588,0.0000,0.0000,0.0000,0.0000,6.8,nan
4,2.50e-04,3.8217,0.0000,0.0000,0.0000,0.0000,7.4,nan
5,3.00e-04,3.7434,0.0000,0.0000,0.0000,0.0000,8.3,nan
6,3.50e-04,3.7145,0.0000,0.0000,0.0000,0.0000,8.9,nan
7,4.00e-04,3.6521,0.0000,0.0000,0.0000,0.0000,8.4,nan
8,4.50e-04,3.6166,0.0000,0.0000,0.0000,0.0000,9.4,nan
9,5.00e-04,3.5461,0.0000,0.0000,0.0000,0.0000,8.4,nan
10,5.00e-04,3.5341,0.0000,0.0000,0.0000,0.0000,7.9,nan
11,5.00e-04,3.4542,0.0000,0.0000,0.0000,0.0000,8.4,nan
12,5.00e-04,3.4160,0.0000,0.0000,0.0000,0.0000,9.7,nan
13,5.00e-04,3.4089,0.0000,0.0000,0.0000,0.0000,9.2,nan
14,5.00e-04,3.3581,0.0000,0.0000,0.0000,0.0000,6.8,nan
15,5.00e-04,3.3049,0.0000,0.0000,0.0000,0.0000,6.8,nan
16,5.00e-04,3.1675,0.0000,0.0000,0.0000,0.0000,7.2,nan
17,5.00e-04,3.1836,0.0000,0.0000,0.0000,0.0000,6.7,nan
18,5.00e-04,3.1939,0.0000,0.0000,0.0000,0.0000,7.0,nan
19,5.00e-04,3.2506,0.0000,0.0000,0.0000,0.0000,7.0,nan
20,5.00e-04,3.0126,0.0000,0.0000,0.0000,0.0000,10.6,0.2203
21,5.00e-04,3.0382,0.0000,0.0000,0.0000,0.0000,7.1,nan
22,5.00e-04,2.9348,0.0000,0.0000,0.0000,0.0000,6.6,nan
23,5.00e-04,3.0251,0.0000,0.0000,0.0000,0.0000,6.3,nan
24,5.00e-04,2.8848,0.0000,0.0000,0.0000,0.0000,6.5,nan
25,5.00e-04,2.8137,0.0000,0.0000,0.0000,0.0000,7.5,nan
26,5.00e-04,3.0308,0.0000,0.0000,0.0000,0.0000,7.0,nan
27,5.00e-04,3.0334,0.0000,0.0000,0.0000,0.0000,6.4,nan
28,5.00e-04,2.7646,0.0000,0.0000,0.0000,0.0000,6.5,nan
29,5.00e-04,2.9779,0.0000,0.0000,0.0000,0.0000,7.4,nan
30,5.00e-04,2.8181,0.0000,0.0000,0.0000,0.0000,9.3,nan
31,5.00e-04,2.8861,0.0000,0.0000,0.0000,0.0000,8.0,nan
32,5.00e-04,2.9173,0.0000,0.0000,0.0000,0.0000,7.8,nan
33,5.00e-04,2.7696,0.0000,0.0000,0.0000,0.0000,7.5,nan
34,5.00e-04,2.8381,0.0000,0.0000,0.0000,0.0000,7.8,nan
35,5.00e-04,2.7974,0.0000,0.0000,0.0000,0.0000,7.4,nan
36,5.00e-04,2.6054,0.0000,0.0000,0.0000,0.0000,6.9,nan
37,5.00e-04,2.8073,0.0000,0.0000,0.0000,0.0000,7.3,nan
38,5.00e-04,2.5391,0.0000,0.0000,0.0000,0.0000,7.5,nan
39,5.00e-04,2.5020,0.0000,0.0000,0.0000,0.0000,6.7,nan
40,5.00e-04,2.7623,0.0000,0.0000,0.0000,0.0000,12.3,0.3496
41,5.00e-04,2.3743,0.0000,0.0000,0.0000,0.0000,7.5,nan
42,5.00e-04,2.6533,0.0000,0.0000,0.0000,0.0000,7.5,nan
43,5.00e-04,2.4291,0.0000,0.0000,0.0000,0.0000,6.8,nan
44,5.00e-04,2.5726,0.0000,0.0000,0.0000,0.0000,6.8,nan
45,5.00e-04,2.6354,0.0000,0.0000,0.0000,0.0000,6.8,nan
46,5.00e-04,2.5809,0.0000,0.0000,0.0000,0.0000,7.3,nan
47,5.00e-04,2.4097,0.0000,0.0000,0.0000,0.0000,6.6,nan
48,5.00e-04,2.7328,0.0000,0.0000,0.0000,0.0000,7.2,nan
49,5.00e-04,2.5045,0.0000,0.0000,0.0000,0.0000,7.8,nan
50,4.99e-04,2.1110,0.0000,0.0000,0.0000,0.0000,8.2,nan
51,4.99e-04,2.5162,0.0000,0.0000,0.0000,0.0000,6.6,nan
52,4.99e-04,1.9617,0.0000,0.0000,0.0000,0.0000,7.2,nan
53,4.99e-04,2.4022,0.0000,0.0000,0.0000,0.0000,7.9,nan
54,4.99e-04,2.1772,0.0000,0.0000,0.0000,0.0000,7.6,nan
55,4.99e-04,2.3223,0.0000,0.0000,0.0000,0.0000,6.9,nan
56,4.99e-04,2.3274,0.0000,0.0000,0.0000,0.0000,6.7,nan
57,4.99e-04,1.9573,0.0000,0.0000,0.0000,0.0000,6.9,nan
58,4.99e-04,2.3773,0.0000,0.0000,0.0000,0.0000,7.4,nan
59,4.99e-04,2.1955,0.0000,0.0000,0.0000,0.0000,6.6,nan
60,4.99e-04,2.1906,0.0000,0.0000,0.0000,0.0000,10.2,0.4280
61,4.99e-04,2.5483,0.0000,0.0000,0.0000,0.0000,7.5,nan
62,4.99e-04,1.8618,0.0000,0.0000,0.0000,0.0000,7.9,nan
63,4.99e-04,2.1425,0.0000,0.0000,0.0000,0.0000,6.8,nan
64,4.99e-04,2.2225,0.0000,0.0000,0.0000,0.0000,6.7,nan
65,4.99e-04,2.3413,0.0000,0.0000,0.0000,0.0000,7.3,nan
66,4.99e-04,2.0368,0.0000,0.0000,0.0000,0.0000,7.4,nan
67,4.99e-04,2.0710,0.0000,0.0000,0.0000,0.0000,6.7,nan
68,4.99e-04,2.6800,0.0000,0.0000,0.0000,0.0000,6.8,nan
69,4.99e-04,1.8819,0.0000,0.0000,0.0000,0.0000,7.2,nan
70,4.99e-04,2.1720,0.0000,0.0000,0.0000,0.0000,7.0,nan
71,4.99e-04,2.4663,0.0000,0.0000,0.0000,0.0000,7.0,nan
72,4.99e-04,1.8918,0.0000,0.0000,0.0000,0.0000,6.7,nan
73,4.99e-04,2.1179,0.0000,0.0000,0.0000,0.0000,7.1,nan
74,4.99e-04,2.1245,0.0000,0.0000,0.0000,0.0000,6.8,nan
75,4.99e-04,2.0742,0.0000,0.0000,0.0000,0.0000,6.7,nan
76,4.99e-04,1.9723,0.0000,0.0000,0.0000,0.0000,6.3,nan
77,4.99e-04,1.9053,0.0000,0.0000,0.0000,0.0000,6.6,nan
78,4.99e-04,1.8347,0.0000,0.0000,0.0000,0.0000,7.3,nan
79,4.98e-04,1.9901,0.0000,0.0000,0.0000,0.0000,7.1,nan
80,4.98e-04,1.9559,0.0000,0.0000,0.0000,0.0000,9.7,0.5445
81,4.98e-04,2.1394,0.0000,0.0000,0.0000,0.0000,6.0,nan
82,4.98e-04,2.0801,0.0000,0.0000,0.0000,0.0000,6.5,nan
83,4.98e-04,2.0606,0.0000,0.0000,0.0000,0.0000,7.1,nan
84,4.98e-04,1.5564,0.0000,0.0000,0.0000,0.0000,7.0,nan
85,4.98e-04,1.9318,0.0000,0.0000,0.0000,0.0000,6.4,nan
86,4.98e-04,2.0122,0.0000,0.0000,0.0000,0.0000,6.1,nan
87,4.98e-04,1.8326,0.0000,0.0000,0.0000,0.0000,6.6,nan
88,4.98e-04,1.5333,0.0000,0.0000,0.0000,0.0000,6.2,nan
89,4.98e-04,2.1650,0.0000,0.0000,0.0000,0.0000,5.9,nan
90,4.98e-04,1.7362,0.0000,0.0000,0.0000,0.0000,5.8,nan
91,4.98e-04,1.9247,0.0000,0.0000,0.0000,0.0000,6.3,nan
92,4.98e-04,1.8419,0.0000,0.0000,0.0000,0.0000,6.5,nan
93,4.98e-04,1.6429,0.0000,0.0000,0.0000,0.0000,6.2,nan
94,4.98e-04,1.8885,0.0000,0.0000,0.0000,0.0000,5.9,nan
95,4.98e-04,1.9821,0.0000,0.0000,0.0000,0.0000,6.4,nan
96,4.98e-04,1.6085,0.0000,0.0000,0.0000,0.0000,6.2,nan
97,4.98e-04,1.7291,0.0000,0.0000,0.0000,0.0000,6.4,nan
98,4.98e-04,2.1002,0.0000,0.0000,0.0000,0.0000,6.2,nan
99,4.98e-04,1.9136,0.0000,0.0000,0.0000,0.0000,6.0,nan
100,4.97e-04,1.7482,0.0000,0.0000,0.0000,0.0000,9.6,0.5064
101,4.97e-04,1.8642,0.0000,0.0000,0.0000,0.0000,6.4,nan
102,4.97e-04,1.9967,0.0000,0.0000,0.0000,0.0000,6.3,nan
103,4.97e-04,2.1150,0.0000,0.0000,0.0000,0.0000,7.0,nan
104,4.97e-04,1.5267,0.0000,0.0000,0.0000,0.0000,6.9,nan
105,4.97e-04,2.0036,0.0000,0.0000,0.0000,0.0000,7.1,nan
106,4.97e-04,1.9492,0.0000,0.0000,0.0000,0.0000,6.3,nan
107,4.97e-04,1.7706,0.0000,0.0000,0.0000,0.0000,6.0,nan
108,4.97e-04,2.2601,0.0000,0.0000,0.0000,0.0000,5.9,nan
109,4.97e-04,1.3798,0.0000,0.0000,0.0000,0.0000,6.0,nan
110,4.97e-04,1.7744,0.0000,0.0000,0.0000,0.0000,6.0,nan
111,4.97e-04,1.8151,0.0000,0.0000,0.0000,0.0000,6.4,nan
112,4.97e-04,2.2393,0.0000,0.0000,0.0000,0.0000,5.8,nan
113,4.97e-04,1.7011,0.0000,0.0000,0.0000,0.0000,5.6,nan
114,4.97e-04,2.2129,0.0000,0.0000,0.0000,0.0000,5.6,nan
115,4.97e-04,1.9681,0.0000,0.0000,0.0000,0.0000,5.9,nan
116,4.96e-04,2.1946,0.0000,0.0000,0.0000,0.0000,5.9,nan
117,4.96e-04,2.0802,0.0000,0.0000,0.0000,0.0000,6.2,nan
118,4.96e-04,2.2049,0.0000,0.0000,0.0000,0.0000,6.3,nan
119,4.96e-04,1.5138,0.0000,0.0000,0.0000,0.0000,5.6,nan
120,4.96e-04,1.9647,0.0000,0.0000,0.0000,0.0000,8.8,0.5191
121,4.96e-04,1.9204,0.0000,0.0000,0.0000,0.0000,5.6,nan
122,4.96e-04,1.6298,0.0000,0.0000,0.0000,0.0000,6.0,nan
123,4.96e-04,1.6965,0.0000,0.0000,0.0000,0.0000,5.8,nan
124,4.96e-04,1.8082,0.0000,0.0000,0.0000,0.0000,5.7,nan
125,4.96e-04,1.8485,0.0000,0.0000,0.0000,0.0000,5.7,nan
126,4.96e-04,1.9177,0.0000,0.0000,0.0000,0.0000,5.7,nan
127,4.96e-04,1.7083,0.0000,0.0000,0.0000,0.0000,5.8,nan
128,4.96e-04,1.9192,0.0000,0.0000,0.0000,0.0000,5.9,nan
129,4.96e-04,1.9463,0.0000,0.0000,0.0000,0.0000,5.7,nan
130,4.96e-04,2.0841,0.0000,0.0000,0.0000,0.0000,5.8,nan
131,4.95e-04,1.3692,0.0000,0.0000,0.0000,0.0000,5.7,nan
132,4.95e-04,1.6483,0.0000,0.0000,0.0000,0.0000,5.9,nan
133,4.95e-04,1.9350,0.0000,0.0000,0.0000,0.0000,6.1,nan
134,4.95e-04,1.8235,0.0000,0.0000,0.0000,0.0000,6.0,nan
135,4.95e-04,1.6415,0.0000,0.0000,0.0000,0.0000,6.0,nan
136,4.95e-04,1.9887,0.0000,0.0000,0.0000,0.0000,5.8,nan
137,4.95e-04,1.7218,0.0000,0.0000,0.0000,0.0000,5.9,nan
138,4.95e-04,1.7872,0.0000,0.0000,0.0000,0.0000,5.9,nan
139,4.95e-04,1.6810,0.0000,0.0000,0.0000,0.0000,6.3,nan
140,4.95e-04,1.5676,0.0000,0.0000,0.0000,0.0000,9.5,0.5953
141,4.95e-04,2.3684,0.0000,0.0000,0.0000,0.0000,5.8,nan
142,4.95e-04,1.8034,0.0000,0.0000,0.0000,0.0000,5.9,nan
143,4.94e-04,1.4638,0.0000,0.0000,0.0000,0.0000,6.0,nan
144,4.94e-04,1.6685,0.0000,0.0000,0.0000,0.0000,5.9,nan
145,4.94e-04,1.2820,0.0000,0.0000,0.0000,0.0000,5.8,nan
146,4.94e-04,2.3056,0.0000,0.0000,0.0000,0.0000,5.8,nan
147,4.94e-04,1.8966,0.0000,0.0000,0.0000,0.0000,5.9,nan
148,4.94e-04,1.6073,0.0000,0.0000,0.0000,0.0000,5.8,nan
149,4.94e-04,1.4879,0.0000,0.0000,0.0000,0.0000,5.8,nan
150,4.94e-04,1.5175,0.0000,0.0000,0.0000,0.0000,5.7,nan
151,4.94e-04,1.9758,0.0000,0.0000,0.0000,0.0000,5.6,nan
152,4.94e-04,1.5858,0.0000,0.0000,0.0000,0.0000,5.8,nan
153,4.94e-04,2.0155,0.0000,0.0000,0.0000,0.0000,6.2,nan
154,4.94e-04,1.7692,0.0000,0.0000,0.0000,0.0000,6.2,nan
155,4.93e-04,1.7756,0.0000,0.0000,0.0000,0.0000,5.6,nan
156,4.93e-04,1.4730,0.0000,0.0000,0.0000,0.0000,5.7,nan
157,4.93e-04,1.7829,0.0000,0.0000,0.0000,0.0000,5.7,nan
158,4.93e-04,1.6440,0.0000,0.0000,0.0000,0.0000,5.7,nan
159,4.93e-04,1.4357,0.0000,0.0000,0.0000,0.0000,5.8,nan
160,4.93e-04,1.5685,0.0000,0.0000,0.0000,0.0000,9.1,0.5636
161,4.93e-04,1.2272,0.0000,0.0000,0.0000,0.0000,6.1,nan
162,4.93e-04,1.4691,0.0000,0.0000,0.0000,0.0000,5.9,nan
163,4.93e-04,1.8765,0.0000,0.0000,0.0000,0.0000,5.8,nan
164,4.93e-04,1.7977,0.0000,0.0000,0.0000,0.0000,5.7,nan
165,4.93e-04,1.8506,0.0000,0.0000,0.0000,0.0000,5.8,nan
166,4.92e-04,1.6660,0.0000,0.0000,0.0000,0.0000,6.1,nan
167,4.92e-04,1.9243,0.0000,0.0000,0.0000,0.0000,6.1,nan
168,4.92e-04,1.6022,0.0000,0.0000,0.0000,0.0000,6.4,nan
169,4.92e-04,1.4611,0.0000,0.0000,0.0000,0.0000,6.1,nan
170,4.92e-04,1.6799,0.0000,0.0000,0.0000,0.0000,6.1,nan
171,4.92e-04,1.6265,0.0000,0.0000,0.0000,0.0000,6.3,nan
172,4.92e-04,1.5888,0.0000,0.0000,0.0000,0.0000,5.8,nan
173,4.92e-04,1.4885,0.0000,0.0000,0.0000,0.0000,5.8,nan
174,4.92e-04,1.4386,0.0000,0.0000,0.0000,0.0000,5.7,nan
175,4.92e-04,1.8712,0.0000,0.0000,0.0000,0.0000,5.7,nan
176,4.91e-04,1.5838,0.0000,0.0000,0.0000,0.0000,5.8,nan
177,4.91e-04,1.8631,0.0000,0.0000,0.0000,0.0000,5.7,nan
178,4.91e-04,1.6406,0.0000,0.0000,0.0000,0.0000,5.6,nan
179,4.91e-04,1.5280,0.0000,0.0000,0.0000,0.0000,5.7,nan
180,4.91e-04,1.4204,0.0000,0.0000,0.0000,0.0000,8.9,0.6377
181,4.91e-04,1.3894,0.0000,0.0000,0.0000,0.0000,5.7,nan
182,4.91e-04,1.4955,0.0000,0.0000,0.0000,0.0000,5.6,nan
183,4.91e-04,1.2925,0.0000,0.0000,0.0000,0.0000,5.6,nan
184,4.91e-04,1.4503,0.0000,0.0000,0.0000,0.0000,5.7,nan
185,4.91e-04,1.6547,0.0000,0.0000,0.0000,0.0000,5.7,nan
186,4.90e-04,1.4592,0.0000,0.0000,0.0000,0.0000,5.7,nan
187,4.90e-04,1.5432,0.0000,0.0000,0.0000,0.0000,5.7,nan
188,4.90e-04,1.0293,0.0000,0.0000,0.0000,0.0000,5.7,nan
189,4.90e-04,1.8127,0.0000,0.0000,0.0000,0.0000,5.7,nan
190,4.90e-04,1.7913,0.0000,0.0000,0.0000,0.0000,5.7,nan
191,4.90e-04,1.6971,0.0000,0.0000,0.0000,0.0000,5.7,nan
192,4.90e-04,1.6549,0.0000,0.0000,0.0000,0.0000,5.7,nan
193,4.90e-04,1.3130,0.0000,0.0000,0.0000,0.0000,5.6,nan
194,4.90e-04,1.6111,0.0000,0.0000,0.0000,0.0000,5.6,nan
195,4.89e-04,1.6375,0.0000,0.0000,0.0000,0.0000,5.8,nan
196,4.89e-04,1.6060,0.0000,0.0000,0.0000,0.0000,5.7,nan
197,4.89e-04,1.5020,0.0000,0.0000,0.0000,0.0000,5.6,nan
198,4.89e-04,1.5487,0.0000,0.0000,0.0000,0.0000,5.7,nan
199,4.89e-04,1.6293,0.0000,0.0000,0.0000,0.0000,5.6,nan
200,4.89e-04,1.5822,0.0000,0.0000,0.0000,0.0000,8.7,0.5403
201,4.89e-04,1.6617,0.0000,0.0000,0.0000,0.0000,5.7,nan
202,4.89e-04,1.6951,0.0000,0.0000,0.0000,0.0000,5.8,nan
203,4.88e-04,1.3161,0.0000,0.0000,0.0000,0.0000,5.8,nan
204,4.88e-04,1.5019,0.0000,0.0000,0.0000,0.0000,5.6,nan
205,4.88e-04,1.6001,0.0000,0.0000,0.0000,0.0000,5.7,nan
206,4.88e-04,1.8114,0.0000,0.0000,0.0000,0.0000,5.7,nan
207,4.88e-04,1.4547,0.0000,0.0000,0.0000,0.0000,5.7,nan
208,4.88e-04,1.5254,0.0000,0.0000,0.0000,0.0000,5.7,nan
209,4.88e-04,1.6913,0.0000,0.0000,0.0000,0.0000,5.6,nan
210,4.88e-04,1.6387,0.0000,0.0000,0.0000,0.0000,5.8,nan
211,4.88e-04,1.3723,0.0000,0.0000,0.0000,0.0000,5.7,nan
212,4.87e-04,1.6431,0.0000,0.0000,0.0000,0.0000,5.6,nan
213,4.87e-04,1.3739,0.0000,0.0000,0.0000,0.0000,5.7,nan
214,4.87e-04,1.4101,0.0000,0.0000,0.0000,0.0000,5.8,nan
215,4.87e-04,1.7186,0.0000,0.0000,0.0000,0.0000,5.7,nan
216,4.87e-04,1.4624,0.0000,0.0000,0.0000,0.0000,5.5,nan
217,4.87e-04,1.4123,0.0000,0.0000,0.0000,0.0000,5.7,nan
218,4.87e-04,1.4122,0.0000,0.0000,0.0000,0.0000,5.7,nan
219,4.87e-04,1.6525,0.0000,0.0000,0.0000,0.0000,6.1,nan
220,4.86e-04,1.5688,0.0000,0.0000,0.0000,0.0000,8.8,0.6165
221,4.86e-04,1.7601,0.0000,0.0000,0.0000,0.0000,5.7,nan
222,4.86e-04,1.3745,0.0000,0.0000,0.0000,0.0000,5.7,nan
223,4.86e-04,1.5065,0.0000,0.0000,0.0000,0.0000,5.7,nan
224,4.86e-04,1.6899,0.0000,0.0000,0.0000,0.0000,5.8,nan
225,4.86e-04,1.8028,0.0000,0.0000,0.0000,0.0000,5.6,nan
226,4.86e-04,1.8367,0.0000,0.0000,0.0000,0.0000,5.7,nan
227,4.86e-04,1.4771,0.0000,0.0000,0.0000,0.0000,5.7,nan
228,4.85e-04,1.3577,0.0000,0.0000,0.0000,0.0000,5.7,nan
229,4.85e-04,1.6853,0.0000,0.0000,0.0000,0.0000,5.6,nan
230,4.85e-04,1.6899,0.0000,0.0000,0.0000,0.0000,5.7,nan
231,4.85e-04,1.4625,0.0000,0.0000,0.0000,0.0000,5.8,nan
232,4.85e-04,1.3808,0.0000,0.0000,0.0000,0.0000,5.6,nan
233,4.85e-04,1.9025,0.0000,0.0000,0.0000,0.0000,5.8,nan
234,4.85e-04,1.4992,0.0000,0.0000,0.0000,0.0000,5.7,nan
235,4.84e-04,1.3656,0.0000,0.0000,0.0000,0.0000,5.7,nan
236,4.84e-04,1.4489,0.0000,0.0000,0.0000,0.0000,5.6,nan
237,4.84e-04,1.3946,0.0000,0.0000,0.0000,0.0000,5.7,nan
238,4.84e-04,1.4605,0.0000,0.0000,0.0000,0.0000,5.7,nan
239,4.84e-04,1.5443,0.0000,0.0000,0.0000,0.0000,5.7,nan
240,4.84e-04,1.5601,0.0000,0.0000,0.0000,0.0000,8.9,0.6292
241,4.84e-04,1.6996,0.0000,0.0000,0.0000,0.0000,5.8,nan
242,4.83e-04,1.3880,0.0000,0.0000,0.0000,0.0000,5.7,nan
243,4.83e-04,1.3789,0.0000,0.0000,0.0000,0.0000,5.6,nan
244,4.83e-04,1.6149,0.0000,0.0000,0.0000,0.0000,5.7,nan
245,4.83e-04,1.9464,0.0000,0.0000,0.0000,0.0000,5.8,nan
246,4.83e-04,1.6810,0.0000,0.0000,0.0000,0.0000,5.8,nan
247,4.83e-04,1.5702,0.0000,0.0000,0.0000,0.0000,5.7,nan
248,4.83e-04,1.3809,0.0000,0.0000,0.0000,0.0000,5.6,nan
249,4.82e-04,1.5125,0.0000,0.0000,0.0000,0.0000,5.8,nan
250,4.82e-04,1.8288,0.0000,0.0000,0.0000,0.0000,5.7,nan
251,4.82e-04,1.2791,0.0000,0.0000,0.0000,0.0000,5.7,nan
252,4.82e-04,1.3451,0.0000,0.0000,0.0000,0.0000,5.6,nan
253,4.82e-04,1.3657,0.0000,0.0000,0.0000,0.0000,5.8,nan
254,4.82e-04,1.5220,0.0000,0.0000,0.0000,0.0000,5.8,nan
255,4.82e-04,1.3752,0.0000,0.0000,0.0000,0.0000,5.6,nan
256,4.81e-04,1.1945,0.0000,0.0000,0.0000,0.0000,5.7,nan
257,4.81e-04,1.5923,0.0000,0.0000,0.0000,0.0000,5.8,nan
258,4.81e-04,1.4763,0.0000,0.0000,0.0000,0.0000,5.7,nan
259,4.81e-04,1.1657,0.0000,0.0000,0.0000,0.0000,5.8,nan
260,4.81e-04,2.0982,0.0000,0.0000,0.0000,0.0000,8.7,0.5657
261,4.81e-04,1.5878,0.0000,0.0000,0.0000,0.0000,6.7,nan
262,4.81e-04,1.8446,0.0000,0.0000,0.0000,0.0000,6.2,nan
263,4.80e-04,1.5770,0.0000,0.0000,0.0000,0.0000,6.1,nan
264,4.80e-04,1.4766,0.0000,0.0000,0.0000,0.0000,6.1,nan
265,4.80e-04,1.4182,0.0000,0.0000,0.0000,0.0000,5.9,nan
266,4.80e-04,1.5901,0.0000,0.0000,0.0000,0.0000,5.8,nan
267,4.80e-04,1.5912,0.0000,0.0000,0.0000,0.0000,5.7,nan
268,4.80e-04,1.8156,0.0000,0.0000,0.0000,0.0000,5.7,nan
269,4.79e-04,1.2875,0.0000,0.0000,0.0000,0.0000,5.8,nan
270,4.79e-04,1.4167,0.0000,0.0000,0.0000,0.0000,5.8,nan
271,4.79e-04,1.4050,0.0000,0.0000,0.0000,0.0000,6.0,nan
272,4.79e-04,1.6585,0.0000,0.0000,0.0000,0.0000,5.6,nan
273,4.79e-04,1.4745,0.0000,0.0000,0.0000,0.0000,5.7,nan
274,4.79e-04,1.4101,0.0000,0.0000,0.0000,0.0000,5.7,nan
275,4.79e-04,1.5660,0.0000,0.0000,0.0000,0.0000,5.8,nan
276,4.78e-04,1.1719,0.0000,0.0000,0.0000,0.0000,5.8,nan
277,4.78e-04,1.4085,0.0000,0.0000,0.0000,0.0000,5.7,nan
278,4.78e-04,1.4881,0.0000,0.0000,0.0000,0.0000,5.7,nan
279,4.78e-04,1.5322,0.0000,0.0000,0.0000,0.0000,5.8,nan
280,4.78e-04,1.6586,0.0000,0.0000,0.0000,0.0000,8.9,0.6653
281,4.78e-04,1.6522,0.0000,0.0000,0.0000,0.0000,5.7,nan
282,4.77e-04,1.2893,0.0000,0.0000,0.0000,0.0000,5.7,nan
283,4.77e-04,1.6794,0.0000,0.0000,0.0000,0.0000,5.8,nan
284,4.77e-04,1.6529,0.0000,0.0000,0.0000,0.0000,5.6,nan
285,4.77e-04,1.6510,0.0000,0.0000,0.0000,0.0000,5.7,nan
286,4.77e-04,1.4096,0.0000,0.0000,0.0000,0.0000,5.6,nan
287,4.77e-04,1.5522,0.0000,0.0000,0.0000,0.0000,5.7,nan
288,4.76e-04,1.4562,0.0000,0.0000,0.0000,0.0000,5.6,nan
289,4.76e-04,1.4550,0.0000,0.0000,0.0000,0.0000,5.6,nan
290,4.76e-04,1.2431,0.0000,0.0000,0.0000,0.0000,5.7,nan
291,4.76e-04,1.2814,0.0000,0.0000,0.0000,0.0000,5.6,nan
292,4.76e-04,1.6877,0.0000,0.0000,0.0000,0.0000,5.7,nan
293,4.76e-04,1.5480,0.0000,0.0000,0.0000,0.0000,5.8,nan
294,4.75e-04,1.5543,0.0000,0.0000,0.0000,0.0000,5.8,nan
295,4.75e-04,1.4248,0.0000,0.0000,0.0000,0.0000,5.6,nan
296,4.75e-04,1.0766,0.0000,0.0000,0.0000,0.0000,5.6,nan
297,4.75e-04,1.5582,0.0000,0.0000,0.0000,0.0000,5.8,nan
298,4.75e-04,1.5949,0.0000,0.0000,0.0000,0.0000,5.8,nan
299,4.75e-04,1.0703,0.0000,0.0000,0.0000,0.0000,5.7,nan
300,4.74e-04,1.3704,0.0000,0.0000,0.0000,0.0000,8.5,0.6356
301,4.74e-04,1.3112,0.0000,0.0000,0.0000,0.0000,5.7,nan
302,4.74e-04,1.2011,0.0000,0.0000,0.0000,0.0000,5.6,nan
303,4.74e-04,1.6587,0.0000,0.0000,0.0000,0.0000,5.7,nan
304,4.74e-04,1.6254,0.0000,0.0000,0.0000,0.0000,5.8,nan
305,4.73e-04,1.4641,0.0000,0.0000,0.0000,0.0000,5.7,nan
306,4.73e-04,1.4769,0.0000,0.0000,0.0000,0.0000,5.6,nan
307,4.73e-04,1.5786,0.0000,0.0000,0.0000,0.0000,5.7,nan
308,4.73e-04,1.3425,0.0000,0.0000,0.0000,0.0000,5.7,nan
309,4.73e-04,1.6524,0.0000,0.0000,0.0000,0.0000,5.6,nan
310,4.73e-04,1.2566,0.0000,0.0000,0.0000,0.0000,5.7,nan
311,4.72e-04,1.3885,0.0000,0.0000,0.0000,0.0000,5.9,nan
312,4.72e-04,1.6458,0.0000,0.0000,0.0000,0.0000,6.4,nan
313,4.72e-04,1.8189,0.0000,0.0000,0.0000,0.0000,5.8,nan
314,4.72e-04,1.3243,0.0000,0.0000,0.0000,0.0000,5.8,nan
315,4.72e-04,1.7641,0.0000,0.0000,0.0000,0.0000,5.8,nan
316,4.72e-04,1.4460,0.0000,0.0000,0.0000,0.0000,5.7,nan
317,4.71e-04,1.4783,0.0000,0.0000,0.0000,0.0000,5.6,nan
318,4.71e-04,1.3635,0.0000,0.0000,0.0000,0.0000,5.8,nan
319,4.71e-04,1.3870,0.0000,0.0000,0.0000,0.0000,5.7,nan
320,4.71e-04,1.7292,0.0000,0.0000,0.0000,0.0000,8.7,0.6419
321,4.71e-04,1.3378,0.0000,0.0000,0.0000,0.0000,5.6,nan
322,4.70e-04,1.5414,0.0000,0.0000,0.0000,0.0000,5.9,nan
323,4.70e-04,1.4259,0.0000,0.0000,0.0000,0.0000,5.8,nan
324,4.70e-04,1.4902,0.0000,0.0000,0.0000,0.0000,5.7,nan
325,4.70e-04,1.5464,0.0000,0.0000,0.0000,0.0000,5.6,nan
326,4.70e-04,1.4371,0.0000,0.0000,0.0000,0.0000,5.9,nan
327,4.69e-04,1.3662,0.0000,0.0000,0.0000,0.0000,5.6,nan
328,4.69e-04,1.5983,0.0000,0.0000,0.0000,0.0000,5.8,nan
329,4.69e-04,1.3692,0.0000,0.0000,0.0000,0.0000,5.6,nan
330,4.69e-04,1.5611,0.0000,0.0000,0.0000,0.0000,5.9,nan
331,4.69e-04,1.4496,0.0000,0.0000,0.0000,0.0000,5.6,nan
332,4.69e-04,1.4370,0.0000,0.0000,0.0000,0.0000,5.6,nan
333,4.68e-04,1.0326,0.0000,0.0000,0.0000,0.0000,5.6,nan
334,4.68e-04,1.6791,0.0000,0.0000,0.0000,0.0000,5.7,nan
335,4.68e-04,1.2394,0.0000,0.0000,0.0000,0.0000,5.8,nan
336,4.68e-04,1.3012,0.0000,0.0000,0.0000,0.0000,5.7,nan
337,4.68e-04,1.4634,0.0000,0.0000,0.0000,0.0000,5.7,nan
338,4.67e-04,1.4022,0.0000,0.0000,0.0000,0.0000,5.7,nan
339,4.67e-04,1.7220,0.0000,0.0000,0.0000,0.0000,5.7,nan
340,4.67e-04,1.4628,0.0000,0.0000,0.0000,0.0000,8.8,0.6208
341,4.67e-04,1.4896,0.0000,0.0000,0.0000,0.0000,5.6,nan
342,4.67e-04,1.6797,0.0000,0.0000,0.0000,0.0000,5.7,nan
343,4.66e-04,1.7987,0.0000,0.0000,0.0000,0.0000,5.8,nan
344,4.66e-04,1.2246,0.0000,0.0000,0.0000,0.0000,5.7,nan
345,4.66e-04,1.6185,0.0000,0.0000,0.0000,0.0000,5.7,nan
346,4.66e-04,1.5865,0.0000,0.0000,0.0000,0.0000,5.7,nan
347,4.66e-04,1.5268,0.0000,0.0000,0.0000,0.0000,5.7,nan
348,4.65e-04,1.2784,0.0000,0.0000,0.0000,0.0000,5.7,nan
349,4.65e-04,1.3165,0.0000,0.0000,0.0000,0.0000,5.7,nan
350,4.65e-04,1.4496,0.0000,0.0000,0.0000,0.0000,5.8,nan
351,4.65e-04,1.1667,0.0000,0.0000,0.0000,0.0000,5.8,nan
352,4.65e-04,1.4812,0.0000,0.0000,0.0000,0.0000,5.7,nan
353,4.64e-04,1.6760,0.0000,0.0000,0.0000,0.0000,5.7,nan
354,4.64e-04,1.3295,0.0000,0.0000,0.0000,0.0000,5.8,nan
355,4.64e-04,1.6038,0.0000,0.0000,0.0000,0.0000,5.6,nan
356,4.64e-04,1.7207,0.0000,0.0000,0.0000,0.0000,5.6,nan
357,4.64e-04,1.6162,0.0000,0.0000,0.0000,0.0000,5.8,nan
358,4.63e-04,1.3242,0.0000,0.0000,0.0000,0.0000,5.7,nan
359,4.63e-04,1.5061,0.0000,0.0000,0.0000,0.0000,5.6,nan
360,4.63e-04,1.4687,0.0000,0.0000,0.0000,0.0000,8.8,0.5742
361,4.63e-04,1.7256,0.0000,0.0000,0.0000,0.0000,5.7,nan
362,4.63e-04,1.7186,0.0000,0.0000,0.0000,0.0000,5.6,nan
363,4.62e-04,1.2425,0.0000,0.0000,0.0000,0.0000,5.7,nan
364,4.62e-04,1.0279,0.0000,0.0000,0.0000,0.0000,5.7,nan
365,4.62e-04,1.4028,0.0000,0.0000,0.0000,0.0000,5.8,nan
366,4.62e-04,1.3771,0.0000,0.0000,0.0000,0.0000,5.6,nan
367,4.62e-04,1.1777,0.0000,0.0000,0.0000,0.0000,5.8,nan
368,4.61e-04,1.4228,0.0000,0.0000,0.0000,0.0000,5.7,nan
369,4.61e-04,1.4929,0.0000,0.0000,0.0000,0.0000,5.7,nan
370,4.61e-04,1.5137,0.0000,0.0000,0.0000,0.0000,5.6,nan
371,4.61e-04,1.6596,0.0000,0.0000,0.0000,0.0000,5.8,nan
372,4.60e-04,1.2609,0.0000,0.0000,0.0000,0.0000,5.7,nan
373,4.60e-04,1.4658,0.0000,0.0000,0.0000,0.0000,5.7,nan
374,4.60e-04,1.5499,0.0000,0.0000,0.0000,0.0000,5.7,nan
375,4.60e-04,1.3882,0.0000,0.0000,0.0000,0.0000,5.6,nan
376,4.60e-04,1.6738,0.0000,0.0000,0.0000,0.0000,5.7,nan
377,4.59e-04,1.4482,0.0000,0.0000,0.0000,0.0000,5.6,nan
378,4.59e-04,1.5834,0.0000,0.0000,0.0000,0.0000,5.6,nan
379,4.59e-04,1.2138,0.0000,0.0000,0.0000,0.0000,5.8,nan
380,4.59e-04,1.4205,0.0000,0.0000,0.0000,0.0000,8.6,0.6864
381,4.59e-04,1.1993,0.0000,0.0000,0.0000,0.0000,5.8,nan
382,4.58e-04,1.3400,0.0000,0.0000,0.0000,0.0000,5.8,nan
383,4.58e-04,1.6500,0.0000,0.0000,0.0000,0.0000,5.7,nan
384,4.58e-04,1.3556,0.0000,0.0000,0.0000,0.0000,5.7,nan
385,4.58e-04,1.5759,0.0000,0.0000,0.0000,0.0000,5.6,nan
386,4.57e-04,1.4896,0.0000,0.0000,0.0000,0.0000,5.7,nan
387,4.57e-04,1.5443,0.0000,0.0000,0.0000,0.0000,5.7,nan
388,4.57e-04,1.4051,0.0000,0.0000,0.0000,0.0000,5.7,nan
389,4.57e-04,1.2390,0.0000,0.0000,0.0000,0.0000,5.6,nan
390,4.57e-04,1.1384,0.0000,0.0000,0.0000,0.0000,5.8,nan
391,4.56e-04,1.4238,0.0000,0.0000,0.0000,0.0000,5.8,nan
392,4.56e-04,1.4196,0.0000,0.0000,0.0000,0.0000,5.7,nan
393,4.56e-04,1.1242,0.0000,0.0000,0.0000,0.0000,5.6,nan
394,4.56e-04,1.5194,0.0000,0.0000,0.0000,0.0000,5.7,nan
395,4.55e-04,1.3954,0.0000,0.0000,0.0000,0.0000,5.7,nan
396,4.55e-04,1.1077,0.0000,0.0000,0.0000,0.0000,5.5,nan
397,4.55e-04,1.5117,0.0000,0.0000,0.0000,0.0000,5.7,nan
398,4.55e-04,1.1323,0.0000,0.0000,0.0000,0.0000,5.7,nan
399,4.55e-04,1.3935,0.0000,0.0000,0.0000,0.0000,5.6,nan
400,4.54e-04,1.4588,0.0000,0.0000,0.0000,0.0000,9.1,0.6483
401,4.54e-04,1.5346,0.0000,0.0000,0.0000,0.0000,5.7,nan
402,4.54e-04,1.4868,0.0000,0.0000,0.0000,0.0000,5.7,nan
403,4.54e-04,1.5165,0.0000,0.0000,0.0000,0.0000,5.6,nan
404,4.53e-04,1.3416,0.0000,0.0000,0.0000,0.0000,5.7,nan
405,4.53e-04,1.2214,0.0000,0.0000,0.0000,0.0000,5.8,nan
406,4.53e-04,1.0293,0.0000,0.0000,0.0000,0.0000,5.7,nan
407,4.53e-04,1.6341,0.0000,0.0000,0.0000,0.0000,5.7,nan
408,4.53e-04,1.4120,0.0000,0.0000,0.0000,0.0000,5.8,nan
409,4.52e-04,1.4155,0.0000,0.0000,0.0000,0.0000,5.7,nan
410,4.52e-04,0.9763,0.0000,0.0000,0.0000,0.0000,5.6,nan
411,4.52e-04,1.8236,0.0000,0.0000,0.0000,0.0000,5.7,nan
412,4.52e-04,1.4556,0.0000,0.0000,0.0000,0.0000,5.7,nan
413,4.51e-04,1.6409,0.0000,0.0000,0.0000,0.0000,5.6,nan
414,4.51e-04,1.4233,0.0000,0.0000,0.0000,0.0000,5.6,nan
415,4.51e-04,1.3555,0.0000,0.0000,0.0000,0.0000,5.7,nan
416,4.51e-04,1.5075,0.0000,0.0000,0.0000,0.0000,5.8,nan
417,4.50e-04,1.2842,0.0000,0.0000,0.0000,0.0000,5.7,nan
418,4.50e-04,1.5509,0.0000,0.0000,0.0000,0.0000,5.7,nan
419,4.50e-04,1.2580,0.0000,0.0000,0.0000,0.0000,5.8,nan
420,4.50e-04,1.7372,0.0000,0.0000,0.0000,0.0000,8.5,0.6250
421,4.49e-04,1.4589,0.0000,0.0000,0.0000,0.0000,5.8,nan
422,4.49e-04,0.9712,0.0000,0.0000,0.0000,0.0000,5.7,nan
423,4.49e-04,1.3557,0.0000,0.0000,0.0000,0.0000,5.7,nan
424,4.49e-04,1.3455,0.0000,0.0000,0.0000,0.0000,5.7,nan
425,4.49e-04,1.2977,0.0000,0.0000,0.0000,0.0000,5.7,nan
426,4.48e-04,1.6638,0.0000,0.0000,0.0000,0.0000,5.8,nan
427,4.48e-04,1.3354,0.0000,0.0000,0.0000,0.0000,5.7,nan
428,4.48e-04,1.4384,0.0000,0.0000,0.0000,0.0000,5.6,nan
429,4.48e-04,1.5315,0.0000,0.0000,0.0000,0.0000,5.7,nan
430,4.47e-04,1.1194,0.0000,0.0000,0.0000,0.0000,5.7,nan
431,4.47e-04,1.4609,0.0000,0.0000,0.0000,0.0000,5.8,nan
432,4.47e-04,1.6063,0.0000,0.0000,0.0000,0.0000,5.6,nan
433,4.47e-04,1.1181,0.0000,0.0000,0.0000,0.0000,5.6,nan
434,4.46e-04,1.6467,0.0000,0.0000,0.0000,0.0000,5.7,nan
435,4.46e-04,1.2758,0.0000,0.0000,0.0000,0.0000,5.7,nan
436,4.46e-04,1.2421,0.0000,0.0000,0.0000,0.0000,5.6,nan
437,4.46e-04,1.4942,0.0000,0.0000,0.0000,0.0000,5.7,nan
438,4.45e-04,1.4883,0.0000,0.0000,0.0000,0.0000,5.6,nan
439,4.45e-04,1.1531,0.0000,0.0000,0.0000,0.0000,5.6,nan
440,4.45e-04,1.2846,0.0000,0.0000,0.0000,0.0000,8.7,0.6758
441,4.45e-04,1.5021,0.0000,0.0000,0.0000,0.0000,5.7,nan
442,4.44e-04,1.3455,0.0000,0.0000,0.0000,0.0000,5.7,nan
443,4.44e-04,1.3459,0.0000,0.0000,0.0000,0.0000,5.8,nan
444,4.44e-04,1.2256,0.0000,0.0000,0.0000,0.0000,5.6,nan
445,4.44e-04,1.4071,0.0000,0.0000,0.0000,0.0000,5.6,nan
446,4.43e-04,1.4591,0.0000,0.0000,0.0000,0.0000,5.7,nan
447,4.43e-04,1.4863,0.0000,0.0000,0.0000,0.0000,5.8,nan
448,4.43e-04,1.3992,0.0000,0.0000,0.0000,0.0000,5.8,nan
449,4.43e-04,1.4798,0.0000,0.0000,0.0000,0.0000,5.6,nan
450,4.42e-04,1.4175,0.0000,0.0000,0.0000,0.0000,5.7,nan
451,4.42e-04,1.4420,0.0000,0.0000,0.0000,0.0000,5.6,nan
452,4.42e-04,1.1445,0.0000,0.0000,0.0000,0.0000,5.7,nan
453,4.42e-04,1.4578,0.0000,0.0000,0.0000,0.0000,5.8,nan
454,4.41e-04,1.2354,0.0000,0.0000,0.0000,0.0000,5.7,nan
455,4.41e-04,1.2149,0.0000,0.0000,0.0000,0.0000,5.6,nan
456,4.41e-04,1.0486,0.0000,0.0000,0.0000,0.0000,5.7,nan
457,4.41e-04,1.5310,0.0000,0.0000,0.0000,0.0000,5.6,nan
458,4.40e-04,1.3990,0.0000,0.0000,0.0000,0.0000,5.7,nan
459,4.40e-04,1.5632,0.0000,0.0000,0.0000,0.0000,5.6,nan
460,4.40e-04,1.6622,0.0000,0.0000,0.0000,0.0000,9.0,0.6568
461,4.40e-04,1.1230,0.0000,0.0000,0.0000,0.0000,5.7,nan
462,4.39e-04,1.1061,0.0000,0.0000,0.0000,0.0000,5.7,nan
463,4.39e-04,1.4218,0.0000,0.0000,0.0000,0.0000,5.8,nan
464,4.39e-04,1.0879,0.0000,0.0000,0.0000,0.0000,5.6,nan
465,4.39e-04,1.3529,0.0000,0.0000,0.0000,0.0000,5.8,nan
466,4.38e-04,1.4932,0.0000,0.0000,0.0000,0.0000,5.7,nan
467,4.38e-04,1.3316,0.0000,0.0000,0.0000,0.0000,5.6,nan
468,4.38e-04,1.1951,0.0000,0.0000,0.0000,0.0000,5.6,nan
469,4.38e-04,1.3009,0.0000,0.0000,0.0000,0.0000,5.7,nan
470,4.37e-04,1.1506,0.0000,0.0000,0.0000,0.0000,6.3,nan
471,4.37e-04,1.2301,0.0000,0.0000,0.0000,0.0000,6.1,nan
472,4.37e-04,1.3214,0.0000,0.0000,0.0000,0.0000,5.8,nan
473,4.37e-04,0.8966,0.0000,0.0000,0.0000,0.0000,6.0,nan
474,4.36e-04,1.4079,0.0000,0.0000,0.0000,0.0000,6.0,nan
475,4.36e-04,1.4036,0.0000,0.0000,0.0000,0.0000,5.9,nan
476,4.36e-04,1.5300,0.0000,0.0000,0.0000,0.0000,5.7,nan
477,4.35e-04,1.5557,0.0000,0.0000,0.0000,0.0000,5.6,nan
478,4.35e-04,1.4699,0.0000,0.0000,0.0000,0.0000,5.7,nan
479,4.35e-04,1.2380,0.0000,0.0000,0.0000,0.0000,5.7,nan
480,4.35e-04,1.5100,0.0000,0.0000,0.0000,0.0000,8.6,0.6780
481,4.34e-04,1.1205,0.0000,0.0000,0.0000,0.0000,5.7,nan
482,4.34e-04,1.4329,0.0000,0.0000,0.0000,0.0000,5.8,nan
483,4.34e-04,1.5010,0.0000,0.0000,0.0000,0.0000,5.8,nan
484,4.34e-04,1.4151,0.0000,0.0000,0.0000,0.0000,5.8,nan
485,4.33e-04,1.2875,0.0000,0.0000,0.0000,0.0000,5.6,nan
486,4.33e-04,1.2609,0.0000,0.0000,0.0000,0.0000,5.8,nan
487,4.33e-04,1.0249,0.0000,0.0000,0.0000,0.0000,5.8,nan
488,4.33e-04,1.3835,0.0000,0.0000,0.0000,0.0000,5.7,nan
489,4.32e-04,1.5710,0.0000,0.0000,0.0000,0.0000,5.6,nan
490,4.32e-04,1.1764,0.0000,0.0000,0.0000,0.0000,5.7,nan
491,4.32e-04,1.3493,0.0000,0.0000,0.0000,0.0000,5.8,nan
492,4.31e-04,1.3079,0.0000,0.0000,0.0000,0.0000,5.6,nan
493,4.31e-04,1.2415,0.0000,0.0000,0.0000,0.0000,5.5,nan
494,4.31e-04,1.5805,0.0000,0.0000,0.0000,0.0000,5.7,nan
495,4.31e-04,1.3269,0.0000,0.0000,0.0000,0.0000,5.5,nan
496,4.30e-04,1.3596,0.0000,0.0000,0.0000,0.0000,5.7,nan
497,4.30e-04,1.3158,0.0000,0.0000,0.0000,0.0000,5.7,nan
498,4.30e-04,1.4683,0.0000,0.0000,0.0000,0.0000,5.6,nan
499,4.30e-04,1.2055,0.0000,0.0000,0.0000,0.0000,5.7,nan
500,4.29e-04,1.5073,0.0000,0.0000,0.0000,0.0000,8.7,0.6504
501,4.29e-04,1.1672,0.0000,0.0000,0.0000,0.0000,5.7,nan
502,4.29e-04,1.4095,0.0000,0.0000,0.0000,0.0000,5.6,nan
503,4.29e-04,1.3640,0.0000,0.0000,0.0000,0.0000,5.7,nan
504,4.28e-04,1.1848,0.0000,0.0000,0.0000,0.0000,5.7,nan
505,4.28e-04,1.4759,0.0000,0.0000,0.0000,0.0000,5.6,nan
506,4.28e-04,1.2708,0.0000,0.0000,0.0000,0.0000,5.7,nan
507,4.27e-04,1.0360,0.0000,0.0000,0.0000,0.0000,5.7,nan
508,4.27e-04,1.4460,0.0000,0.0000,0.0000,0.0000,5.7,nan
509,4.27e-04,1.1415,0.0000,0.0000,0.0000,0.0000,5.7,nan
510,4.27e-04,1.2052,0.0000,0.0000,0.0000,0.0000,5.7,nan
511,4.26e-04,1.2469,0.0000,0.0000,0.0000,0.0000,5.8,nan
512,4.26e-04,1.2269,0.0000,0.0000,0.0000,0.0000,5.6,nan
513,4.26e-04,1.0260,0.0000,0.0000,0.0000,0.0000,5.7,nan
514,4.25e-04,1.2473,0.0000,0.0000,0.0000,0.0000,5.8,nan
515,4.25e-04,1.2736,0.0000,0.0000,0.0000,0.0000,5.8,nan
516,4.25e-04,0.9209,0.0000,0.0000,0.0000,0.0000,5.7,nan
517,4.25e-04,1.1326,0.0000,0.0000,0.0000,0.0000,5.6,nan
518,4.24e-04,1.6183,0.0000,0.0000,0.0000,0.0000,5.8,nan
519,4.24e-04,1.2124,0.0000,0.0000,0.0000,0.0000,5.9,nan
520,4.24e-04,0.9154,0.0000,0.0000,0.0000,0.0000,8.8,0.6525
521,4.23e-04,1.0944,0.0000,0.0000,0.0000,0.0000,5.7,nan
522,4.23e-04,1.2968,0.0000,0.0000,0.0000,0.0000,5.6,nan
523,4.23e-04,1.3033,0.0000,0.0000,0.0000,0.0000,5.8,nan
524,4.23e-04,1.2581,0.0000,0.0000,0.0000,0.0000,5.8,nan
525,4.22e-04,1.2815,0.0000,0.0000,0.0000,0.0000,5.7,nan
526,4.22e-04,0.9627,0.0000,0.0000,0.0000,0.0000,5.6,nan
527,4.22e-04,1.2963,0.0000,0.0000,0.0000,0.0000,5.8,nan
528,4.21e-04,1.3964,0.0000,0.0000,0.0000,0.0000,5.8,nan
529,4.21e-04,1.1940,0.0000,0.0000,0.0000,0.0000,5.7,nan
530,4.21e-04,1.2754,0.0000,0.0000,0.0000,0.0000,5.6,nan
531,4.21e-04,1.3616,0.0000,0.0000,0.0000,0.0000,6.2,nan
532,4.20e-04,1.5496,0.0000,0.0000,0.0000,0.0000,5.9,nan
533,4.20e-04,1.2595,0.0000,0.0000,0.0000,0.0000,5.7,nan
534,4.20e-04,1.0695,0.0000,0.0000,0.0000,0.0000,5.7,nan
535,4.19e-04,1.3915,0.0000,0.0000,0.0000,0.0000,5.6,nan
536,4.19e-04,1.3494,0.0000,0.0000,0.0000,0.0000,5.7,nan
537,4.19e-04,1.6905,0.0000,0.0000,0.0000,0.0000,5.8,nan
538,4.19e-04,1.5247,0.0000,0.0000,0.0000,0.0000,5.7,nan
539,4.18e-04,1.1724,0.0000,0.0000,0.0000,0.0000,5.7,nan
540,4.18e-04,1.0694,0.0000,0.0000,0.0000,0.0000,9.1,0.6801
541,4.18e-04,1.2914,0.0000,0.0000,0.0000,0.0000,5.7,nan
542,4.17e-04,1.1856,0.0000,0.0000,0.0000,0.0000,6.0,nan
543,4.17e-04,1.2367,0.0000,0.0000,0.0000,0.0000,6.0,nan
544,4.17e-04,1.3802,0.0000,0.0000,0.0000,0.0000,5.7,nan
545,4.17e-04,1.1764,0.0000,0.0000,0.0000,0.0000,6.0,nan
546,4.16e-04,1.2020,0.0000,0.0000,0.0000,0.0000,5.8,nan
547,4.16e-04,1.4247,0.0000,0.0000,0.0000,0.0000,5.8,nan
548,4.16e-04,1.0183,0.0000,0.0000,0.0000,0.0000,5.6,nan
549,4.15e-04,1.5056,0.0000,0.0000,0.0000,0.0000,5.6,nan
550,4.15e-04,1.2890,0.0000,0.0000,0.0000,0.0000,5.8,nan
551,4.15e-04,1.1951,0.0000,0.0000,0.0000,0.0000,5.7,nan
552,4.15e-04,1.1716,0.0000,0.0000,0.0000,0.0000,5.6,nan
553,4.14e-04,1.4407,0.0000,0.0000,0.0000,0.0000,5.8,nan
554,4.14e-04,1.1665,0.0000,0.0000,0.0000,0.0000,5.7,nan
555,4.14e-04,1.4090,0.0000,0.0000,0.0000,0.0000,5.7,nan
556,4.13e-04,1.3444,0.0000,0.0000,0.0000,0.0000,5.7,nan
557,4.13e-04,1.1804,0.0000,0.0000,0.0000,0.0000,5.7,nan
558,4.13e-04,1.5263,0.0000,0.0000,0.0000,0.0000,5.7,nan
559,4.12e-04,1.1837,0.0000,0.0000,0.0000,0.0000,5.7,nan
560,4.12e-04,1.0840,0.0000,0.0000,0.0000,0.0000,8.6,0.6229
561,4.12e-04,1.2743,0.0000,0.0000,0.0000,0.0000,5.8,nan
562,4.12e-04,1.1589,0.0000,0.0000,0.0000,0.0000,5.6,nan
563,4.11e-04,1.1847,0.0000,0.0000,0.0000,0.0000,5.7,nan
564,4.11e-04,1.3724,0.0000,0.0000,0.0000,0.0000,5.8,nan
565,4.11e-04,1.4385,0.0000,0.0000,0.0000,0.0000,5.8,nan
566,4.10e-04,1.4903,0.0000,0.0000,0.0000,0.0000,5.7,nan
567,4.10e-04,1.4150,0.0000,0.0000,0.0000,0.0000,5.6,nan
568,4.10e-04,1.2347,0.0000,0.0000,0.0000,0.0000,5.9,nan
569,4.09e-04,1.2055,0.0000,0.0000,0.0000,0.0000,5.7,nan
570,4.09e-04,1.1195,0.0000,0.0000,0.0000,0.0000,5.7,nan
571,4.09e-04,1.3365,0.0000,0.0000,0.0000,0.0000,5.6,nan
572,4.09e-04,1.3277,0.0000,0.0000,0.0000,0.0000,5.7,nan
573,4.08e-04,1.2433,0.0000,0.0000,0.0000,0.0000,5.7,nan
574,4.08e-04,1.3692,0.0000,0.0000,0.0000,0.0000,5.6,nan
575,4.08e-04,1.4183,0.0000,0.0000,0.0000,0.0000,5.7,nan
576,4.07e-04,1.4489,0.0000,0.0000,0.0000,0.0000,5.9,nan
577,4.07e-04,1.3671,0.0000,0.0000,0.0000,0.0000,5.8,nan
578,4.07e-04,1.2042,0.0000,0.0000,0.0000,0.0000,5.7,nan
579,4.06e-04,1.2689,0.0000,0.0000,0.0000,0.0000,5.7,nan
580,4.06e-04,1.3451,0.0000,0.0000,0.0000,0.0000,8.8,0.6483
581,4.06e-04,1.3410,0.0000,0.0000,0.0000,0.0000,5.7,nan
582,4.05e-04,1.4165,0.0000,0.0000,0.0000,0.0000,5.6,nan
583,4.05e-04,1.3135,0.0000,0.0000,0.0000,0.0000,5.7,nan
584,4.05e-04,1.3037,0.0000,0.0000,0.0000,0.0000,5.8,nan
585,4.05e-04,1.3621,0.0000,0.0000,0.0000,0.0000,5.7,nan
586,4.04e-04,1.2680,0.0000,0.0000,0.0000,0.0000,5.6,nan
587,4.04e-04,1.3679,0.0000,0.0000,0.0000,0.0000,5.7,nan
588,4.04e-04,1.4620,0.0000,0.0000,0.0000,0.0000,5.7,nan
589,4.03e-04,1.3442,0.0000,0.0000,0.0000,0.0000,5.6,nan
590,4.03e-04,1.1586,0.0000,0.0000,0.0000,0.0000,5.7,nan
591,4.03e-04,1.0668,0.0000,0.0000,0.0000,0.0000,5.7,nan
592,4.02e-04,1.2594,0.0000,0.0000,0.0000,0.0000,5.8,nan
593,4.02e-04,1.2614,0.0000,0.0000,0.0000,0.0000,5.6,nan
594,4.02e-04,1.1582,0.0000,0.0000,0.0000,0.0000,5.8,nan
595,4.01e-04,1.0523,0.0000,0.0000,0.0000,0.0000,5.7,nan
596,4.01e-04,1.3162,0.0000,0.0000,0.0000,0.0000,5.8,nan
597,4.01e-04,1.1829,0.0000,0.0000,0.0000,0.0000,5.8,nan
598,4.01e-04,1.3308,0.0000,0.0000,0.0000,0.0000,5.6,nan
599,4.00e-04,1.3513,0.0000,0.0000,0.0000,0.0000,5.8,nan
600,4.00e-04,1.1678,0.0000,0.0000,0.0000,0.0000,8.9,0.6886
601,4.00e-04,1.1383,0.0000,0.0000,0.0000,0.0000,5.7,nan
602,3.99e-04,1.0982,0.0000,0.0000,0.0000,0.0000,5.7,nan
603,3.99e-04,1.3531,0.0000,0.0000,0.0000,0.0000,5.6,nan
604,3.99e-04,1.0533,0.0000,0.0000,0.0000,0.0000,5.7,nan
605,3.98e-04,1.3801,0.0000,0.0000,0.0000,0.0000,5.6,nan
606,3.98e-04,1.1398,0.0000,0.0000,0.0000,0.0000,5.6,nan
607,3.98e-04,1.2985,0.0000,0.0000,0.0000,0.0000,5.8,nan
608,3.97e-04,1.4653,0.0000,0.0000,0.0000,0.0000,5.7,nan
609,3.97e-04,1.3865,0.0000,0.0000,0.0000,0.0000,5.7,nan
610,3.97e-04,1.3561,0.0000,0.0000,0.0000,0.0000,5.6,nan
611,3.96e-04,1.1447,0.0000,0.0000,0.0000,0.0000,5.7,nan
612,3.96e-04,0.9606,0.0000,0.0000,0.0000,0.0000,5.7,nan
613,3.96e-04,1.0558,0.0000,0.0000,0.0000,0.0000,5.6,nan
614,3.95e-04,1.3267,0.0000,0.0000,0.0000,0.0000,5.7,nan
615,3.95e-04,1.3504,0.0000,0.0000,0.0000,0.0000,5.7,nan
616,3.95e-04,1.4745,0.0000,0.0000,0.0000,0.0000,5.6,nan
617,3.95e-04,1.3621,0.0000,0.0000,0.0000,0.0000,5.8,nan
618,3.94e-04,1.3226,0.0000,0.0000,0.0000,0.0000,5.7,nan
619,3.94e-04,1.2315,0.0000,0.0000,0.0000,0.0000,5.6,nan
620,3.94e-04,1.0642,0.0000,0.0000,0.0000,0.0000,8.7,0.6547
621,3.93e-04,1.2325,0.0000,0.0000,0.0000,0.0000,5.7,nan
622,3.93e-04,1.0861,0.0000,0.0000,0.0000,0.0000,5.7,nan
623,3.93e-04,1.2325,0.0000,0.0000,0.0000,0.0000,5.6,nan
624,3.92e-04,1.2849,0.0000,0.0000,0.0000,0.0000,5.7,nan
625,3.92e-04,1.2451,0.0000,0.0000,0.0000,0.0000,5.9,nan
626,3.92e-04,1.1927,0.0000,0.0000,0.0000,0.0000,5.7,nan
627,3.91e-04,0.9820,0.0000,0.0000,0.0000,0.0000,5.6,nan
628,3.91e-04,1.4737,0.0000,0.0000,0.0000,0.0000,5.7,nan
629,3.91e-04,1.1846,0.0000,0.0000,0.0000,0.0000,5.6,nan
630,3.90e-04,1.1795,0.0000,0.0000,0.0000,0.0000,5.7,nan
631,3.90e-04,1.2730,0.0000,0.0000,0.0000,0.0000,5.7,nan
632,3.90e-04,0.8393,0.0000,0.0000,0.0000,0.0000,5.7,nan
633,3.89e-04,1.0023,0.0000,0.0000,0.0000,0.0000,5.6,nan
634,3.89e-04,1.0567,0.0000,0.0000,0.0000,0.0000,5.6,nan
635,3.89e-04,1.2092,0.0000,0.0000,0.0000,0.0000,5.8,nan
636,3.88e-04,1.1484,0.0000,0.0000,0.0000,0.0000,5.7,nan
637,3.88e-04,1.2843,0.0000,0.0000,0.0000,0.0000,5.6,nan
638,3.88e-04,1.1301,0.0000,0.0000,0.0000,0.0000,5.7,nan
639,3.87e-04,1.2532,0.0000,0.0000,0.0000,0.0000,5.7,nan
640,3.87e-04,1.2094,0.0000,0.0000,0.0000,0.0000,8.9,0.6758
641,3.87e-04,1.5067,0.0000,0.0000,0.0000,0.0000,5.7,nan
642,3.86e-04,1.2135,0.0000,0.0000,0.0000,0.0000,5.7,nan
643,3.86e-04,1.2894,0.0000,0.0000,0.0000,0.0000,5.9,nan
644,3.86e-04,1.4509,0.0000,0.0000,0.0000,0.0000,5.8,nan
645,3.85e-04,1.0753,0.0000,0.0000,0.0000,0.0000,5.8,nan
646,3.85e-04,1.0051,0.0000,0.0000,0.0000,0.0000,5.8,nan
647,3.85e-04,1.3095,0.0000,0.0000,0.0000,0.0000,5.6,nan
648,3.84e-04,1.1520,0.0000,0.0000,0.0000,0.0000,5.9,nan
649,3.84e-04,1.3509,0.0000,0.0000,0.0000,0.0000,5.8,nan
650,3.84e-04,1.2696,0.0000,0.0000,0.0000,0.0000,5.7,nan
651,3.83e-04,1.1049,0.0000,0.0000,0.0000,0.0000,5.7,nan
652,3.83e-04,1.2108,0.0000,0.0000,0.0000,0.0000,5.8,nan
653,3.83e-04,1.2252,0.0000,0.0000,0.0000,0.0000,5.7,nan
654,3.82e-04,1.1109,0.0000,0.0000,0.0000,0.0000,5.7,nan
655,3.82e-04,1.3421,0.0000,0.0000,0.0000,0.0000,5.7,nan
656,3.82e-04,1.1403,0.0000,0.0000,0.0000,0.0000,5.7,nan
657,3.81e-04,1.0336,0.0000,0.0000,0.0000,0.0000,5.8,nan
658,3.81e-04,1.2999,0.0000,0.0000,0.0000,0.0000,5.8,nan
659,3.81e-04,1.1037,0.0000,0.0000,0.0000,0.0000,5.7,nan
660,3.80e-04,1.0267,0.0000,0.0000,0.0000,0.0000,8.7,0.6928
661,3.80e-04,1.2141,0.0000,0.0000,0.0000,0.0000,5.7,nan
662,3.80e-04,1.2065,0.0000,0.0000,0.0000,0.0000,5.8,nan
663,3.79e-04,1.0450,0.0000,0.0000,0.0000,0.0000,5.8,nan
664,3.79e-04,1.2592,0.0000,0.0000,0.0000,0.0000,6.2,nan
665,3.79e-04,1.4900,0.0000,0.0000,0.0000,0.0000,5.7,nan
666,3.78e-04,1.2894,0.0000,0.0000,0.0000,0.0000,5.7,nan
667,3.78e-04,0.9761,0.0000,0.0000,0.0000,0.0000,5.8,nan
668,3.78e-04,1.2065,0.0000,0.0000,0.0000,0.0000,5.7,nan
669,3.77e-04,0.8361,0.0000,0.0000,0.0000,0.0000,5.8,nan
670,3.77e-04,1.1268,0.0000,0.0000,0.0000,0.0000,5.6,nan
671,3.77e-04,1.1926,0.0000,0.0000,0.0000,0.0000,5.7,nan
672,3.76e-04,1.2200,0.0000,0.0000,0.0000,0.0000,5.7,nan
673,3.76e-04,1.2088,0.0000,0.0000,0.0000,0.0000,5.6,nan
674,3.76e-04,1.2895,0.0000,0.0000,0.0000,0.0000,5.7,nan
675,3.75e-04,1.5697,0.0000,0.0000,0.0000,0.0000,5.7,nan
676,3.75e-04,1.2052,0.0000,0.0000,0.0000,0.0000,5.5,nan
677,3.75e-04,1.2663,0.0000,0.0000,0.0000,0.0000,5.6,nan
678,3.74e-04,1.2843,0.0000,0.0000,0.0000,0.0000,5.6,nan
679,3.74e-04,1.0752,0.0000,0.0000,0.0000,0.0000,6.1,nan
680,3.74e-04,1.0233,0.0000,0.0000,0.0000,0.0000,8.7,0.6589
681,3.73e-04,1.3631,0.0000,0.0000,0.0000,0.0000,5.7,nan
682,3.73e-04,0.9232,0.0000,0.0000,0.0000,0.0000,5.8,nan
683,3.73e-04,0.8814,0.0000,0.0000,0.0000,0.0000,5.8,nan
684,3.72e-04,1.2448,0.0000,0.0000,0.0000,0.0000,5.8,nan
685,3.72e-04,1.4463,0.0000,0.0000,0.0000,0.0000,5.7,nan
686,3.72e-04,1.2523,0.0000,0.0000,0.0000,0.0000,5.6,nan
687,3.71e-04,1.2581,0.0000,0.0000,0.0000,0.0000,5.7,nan
688,3.71e-04,1.2429,0.0000,0.0000,0.0000,0.0000,5.6,nan
689,3.71e-04,0.9794,0.0000,0.0000,0.0000,0.0000,5.7,nan
690,3.70e-04,1.1060,0.0000,0.0000,0.0000,0.0000,5.8,nan
691,3.70e-04,1.0543,0.0000,0.0000,0.0000,0.0000,5.7,nan
692,3.70e-04,1.3941,0.0000,0.0000,0.0000,0.0000,5.6,nan
693,3.69e-04,1.2889,0.0000,0.0000,0.0000,0.0000,5.6,nan
694,3.69e-04,1.2206,0.0000,0.0000,0.0000,0.0000,5.8,nan
695,3.69e-04,1.3501,0.0000,0.0000,0.0000,0.0000,5.6,nan
696,3.68e-04,1.1667,0.0000,0.0000,0.0000,0.0000,5.8,nan
697,3.68e-04,1.0160,0.0000,0.0000,0.0000,0.0000,5.7,nan
698,3.68e-04,1.1729,0.0000,0.0000,0.0000,0.0000,5.7,nan
699,3.67e-04,1.1560,0.0000,0.0000,0.0000,0.0000,5.8,nan
700,3.67e-04,1.1233,0.0000,0.0000,0.0000,0.0000,8.9,0.6398
701,3.66e-04,1.1851,0.0000,0.0000,0.0000,0.0000,5.7,nan
702,3.66e-04,1.2738,0.0000,0.0000,0.0000,0.0000,5.7,nan
703,3.66e-04,1.3302,0.0000,0.0000,0.0000,0.0000,5.7,nan
704,3.65e-04,1.0744,0.0000,0.0000,0.0000,0.0000,5.7,nan
705,3.65e-04,1.2458,0.0000,0.0000,0.0000,0.0000,5.5,nan
706,3.65e-04,1.1950,0.0000,0.0000,0.0000,0.0000,5.7,nan
707,3.64e-04,0.8769,0.0000,0.0000,0.0000,0.0000,5.7,nan
708,3.64e-04,1.2507,0.0000,0.0000,0.0000,0.0000,5.6,nan
709,3.64e-04,1.0281,0.0000,0.0000,0.0000,0.0000,5.6,nan
710,3.63e-04,1.0903,0.0000,0.0000,0.0000,0.0000,5.7,nan
711,3.63e-04,0.8503,0.0000,0.0000,0.0000,0.0000,5.7,nan
712,3.63e-04,1.0806,0.0000,0.0000,0.0000,0.0000,5.7,nan
713,3.62e-04,0.9646,0.0000,0.0000,0.0000,0.0000,5.7,nan
714,3.62e-04,1.1914,0.0000,0.0000,0.0000,0.0000,5.7,nan
715,3.62e-04,1.3123,0.0000,0.0000,0.0000,0.0000,5.7,nan
716,3.61e-04,1.2260,0.0000,0.0000,0.0000,0.0000,5.7,nan
717,3.61e-04,1.0509,0.0000,0.0000,0.0000,0.0000,5.8,nan
718,3.61e-04,1.0198,0.0000,0.0000,0.0000,0.0000,5.7,nan
719,3.60e-04,1.2273,0.0000,0.0000,0.0000,0.0000,5.7,nan
720,3.60e-04,1.0918,0.0000,0.0000,0.0000,0.0000,8.7,0.6737
721,3.59e-04,1.2479,0.0000,0.0000,0.0000,0.0000,5.7,nan
722,3.59e-04,1.1860,0.0000,0.0000,0.0000,0.0000,5.7,nan
723,3.59e-04,1.2278,0.0000,0.0000,0.0000,0.0000,5.7,nan
724,3.58e-04,1.0739,0.0000,0.0000,0.0000,0.0000,5.7,nan
725,3.58e-04,0.9069,0.0000,0.0000,0.0000,0.0000,5.7,nan
726,3.58e-04,1.2968,0.0000,0.0000,0.0000,0.0000,5.7,nan
727,3.57e-04,1.1266,0.0000,0.0000,0.0000,0.0000,5.7,nan
728,3.57e-04,1.2178,0.0000,0.0000,0.0000,0.0000,5.6,nan
729,3.57e-04,1.1567,0.0000,0.0000,0.0000,0.0000,5.7,nan
730,3.56e-04,1.2768,0.0000,0.0000,0.0000,0.0000,5.9,nan
731,3.56e-04,1.2695,0.0000,0.0000,0.0000,0.0000,5.7,nan
732,3.56e-04,1.1663,0.0000,0.0000,0.0000,0.0000,5.8,nan
733,3.55e-04,1.1694,0.0000,0.0000,0.0000,0.0000,5.6,nan
734,3.55e-04,1.1180,0.0000,0.0000,0.0000,0.0000,5.8,nan
735,3.55e-04,1.0875,0.0000,0.0000,0.0000,0.0000,5.8,nan
736,3.54e-04,1.3119,0.0000,0.0000,0.0000,0.0000,5.7,nan
737,3.54e-04,1.5030,0.0000,0.0000,0.0000,0.0000,5.6,nan
738,3.53e-04,1.3705,0.0000,0.0000,0.0000,0.0000,5.7,nan
739,3.53e-04,1.2235,0.0000,0.0000,0.0000,0.0000,5.6,nan
740,3.53e-04,1.1502,0.0000,0.0000,0.0000,0.0000,8.7,0.6504
741,3.52e-04,0.9510,0.0000,0.0000,0.0000,0.0000,5.7,nan
742,3.52e-04,0.9378,0.0000,0.0000,0.0000,0.0000,5.8,nan
743,3.52e-04,1.2683,0.0000,0.0000,0.0000,0.0000,5.7,nan
744,3.51e-04,1.2822,0.0000,0.0000,0.0000,0.0000,5.5,nan
745,3.51e-04,1.0301,0.0000,0.0000,0.0000,0.0000,5.8,nan
746,3.51e-04,1.0533,0.0000,0.0000,0.0000,0.0000,5.7,nan
747,3.50e-04,1.3063,0.0000,0.0000,0.0000,0.0000,5.6,nan
748,3.50e-04,1.0257,0.0000,0.0000,0.0000,0.0000,5.7,nan
749,3.50e-04,1.2041,0.0000,0.0000,0.0000,0.0000,5.8,nan
750,3.49e-04,1.3420,0.0000,0.0000,0.0000,0.0000,5.6,nan
751,3.49e-04,1.0039,0.0000,0.0000,0.0000,0.0000,5.6,nan
752,3.48e-04,1.2917,0.0000,0.0000,0.0000,0.0000,5.8,nan
753,3.48e-04,1.0329,0.0000,0.0000,0.0000,0.0000,5.7,nan
754,3.48e-04,1.0426,0.0000,0.0000,0.0000,0.0000,5.6,nan
755,3.47e-04,1.2319,0.0000,0.0000,0.0000,0.0000,5.8,nan
756,3.47e-04,1.3325,0.0000,0.0000,0.0000,0.0000,5.8,nan
757,3.47e-04,0.7161,0.0000,0.0000,0.0000,0.0000,5.6,nan
758,3.46e-04,1.2934,0.0000,0.0000,0.0000,0.0000,5.7,nan
759,3.46e-04,1.1228,0.0000,0.0000,0.0000,0.0000,5.7,nan
760,3.46e-04,1.3109,0.0000,0.0000,0.0000,0.0000,8.8,0.6843
761,3.45e-04,0.9912,0.0000,0.0000,0.0000,0.0000,5.7,nan
762,3.45e-04,1.2334,0.0000,0.0000,0.0000,0.0000,5.6,nan
763,3.44e-04,1.0622,0.0000,0.0000,0.0000,0.0000,5.9,nan
764,3.44e-04,1.2946,0.0000,0.0000,0.0000,0.0000,5.8,nan
765,3.44e-04,1.0765,0.0000,0.0000,0.0000,0.0000,5.9,nan
766,3.43e-04,1.2476,0.0000,0.0000,0.0000,0.0000,5.9,nan
767,3.43e-04,1.2147,0.0000,0.0000,0.0000,0.0000,5.6,nan
768,3.43e-04,1.3435,0.0000,0.0000,0.0000,0.0000,5.7,nan
769,3.42e-04,1.0975,0.0000,0.0000,0.0000,0.0000,5.8,nan
770,3.42e-04,1.2884,0.0000,0.0000,0.0000,0.0000,5.8,nan
771,3.42e-04,1.0289,0.0000,0.0000,0.0000,0.0000,5.8,nan
772,3.41e-04,1.3084,0.0000,0.0000,0.0000,0.0000,5.7,nan
773,3.41e-04,1.1609,0.0000,0.0000,0.0000,0.0000,5.8,nan
774,3.40e-04,1.1276,0.0000,0.0000,0.0000,0.0000,5.8,nan
775,3.40e-04,1.0769,0.0000,0.0000,0.0000,0.0000,5.8,nan
776,3.40e-04,1.1199,0.0000,0.0000,0.0000,0.0000,5.7,nan
777,3.39e-04,1.2160,0.0000,0.0000,0.0000,0.0000,5.8,nan
778,3.39e-04,1.2003,0.0000,0.0000,0.0000,0.0000,5.7,nan
779,3.39e-04,1.3046,0.0000,0.0000,0.0000,0.0000,5.8,nan
780,3.38e-04,1.0375,0.0000,0.0000,0.0000,0.0000,8.7,0.6970
781,3.38e-04,1.1342,0.0000,0.0000,0.0000,0.0000,5.7,nan
782,3.38e-04,1.4224,0.0000,0.0000,0.0000,0.0000,5.8,nan
783,3.37e-04,1.1384,0.0000,0.0000,0.0000,0.0000,5.7,nan
784,3.37e-04,1.0957,0.0000,0.0000,0.0000,0.0000,5.7,nan
785,3.36e-04,1.3497,0.0000,0.0000,0.0000,0.0000,5.7,nan
786,3.36e-04,1.1467,0.0000,0.0000,0.0000,0.0000,5.7,nan
787,3.36e-04,1.1988,0.0000,0.0000,0.0000,0.0000,5.7,nan
788,3.35e-04,1.1222,0.0000,0.0000,0.0000,0.0000,5.6,nan
789,3.35e-04,1.1335,0.0000,0.0000,0.0000,0.0000,5.7,nan
790,3.35e-04,1.2629,0.0000,0.0000,0.0000,0.0000,5.6,nan
791,3.34e-04,0.9706,0.0000,0.0000,0.0000,0.0000,5.7,nan
792,3.34e-04,1.1796,0.0000,0.0000,0.0000,0.0000,5.6,nan
793,3.33e-04,1.2179,0.0000,0.0000,0.0000,0.0000,5.7,nan
794,3.33e-04,0.9893,0.0000,0.0000,0.0000,0.0000,5.6,nan
795,3.33e-04,0.9519,0.0000,0.0000,0.0000,0.0000,5.7,nan
796,3.32e-04,1.3122,0.0000,0.0000,0.0000,0.0000,5.7,nan
797,3.32e-04,0.9470,0.0000,0.0000,0.0000,0.0000,5.6,nan
798,3.32e-04,1.1370,0.0000,0.0000,0.0000,0.0000,5.7,nan
799,3.31e-04,1.2604,0.0000,0.0000,0.0000,0.0000,5.8,nan
800,3.31e-04,1.1297,0.0000,0.0000,0.0000,0.0000,8.9,0.6992
801,3.31e-04,0.7290,0.0000,0.0000,0.0000,0.0000,5.7,nan
802,3.30e-04,1.2996,0.0000,0.0000,0.0000,0.0000,5.6,nan
803,3.30e-04,1.1792,0.0000,0.0000,0.0000,0.0000,5.7,nan
804,3.29e-04,1.1007,0.0000,0.0000,0.0000,0.0000,5.7,nan
805,3.29e-04,1.1960,0.0000,0.0000,0.0000,0.0000,5.7,nan
806,3.29e-04,0.9982,0.0000,0.0000,0.0000,0.0000,5.6,nan
807,3.28e-04,1.2626,0.0000,0.0000,0.0000,0.0000,5.8,nan
808,3.28e-04,1.0209,0.0000,0.0000,0.0000,0.0000,5.8,nan
809,3.28e-04,1.4551,0.0000,0.0000,0.0000,0.0000,5.8,nan
810,3.27e-04,0.9711,0.0000,0.0000,0.0000,0.0000,5.6,nan
811,3.27e-04,1.0533,0.0000,0.0000,0.0000,0.0000,5.9,nan
812,3.26e-04,0.9568,0.0000,0.0000,0.0000,0.0000,5.8,nan
813,3.26e-04,0.9937,0.0000,0.0000,0.0000,0.0000,5.6,nan
814,3.26e-04,1.2972,0.0000,0.0000,0.0000,0.0000,5.7,nan
815,3.25e-04,1.0227,0.0000,0.0000,0.0000,0.0000,5.7,nan
816,3.25e-04,1.2209,0.0000,0.0000,0.0000,0.0000,5.8,nan
817,3.25e-04,1.0941,0.0000,0.0000,0.0000,0.0000,5.6,nan
818,3.24e-04,0.9906,0.0000,0.0000,0.0000,0.0000,5.7,nan
819,3.24e-04,0.9181,0.0000,0.0000,0.0000,0.0000,5.8,nan
820,3.23e-04,1.0307,0.0000,0.0000,0.0000,0.0000,8.7,0.7267
821,3.23e-04,1.2514,0.0000,0.0000,0.0000,0.0000,5.7,nan
822,3.23e-04,1.0694,0.0000,0.0000,0.0000,0.0000,5.7,nan
823,3.22e-04,0.9741,0.0000,0.0000,0.0000,0.0000,5.8,nan
824,3.22e-04,1.1248,0.0000,0.0000,0.0000,0.0000,5.8,nan
825,3.22e-04,1.3638,0.0000,0.0000,0.0000,0.0000,5.8,nan
826,3.21e-04,1.3632,0.0000,0.0000,0.0000,0.0000,5.7,nan
827,3.21e-04,0.8688,0.0000,0.0000,0.0000,0.0000,5.6,nan
828,3.20e-04,1.1742,0.0000,0.0000,0.0000,0.0000,5.8,nan
829,3.20e-04,1.3105,0.0000,0.0000,0.0000,0.0000,5.7,nan
830,3.20e-04,1.1433,0.0000,0.0000,0.0000,0.0000,5.6,nan
831,3.19e-04,0.9815,0.0000,0.0000,0.0000,0.0000,5.7,nan
832,3.19e-04,1.1620,0.0000,0.0000,0.0000,0.0000,5.7,nan
833,3.19e-04,1.3225,0.0000,0.0000,0.0000,0.0000,5.7,nan
834,3.18e-04,1.1048,0.0000,0.0000,0.0000,0.0000,5.6,nan
835,3.18e-04,1.0503,0.0000,0.0000,0.0000,0.0000,5.7,nan
836,3.17e-04,0.8847,0.0000,0.0000,0.0000,0.0000,5.7,nan
837,3.17e-04,1.1759,0.0000,0.0000,0.0000,0.0000,5.6,nan
838,3.17e-04,1.1256,0.0000,0.0000,0.0000,0.0000,5.8,nan
839,3.16e-04,1.3272,0.0000,0.0000,0.0000,0.0000,5.8,nan
840,3.16e-04,1.0850,0.0000,0.0000,0.0000,0.0000,8.7,0.6441
841,3.16e-04,1.1653,0.0000,0.0000,0.0000,0.0000,5.6,nan
842,3.15e-04,1.1360,0.0000,0.0000,0.0000,0.0000,5.8,nan
843,3.15e-04,1.3759,0.0000,0.0000,0.0000,0.0000,5.7,nan
844,3.14e-04,1.0736,0.0000,0.0000,0.0000,0.0000,5.6,nan
845,3.14e-04,1.1768,0.0000,0.0000,0.0000,0.0000,5.6,nan
846,3.14e-04,1.1573,0.0000,0.0000,0.0000,0.0000,5.8,nan
847,3.13e-04,0.9707,0.0000,0.0000,0.0000,0.0000,5.6,nan
848,3.13e-04,1.2827,0.0000,0.0000,0.0000,0.0000,5.7,nan
849,3.12e-04,1.3362,0.0000,0.0000,0.0000,0.0000,5.8,nan
850,3.12e-04,0.8509,0.0000,0.0000,0.0000,0.0000,5.7,nan
851,3.12e-04,0.9514,0.0000,0.0000,0.0000,0.0000,5.6,nan
852,3.11e-04,1.0964,0.0000,0.0000,0.0000,0.0000,5.7,nan
853,3.11e-04,1.3410,0.0000,0.0000,0.0000,0.0000,5.8,nan
854,3.11e-04,0.8763,0.0000,0.0000,0.0000,0.0000,5.7,nan
855,3.10e-04,1.3935,0.0000,0.0000,0.0000,0.0000,5.6,nan
856,3.10e-04,1.1615,0.0000,0.0000,0.0000,0.0000,5.7,nan
857,3.09e-04,1.0896,0.0000,0.0000,0.0000,0.0000,5.7,nan
858,3.09e-04,1.2642,0.0000,0.0000,0.0000,0.0000,5.7,nan
859,3.09e-04,1.3957,0.0000,0.0000,0.0000,0.0000,5.6,nan
860,3.08e-04,1.1571,0.0000,0.0000,0.0000,0.0000,8.8,0.6737
861,3.08e-04,1.1682,0.0000,0.0000,0.0000,0.0000,5.7,nan
862,3.08e-04,1.2499,0.0000,0.0000,0.0000,0.0000,5.8,nan
863,3.07e-04,1.0691,0.0000,0.0000,0.0000,0.0000,5.7,nan
864,3.07e-04,1.0645,0.0000,0.0000,0.0000,0.0000,5.6,nan
865,3.06e-04,0.9236,0.0000,0.0000,0.0000,0.0000,5.6,nan
866,3.06e-04,1.3041,0.0000,0.0000,0.0000,0.0000,6.0,nan
867,3.06e-04,1.3144,0.0000,0.0000,0.0000,0.0000,5.8,nan
868,3.05e-04,1.0592,0.0000,0.0000,0.0000,0.0000,5.7,nan
869,3.05e-04,1.1125,0.0000,0.0000,0.0000,0.0000,5.7,nan
870,3.05e-04,1.1955,0.0000,0.0000,0.0000,0.0000,5.7,nan
871,3.04e-04,1.1453,0.0000,0.0000,0.0000,0.0000,5.7,nan
872,3.04e-04,0.9432,0.0000,0.0000,0.0000,0.0000,5.8,nan
873,3.03e-04,1.2636,0.0000,0.0000,0.0000,0.0000,5.6,nan
874,3.03e-04,1.1095,0.0000,0.0000,0.0000,0.0000,5.7,nan
875,3.03e-04,1.1787,0.0000,0.0000,0.0000,0.0000,5.7,nan
876,3.02e-04,1.2047,0.0000,0.0000,0.0000,0.0000,5.7,nan
877,3.02e-04,0.9669,0.0000,0.0000,0.0000,0.0000,5.7,nan
878,3.01e-04,1.1765,0.0000,0.0000,0.0000,0.0000,5.7,nan
879,3.01e-04,1.3144,0.0000,0.0000,0.0000,0.0000,5.7,nan
880,3.01e-04,0.8726,0.0000,0.0000,0.0000,0.0000,8.5,0.7013
881,3.00e-04,0.9304,0.0000,0.0000,0.0000,0.0000,5.7,nan
882,3.00e-04,1.0678,0.0000,0.0000,0.0000,0.0000,5.8,nan
883,3.00e-04,1.0607,0.0000,0.0000,0.0000,0.0000,5.7,nan
884,2.99e-04,0.9074,0.0000,0.0000,0.0000,0.0000,5.7,nan
885,2.99e-04,1.3017,0.0000,0.0000,0.0000,0.0000,5.6,nan
886,2.98e-04,1.2902,0.0000,0.0000,0.0000,0.0000,5.8,nan
887,2.98e-04,1.0491,0.0000,0.0000,0.0000,0.0000,5.7,nan
888,2.98e-04,1.1012,0.0000,0.0000,0.0000,0.0000,5.6,nan
889,2.97e-04,1.0811,0.0000,0.0000,0.0000,0.0000,5.7,nan
890,2.97e-04,0.8268,0.0000,0.0000,0.0000,0.0000,5.7,nan
891,2.96e-04,1.1211,0.0000,0.0000,0.0000,0.0000,5.7,nan
892,2.96e-04,0.7930,0.0000,0.0000,0.0000,0.0000,5.8,nan
893,2.96e-04,1.2778,0.0000,0.0000,0.0000,0.0000,5.8,nan
894,2.95e-04,1.2120,0.0000,0.0000,0.0000,0.0000,5.6,nan
895,2.95e-04,1.0304,0.0000,0.0000,0.0000,0.0000,5.7,nan
896,2.95e-04,1.0382,0.0000,0.0000,0.0000,0.0000,5.7,nan
897,2.94e-04,1.2908,0.0000,0.0000,0.0000,0.0000,5.7,nan
898,2.94e-04,1.0857,0.0000,0.0000,0.0000,0.0000,5.7,nan
899,2.93e-04,1.2380,0.0000,0.0000,0.0000,0.0000,5.7,nan
900,2.93e-04,1.0608,0.0000,0.0000,0.0000,0.0000,8.7,0.6589
901,2.93e-04,1.2496,0.0000,0.0000,0.0000,0.0000,5.7,nan
902,2.92e-04,0.9547,0.0000,0.0000,0.0000,0.0000,5.7,nan
903,2.92e-04,0.9886,0.0000,0.0000,0.0000,0.0000,5.7,nan
904,2.91e-04,1.0849,0.0000,0.0000,0.0000,0.0000,5.7,nan
905,2.91e-04,1.0839,0.0000,0.0000,0.0000,0.0000,5.8,nan
906,2.91e-04,1.1426,0.0000,0.0000,0.0000,0.0000,5.6,nan
907,2.90e-04,0.9965,0.0000,0.0000,0.0000,0.0000,5.7,nan
908,2.90e-04,1.2188,0.0000,0.0000,0.0000,0.0000,5.7,nan
909,2.90e-04,0.9323,0.0000,0.0000,0.0000,0.0000,6.0,nan
910,2.89e-04,1.0352,0.0000,0.0000,0.0000,0.0000,5.8,nan
911,2.89e-04,1.1062,0.0000,0.0000,0.0000,0.0000,5.8,nan
912,2.88e-04,1.0024,0.0000,0.0000,0.0000,0.0000,5.6,nan
913,2.88e-04,1.3297,0.0000,0.0000,0.0000,0.0000,5.7,nan
914,2.88e-04,1.2583,0.0000,0.0000,0.0000,0.0000,5.8,nan
915,2.87e-04,1.0637,0.0000,0.0000,0.0000,0.0000,5.7,nan
916,2.87e-04,1.2685,0.0000,0.0000,0.0000,0.0000,5.6,nan
917,2.86e-04,1.1455,0.0000,0.0000,0.0000,0.0000,5.7,nan
918,2.86e-04,1.1797,0.0000,0.0000,0.0000,0.0000,5.6,nan
919,2.86e-04,0.8522,0.0000,0.0000,0.0000,0.0000,5.6,nan
920,2.85e-04,1.1290,0.0000,0.0000,0.0000,0.0000,8.6,0.6568
921,2.85e-04,1.0797,0.0000,0.0000,0.0000,0.0000,5.7,nan
922,2.84e-04,1.3068,0.0000,0.0000,0.0000,0.0000,5.6,nan
923,2.84e-04,1.1116,0.0000,0.0000,0.0000,0.0000,5.7,nan
924,2.84e-04,1.3123,0.0000,0.0000,0.0000,0.0000,5.7,nan
925,2.83e-04,0.9877,0.0000,0.0000,0.0000,0.0000,5.7,nan
926,2.83e-04,1.1770,0.0000,0.0000,0.0000,0.0000,5.5,nan
927,2.83e-04,1.0099,0.0000,0.0000,0.0000,0.0000,5.7,nan
928,2.82e-04,1.1684,0.0000,0.0000,0.0000,0.0000,5.6,nan
929,2.82e-04,1.3426,0.0000,0.0000,0.0000,0.0000,5.8,nan
930,2.81e-04,0.8610,0.0000,0.0000,0.0000,0.0000,5.8,nan
931,2.81e-04,1.2421,0.0000,0.0000,0.0000,0.0000,5.8,nan
932,2.81e-04,1.0330,0.0000,0.0000,0.0000,0.0000,5.7,nan
933,2.80e-04,0.9968,0.0000,0.0000,0.0000,0.0000,5.7,nan
934,2.80e-04,0.8905,0.0000,0.0000,0.0000,0.0000,5.8,nan
935,2.79e-04,1.0768,0.0000,0.0000,0.0000,0.0000,5.8,nan
936,2.79e-04,1.1864,0.0000,0.0000,0.0000,0.0000,5.6,nan
937,2.79e-04,0.9213,0.0000,0.0000,0.0000,0.0000,5.7,nan
938,2.78e-04,1.1340,0.0000,0.0000,0.0000,0.0000,5.7,nan
939,2.78e-04,0.9941,0.0000,0.0000,0.0000,0.0000,5.8,nan
940,2.78e-04,0.9922,0.0000,0.0000,0.0000,0.0000,8.9,0.7076
941,2.77e-04,1.0808,0.0000,0.0000,0.0000,0.0000,5.7,nan
942,2.77e-04,1.0589,0.0000,0.0000,0.0000,0.0000,5.7,nan
943,2.76e-04,0.9003,0.0000,0.0000,0.0000,0.0000,5.7,nan
944,2.76e-04,1.0827,0.0000,0.0000,0.0000,0.0000,5.7,nan
945,2.76e-04,1.2464,0.0000,0.0000,0.0000,0.0000,5.7,nan
946,2.75e-04,1.1127,0.0000,0.0000,0.0000,0.0000,5.8,nan
947,2.75e-04,1.0443,0.0000,0.0000,0.0000,0.0000,5.8,nan
948,2.74e-04,1.2429,0.0000,0.0000,0.0000,0.0000,5.7,nan
949,2.74e-04,0.9103,0.0000,0.0000,0.0000,0.0000,5.6,nan
950,2.74e-04,1.0659,0.0000,0.0000,0.0000,0.0000,5.6,nan
951,2.73e-04,1.1412,0.0000,0.0000,0.0000,0.0000,5.8,nan
952,2.73e-04,1.1411,0.0000,0.0000,0.0000,0.0000,5.8,nan
953,2.72e-04,1.0469,0.0000,0.0000,0.0000,0.0000,5.7,nan
954,2.72e-04,1.1821,0.0000,0.0000,0.0000,0.0000,5.6,nan
955,2.72e-04,1.0565,0.0000,0.0000,0.0000,0.0000,5.7,nan
956,2.71e-04,1.1233,0.0000,0.0000,0.0000,0.0000,5.6,nan
957,2.71e-04,1.1167,0.0000,0.0000,0.0000,0.0000,5.7,nan
958,2.70e-04,1.1492,0.0000,0.0000,0.0000,0.0000,5.8,nan
959,2.70e-04,1.0559,0.0000,0.0000,0.0000,0.0000,5.6,nan
960,2.70e-04,1.2464,0.0000,0.0000,0.0000,0.0000,8.8,0.6462
961,2.69e-04,0.7612,0.0000,0.0000,0.0000,0.0000,5.6,nan
962,2.69e-04,1.0029,0.0000,0.0000,0.0000,0.0000,5.7,nan
963,2.69e-04,1.1547,0.0000,0.0000,0.0000,0.0000,5.8,nan
964,2.68e-04,1.0759,0.0000,0.0000,0.0000,0.0000,5.6,nan
965,2.68e-04,1.0743,0.0000,0.0000,0.0000,0.0000,5.6,nan
966,2.67e-04,0.8080,0.0000,0.0000,0.0000,0.0000,5.9,nan
967,2.67e-04,1.2464,0.0000,0.0000,0.0000,0.0000,5.8,nan
968,2.67e-04,0.9035,0.0000,0.0000,0.0000,0.0000,5.7,nan
969,2.66e-04,1.0402,0.0000,0.0000,0.0000,0.0000,5.8,nan
970,2.66e-04,1.0599,0.0000,0.0000,0.0000,0.0000,5.9,nan
971,2.65e-04,0.8605,0.0000,0.0000,0.0000,0.0000,5.8,nan
972,2.65e-04,1.2097,0.0000,0.0000,0.0000,0.0000,5.7,nan
973,2.65e-04,1.2929,0.0000,0.0000,0.0000,0.0000,5.7,nan
974,2.64e-04,0.9884,0.0000,0.0000,0.0000,0.0000,5.7,nan
975,2.64e-04,1.0642,0.0000,0.0000,0.0000,0.0000,5.8,nan
976,2.63e-04,0.9878,0.0000,0.0000,0.0000,0.0000,5.6,nan
977,2.63e-04,0.9265,0.0000,0.0000,0.0000,0.0000,5.7,nan
978,2.63e-04,0.8854,0.0000,0.0000,0.0000,0.0000,5.7,nan
979,2.62e-04,1.1817,0.0000,0.0000,0.0000,0.0000,5.7,nan
980,2.62e-04,1.0393,0.0000,0.0000,0.0000,0.0000,8.5,0.6335
981,2.62e-04,0.9889,0.0000,0.0000,0.0000,0.0000,5.7,nan
982,2.61e-04,1.1579,0.0000,0.0000,0.0000,0.0000,5.7,nan
983,2.61e-04,1.1380,0.0000,0.0000,0.0000,0.0000,5.6,nan
984,2.60e-04,1.0291,0.0000,0.0000,0.0000,0.0000,5.7,nan
985,2.60e-04,1.2498,0.0000,0.0000,0.0000,0.0000,5.7,nan
986,2.60e-04,1.1013,0.0000,0.0000,0.0000,0.0000,5.7,nan
987,2.59e-04,0.9181,0.0000,0.0000,0.0000,0.0000,5.6,nan
988,2.59e-04,1.2201,0.0000,0.0000,0.0000,0.0000,5.8,nan
989,2.58e-04,1.0615,0.0000,0.0000,0.0000,0.0000,5.8,nan
990,2.58e-04,1.1980,0.0000,0.0000,0.0000,0.0000,5.6,nan
991,2.58e-04,1.0855,0.0000,0.0000,0.0000,0.0000,5.6,nan
992,2.57e-04,1.1075,0.0000,0.0000,0.0000,0.0000,5.8,nan
993,2.57e-04,1.1095,0.0000,0.0000,0.0000,0.0000,5.7,nan
994,2.56e-04,0.8496,0.0000,0.0000,0.0000,0.0000,5.7,nan
995,2.56e-04,1.0912,0.0000,0.0000,0.0000,0.0000,5.7,nan
996,2.56e-04,1.0520,0.0000,0.0000,0.0000,0.0000,5.7,nan
997,2.55e-04,1.1374,0.0000,0.0000,0.0000,0.0000,5.7,nan
998,2.55e-04,1.1461,0.0000,0.0000,0.0000,0.0000,5.7,nan
999,2.54e-04,0.9605,0.0000,0.0000,0.0000,0.0000,5.7,nan
1000,2.54e-04,0.9452,0.0000,0.0000,0.0000,0.0000,8.9,0.6716
1001,2.54e-04,1.0183,0.0000,0.0000,0.0000,0.0000,5.7,nan
1002,2.53e-04,1.0330,0.0000,0.0000,0.0000,0.0000,5.6,nan
1003,2.53e-04,1.2557,0.0000,0.0000,0.0000,0.0000,5.6,nan
1004,2.53e-04,1.2316,0.0000,0.0000,0.0000,0.0000,5.6,nan
1005,2.52e-04,0.6529,0.0000,0.0000,0.0000,0.0000,5.7,nan
1006,2.52e-04,0.9826,0.0000,0.0000,0.0000,0.0000,5.5,nan
1007,2.51e-04,1.2381,0.0000,0.0000,0.0000,0.0000,5.9,nan
1008,2.51e-04,1.2135,0.0000,0.0000,0.0000,0.0000,5.7,nan
1009,2.51e-04,1.1274,0.0000,0.0000,0.0000,0.0000,5.6,nan
1010,2.50e-04,1.1317,0.0000,0.0000,0.0000,0.0000,5.7,nan
1011,2.50e-04,1.0158,0.0000,0.0000,0.0000,0.0000,5.8,nan
1012,2.49e-04,1.0617,0.0000,0.0000,0.0000,0.0000,5.8,nan
1013,2.49e-04,1.1036,0.0000,0.0000,0.0000,0.0000,5.8,nan
1014,2.49e-04,0.9331,0.0000,0.0000,0.0000,0.0000,5.6,nan
1015,2.48e-04,1.0886,0.0000,0.0000,0.0000,0.0000,5.7,nan
1016,2.48e-04,1.0686,0.0000,0.0000,0.0000,0.0000,5.8,nan
1017,2.47e-04,1.0664,0.0000,0.0000,0.0000,0.0000,5.6,nan
1018,2.47e-04,1.0966,0.0000,0.0000,0.0000,0.0000,5.7,nan
1019,2.47e-04,1.1181,0.0000,0.0000,0.0000,0.0000,5.7,nan
1020,2.46e-04,1.0204,0.0000,0.0000,0.0000,0.0000,8.5,0.6547
1021,2.46e-04,1.2364,0.0000,0.0000,0.0000,0.0000,5.8,nan
1022,2.46e-04,1.0128,0.0000,0.0000,0.0000,0.0000,5.7,nan
1023,2.45e-04,1.0685,0.0000,0.0000,0.0000,0.0000,5.8,nan
1024,2.45e-04,0.9360,0.0000,0.0000,0.0000,0.0000,5.7,nan
1025,2.44e-04,0.7544,0.0000,0.0000,0.0000,0.0000,5.8,nan
1026,2.44e-04,1.0466,0.0000,0.0000,0.0000,0.0000,5.7,nan
1027,2.44e-04,1.0787,0.0000,0.0000,0.0000,0.0000,5.7,nan
1028,2.43e-04,1.0764,0.0000,0.0000,0.0000,0.0000,5.7,nan
1029,2.43e-04,0.9366,0.0000,0.0000,0.0000,0.0000,5.5,nan
1030,2.42e-04,1.0899,0.0000,0.0000,0.0000,0.0000,5.8,nan
1031,2.42e-04,1.0687,0.0000,0.0000,0.0000,0.0000,6.0,nan
1032,2.42e-04,0.9413,0.0000,0.0000,0.0000,0.0000,6.3,nan
1033,2.41e-04,1.1589,0.0000,0.0000,0.0000,0.0000,5.9,nan
1034,2.41e-04,1.1634,0.0000,0.0000,0.0000,0.0000,5.6,nan
1035,2.40e-04,1.0091,0.0000,0.0000,0.0000,0.0000,5.6,nan
1036,2.40e-04,1.0311,0.0000,0.0000,0.0000,0.0000,5.6,nan
1037,2.40e-04,0.9872,0.0000,0.0000,0.0000,0.0000,6.0,nan
1038,2.39e-04,0.9864,0.0000,0.0000,0.0000,0.0000,5.8,nan
1039,2.39e-04,1.1201,0.0000,0.0000,0.0000,0.0000,5.8,nan
1040,2.38e-04,1.1231,0.0000,0.0000,0.0000,0.0000,8.7,0.6822
1041,2.38e-04,1.0996,0.0000,0.0000,0.0000,0.0000,5.7,nan
1042,2.38e-04,0.8144,0.0000,0.0000,0.0000,0.0000,5.7,nan
1043,2.37e-04,0.9987,0.0000,0.0000,0.0000,0.0000,5.8,nan
1044,2.37e-04,1.1224,0.0000,0.0000,0.0000,0.0000,5.8,nan
1045,2.37e-04,0.9904,0.0000,0.0000,0.0000,0.0000,5.7,nan
1046,2.36e-04,1.0947,0.0000,0.0000,0.0000,0.0000,5.7,nan
1047,2.36e-04,1.1752,0.0000,0.0000,0.0000,0.0000,5.7,nan
1048,2.35e-04,1.2019,0.0000,0.0000,0.0000,0.0000,5.7,nan
1049,2.35e-04,1.0849,0.0000,0.0000,0.0000,0.0000,5.6,nan
1050,2.35e-04,1.0494,0.0000,0.0000,0.0000,0.0000,5.8,nan
1051,2.34e-04,1.0832,0.0000,0.0000,0.0000,0.0000,5.7,nan
1052,2.34e-04,1.0021,0.0000,0.0000,0.0000,0.0000,5.6,nan
1053,2.33e-04,1.0453,0.0000,0.0000,0.0000,0.0000,5.8,nan
1054,2.33e-04,1.0642,0.0000,0.0000,0.0000,0.0000,5.8,nan
1055,2.33e-04,1.0834,0.0000,0.0000,0.0000,0.0000,5.6,nan
1056,2.32e-04,1.0290,0.0000,0.0000,0.0000,0.0000,5.6,nan
1057,2.32e-04,0.8757,0.0000,0.0000,0.0000,0.0000,5.7,nan
1058,2.31e-04,0.9703,0.0000,0.0000,0.0000,0.0000,5.8,nan
1059,2.31e-04,1.0780,0.0000,0.0000,0.0000,0.0000,5.6,nan
1060,2.31e-04,1.1520,0.0000,0.0000,0.0000,0.0000,8.6,0.6504
1061,2.30e-04,1.0053,0.0000,0.0000,0.0000,0.0000,5.6,nan
1062,2.30e-04,1.0494,0.0000,0.0000,0.0000,0.0000,5.7,nan
1063,2.30e-04,1.0616,0.0000,0.0000,0.0000,0.0000,5.6,nan
1064,2.29e-04,1.1092,0.0000,0.0000,0.0000,0.0000,5.7,nan
1065,2.29e-04,1.0274,0.0000,0.0000,0.0000,0.0000,5.6,nan
1066,2.28e-04,1.0158,0.0000,0.0000,0.0000,0.0000,5.7,nan
1067,2.28e-04,1.1573,0.0000,0.0000,0.0000,0.0000,5.8,nan
1068,2.28e-04,0.7155,0.0000,0.0000,0.0000,0.0000,5.7,nan
1069,2.27e-04,1.1102,0.0000,0.0000,0.0000,0.0000,5.7,nan
1070,2.27e-04,1.0445,0.0000,0.0000,0.0000,0.0000,5.6,nan
1071,2.26e-04,1.1318,0.0000,0.0000,0.0000,0.0000,5.8,nan
1072,2.26e-04,0.9569,0.0000,0.0000,0.0000,0.0000,5.6,nan
1073,2.26e-04,1.1119,0.0000,0.0000,0.0000,0.0000,5.6,nan
1074,2.25e-04,1.1166,0.0000,0.0000,0.0000,0.0000,5.7,nan
1075,2.25e-04,1.1794,0.0000,0.0000,0.0000,0.0000,5.6,nan
1076,2.24e-04,0.8531,0.0000,0.0000,0.0000,0.0000,5.7,nan
1077,2.24e-04,0.9874,0.0000,0.0000,0.0000,0.0000,5.8,nan
1078,2.24e-04,0.9253,0.0000,0.0000,0.0000,0.0000,5.7,nan
1079,2.23e-04,0.9743,0.0000,0.0000,0.0000,0.0000,5.7,nan
1080,2.23e-04,1.2512,0.0000,0.0000,0.0000,0.0000,8.5,0.6525
1081,2.23e-04,0.9720,0.0000,0.0000,0.0000,0.0000,5.7,nan
1082,2.22e-04,0.8388,0.0000,0.0000,0.0000,0.0000,5.7,nan
1083,2.22e-04,1.0688,0.0000,0.0000,0.0000,0.0000,5.6,nan
1084,2.21e-04,0.9254,0.0000,0.0000,0.0000,0.0000,5.7,nan
1085,2.21e-04,1.2642,0.0000,0.0000,0.0000,0.0000,5.6,nan
1086,2.21e-04,1.0814,0.0000,0.0000,0.0000,0.0000,5.6,nan
1087,2.20e-04,1.0082,0.0000,0.0000,0.0000,0.0000,5.8,nan
1088,2.20e-04,0.8719,0.0000,0.0000,0.0000,0.0000,5.7,nan
1089,2.19e-04,0.8988,0.0000,0.0000,0.0000,0.0000,5.6,nan
1090,2.19e-04,0.9961,0.0000,0.0000,0.0000,0.0000,6.0,nan
1091,2.19e-04,0.9158,0.0000,0.0000,0.0000,0.0000,5.8,nan
1092,2.18e-04,1.1531,0.0000,0.0000,0.0000,0.0000,5.8,nan
1093,2.18e-04,0.9067,0.0000,0.0000,0.0000,0.0000,6.0,nan
1094,2.17e-04,0.9747,0.0000,0.0000,0.0000,0.0000,5.7,nan
1095,2.17e-04,0.9268,0.0000,0.0000,0.0000,0.0000,5.7,nan
1096,2.17e-04,0.9613,0.0000,0.0000,0.0000,0.0000,5.7,nan
1097,2.16e-04,1.1104,0.0000,0.0000,0.0000,0.0000,5.8,nan
1098,2.16e-04,0.8342,0.0000,0.0000,0.0000,0.0000,5.7,nan
1099,2.16e-04,1.1774,0.0000,0.0000,0.0000,0.0000,5.6,nan
1100,2.15e-04,0.9250,0.0000,0.0000,0.0000,0.0000,9.2,0.6610
1101,2.15e-04,1.0839,0.0000,0.0000,0.0000,0.0000,5.7,nan
1102,2.14e-04,0.8090,0.0000,0.0000,0.0000,0.0000,5.8,nan
1103,2.14e-04,1.0052,0.0000,0.0000,0.0000,0.0000,5.7,nan
1104,2.14e-04,1.0674,0.0000,0.0000,0.0000,0.0000,5.7,nan
1105,2.13e-04,1.0323,0.0000,0.0000,0.0000,0.0000,5.6,nan
1106,2.13e-04,0.8176,0.0000,0.0000,0.0000,0.0000,5.7,nan
1107,2.12e-04,1.1732,0.0000,0.0000,0.0000,0.0000,5.7,nan
1108,2.12e-04,0.9003,0.0000,0.0000,0.0000,0.0000,5.6,nan
1109,2.12e-04,0.7268,0.0000,0.0000,0.0000,0.0000,5.8,nan
1110,2.11e-04,1.0409,0.0000,0.0000,0.0000,0.0000,5.7,nan
1111,2.11e-04,0.8595,0.0000,0.0000,0.0000,0.0000,5.6,nan
1112,2.11e-04,0.9506,0.0000,0.0000,0.0000,0.0000,5.6,nan
1113,2.10e-04,1.1440,0.0000,0.0000,0.0000,0.0000,5.7,nan
1114,2.10e-04,0.9013,0.0000,0.0000,0.0000,0.0000,5.8,nan
1115,2.09e-04,1.0192,0.0000,0.0000,0.0000,0.0000,5.7,nan
1116,2.09e-04,0.8796,0.0000,0.0000,0.0000,0.0000,5.8,nan
1117,2.09e-04,1.2763,0.0000,0.0000,0.0000,0.0000,5.8,nan
1118,2.08e-04,0.8294,0.0000,0.0000,0.0000,0.0000,5.7,nan
1119,2.08e-04,1.1524,0.0000,0.0000,0.0000,0.0000,5.7,nan
1120,2.07e-04,1.1312,0.0000,0.0000,0.0000,0.0000,9.1,0.5890
1121,2.07e-04,1.0121,0.0000,0.0000,0.0000,0.0000,5.7,nan
1122,2.07e-04,1.0305,0.0000,0.0000,0.0000,0.0000,5.8,nan
1123,2.06e-04,0.9277,0.0000,0.0000,0.0000,0.0000,5.7,nan
1124,2.06e-04,1.0540,0.0000,0.0000,0.0000,0.0000,5.7,nan
1125,2.06e-04,0.8960,0.0000,0.0000,0.0000,0.0000,5.6,nan
1126,2.05e-04,0.8057,0.0000,0.0000,0.0000,0.0000,5.7,nan
1127,2.05e-04,1.1231,0.0000,0.0000,0.0000,0.0000,5.7,nan
1128,2.04e-04,1.0124,0.0000,0.0000,0.0000,0.0000,5.7,nan
1129,2.04e-04,1.0722,0.0000,0.0000,0.0000,0.0000,5.8,nan
1130,2.04e-04,1.0439,0.0000,0.0000,0.0000,0.0000,6.0,nan
1131,2.03e-04,0.7279,0.0000,0.0000,0.0000,0.0000,6.0,nan
1132,2.03e-04,1.0459,0.0000,0.0000,0.0000,0.0000,5.8,nan
1133,2.02e-04,1.1137,0.0000,0.0000,0.0000,0.0000,5.8,nan
1134,2.02e-04,0.8533,0.0000,0.0000,0.0000,0.0000,5.6,nan
1135,2.02e-04,0.8436,0.0000,0.0000,0.0000,0.0000,5.7,nan
1136,2.01e-04,1.0166,0.0000,0.0000,0.0000,0.0000,5.7,nan
1137,2.01e-04,1.0050,0.0000,0.0000,0.0000,0.0000,5.7,nan
1138,2.01e-04,1.0767,0.0000,0.0000,0.0000,0.0000,5.7,nan
1139,2.00e-04,1.1918,0.0000,0.0000,0.0000,0.0000,5.7,nan
1140,2.00e-04,1.0561,0.0000,0.0000,0.0000,0.0000,8.9,0.6737
1141,1.99e-04,0.9481,0.0000,0.0000,0.0000,0.0000,5.8,nan
1142,1.99e-04,0.9052,0.0000,0.0000,0.0000,0.0000,5.8,nan
1143,1.99e-04,1.0883,0.0000,0.0000,0.0000,0.0000,5.9,nan
1144,1.98e-04,0.7891,0.0000,0.0000,0.0000,0.0000,6.0,nan
1145,1.98e-04,0.8393,0.0000,0.0000,0.0000,0.0000,5.8,nan
1146,1.98e-04,1.1237,0.0000,0.0000,0.0000,0.0000,5.7,nan
1147,1.97e-04,1.0081,0.0000,0.0000,0.0000,0.0000,5.6,nan
1148,1.97e-04,1.0296,0.0000,0.0000,0.0000,0.0000,5.7,nan
1149,1.96e-04,1.0552,0.0000,0.0000,0.0000,0.0000,5.7,nan
1150,1.96e-04,1.0920,0.0000,0.0000,0.0000,0.0000,5.6,nan
1151,1.96e-04,1.0626,0.0000,0.0000,0.0000,0.0000,5.8,nan
1152,1.95e-04,0.9857,0.0000,0.0000,0.0000,0.0000,5.7,nan
1153,1.95e-04,1.2277,0.0000,0.0000,0.0000,0.0000,5.7,nan
1154,1.94e-04,1.1543,0.0000,0.0000,0.0000,0.0000,5.7,nan
1155,1.94e-04,0.9940,0.0000,0.0000,0.0000,0.0000,6.0,nan
1156,1.94e-04,1.0667,0.0000,0.0000,0.0000,0.0000,6.0,nan
1157,1.93e-04,0.9113,0.0000,0.0000,0.0000,0.0000,5.8,nan
1158,1.93e-04,1.0740,0.0000,0.0000,0.0000,0.0000,5.8,nan
1159,1.93e-04,0.7283,0.0000,0.0000,0.0000,0.0000,5.7,nan
1160,1.92e-04,1.2056,0.0000,0.0000,0.0000,0.0000,8.6,0.6695
1161,1.92e-04,1.1754,0.0000,0.0000,0.0000,0.0000,5.7,nan
1162,1.91e-04,0.9325,0.0000,0.0000,0.0000,0.0000,5.7,nan
1163,1.91e-04,1.0724,0.0000,0.0000,0.0000,0.0000,5.7,nan
1164,1.91e-04,1.0155,0.0000,0.0000,0.0000,0.0000,5.6,nan
1165,1.90e-04,0.9414,0.0000,0.0000,0.0000,0.0000,5.7,nan
1166,1.90e-04,0.9079,0.0000,0.0000,0.0000,0.0000,5.8,nan
1167,1.90e-04,1.0352,0.0000,0.0000,0.0000,0.0000,5.6,nan
1168,1.89e-04,0.7540,0.0000,0.0000,0.0000,0.0000,5.6,nan
1169,1.89e-04,1.0026,0.0000,0.0000,0.0000,0.0000,5.8,nan
1170,1.88e-04,1.0065,0.0000,0.0000,0.0000,0.0000,5.8,nan
1171,1.88e-04,0.9249,0.0000,0.0000,0.0000,0.0000,5.7,nan
1172,1.88e-04,0.9944,0.0000,0.0000,0.0000,0.0000,5.7,nan
1173,1.87e-04,1.0424,0.0000,0.0000,0.0000,0.0000,5.8,nan
1174,1.87e-04,0.9257,0.0000,0.0000,0.0000,0.0000,5.7,nan
1175,1.87e-04,1.0868,0.0000,0.0000,0.0000,0.0000,5.6,nan
1176,1.86e-04,0.9596,0.0000,0.0000,0.0000,0.0000,5.7,nan
1177,1.86e-04,1.0241,0.0000,0.0000,0.0000,0.0000,5.8,nan
1178,1.85e-04,0.8509,0.0000,0.0000,0.0000,0.0000,5.8,nan
1179,1.85e-04,0.8992,0.0000,0.0000,0.0000,0.0000,5.6,nan
1180,1.85e-04,1.0678,0.0000,0.0000,0.0000,0.0000,9.0,0.6716
1181,1.84e-04,0.6858,0.0000,0.0000,0.0000,0.0000,5.7,nan
1182,1.84e-04,0.9398,0.0000,0.0000,0.0000,0.0000,5.7,nan
1183,1.84e-04,0.7835,0.0000,0.0000,0.0000,0.0000,5.8,nan
1184,1.83e-04,1.0804,0.0000,0.0000,0.0000,0.0000,5.6,nan
1185,1.83e-04,1.0523,0.0000,0.0000,0.0000,0.0000,5.8,nan
1186,1.82e-04,0.8727,0.0000,0.0000,0.0000,0.0000,5.7,nan
1187,1.82e-04,1.0468,0.0000,0.0000,0.0000,0.0000,5.6,nan
1188,1.82e-04,0.9796,0.0000,0.0000,0.0000,0.0000,5.7,nan
1189,1.81e-04,1.0634,0.0000,0.0000,0.0000,0.0000,5.8,nan
1190,1.81e-04,0.9356,0.0000,0.0000,0.0000,0.0000,5.6,nan
1191,1.81e-04,0.9726,0.0000,0.0000,0.0000,0.0000,5.6,nan
1192,1.80e-04,0.7635,0.0000,0.0000,0.0000,0.0000,5.8,nan
1193,1.80e-04,0.9404,0.0000,0.0000,0.0000,0.0000,5.7,nan
1194,1.79e-04,0.7155,0.0000,0.0000,0.0000,0.0000,5.7,nan
1195,1.79e-04,0.9726,0.0000,0.0000,0.0000,0.0000,5.7,nan
1196,1.79e-04,0.8290,0.0000,0.0000,0.0000,0.0000,5.7,nan
1197,1.78e-04,1.0860,0.0000,0.0000,0.0000,0.0000,5.6,nan
1198,1.78e-04,1.0366,0.0000,0.0000,0.0000,0.0000,5.6,nan
1199,1.78e-04,1.1367,0.0000,0.0000,0.0000,0.0000,5.8,nan
1200,1.77e-04,0.9527,0.0000,0.0000,0.0000,0.0000,8.6,0.6674
1201,1.77e-04,0.9157,0.0000,0.0000,0.0000,0.0000,5.7,nan
1202,1.76e-04,0.9827,0.0000,0.0000,0.0000,0.0000,5.8,nan
1203,1.76e-04,0.9366,0.0000,0.0000,0.0000,0.0000,5.8,nan
1204,1.76e-04,1.1612,0.0000,0.0000,0.0000,0.0000,5.5,nan
1205,1.75e-04,0.9847,0.0000,0.0000,0.0000,0.0000,5.7,nan
1206,1.75e-04,1.1232,0.0000,0.0000,0.0000,0.0000,5.7,nan
1207,1.75e-04,1.1037,0.0000,0.0000,0.0000,0.0000,5.8,nan
1208,1.74e-04,0.8191,0.0000,0.0000,0.0000,0.0000,5.7,nan
1209,1.74e-04,0.9448,0.0000,0.0000,0.0000,0.0000,5.6,nan
1210,1.73e-04,1.0349,0.0000,0.0000,0.0000,0.0000,5.7,nan
1211,1.73e-04,1.1432,0.0000,0.0000,0.0000,0.0000,5.7,nan
1212,1.73e-04,1.0157,0.0000,0.0000,0.0000,0.0000,5.7,nan
1213,1.72e-04,0.8936,0.0000,0.0000,0.0000,0.0000,6.0,nan
1214,1.72e-04,0.8989,0.0000,0.0000,0.0000,0.0000,5.7,nan
1215,1.72e-04,0.9330,0.0000,0.0000,0.0000,0.0000,5.7,nan
1216,1.71e-04,1.0166,0.0000,0.0000,0.0000,0.0000,5.7,nan
1217,1.71e-04,1.0982,0.0000,0.0000,0.0000,0.0000,5.8,nan
1218,1.71e-04,0.8692,0.0000,0.0000,0.0000,0.0000,5.8,nan
1219,1.70e-04,0.9390,0.0000,0.0000,0.0000,0.0000,5.9,nan
1220,1.70e-04,1.0273,0.0000,0.0000,0.0000,0.0000,8.7,0.6949
1221,1.69e-04,0.8401,0.0000,0.0000,0.0000,0.0000,5.6,nan
1222,1.69e-04,0.9317,0.0000,0.0000,0.0000,0.0000,5.8,nan
1223,1.69e-04,0.8744,0.0000,0.0000,0.0000,0.0000,5.7,nan
1224,1.68e-04,0.9963,0.0000,0.0000,0.0000,0.0000,5.7,nan
1225,1.68e-04,0.8752,0.0000,0.0000,0.0000,0.0000,5.7,nan
1226,1.68e-04,1.0797,0.0000,0.0000,0.0000,0.0000,5.8,nan
1227,1.67e-04,0.9319,0.0000,0.0000,0.0000,0.0000,5.7,nan
1228,1.67e-04,0.8613,0.0000,0.0000,0.0000,0.0000,5.7,nan
1229,1.66e-04,1.1292,0.0000,0.0000,0.0000,0.0000,5.6,nan
1230,1.66e-04,0.9240,0.0000,0.0000,0.0000,0.0000,5.7,nan
1231,1.66e-04,1.0513,0.0000,0.0000,0.0000,0.0000,5.6,nan
1232,1.65e-04,1.0063,0.0000,0.0000,0.0000,0.0000,5.6,nan
1233,1.65e-04,0.8659,0.0000,0.0000,0.0000,0.0000,5.9,nan
1234,1.65e-04,0.9536,0.0000,0.0000,0.0000,0.0000,5.8,nan
1235,1.64e-04,0.9624,0.0000,0.0000,0.0000,0.0000,5.8,nan
1236,1.64e-04,0.8290,0.0000,0.0000,0.0000,0.0000,5.8,nan
1237,1.64e-04,0.9417,0.0000,0.0000,0.0000,0.0000,6.0,nan
1238,1.63e-04,1.0359,0.0000,0.0000,0.0000,0.0000,6.3,nan
1239,1.63e-04,0.8976,0.0000,0.0000,0.0000,0.0000,6.0,nan
1240,1.62e-04,1.0463,0.0000,0.0000,0.0000,0.0000,9.0,0.6992
1241,1.62e-04,0.9920,0.0000,0.0000,0.0000,0.0000,5.7,nan
1242,1.62e-04,1.0924,0.0000,0.0000,0.0000,0.0000,5.6,nan
1243,1.61e-04,0.8328,0.0000,0.0000,0.0000,0.0000,5.7,nan
1244,1.61e-04,0.7310,0.0000,0.0000,0.0000,0.0000,5.6,nan
1245,1.61e-04,1.0449,0.0000,0.0000,0.0000,0.0000,5.6,nan
1246,1.60e-04,1.0929,0.0000,0.0000,0.0000,0.0000,5.8,nan
1247,1.60e-04,0.8654,0.0000,0.0000,0.0000,0.0000,5.8,nan
1248,1.60e-04,1.3110,0.0000,0.0000,0.0000,0.0000,5.9,nan
1249,1.59e-04,0.7954,0.0000,0.0000,0.0000,0.0000,5.7,nan
1250,1.59e-04,1.1115,0.0000,0.0000,0.0000,0.0000,5.5,nan
1251,1.58e-04,0.9082,0.0000,0.0000,0.0000,0.0000,5.6,nan
1252,1.58e-04,0.8968,0.0000,0.0000,0.0000,0.0000,5.6,nan
1253,1.58e-04,1.0338,0.0000,0.0000,0.0000,0.0000,5.8,nan
1254,1.57e-04,0.9679,0.0000,0.0000,0.0000,0.0000,5.8,nan
1255,1.57e-04,1.0504,0.0000,0.0000,0.0000,0.0000,5.7,nan
1256,1.57e-04,1.0598,0.0000,0.0000,0.0000,0.0000,5.7,nan
1257,1.56e-04,0.9654,0.0000,0.0000,0.0000,0.0000,5.8,nan
1258,1.56e-04,1.0379,0.0000,0.0000,0.0000,0.0000,5.7,nan
1259,1.56e-04,0.8546,0.0000,0.0000,0.0000,0.0000,5.6,nan
1260,1.55e-04,1.0064,0.0000,0.0000,0.0000,0.0000,8.6,0.6907
1261,1.55e-04,0.8908,0.0000,0.0000,0.0000,0.0000,5.7,nan
1262,1.54e-04,0.9970,0.0000,0.0000,0.0000,0.0000,5.7,nan
1263,1.54e-04,0.9236,0.0000,0.0000,0.0000,0.0000,5.6,nan
1264,1.54e-04,0.7742,0.0000,0.0000,0.0000,0.0000,5.7,nan
1265,1.53e-04,0.8697,0.0000,0.0000,0.0000,0.0000,5.7,nan
1266,1.53e-04,1.1323,0.0000,0.0000,0.0000,0.0000,5.6,nan
1267,1.53e-04,1.0843,0.0000,0.0000,0.0000,0.0000,5.7,nan
1268,1.52e-04,0.9319,0.0000,0.0000,0.0000,0.0000,5.8,nan
1269,1.52e-04,0.9839,0.0000,0.0000,0.0000,0.0000,5.7,nan
1270,1.52e-04,0.9702,0.0000,0.0000,0.0000,0.0000,5.6,nan
1271,1.51e-04,0.9094,0.0000,0.0000,0.0000,0.0000,5.7,nan
1272,1.51e-04,1.0426,0.0000,0.0000,0.0000,0.0000,5.8,nan
1273,1.51e-04,0.9325,0.0000,0.0000,0.0000,0.0000,5.7,nan
1274,1.50e-04,1.0757,0.0000,0.0000,0.0000,0.0000,5.7,nan
1275,1.50e-04,0.7893,0.0000,0.0000,0.0000,0.0000,5.6,nan
1276,1.49e-04,1.1093,0.0000,0.0000,0.0000,0.0000,5.6,nan
1277,1.49e-04,0.9513,0.0000,0.0000,0.0000,0.0000,5.6,nan
1278,1.49e-04,0.8123,0.0000,0.0000,0.0000,0.0000,5.6,nan
1279,1.48e-04,0.8739,0.0000,0.0000,0.0000,0.0000,5.5,nan
1280,1.48e-04,0.9141,0.0000,0.0000,0.0000,0.0000,8.6,0.6568
1281,1.48e-04,0.7806,0.0000,0.0000,0.0000,0.0000,5.5,nan
1282,1.47e-04,0.7881,0.0000,0.0000,0.0000,0.0000,5.5,nan
1283,1.47e-04,1.0381,0.0000,0.0000,0.0000,0.0000,5.6,nan
1284,1.47e-04,1.0926,0.0000,0.0000,0.0000,0.0000,5.5,nan
1285,1.46e-04,1.0660,0.0000,0.0000,0.0000,0.0000,5.7,nan
1286,1.46e-04,0.9405,0.0000,0.0000,0.0000,0.0000,5.6,nan
1287,1.46e-04,0.7664,0.0000,0.0000,0.0000,0.0000,5.4,nan
1288,1.45e-04,1.0410,0.0000,0.0000,0.0000,0.0000,5.7,nan
1289,1.45e-04,0.7843,0.0000,0.0000,0.0000,0.0000,5.5,nan
1290,1.45e-04,1.0856,0.0000,0.0000,0.0000,0.0000,5.7,nan
1291,1.44e-04,0.8748,0.0000,0.0000,0.0000,0.0000,5.7,nan
1292,1.44e-04,0.9301,0.0000,0.0000,0.0000,0.0000,5.5,nan
1293,1.43e-04,1.1572,0.0000,0.0000,0.0000,0.0000,5.6,nan
1294,1.43e-04,1.0467,0.0000,0.0000,0.0000,0.0000,5.6,nan
1295,1.43e-04,0.8878,0.0000,0.0000,0.0000,0.0000,5.5,nan
1296,1.42e-04,0.9638,0.0000,0.0000,0.0000,0.0000,5.5,nan
1297,1.42e-04,0.9076,0.0000,0.0000,0.0000,0.0000,5.5,nan
1298,1.42e-04,1.1518,0.0000,0.0000,0.0000,0.0000,5.6,nan
1299,1.41e-04,1.1064,0.0000,0.0000,0.0000,0.0000,5.5,nan
1300,1.41e-04,0.8416,0.0000,0.0000,0.0000,0.0000,8.4,0.6229
1301,1.41e-04,1.1050,0.0000,0.0000,0.0000,0.0000,5.5,nan
1302,1.40e-04,0.8395,0.0000,0.0000,0.0000,0.0000,5.6,nan
1303,1.40e-04,1.0826,0.0000,0.0000,0.0000,0.0000,5.5,nan
1304,1.40e-04,0.9447,0.0000,0.0000,0.0000,0.0000,5.6,nan
1305,1.39e-04,1.2100,0.0000,0.0000,0.0000,0.0000,5.7,nan
1306,1.39e-04,1.0719,0.0000,0.0000,0.0000,0.0000,5.5,nan
1307,1.39e-04,1.0131,0.0000,0.0000,0.0000,0.0000,5.7,nan
1308,1.38e-04,1.1219,0.0000,0.0000,0.0000,0.0000,5.6,nan
1309,1.38e-04,1.0037,0.0000,0.0000,0.0000,0.0000,5.6,nan
1310,1.38e-04,1.0559,0.0000,0.0000,0.0000,0.0000,5.5,nan
1311,1.37e-04,0.9261,0.0000,0.0000,0.0000,0.0000,5.5,nan
1312,1.37e-04,0.8841,0.0000,0.0000,0.0000,0.0000,5.5,nan
1313,1.37e-04,0.9643,0.0000,0.0000,0.0000,0.0000,5.4,nan
1314,1.36e-04,1.0254,0.0000,0.0000,0.0000,0.0000,5.8,nan
1315,1.36e-04,0.9141,0.0000,0.0000,0.0000,0.0000,5.6,nan
1316,1.35e-04,0.9724,0.0000,0.0000,0.0000,0.0000,5.6,nan
1317,1.35e-04,1.0700,0.0000,0.0000,0.0000,0.0000,5.6,nan
1318,1.35e-04,1.0645,0.0000,0.0000,0.0000,0.0000,5.5,nan
1319,1.34e-04,0.9676,0.0000,0.0000,0.0000,0.0000,5.5,nan
1320,1.34e-04,1.0833,0.0000,0.0000,0.0000,0.0000,8.6,0.6547
1321,1.34e-04,1.0387,0.0000,0.0000,0.0000,0.0000,5.5,nan
1322,1.33e-04,0.7744,0.0000,0.0000,0.0000,0.0000,5.6,nan
1323,1.33e-04,0.9265,0.0000,0.0000,0.0000,0.0000,5.5,nan
1324,1.33e-04,1.0600,0.0000,0.0000,0.0000,0.0000,5.5,nan
1325,1.32e-04,0.8513,0.0000,0.0000,0.0000,0.0000,5.5,nan
1326,1.32e-04,0.8494,0.0000,0.0000,0.0000,0.0000,5.6,nan
1327,1.32e-04,0.8494,0.0000,0.0000,0.0000,0.0000,5.6,nan
1328,1.31e-04,0.8432,0.0000,0.0000,0.0000,0.0000,5.5,nan
1329,1.31e-04,0.9068,0.0000,0.0000,0.0000,0.0000,5.5,nan
1330,1.31e-04,0.8647,0.0000,0.0000,0.0000,0.0000,5.6,nan
1331,1.30e-04,1.0929,0.0000,0.0000,0.0000,0.0000,5.7,nan
1332,1.30e-04,0.9270,0.0000,0.0000,0.0000,0.0000,5.4,nan
1333,1.30e-04,1.0085,0.0000,0.0000,0.0000,0.0000,5.6,nan
1334,1.29e-04,0.9781,0.0000,0.0000,0.0000,0.0000,5.5,nan
1335,1.29e-04,1.0044,0.0000,0.0000,0.0000,0.0000,5.6,nan
1336,1.29e-04,0.9594,0.0000,0.0000,0.0000,0.0000,5.5,nan
1337,1.28e-04,0.8707,0.0000,0.0000,0.0000,0.0000,5.6,nan
1338,1.28e-04,0.8252,0.0000,0.0000,0.0000,0.0000,5.6,nan
1339,1.28e-04,0.8927,0.0000,0.0000,0.0000,0.0000,5.6,nan
1340,1.27e-04,1.0142,0.0000,0.0000,0.0000,0.0000,8.5,0.6674
1341,1.27e-04,0.9939,0.0000,0.0000,0.0000,0.0000,5.6,nan
1342,1.27e-04,1.1462,0.0000,0.0000,0.0000,0.0000,5.6,nan
1343,1.26e-04,1.0702,0.0000,0.0000,0.0000,0.0000,5.5,nan
1344,1.26e-04,0.8941,0.0000,0.0000,0.0000,0.0000,5.6,nan
1345,1.26e-04,0.8642,0.0000,0.0000,0.0000,0.0000,5.6,nan
1346,1.25e-04,0.9813,0.0000,0.0000,0.0000,0.0000,5.5,nan
1347,1.25e-04,0.8435,0.0000,0.0000,0.0000,0.0000,5.5,nan
1348,1.25e-04,1.0376,0.0000,0.0000,0.0000,0.0000,5.6,nan
1349,1.24e-04,0.9947,0.0000,0.0000,0.0000,0.0000,5.5,nan
1350,1.24e-04,0.9167,0.0000,0.0000,0.0000,0.0000,5.6,nan
1351,1.24e-04,1.0385,0.0000,0.0000,0.0000,0.0000,5.5,nan
1352,1.23e-04,0.9712,0.0000,0.0000,0.0000,0.0000,5.6,nan
1353,1.23e-04,0.9666,0.0000,0.0000,0.0000,0.0000,5.6,nan
1354,1.23e-04,0.9920,0.0000,0.0000,0.0000,0.0000,5.4,nan
1355,1.22e-04,0.8057,0.0000,0.0000,0.0000,0.0000,5.5,nan
1356,1.22e-04,0.9801,0.0000,0.0000,0.0000,0.0000,5.6,nan
1357,1.22e-04,0.7350,0.0000,0.0000,0.0000,0.0000,5.5,nan
1358,1.21e-04,0.9738,0.0000,0.0000,0.0000,0.0000,5.5,nan
1359,1.21e-04,0.7358,0.0000,0.0000,0.0000,0.0000,5.5,nan
1360,1.21e-04,0.9637,0.0000,0.0000,0.0000,0.0000,8.6,0.6610
1361,1.20e-04,0.9405,0.0000,0.0000,0.0000,0.0000,5.4,nan
1362,1.20e-04,1.0273,0.0000,0.0000,0.0000,0.0000,5.5,nan
1363,1.20e-04,0.9338,0.0000,0.0000,0.0000,0.0000,5.5,nan
1364,1.19e-04,1.0060,0.0000,0.0000,0.0000,0.0000,5.5,nan
1365,1.19e-04,0.8798,0.0000,0.0000,0.0000,0.0000,5.5,nan
1366,1.19e-04,0.9964,0.0000,0.0000,0.0000,0.0000,5.6,nan
1367,1.18e-04,0.8468,0.0000,0.0000,0.0000,0.0000,5.6,nan
1368,1.18e-04,0.8548,0.0000,0.0000,0.0000,0.0000,5.5,nan
1369,1.18e-04,1.0107,0.0000,0.0000,0.0000,0.0000,5.7,nan
1370,1.17e-04,0.9924,0.0000,0.0000,0.0000,0.0000,5.5,nan
1371,1.17e-04,0.9118,0.0000,0.0000,0.0000,0.0000,5.6,nan
1372,1.17e-04,0.9715,0.0000,0.0000,0.0000,0.0000,5.5,nan
1373,1.16e-04,0.9728,0.0000,0.0000,0.0000,0.0000,5.5,nan
1374,1.16e-04,1.1370,0.0000,0.0000,0.0000,0.0000,5.6,nan
1375,1.16e-04,0.9684,0.0000,0.0000,0.0000,0.0000,5.5,nan
1376,1.15e-04,0.9649,0.0000,0.0000,0.0000,0.0000,5.7,nan
1377,1.15e-04,1.0380,0.0000,0.0000,0.0000,0.0000,5.5,nan
1378,1.15e-04,1.1089,0.0000,0.0000,0.0000,0.0000,5.5,nan
1379,1.14e-04,0.9061,0.0000,0.0000,0.0000,0.0000,5.7,nan
1380,1.14e-04,0.9138,0.0000,0.0000,0.0000,0.0000,8.5,0.6843
1381,1.14e-04,1.0484,0.0000,0.0000,0.0000,0.0000,5.6,nan
1382,1.13e-04,0.9260,0.0000,0.0000,0.0000,0.0000,5.5,nan
1383,1.13e-04,0.9069,0.0000,0.0000,0.0000,0.0000,5.5,nan
1384,1.13e-04,1.1728,0.0000,0.0000,0.0000,0.0000,5.5,nan
1385,1.12e-04,0.9371,0.0000,0.0000,0.0000,0.0000,5.5,nan
1386,1.12e-04,0.9911,0.0000,0.0000,0.0000,0.0000,5.5,nan
1387,1.12e-04,1.0742,0.0000,0.0000,0.0000,0.0000,5.4,nan
1388,1.12e-04,0.8768,0.0000,0.0000,0.0000,0.0000,5.6,nan
1389,1.11e-04,0.8468,0.0000,0.0000,0.0000,0.0000,5.6,nan
1390,1.11e-04,1.0037,0.0000,0.0000,0.0000,0.0000,5.6,nan
1391,1.11e-04,0.8971,0.0000,0.0000,0.0000,0.0000,5.5,nan
1392,1.10e-04,0.9612,0.0000,0.0000,0.0000,0.0000,5.6,nan
1393,1.10e-04,0.9581,0.0000,0.0000,0.0000,0.0000,5.5,nan
1394,1.10e-04,1.0977,0.0000,0.0000,0.0000,0.0000,5.5,nan
1395,1.09e-04,0.9523,0.0000,0.0000,0.0000,0.0000,5.6,nan
1396,1.09e-04,1.0788,0.0000,0.0000,0.0000,0.0000,5.5,nan
1397,1.09e-04,0.8981,0.0000,0.0000,0.0000,0.0000,5.7,nan
1398,1.08e-04,0.8072,0.0000,0.0000,0.0000,0.0000,5.5,nan
1399,1.08e-04,1.0106,0.0000,0.0000,0.0000,0.0000,5.5,nan
1400,1.08e-04,0.9794,0.0000,0.0000,0.0000,0.0000,8.6,0.6780
1401,1.07e-04,1.0800,0.0000,0.0000,0.0000,0.0000,5.5,nan
1402,1.07e-04,0.9593,0.0000,0.0000,0.0000,0.0000,5.5,nan
1403,1.07e-04,1.0862,0.0000,0.0000,0.0000,0.0000,5.5,nan
1404,1.06e-04,0.9105,0.0000,0.0000,0.0000,0.0000,5.6,nan
1405,1.06e-04,0.8630,0.0000,0.0000,0.0000,0.0000,5.6,nan
1406,1.06e-04,0.9500,0.0000,0.0000,0.0000,0.0000,5.6,nan
1407,1.05e-04,1.0000,0.0000,0.0000,0.0000,0.0000,5.5,nan
1408,1.05e-04,0.9186,0.0000,0.0000,0.0000,0.0000,5.5,nan
1409,1.05e-04,1.1587,0.0000,0.0000,0.0000,0.0000,5.6,nan
1410,1.05e-04,1.0712,0.0000,0.0000,0.0000,0.0000,5.5,nan
1411,1.04e-04,0.9474,0.0000,0.0000,0.0000,0.0000,5.7,nan
1412,1.04e-04,1.0772,0.0000,0.0000,0.0000,0.0000,5.5,nan
1413,1.04e-04,1.1206,0.0000,0.0000,0.0000,0.0000,5.4,nan
1414,1.03e-04,0.7144,0.0000,0.0000,0.0000,0.0000,5.7,nan
1415,1.03e-04,0.9978,0.0000,0.0000,0.0000,0.0000,5.5,nan
1416,1.03e-04,0.9675,0.0000,0.0000,0.0000,0.0000,5.7,nan
1417,1.02e-04,0.7198,0.0000,0.0000,0.0000,0.0000,5.7,nan
1418,1.02e-04,0.9474,0.0000,0.0000,0.0000,0.0000,5.5,nan
1419,1.02e-04,0.9708,0.0000,0.0000,0.0000,0.0000,5.6,nan
1420,1.01e-04,1.0474,0.0000,0.0000,0.0000,0.0000,8.6,0.6737
1421,1.01e-04,1.0353,0.0000,0.0000,0.0000,0.0000,5.5,nan
1422,1.01e-04,0.7964,0.0000,0.0000,0.0000,0.0000,5.6,nan
1423,1.00e-04,1.0716,0.0000,0.0000,0.0000,0.0000,5.4,nan
1424,1.00e-04,0.7217,0.0000,0.0000,0.0000,0.0000,5.5,nan
1425,9.99e-05,1.0159,0.0000,0.0000,0.0000,0.0000,5.5,nan
1426,9.96e-05,1.0479,0.0000,0.0000,0.0000,0.0000,5.5,nan
1427,9.93e-05,0.8745,0.0000,0.0000,0.0000,0.0000,5.6,nan
1428,9.90e-05,1.0646,0.0000,0.0000,0.0000,0.0000,5.6,nan
1429,9.87e-05,1.0269,0.0000,0.0000,0.0000,0.0000,5.5,nan
1430,9.83e-05,0.9179,0.0000,0.0000,0.0000,0.0000,5.7,nan
1431,9.80e-05,1.0286,0.0000,0.0000,0.0000,0.0000,5.6,nan
1432,9.77e-05,0.9112,0.0000,0.0000,0.0000,0.0000,5.5,nan
1433,9.74e-05,1.0367,0.0000,0.0000,0.0000,0.0000,5.5,nan
1434,9.71e-05,1.0679,0.0000,0.0000,0.0000,0.0000,5.5,nan
1435,9.68e-05,0.9202,0.0000,0.0000,0.0000,0.0000,5.5,nan
1436,9.65e-05,0.8964,0.0000,0.0000,0.0000,0.0000,5.5,nan
1437,9.62e-05,0.7145,0.0000,0.0000,0.0000,0.0000,5.6,nan
1438,9.59e-05,0.8075,0.0000,0.0000,0.0000,0.0000,5.6,nan
1439,9.56e-05,0.8686,0.0000,0.0000,0.0000,0.0000,5.6,nan
1440,9.53e-05,0.8387,0.0000,0.0000,0.0000,0.0000,8.5,0.6886
1441,9.50e-05,1.1593,0.0000,0.0000,0.0000,0.0000,5.4,nan
1442,9.47e-05,0.7950,0.0000,0.0000,0.0000,0.0000,5.5,nan
1443,9.44e-05,0.8995,0.0000,0.0000,0.0000,0.0000,5.4,nan
1444,9.41e-05,0.9091,0.0000,0.0000,0.0000,0.0000,5.6,nan
1445,9.38e-05,0.9274,0.0000,0.0000,0.0000,0.0000,5.5,nan
1446,9.35e-05,1.0446,0.0000,0.0000,0.0000,0.0000,5.6,nan
1447,9.32e-05,0.9953,0.0000,0.0000,0.0000,0.0000,5.6,nan
1448,9.29e-05,1.0012,0.0000,0.0000,0.0000,0.0000,5.5,nan
1449,9.26e-05,0.9612,0.0000,0.0000,0.0000,0.0000,5.6,nan
1450,9.23e-05,0.7751,0.0000,0.0000,0.0000,0.0000,5.5,nan
1451,9.20e-05,1.0532,0.0000,0.0000,0.0000,0.0000,5.6,nan
1452,9.17e-05,0.8048,0.0000,0.0000,0.0000,0.0000,5.5,nan
1453,9.14e-05,0.9675,0.0000,0.0000,0.0000,0.0000,5.6,nan
1454,9.11e-05,1.1178,0.0000,0.0000,0.0000,0.0000,5.6,nan
1455,9.08e-05,0.8204,0.0000,0.0000,0.0000,0.0000,5.5,nan
1456,9.05e-05,0.7566,0.0000,0.0000,0.0000,0.0000,5.6,nan
1457,9.02e-05,0.9750,0.0000,0.0000,0.0000,0.0000,5.6,nan
1458,8.99e-05,0.7664,0.0000,0.0000,0.0000,0.0000,5.5,nan
1459,8.96e-05,0.9201,0.0000,0.0000,0.0000,0.0000,5.6,nan
1460,8.94e-05,0.8779,0.0000,0.0000,0.0000,0.0000,8.6,0.6949
1461,8.91e-05,1.0253,0.0000,0.0000,0.0000,0.0000,5.7,nan
1462,8.88e-05,1.0246,0.0000,0.0000,0.0000,0.0000,5.6,nan
1463,8.85e-05,0.9558,0.0000,0.0000,0.0000,0.0000,5.6,nan
1464,8.82e-05,0.9219,0.0000,0.0000,0.0000,0.0000,5.6,nan
1465,8.79e-05,0.9297,0.0000,0.0000,0.0000,0.0000,5.6,nan
1466,8.76e-05,0.9542,0.0000,0.0000,0.0000,0.0000,5.4,nan
1467,8.73e-05,0.9740,0.0000,0.0000,0.0000,0.0000,5.6,nan
1468,8.70e-05,0.8674,0.0000,0.0000,0.0000,0.0000,5.6,nan
1469,8.67e-05,0.9671,0.0000,0.0000,0.0000,0.0000,5.6,nan
1470,8.64e-05,0.9881,0.0000,0.0000,0.0000,0.0000,5.5,nan
1471,8.61e-05,0.9382,0.0000,0.0000,0.0000,0.0000,5.4,nan
1472,8.59e-05,0.8393,0.0000,0.0000,0.0000,0.0000,5.6,nan
1473,8.56e-05,0.9438,0.0000,0.0000,0.0000,0.0000,5.4,nan
1474,8.53e-05,1.1194,0.0000,0.0000,0.0000,0.0000,5.6,nan
1475,8.50e-05,0.7558,0.0000,0.0000,0.0000,0.0000,5.4,nan
1476,8.47e-05,0.9130,0.0000,0.0000,0.0000,0.0000,5.6,nan
1477,8.44e-05,0.8243,0.0000,0.0000,0.0000,0.0000,5.5,nan
1478,8.41e-05,1.0662,0.0000,0.0000,0.0000,0.0000,5.5,nan
1479,8.38e-05,0.7632,0.0000,0.0000,0.0000,0.0000,5.6,nan
1480,8.36e-05,0.7820,0.0000,0.0000,0.0000,0.0000,8.3,0.6525
1481,8.33e-05,0.9021,0.0000,0.0000,0.0000,0.0000,5.5,nan
1482,8.30e-05,0.8816,0.0000,0.0000,0.0000,0.0000,5.7,nan
1483,8.27e-05,0.9984,0.0000,0.0000,0.0000,0.0000,5.6,nan
1484,8.24e-05,0.8247,0.0000,0.0000,0.0000,0.0000,5.5,nan
1485,8.21e-05,0.9932,0.0000,0.0000,0.0000,0.0000,5.7,nan
1486,8.19e-05,1.0551,0.0000,0.0000,0.0000,0.0000,5.6,nan
1487,8.16e-05,0.8629,0.0000,0.0000,0.0000,0.0000,5.4,nan
1488,8.13e-05,1.0239,0.0000,0.0000,0.0000,0.0000,5.5,nan
1489,8.10e-05,0.8827,0.0000,0.0000,0.0000,0.0000,5.6,nan
1490,8.07e-05,0.9030,0.0000,0.0000,0.0000,0.0000,5.7,nan
1491,8.04e-05,1.0792,0.0000,0.0000,0.0000,0.0000,5.6,nan
1492,8.02e-05,0.6788,0.0000,0.0000,0.0000,0.0000,5.4,nan
1493,7.99e-05,0.8966,0.0000,0.0000,0.0000,0.0000,5.5,nan
1494,7.96e-05,0.9535,0.0000,0.0000,0.0000,0.0000,5.6,nan
1495,7.93e-05,0.9126,0.0000,0.0000,0.0000,0.0000,5.6,nan
1496,7.90e-05,0.9643,0.0000,0.0000,0.0000,0.0000,5.5,nan
1497,7.88e-05,0.9274,0.0000,0.0000,0.0000,0.0000,5.6,nan
1498,7.85e-05,0.9394,0.0000,0.0000,0.0000,0.0000,5.5,nan
1499,7.82e-05,0.7318,0.0000,0.0000,0.0000,0.0000,5.6,nan
1500,7.79e-05,0.9982,0.0000,0.0000,0.0000,0.0000,8.5,0.6716
1501,7.77e-05,0.9073,0.0000,0.0000,0.0000,0.0000,5.5,nan
1502,7.74e-05,0.9502,0.0000,0.0000,0.0000,0.0000,5.6,nan
1503,7.71e-05,0.7537,0.0000,0.0000,0.0000,0.0000,5.5,nan
1504,7.68e-05,0.9227,0.0000,0.0000,0.0000,0.0000,5.5,nan
1505,7.66e-05,1.1042,0.0000,0.0000,0.0000,0.0000,5.6,nan
1506,7.63e-05,0.8545,0.0000,0.0000,0.0000,0.0000,5.6,nan
1507,7.60e-05,0.8862,0.0000,0.0000,0.0000,0.0000,5.6,nan
1508,7.57e-05,0.8959,0.0000,0.0000,0.0000,0.0000,5.5,nan
1509,7.55e-05,0.7938,0.0000,0.0000,0.0000,0.0000,5.7,nan
1510,7.52e-05,1.0096,0.0000,0.0000,0.0000,0.0000,5.4,nan
1511,7.49e-05,0.8910,0.0000,0.0000,0.0000,0.0000,5.6,nan
1512,7.46e-05,0.8869,0.0000,0.0000,0.0000,0.0000,5.5,nan
1513,7.44e-05,0.9554,0.0000,0.0000,0.0000,0.0000,5.5,nan
1514,7.41e-05,1.0499,0.0000,0.0000,0.0000,0.0000,5.4,nan
1515,7.38e-05,0.8802,0.0000,0.0000,0.0000,0.0000,5.4,nan
1516,7.36e-05,0.9010,0.0000,0.0000,0.0000,0.0000,5.5,nan
1517,7.33e-05,0.8339,0.0000,0.0000,0.0000,0.0000,5.5,nan
1518,7.30e-05,1.0051,0.0000,0.0000,0.0000,0.0000,5.6,nan
1519,7.28e-05,0.9568,0.0000,0.0000,0.0000,0.0000,5.4,nan
1520,7.25e-05,0.8972,0.0000,0.0000,0.0000,0.0000,8.3,0.6525
1521,7.22e-05,0.6737,0.0000,0.0000,0.0000,0.0000,5.6,nan
1522,7.19e-05,0.8038,0.0000,0.0000,0.0000,0.0000,5.6,nan
1523,7.17e-05,1.0290,0.0000,0.0000,0.0000,0.0000,5.4,nan
1524,7.14e-05,0.7335,0.0000,0.0000,0.0000,0.0000,5.5,nan
1525,7.11e-05,0.9716,0.0000,0.0000,0.0000,0.0000,5.5,nan
1526,7.09e-05,0.8413,0.0000,0.0000,0.0000,0.0000,6.1,nan
1527,7.06e-05,0.8460,0.0000,0.0000,0.0000,0.0000,5.6,nan
1528,7.04e-05,0.9802,0.0000,0.0000,0.0000,0.0000,5.5,nan
1529,7.01e-05,0.8940,0.0000,0.0000,0.0000,0.0000,5.6,nan
1530,6.98e-05,0.9648,0.0000,0.0000,0.0000,0.0000,5.8,nan
1531,6.96e-05,0.8333,0.0000,0.0000,0.0000,0.0000,5.7,nan
1532,6.93e-05,0.8329,0.0000,0.0000,0.0000,0.0000,5.6,nan
1533,6.90e-05,0.9681,0.0000,0.0000,0.0000,0.0000,5.6,nan
1534,6.88e-05,0.9508,0.0000,0.0000,0.0000,0.0000,5.5,nan
1535,6.85e-05,0.8453,0.0000,0.0000,0.0000,0.0000,5.7,nan
1536,6.82e-05,0.8859,0.0000,0.0000,0.0000,0.0000,5.5,nan
1537,6.80e-05,0.7968,0.0000,0.0000,0.0000,0.0000,5.6,nan
1538,6.77e-05,0.8263,0.0000,0.0000,0.0000,0.0000,5.6,nan
1539,6.75e-05,0.9245,0.0000,0.0000,0.0000,0.0000,5.7,nan
1540,6.72e-05,1.0335,0.0000,0.0000,0.0000,0.0000,8.8,0.6462
1541,6.70e-05,0.8894,0.0000,0.0000,0.0000,0.0000,5.6,nan
1542,6.67e-05,0.8139,0.0000,0.0000,0.0000,0.0000,5.6,nan
1543,6.64e-05,0.8404,0.0000,0.0000,0.0000,0.0000,5.6,nan
1544,6.62e-05,0.7751,0.0000,0.0000,0.0000,0.0000,5.6,nan
1545,6.59e-05,0.9165,0.0000,0.0000,0.0000,0.0000,5.6,nan
1546,6.57e-05,0.6562,0.0000,0.0000,0.0000,0.0000,5.7,nan
1547,6.54e-05,0.9608,0.0000,0.0000,0.0000,0.0000,5.5,nan
1548,6.52e-05,0.8120,0.0000,0.0000,0.0000,0.0000,5.5,nan
1549,6.49e-05,0.8540,0.0000,0.0000,0.0000,0.0000,5.5,nan
1550,6.46e-05,0.8687,0.0000,0.0000,0.0000,0.0000,5.5,nan
1551,6.44e-05,0.9264,0.0000,0.0000,0.0000,0.0000,5.5,nan
1552,6.41e-05,0.7565,0.0000,0.0000,0.0000,0.0000,5.4,nan
1553,6.39e-05,1.1005,0.0000,0.0000,0.0000,0.0000,5.6,nan
1554,6.36e-05,0.9798,0.0000,0.0000,0.0000,0.0000,5.5,nan
1555,6.34e-05,0.8533,0.0000,0.0000,0.0000,0.0000,5.7,nan
1556,6.31e-05,0.7364,0.0000,0.0000,0.0000,0.0000,5.5,nan
1557,6.29e-05,0.8824,0.0000,0.0000,0.0000,0.0000,5.5,nan
1558,6.26e-05,0.7306,0.0000,0.0000,0.0000,0.0000,5.6,nan
1559,6.24e-05,1.1618,0.0000,0.0000,0.0000,0.0000,5.6,nan
1560,6.21e-05,1.0015,0.0000,0.0000,0.0000,0.0000,8.8,0.6525
1561,6.19e-05,0.8267,0.0000,0.0000,0.0000,0.0000,5.5,nan
1562,6.16e-05,1.0219,0.0000,0.0000,0.0000,0.0000,5.5,nan
1563,6.14e-05,0.9360,0.0000,0.0000,0.0000,0.0000,5.6,nan
1564,6.11e-05,0.7982,0.0000,0.0000,0.0000,0.0000,5.5,nan
1565,6.09e-05,0.9364,0.0000,0.0000,0.0000,0.0000,5.5,nan
1566,6.06e-05,0.8563,0.0000,0.0000,0.0000,0.0000,5.5,nan
1567,6.04e-05,0.9619,0.0000,0.0000,0.0000,0.0000,5.5,nan
1568,6.01e-05,0.9572,0.0000,0.0000,0.0000,0.0000,5.6,nan
1569,5.99e-05,0.9614,0.0000,0.0000,0.0000,0.0000,5.5,nan
1570,5.96e-05,0.8046,0.0000,0.0000,0.0000,0.0000,5.5,nan
1571,5.94e-05,0.9617,0.0000,0.0000,0.0000,0.0000,5.5,nan
1572,5.92e-05,0.8139,0.0000,0.0000,0.0000,0.0000,5.8,nan
1573,5.89e-05,0.8464,0.0000,0.0000,0.0000,0.0000,5.5,nan
1574,5.87e-05,0.7689,0.0000,0.0000,0.0000,0.0000,5.4,nan
1575,5.84e-05,1.0091,0.0000,0.0000,0.0000,0.0000,5.5,nan
1576,5.82e-05,0.9864,0.0000,0.0000,0.0000,0.0000,5.5,nan
1577,5.79e-05,0.8676,0.0000,0.0000,0.0000,0.0000,5.5,nan
1578,5.77e-05,0.6884,0.0000,0.0000,0.0000,0.0000,5.5,nan
1579,5.75e-05,0.9203,0.0000,0.0000,0.0000,0.0000,5.7,nan
1580,5.72e-05,0.9994,0.0000,0.0000,0.0000,0.0000,8.2,0.6653
1581,5.70e-05,0.7949,0.0000,0.0000,0.0000,0.0000,5.4,nan
1582,5.67e-05,0.9634,0.0000,0.0000,0.0000,0.0000,5.5,nan
1583,5.65e-05,1.1296,0.0000,0.0000,0.0000,0.0000,5.5,nan
1584,5.63e-05,1.0995,0.0000,0.0000,0.0000,0.0000,5.5,nan
1585,5.60e-05,1.0160,0.0000,0.0000,0.0000,0.0000,5.6,nan
1586,5.58e-05,0.8266,0.0000,0.0000,0.0000,0.0000,5.5,nan
1587,5.56e-05,0.8449,0.0000,0.0000,0.0000,0.0000,5.6,nan
1588,5.53e-05,0.9663,0.0000,0.0000,0.0000,0.0000,5.5,nan
1589,5.51e-05,1.0663,0.0000,0.0000,0.0000,0.0000,5.4,nan
1590,5.48e-05,0.7773,0.0000,0.0000,0.0000,0.0000,5.6,nan
1591,5.46e-05,1.0442,0.0000,0.0000,0.0000,0.0000,5.5,nan
1592,5.44e-05,0.8995,0.0000,0.0000,0.0000,0.0000,5.5,nan
1593,5.41e-05,0.9462,0.0000,0.0000,0.0000,0.0000,5.5,nan
1594,5.39e-05,0.9754,0.0000,0.0000,0.0000,0.0000,5.6,nan
1595,5.37e-05,0.8434,0.0000,0.0000,0.0000,0.0000,5.5,nan
1596,5.34e-05,0.9186,0.0000,0.0000,0.0000,0.0000,5.6,nan
1597,5.32e-05,0.9560,0.0000,0.0000,0.0000,0.0000,5.5,nan
1598,5.30e-05,0.9518,0.0000,0.0000,0.0000,0.0000,5.5,nan
1599,5.28e-05,0.9130,0.0000,0.0000,0.0000,0.0000,5.6,nan
1600,5.25e-05,0.7941,0.0000,0.0000,0.0000,0.0000,8.5,0.6780
1601,5.23e-05,0.8879,0.0000,0.0000,0.0000,0.0000,5.7,nan
1602,5.21e-05,0.8364,0.0000,0.0000,0.0000,0.0000,5.6,nan
1603,5.18e-05,1.1070,0.0000,0.0000,0.0000,0.0000,5.6,nan
1604,5.16e-05,0.8792,0.0000,0.0000,0.0000,0.0000,5.6,nan
1605,5.14e-05,0.7855,0.0000,0.0000,0.0000,0.0000,5.4,nan
1606,5.11e-05,0.9273,0.0000,0.0000,0.0000,0.0000,5.9,nan
1607,5.09e-05,0.9843,0.0000,0.0000,0.0000,0.0000,5.8,nan
1608,5.07e-05,0.9283,0.0000,0.0000,0.0000,0.0000,5.7,nan
1609,5.05e-05,1.0208,0.0000,0.0000,0.0000,0.0000,5.6,nan
1610,5.02e-05,0.9572,0.0000,0.0000,0.0000,0.0000,5.6,nan
1611,5.00e-05,0.8912,0.0000,0.0000,0.0000,0.0000,5.9,nan
1612,4.98e-05,0.8800,0.0000,0.0000,0.0000,0.0000,5.5,nan
1613,4.96e-05,0.8247,0.0000,0.0000,0.0000,0.0000,5.5,nan
1614,4.93e-05,0.8328,0.0000,0.0000,0.0000,0.0000,5.6,nan
1615,4.91e-05,0.9262,0.0000,0.0000,0.0000,0.0000,5.4,nan
1616,4.89e-05,0.9492,0.0000,0.0000,0.0000,0.0000,5.5,nan
1617,4.87e-05,0.8243,0.0000,0.0000,0.0000,0.0000,6.1,nan
1618,4.85e-05,0.9149,0.0000,0.0000,0.0000,0.0000,5.7,nan
1619,4.82e-05,1.0182,0.0000,0.0000,0.0000,0.0000,5.5,nan
1620,4.80e-05,0.9751,0.0000,0.0000,0.0000,0.0000,8.4,0.6780
1621,4.78e-05,0.8201,0.0000,0.0000,0.0000,0.0000,5.6,nan
1622,4.76e-05,1.0545,0.0000,0.0000,0.0000,0.0000,5.6,nan
1623,4.74e-05,0.9530,0.0000,0.0000,0.0000,0.0000,5.4,nan
1624,4.71e-05,0.6627,0.0000,0.0000,0.0000,0.0000,5.5,nan
1625,4.69e-05,0.9528,0.0000,0.0000,0.0000,0.0000,5.5,nan
1626,4.67e-05,0.9825,0.0000,0.0000,0.0000,0.0000,5.5,nan
1627,4.65e-05,1.0879,0.0000,0.0000,0.0000,0.0000,5.5,nan
1628,4.63e-05,0.8562,0.0000,0.0000,0.0000,0.0000,5.5,nan
1629,4.61e-05,0.8264,0.0000,0.0000,0.0000,0.0000,5.6,nan
1630,4.58e-05,1.0144,0.0000,0.0000,0.0000,0.0000,5.6,nan
1631,4.56e-05,0.9216,0.0000,0.0000,0.0000,0.0000,5.6,nan
1632,4.54e-05,0.8656,0.0000,0.0000,0.0000,0.0000,5.5,nan
1633,4.52e-05,0.9948,0.0000,0.0000,0.0000,0.0000,5.5,nan
1634,4.50e-05,0.7965,0.0000,0.0000,0.0000,0.0000,5.5,nan
1635,4.48e-05,0.7255,0.0000,0.0000,0.0000,0.0000,5.5,nan
1636,4.46e-05,0.8857,0.0000,0.0000,0.0000,0.0000,5.4,nan
1637,4.43e-05,1.0791,0.0000,0.0000,0.0000,0.0000,5.6,nan
1638,4.41e-05,0.9595,0.0000,0.0000,0.0000,0.0000,5.4,nan
1639,4.39e-05,0.9839,0.0000,0.0000,0.0000,0.0000,5.6,nan
1640,4.37e-05,0.8510,0.0000,0.0000,0.0000,0.0000,8.3,0.6653
1641,4.35e-05,0.9562,0.0000,0.0000,0.0000,0.0000,5.6,nan
1642,4.33e-05,0.8671,0.0000,0.0000,0.0000,0.0000,5.6,nan
1643,4.31e-05,0.8946,0.0000,0.0000,0.0000,0.0000,5.6,nan
1644,4.29e-05,0.9973,0.0000,0.0000,0.0000,0.0000,5.6,nan
1645,4.27e-05,0.9151,0.0000,0.0000,0.0000,0.0000,5.4,nan
1646,4.25e-05,0.9415,0.0000,0.0000,0.0000,0.0000,5.4,nan
1647,4.23e-05,0.9110,0.0000,0.0000,0.0000,0.0000,5.4,nan
1648,4.21e-05,0.8537,0.0000,0.0000,0.0000,0.0000,5.6,nan
1649,4.19e-05,0.9277,0.0000,0.0000,0.0000,0.0000,5.5,nan
1650,4.16e-05,1.0136,0.0000,0.0000,0.0000,0.0000,5.6,nan
1651,4.14e-05,0.8317,0.0000,0.0000,0.0000,0.0000,5.5,nan
1652,4.12e-05,0.8457,0.0000,0.0000,0.0000,0.0000,5.6,nan
1653,4.10e-05,1.0201,0.0000,0.0000,0.0000,0.0000,5.5,nan
1654,4.08e-05,0.7814,0.0000,0.0000,0.0000,0.0000,5.6,nan
1655,4.06e-05,0.9627,0.0000,0.0000,0.0000,0.0000,5.6,nan
1656,4.04e-05,0.8994,0.0000,0.0000,0.0000,0.0000,5.5,nan
1657,4.02e-05,0.9938,0.0000,0.0000,0.0000,0.0000,5.5,nan
1658,4.00e-05,1.0181,0.0000,0.0000,0.0000,0.0000,5.5,nan
1659,3.98e-05,0.7083,0.0000,0.0000,0.0000,0.0000,5.5,nan
1660,3.96e-05,0.7299,0.0000,0.0000,0.0000,0.0000,8.7,0.6568
1661,3.94e-05,0.8789,0.0000,0.0000,0.0000,0.0000,5.5,nan
1662,3.92e-05,0.8193,0.0000,0.0000,0.0000,0.0000,5.5,nan
1663,3.90e-05,0.8851,0.0000,0.0000,0.0000,0.0000,5.5,nan
1664,3.88e-05,0.9501,0.0000,0.0000,0.0000,0.0000,5.5,nan
1665,3.86e-05,0.9968,0.0000,0.0000,0.0000,0.0000,5.5,nan
1666,3.84e-05,0.8437,0.0000,0.0000,0.0000,0.0000,5.5,nan
1667,3.82e-05,0.9128,0.0000,0.0000,0.0000,0.0000,5.5,nan
1668,3.80e-05,0.8708,0.0000,0.0000,0.0000,0.0000,5.6,nan
1669,3.79e-05,0.9398,0.0000,0.0000,0.0000,0.0000,5.6,nan
1670,3.77e-05,0.8364,0.0000,0.0000,0.0000,0.0000,5.6,nan
1671,3.75e-05,1.0504,0.0000,0.0000,0.0000,0.0000,5.7,nan
1672,3.73e-05,0.9238,0.0000,0.0000,0.0000,0.0000,5.5,nan
1673,3.71e-05,0.8947,0.0000,0.0000,0.0000,0.0000,5.6,nan
1674,3.69e-05,0.9279,0.0000,0.0000,0.0000,0.0000,5.4,nan
1675,3.67e-05,0.9090,0.0000,0.0000,0.0000,0.0000,5.7,nan
1676,3.65e-05,1.0621,0.0000,0.0000,0.0000,0.0000,5.4,nan
1677,3.63e-05,0.7735,0.0000,0.0000,0.0000,0.0000,5.5,nan
1678,3.61e-05,0.9649,0.0000,0.0000,0.0000,0.0000,5.6,nan
1679,3.59e-05,0.9657,0.0000,0.0000,0.0000,0.0000,5.4,nan
1680,3.57e-05,1.0356,0.0000,0.0000,0.0000,0.0000,8.7,0.6758
1681,3.56e-05,0.8512,0.0000,0.0000,0.0000,0.0000,5.4,nan
1682,3.54e-05,0.9060,0.0000,0.0000,0.0000,0.0000,5.5,nan
1683,3.52e-05,0.8321,0.0000,0.0000,0.0000,0.0000,5.4,nan
1684,3.50e-05,0.7410,0.0000,0.0000,0.0000,0.0000,5.5,nan
1685,3.48e-05,0.9864,0.0000,0.0000,0.0000,0.0000,5.5,nan
1686,3.46e-05,0.9486,0.0000,0.0000,0.0000,0.0000,5.6,nan
1687,3.44e-05,0.9560,0.0000,0.0000,0.0000,0.0000,5.4,nan
1688,3.43e-05,0.9852,0.0000,0.0000,0.0000,0.0000,5.6,nan
1689,3.41e-05,1.0312,0.0000,0.0000,0.0000,0.0000,5.5,nan
1690,3.39e-05,0.8835,0.0000,0.0000,0.0000,0.0000,5.4,nan
1691,3.37e-05,0.9086,0.0000,0.0000,0.0000,0.0000,5.6,nan
1692,3.35e-05,0.7473,0.0000,0.0000,0.0000,0.0000,5.5,nan
1693,3.33e-05,0.9890,0.0000,0.0000,0.0000,0.0000,5.7,nan
1694,3.32e-05,0.9835,0.0000,0.0000,0.0000,0.0000,5.4,nan
1695,3.30e-05,0.9038,0.0000,0.0000,0.0000,0.0000,5.5,nan
1696,3.28e-05,0.9472,0.0000,0.0000,0.0000,0.0000,5.6,nan
1697,3.26e-05,0.7619,0.0000,0.0000,0.0000,0.0000,5.5,nan
1698,3.24e-05,0.7183,0.0000,0.0000,0.0000,0.0000,5.5,nan
1699,3.23e-05,0.7512,0.0000,0.0000,0.0000,0.0000,5.4,nan
1700,3.21e-05,0.8951,0.0000,0.0000,0.0000,0.0000,8.3,0.6653
1701,3.19e-05,0.8973,0.0000,0.0000,0.0000,0.0000,5.6,nan
1702,3.17e-05,0.9003,0.0000,0.0000,0.0000,0.0000,5.6,nan
1703,3.16e-05,0.8258,0.0000,0.0000,0.0000,0.0000,5.4,nan
1704,3.14e-05,1.0582,0.0000,0.0000,0.0000,0.0000,5.6,nan
1705,3.12e-05,1.0481,0.0000,0.0000,0.0000,0.0000,5.6,nan
1706,3.10e-05,0.9818,0.0000,0.0000,0.0000,0.0000,5.6,nan
1707,3.09e-05,0.9476,0.0000,0.0000,0.0000,0.0000,5.5,nan
1708,3.07e-05,0.8566,0.0000,0.0000,0.0000,0.0000,5.4,nan
1709,3.05e-05,0.9185,0.0000,0.0000,0.0000,0.0000,5.5,nan
1710,3.03e-05,0.8976,0.0000,0.0000,0.0000,0.0000,5.6,nan
1711,3.02e-05,0.7028,0.0000,0.0000,0.0000,0.0000,5.6,nan
1712,3.00e-05,0.9156,0.0000,0.0000,0.0000,0.0000,5.7,nan
1713,2.98e-05,0.6500,0.0000,0.0000,0.0000,0.0000,5.8,nan
1714,2.96e-05,0.8709,0.0000,0.0000,0.0000,0.0000,5.5,nan
1715,2.95e-05,0.9476,0.0000,0.0000,0.0000,0.0000,5.5,nan
1716,2.93e-05,0.7124,0.0000,0.0000,0.0000,0.0000,5.7,nan
1717,2.91e-05,0.8762,0.0000,0.0000,0.0000,0.0000,5.6,nan
1718,2.90e-05,1.1109,0.0000,0.0000,0.0000,0.0000,5.6,nan
1719,2.88e-05,0.8742,0.0000,0.0000,0.0000,0.0000,5.6,nan
1720,2.86e-05,0.7910,0.0000,0.0000,0.0000,0.0000,8.6,0.6695
1721,2.85e-05,0.7783,0.0000,0.0000,0.0000,0.0000,5.5,nan
1722,2.83e-05,0.8134,0.0000,0.0000,0.0000,0.0000,5.5,nan
1723,2.81e-05,0.9539,0.0000,0.0000,0.0000,0.0000,5.5,nan
1724,2.80e-05,0.6370,0.0000,0.0000,0.0000,0.0000,5.5,nan
1725,2.78e-05,0.8781,0.0000,0.0000,0.0000,0.0000,5.5,nan
1726,2.76e-05,0.9118,0.0000,0.0000,0.0000,0.0000,5.5,nan
1727,2.75e-05,0.5977,0.0000,0.0000,0.0000,0.0000,5.6,nan
1728,2.73e-05,0.8982,0.0000,0.0000,0.0000,0.0000,5.8,nan
1729,2.72e-05,0.7924,0.0000,0.0000,0.0000,0.0000,5.6,nan
1730,2.70e-05,0.8573,0.0000,0.0000,0.0000,0.0000,5.6,nan
1731,2.68e-05,0.7438,0.0000,0.0000,0.0000,0.0000,5.5,nan
1732,2.67e-05,0.7382,0.0000,0.0000,0.0000,0.0000,5.6,nan
1733,2.65e-05,1.0267,0.0000,0.0000,0.0000,0.0000,5.6,nan
1734,2.64e-05,0.8178,0.0000,0.0000,0.0000,0.0000,5.5,nan
1735,2.62e-05,0.8728,0.0000,0.0000,0.0000,0.0000,5.6,nan
1736,2.60e-05,1.0562,0.0000,0.0000,0.0000,0.0000,5.7,nan
1737,2.59e-05,0.8752,0.0000,0.0000,0.0000,0.0000,5.6,nan
1738,2.57e-05,1.0592,0.0000,0.0000,0.0000,0.0000,5.5,nan
1739,2.56e-05,0.7367,0.0000,0.0000,0.0000,0.0000,5.6,nan
1740,2.54e-05,0.7886,0.0000,0.0000,0.0000,0.0000,8.7,0.6674
1741,2.53e-05,0.8537,0.0000,0.0000,0.0000,0.0000,5.5,nan
1742,2.51e-05,0.8556,0.0000,0.0000,0.0000,0.0000,5.6,nan
1743,2.50e-05,0.6684,0.0000,0.0000,0.0000,0.0000,5.5,nan
1744,2.48e-05,0.6495,0.0000,0.0000,0.0000,0.0000,5.5,nan
1745,2.46e-05,0.9324,0.0000,0.0000,0.0000,0.0000,5.5,nan
1746,2.45e-05,0.9079,0.0000,0.0000,0.0000,0.0000,5.6,nan
1747,2.43e-05,0.8216,0.0000,0.0000,0.0000,0.0000,5.4,nan
1748,2.42e-05,0.8674,0.0000,0.0000,0.0000,0.0000,5.5,nan
1749,2.40e-05,0.8838,0.0000,0.0000,0.0000,0.0000,5.6,nan
1750,2.39e-05,0.7776,0.0000,0.0000,0.0000,0.0000,5.5,nan
1751,2.37e-05,0.7975,0.0000,0.0000,0.0000,0.0000,5.6,nan
1752,2.36e-05,0.8259,0.0000,0.0000,0.0000,0.0000,5.5,nan
1753,2.34e-05,0.6933,0.0000,0.0000,0.0000,0.0000,5.7,nan
1754,2.33e-05,0.8841,0.0000,0.0000,0.0000,0.0000,5.6,nan
1755,2.32e-05,0.7771,0.0000,0.0000,0.0000,0.0000,5.5,nan
1756,2.30e-05,1.0501,0.0000,0.0000,0.0000,0.0000,5.5,nan
1757,2.29e-05,1.0610,0.0000,0.0000,0.0000,0.0000,5.5,nan
1758,2.27e-05,0.8551,0.0000,0.0000,0.0000,0.0000,5.6,nan
1759,2.26e-05,0.9068,0.0000,0.0000,0.0000,0.0000,5.6,nan
1760,2.24e-05,0.9903,0.0000,0.0000,0.0000,0.0000,8.4,0.6674
1761,2.23e-05,0.9896,0.0000,0.0000,0.0000,0.0000,5.6,nan
1762,2.21e-05,0.7926,0.0000,0.0000,0.0000,0.0000,5.4,nan
1763,2.20e-05,0.9362,0.0000,0.0000,0.0000,0.0000,5.5,nan
1764,2.19e-05,0.8113,0.0000,0.0000,0.0000,0.0000,5.6,nan
1765,2.17e-05,0.8026,0.0000,0.0000,0.0000,0.0000,5.6,nan
1766,2.16e-05,0.8975,0.0000,0.0000,0.0000,0.0000,5.4,nan
1767,2.14e-05,0.6929,0.0000,0.0000,0.0000,0.0000,5.6,nan
1768,2.13e-05,0.7279,0.0000,0.0000,0.0000,0.0000,5.6,nan
1769,2.12e-05,0.8997,0.0000,0.0000,0.0000,0.0000,5.4,nan
1770,2.10e-05,0.7550,0.0000,0.0000,0.0000,0.0000,5.5,nan
1771,2.09e-05,0.7865,0.0000,0.0000,0.0000,0.0000,5.5,nan
1772,2.07e-05,0.8409,0.0000,0.0000,0.0000,0.0000,5.6,nan
1773,2.06e-05,0.8663,0.0000,0.0000,0.0000,0.0000,5.5,nan
1774,2.05e-05,0.8841,0.0000,0.0000,0.0000,0.0000,5.6,nan
1775,2.03e-05,0.8254,0.0000,0.0000,0.0000,0.0000,5.6,nan
1776,2.02e-05,0.8197,0.0000,0.0000,0.0000,0.0000,5.6,nan
1777,2.01e-05,0.9068,0.0000,0.0000,0.0000,0.0000,5.5,nan
1778,1.99e-05,0.8384,0.0000,0.0000,0.0000,0.0000,5.5,nan
1779,1.98e-05,0.8690,0.0000,0.0000,0.0000,0.0000,5.6,nan
1780,1.97e-05,0.9249,0.0000,0.0000,0.0000,0.0000,8.5,0.6716
1781,1.95e-05,1.0190,0.0000,0.0000,0.0000,0.0000,5.5,nan
1782,1.94e-05,1.0912,0.0000,0.0000,0.0000,0.0000,6.0,nan
1783,1.93e-05,0.9716,0.0000,0.0000,0.0000,0.0000,5.5,nan
1784,1.91e-05,0.9673,0.0000,0.0000,0.0000,0.0000,5.6,nan
1785,1.90e-05,0.8787,0.0000,0.0000,0.0000,0.0000,5.6,nan
1786,1.89e-05,0.7277,0.0000,0.0000,0.0000,0.0000,5.5,nan
1787,1.87e-05,0.8604,0.0000,0.0000,0.0000,0.0000,5.6,nan
1788,1.86e-05,0.7206,0.0000,0.0000,0.0000,0.0000,5.4,nan
1789,1.85e-05,0.8320,0.0000,0.0000,0.0000,0.0000,5.5,nan
1790,1.84e-05,0.8002,0.0000,0.0000,0.0000,0.0000,5.5,nan
1791,1.82e-05,0.9258,0.0000,0.0000,0.0000,0.0000,5.6,nan
1792,1.81e-05,0.9325,0.0000,0.0000,0.0000,0.0000,5.5,nan
1793,1.80e-05,0.9198,0.0000,0.0000,0.0000,0.0000,5.6,nan
1794,1.79e-05,0.9098,0.0000,0.0000,0.0000,0.0000,5.6,nan
1795,1.77e-05,0.8542,0.0000,0.0000,0.0000,0.0000,5.6,nan
1796,1.76e-05,0.9334,0.0000,0.0000,0.0000,0.0000,5.7,nan
1797,1.75e-05,0.7542,0.0000,0.0000,0.0000,0.0000,5.5,nan
1798,1.74e-05,0.8932,0.0000,0.0000,0.0000,0.0000,5.7,nan
1799,1.72e-05,0.9979,0.0000,0.0000,0.0000,0.0000,5.6,nan
1800,1.71e-05,0.9432,0.0000,0.0000,0.0000,0.0000,8.4,0.6631
1801,1.70e-05,0.8071,0.0000,0.0000,0.0000,0.0000,5.6,nan
1802,1.69e-05,0.9188,0.0000,0.0000,0.0000,0.0000,5.4,nan
1803,1.68e-05,0.9875,0.0000,0.0000,0.0000,0.0000,5.6,nan
1804,1.66e-05,0.8712,0.0000,0.0000,0.0000,0.0000,5.5,nan
1805,1.65e-05,0.6909,0.0000,0.0000,0.0000,0.0000,5.6,nan
1806,1.64e-05,0.7933,0.0000,0.0000,0.0000,0.0000,5.4,nan
1807,1.63e-05,0.8867,0.0000,0.0000,0.0000,0.0000,5.6,nan
1808,1.62e-05,0.8934,0.0000,0.0000,0.0000,0.0000,5.6,nan
1809,1.61e-05,0.7149,0.0000,0.0000,0.0000,0.0000,5.6,nan
1810,1.59e-05,0.9290,0.0000,0.0000,0.0000,0.0000,5.6,nan
1811,1.58e-05,0.8930,0.0000,0.0000,0.0000,0.0000,5.5,nan
1812,1.57e-05,1.0173,0.0000,0.0000,0.0000,0.0000,5.6,nan
1813,1.56e-05,0.9145,0.0000,0.0000,0.0000,0.0000,5.4,nan
1814,1.55e-05,0.8078,0.0000,0.0000,0.0000,0.0000,5.6,nan
1815,1.54e-05,0.7914,0.0000,0.0000,0.0000,0.0000,5.6,nan
1816,1.53e-05,0.8147,0.0000,0.0000,0.0000,0.0000,5.4,nan
1817,1.52e-05,0.9703,0.0000,0.0000,0.0000,0.0000,5.5,nan
1818,1.50e-05,0.9714,0.0000,0.0000,0.0000,0.0000,5.5,nan
1819,1.49e-05,0.8602,0.0000,0.0000,0.0000,0.0000,5.5,nan
1820,1.48e-05,0.8847,0.0000,0.0000,0.0000,0.0000,8.5,0.6758
1821,1.47e-05,0.8959,0.0000,0.0000,0.0000,0.0000,5.6,nan
1822,1.46e-05,1.0127,0.0000,0.0000,0.0000,0.0000,5.5,nan
1823,1.45e-05,0.9278,0.0000,0.0000,0.0000,0.0000,5.6,nan
1824,1.44e-05,0.7121,0.0000,0.0000,0.0000,0.0000,5.5,nan
1825,1.43e-05,0.9554,0.0000,0.0000,0.0000,0.0000,5.7,nan
1826,1.42e-05,0.9305,0.0000,0.0000,0.0000,0.0000,5.5,nan
1827,1.41e-05,0.9458,0.0000,0.0000,0.0000,0.0000,5.4,nan
1828,1.40e-05,0.8737,0.0000,0.0000,0.0000,0.0000,5.5,nan
1829,1.39e-05,1.0316,0.0000,0.0000,0.0000,0.0000,5.6,nan
1830,1.38e-05,1.0201,0.0000,0.0000,0.0000,0.0000,5.6,nan
1831,1.37e-05,0.9378,0.0000,0.0000,0.0000,0.0000,5.5,nan
1832,1.36e-05,0.7165,0.0000,0.0000,0.0000,0.0000,5.6,nan
1833,1.35e-05,0.7958,0.0000,0.0000,0.0000,0.0000,5.5,nan
1834,1.34e-05,1.0450,0.0000,0.0000,0.0000,0.0000,5.6,nan
1835,1.33e-05,0.9099,0.0000,0.0000,0.0000,0.0000,5.5,nan
1836,1.32e-05,0.9177,0.0000,0.0000,0.0000,0.0000,5.4,nan
1837,1.31e-05,0.7615,0.0000,0.0000,0.0000,0.0000,5.6,nan
1838,1.30e-05,0.9602,0.0000,0.0000,0.0000,0.0000,5.5,nan
1839,1.29e-05,0.8388,0.0000,0.0000,0.0000,0.0000,5.5,nan
1840,1.28e-05,0.9615,0.0000,0.0000,0.0000,0.0000,9.0,0.6674
1841,1.27e-05,0.9396,0.0000,0.0000,0.0000,0.0000,5.4,nan
1842,1.26e-05,0.7025,0.0000,0.0000,0.0000,0.0000,5.6,nan
1843,1.25e-05,1.0273,0.0000,0.0000,0.0000,0.0000,5.6,nan
1844,1.24e-05,0.8886,0.0000,0.0000,0.0000,0.0000,5.7,nan
1845,1.23e-05,0.8767,0.0000,0.0000,0.0000,0.0000,5.6,nan
1846,1.22e-05,0.8817,0.0000,0.0000,0.0000,0.0000,5.5,nan
1847,1.21e-05,0.7755,0.0000,0.0000,0.0000,0.0000,5.5,nan
1848,1.20e-05,0.9390,0.0000,0.0000,0.0000,0.0000,5.6,nan
1849,1.19e-05,0.8783,0.0000,0.0000,0.0000,0.0000,5.5,nan
1850,1.18e-05,0.9329,0.0000,0.0000,0.0000,0.0000,5.6,nan
1851,1.17e-05,0.9108,0.0000,0.0000,0.0000,0.0000,5.5,nan
1852,1.16e-05,0.9893,0.0000,0.0000,0.0000,0.0000,5.6,nan
1853,1.16e-05,0.8954,0.0000,0.0000,0.0000,0.0000,5.5,nan
1854,1.15e-05,0.9048,0.0000,0.0000,0.0000,0.0000,5.5,nan
1855,1.14e-05,0.7687,0.0000,0.0000,0.0000,0.0000,5.5,nan
1856,1.13e-05,0.8768,0.0000,0.0000,0.0000,0.0000,5.4,nan
1857,1.12e-05,0.7317,0.0000,0.0000,0.0000,0.0000,5.5,nan
1858,1.11e-05,0.8035,0.0000,0.0000,0.0000,0.0000,5.6,nan
1859,1.10e-05,0.8586,0.0000,0.0000,0.0000,0.0000,5.5,nan
1860,1.09e-05,0.9038,0.0000,0.0000,0.0000,0.0000,8.8,0.6610
1861,1.09e-05,0.9285,0.0000,0.0000,0.0000,0.0000,5.6,nan
1862,1.08e-05,0.6584,0.0000,0.0000,0.0000,0.0000,5.5,nan
1863,1.07e-05,0.9762,0.0000,0.0000,0.0000,0.0000,5.5,nan
1864,1.06e-05,0.7340,0.0000,0.0000,0.0000,0.0000,5.5,nan
1865,1.05e-05,0.9420,0.0000,0.0000,0.0000,0.0000,5.5,nan
1866,1.04e-05,0.7234,0.0000,0.0000,0.0000,0.0000,5.6,nan
1867,1.04e-05,1.0019,0.0000,0.0000,0.0000,0.0000,5.6,nan
1868,1.03e-05,0.8836,0.0000,0.0000,0.0000,0.0000,5.5,nan
1869,1.02e-05,0.8688,0.0000,0.0000,0.0000,0.0000,5.6,nan
1870,1.01e-05,0.9717,0.0000,0.0000,0.0000,0.0000,5.5,nan
1871,1.00e-05,0.9660,0.0000,0.0000,0.0000,0.0000,5.5,nan
1872,9.97e-06,0.8874,0.0000,0.0000,0.0000,0.0000,5.5,nan
1873,9.89e-06,0.7653,0.0000,0.0000,0.0000,0.0000,5.7,nan
1874,9.81e-06,0.9569,0.0000,0.0000,0.0000,0.0000,5.5,nan
1875,9.73e-06,0.9735,0.0000,0.0000,0.0000,0.0000,5.6,nan
1876,9.66e-06,0.8748,0.0000,0.0000,0.0000,0.0000,5.5,nan
1877,9.58e-06,0.9544,0.0000,0.0000,0.0000,0.0000,5.5,nan
1878,9.51e-06,0.8878,0.0000,0.0000,0.0000,0.0000,5.5,nan
1879,9.44e-06,0.8291,0.0000,0.0000,0.0000,0.0000,5.5,nan
1880,9.36e-06,0.9546,0.0000,0.0000,0.0000,0.0000,8.4,0.6780
1881,9.29e-06,1.0137,0.0000,0.0000,0.0000,0.0000,5.6,nan
1882,9.22e-06,0.8628,0.0000,0.0000,0.0000,0.0000,5.6,nan
1883,9.15e-06,0.9277,0.0000,0.0000,0.0000,0.0000,5.5,nan
1884,9.07e-06,0.6383,0.0000,0.0000,0.0000,0.0000,5.6,nan
1885,9.00e-06,0.8314,0.0000,0.0000,0.0000,0.0000,5.5,nan
1886,8.93e-06,0.7607,0.0000,0.0000,0.0000,0.0000,5.5,nan
1887,8.87e-06,0.8435,0.0000,0.0000,0.0000,0.0000,5.6,nan
1888,8.80e-06,0.9619,0.0000,0.0000,0.0000,0.0000,5.4,nan
1889,8.73e-06,0.8348,0.0000,0.0000,0.0000,0.0000,5.6,nan
1890,8.66e-06,0.7778,0.0000,0.0000,0.0000,0.0000,5.5,nan
1891,8.60e-06,1.0256,0.0000,0.0000,0.0000,0.0000,5.6,nan
1892,8.53e-06,0.9963,0.0000,0.0000,0.0000,0.0000,5.5,nan
1893,8.46e-06,0.9192,0.0000,0.0000,0.0000,0.0000,5.6,nan
1894,8.40e-06,0.8706,0.0000,0.0000,0.0000,0.0000,5.4,nan
1895,8.33e-06,0.9419,0.0000,0.0000,0.0000,0.0000,5.5,nan
1896,8.27e-06,0.9412,0.0000,0.0000,0.0000,0.0000,5.6,nan
1897,8.21e-06,0.8000,0.0000,0.0000,0.0000,0.0000,5.6,nan
1898,8.15e-06,0.8609,0.0000,0.0000,0.0000,0.0000,5.7,nan
1899,8.08e-06,0.7045,0.0000,0.0000,0.0000,0.0000,5.4,nan
1900,8.02e-06,0.8641,0.0000,0.0000,0.0000,0.0000,8.7,0.6695
1901,7.96e-06,0.7170,0.0000,0.0000,0.0000,0.0000,5.6,nan
1902,7.90e-06,0.9117,0.0000,0.0000,0.0000,0.0000,5.5,nan
1903,7.84e-06,0.9563,0.0000,0.0000,0.0000,0.0000,5.7,nan
1904,7.78e-06,0.8941,0.0000,0.0000,0.0000,0.0000,5.5,nan
1905,7.73e-06,0.9375,0.0000,0.0000,0.0000,0.0000,5.5,nan
1906,7.67e-06,0.8496,0.0000,0.0000,0.0000,0.0000,5.6,nan
1907,7.61e-06,0.7260,0.0000,0.0000,0.0000,0.0000,5.6,nan
1908,7.56e-06,0.8423,0.0000,0.0000,0.0000,0.0000,5.6,nan
1909,7.50e-06,0.8650,0.0000,0.0000,0.0000,0.0000,5.6,nan
1910,7.44e-06,1.0173,0.0000,0.0000,0.0000,0.0000,5.5,nan
1911,7.39e-06,0.8209,0.0000,0.0000,0.0000,0.0000,5.6,nan
1912,7.34e-06,0.9003,0.0000,0.0000,0.0000,0.0000,5.5,nan
1913,7.28e-06,0.8556,0.0000,0.0000,0.0000,0.0000,5.5,nan
1914,7.23e-06,0.9042,0.0000,0.0000,0.0000,0.0000,5.4,nan
1915,7.18e-06,0.6324,0.0000,0.0000,0.0000,0.0000,5.6,nan
1916,7.13e-06,0.7968,0.0000,0.0000,0.0000,0.0000,5.5,nan
1917,7.08e-06,0.8787,0.0000,0.0000,0.0000,0.0000,5.6,nan
1918,7.03e-06,0.9734,0.0000,0.0000,0.0000,0.0000,5.7,nan
1919,6.98e-06,0.9177,0.0000,0.0000,0.0000,0.0000,5.4,nan
1920,6.93e-06,0.9158,0.0000,0.0000,0.0000,0.0000,8.6,0.6716
1921,6.88e-06,0.8572,0.0000,0.0000,0.0000,0.0000,5.5,nan
1922,6.83e-06,0.8688,0.0000,0.0000,0.0000,0.0000,5.6,nan
1923,6.78e-06,0.9608,0.0000,0.0000,0.0000,0.0000,5.5,nan
1924,6.74e-06,0.9526,0.0000,0.0000,0.0000,0.0000,5.6,nan
1925,6.69e-06,1.0134,0.0000,0.0000,0.0000,0.0000,5.6,nan
1926,6.65e-06,0.6548,0.0000,0.0000,0.0000,0.0000,5.4,nan
1927,6.60e-06,0.9675,0.0000,0.0000,0.0000,0.0000,5.5,nan
1928,6.56e-06,0.8126,0.0000,0.0000,0.0000,0.0000,5.5,nan
1929,6.51e-06,0.9628,0.0000,0.0000,0.0000,0.0000,5.6,nan
1930,6.47e-06,0.9450,0.0000,0.0000,0.0000,0.0000,5.5,nan
1931,6.43e-06,0.8708,0.0000,0.0000,0.0000,0.0000,5.6,nan
1932,6.39e-06,0.8548,0.0000,0.0000,0.0000,0.0000,5.5,nan
1933,6.35e-06,0.9266,0.0000,0.0000,0.0000,0.0000,5.5,nan
1934,6.31e-06,0.9248,0.0000,0.0000,0.0000,0.0000,5.5,nan
1935,6.27e-06,0.8516,0.0000,0.0000,0.0000,0.0000,5.5,nan
1936,6.23e-06,0.7437,0.0000,0.0000,0.0000,0.0000,5.6,nan
1937,6.19e-06,0.7964,0.0000,0.0000,0.0000,0.0000,5.6,nan
1938,6.15e-06,0.9174,0.0000,0.0000,0.0000,0.0000,5.5,nan
1939,6.11e-06,0.8612,0.0000,0.0000,0.0000,0.0000,5.6,nan
1940,6.08e-06,0.6451,0.0000,0.0000,0.0000,0.0000,8.7,0.6674
1941,6.04e-06,0.8817,0.0000,0.0000,0.0000,0.0000,5.6,nan
1942,6.00e-06,0.9806,0.0000,0.0000,0.0000,0.0000,5.5,nan
1943,5.97e-06,0.8687,0.0000,0.0000,0.0000,0.0000,5.6,nan
1944,5.94e-06,0.7591,0.0000,0.0000,0.0000,0.0000,5.6,nan
1945,5.90e-06,0.8681,0.0000,0.0000,0.0000,0.0000,5.5,nan
1946,5.87e-06,0.8559,0.0000,0.0000,0.0000,0.0000,5.5,nan
1947,5.84e-06,1.0150,0.0000,0.0000,0.0000,0.0000,5.4,nan
1948,5.80e-06,0.9440,0.0000,0.0000,0.0000,0.0000,5.5,nan
1949,5.77e-06,1.0432,0.0000,0.0000,0.0000,0.0000,5.5,nan
1950,5.74e-06,0.8281,0.0000,0.0000,0.0000,0.0000,5.5,nan
1951,5.71e-06,0.7313,0.0000,0.0000,0.0000,0.0000,5.6,nan
1952,5.68e-06,0.8267,0.0000,0.0000,0.0000,0.0000,5.7,nan
1953,5.66e-06,0.8162,0.0000,0.0000,0.0000,0.0000,5.5,nan
1954,5.63e-06,0.8004,0.0000,0.0000,0.0000,0.0000,5.7,nan
1955,5.60e-06,1.0211,0.0000,0.0000,0.0000,0.0000,5.6,nan
1956,5.57e-06,0.8253,0.0000,0.0000,0.0000,0.0000,5.3,nan
1957,5.55e-06,0.9714,0.0000,0.0000,0.0000,0.0000,5.6,nan
1958,5.52e-06,0.8133,0.0000,0.0000,0.0000,0.0000,5.5,nan
1959,5.50e-06,0.7235,0.0000,0.0000,0.0000,0.0000,5.5,nan
1960,5.47e-06,0.8286,0.0000,0.0000,0.0000,0.0000,8.4,0.6695
1961,5.45e-06,0.7097,0.0000,0.0000,0.0000,0.0000,5.6,nan
1962,5.42e-06,1.0271,0.0000,0.0000,0.0000,0.0000,5.5,nan
1963,5.40e-06,1.0468,0.0000,0.0000,0.0000,0.0000,5.5,nan
1964,5.38e-06,0.9402,0.0000,0.0000,0.0000,0.0000,5.5,nan
1965,5.36e-06,0.9131,0.0000,0.0000,0.0000,0.0000,5.6,nan
1966,5.34e-06,0.7819,0.0000,0.0000,0.0000,0.0000,5.6,nan
1967,5.32e-06,0.9108,0.0000,0.0000,0.0000,0.0000,5.4,nan
1968,5.30e-06,0.7906,0.0000,0.0000,0.0000,0.0000,5.6,nan
1969,5.28e-06,1.0453,0.0000,0.0000,0.0000,0.0000,5.6,nan
1970,5.26e-06,1.0338,0.0000,0.0000,0.0000,0.0000,5.5,nan
1971,5.24e-06,0.9269,0.0000,0.0000,0.0000,0.0000,5.5,nan
1972,5.23e-06,0.7881,0.0000,0.0000,0.0000,0.0000,5.5,nan
1973,5.21e-06,1.0274,0.0000,0.0000,0.0000,0.0000,5.6,nan
1974,5.19e-06,0.9053,0.0000,0.0000,0.0000,0.0000,5.4,nan
1975,5.18e-06,0.7099,0.0000,0.0000,0.0000,0.0000,5.5,nan
1976,5.16e-06,0.8279,0.0000,0.0000,0.0000,0.0000,5.4,nan
1977,5.15e-06,0.7390,0.0000,0.0000,0.0000,0.0000,5.6,nan
1978,5.14e-06,0.8545,0.0000,0.0000,0.0000,0.0000,5.5,nan
1979,5.12e-06,0.8271,0.0000,0.0000,0.0000,0.0000,5.6,nan
1980,5.11e-06,0.8129,0.0000,0.0000,0.0000,0.0000,8.7,0.6674
1981,5.10e-06,0.8024,0.0000,0.0000,0.0000,0.0000,5.6,nan
1982,5.09e-06,0.7905,0.0000,0.0000,0.0000,0.0000,5.6,nan
1983,5.08e-06,0.9790,0.0000,0.0000,0.0000,0.0000,5.5,nan
1984,5.07e-06,0.7772,0.0000,0.0000,0.0000,0.0000,5.7,nan
1985,5.06e-06,0.8679,0.0000,0.0000,0.0000,0.0000,5.6,nan
1986,5.05e-06,0.8426,0.0000,0.0000,0.0000,0.0000,5.4,nan
1987,5.05e-06,0.7784,0.0000,0.0000,0.0000,0.0000,5.4,nan
1988,5.04e-06,0.7074,0.0000,0.0000,0.0000,0.0000,5.6,nan
1989,5.03e-06,0.8829,0.0000,0.0000,0.0000,0.0000,5.5,nan
1990,5.03e-06,0.9758,0.0000,0.0000,0.0000,0.0000,5.6,nan
1991,5.02e-06,0.7260,0.0000,0.0000,0.0000,0.0000,5.6,nan
1992,5.02e-06,1.0407,0.0000,0.0000,0.0000,0.0000,5.5,nan
1993,5.01e-06,0.8549,0.0000,0.0000,0.0000,0.0000,5.5,nan
1994,5.01e-06,0.9813,0.0000,0.0000,0.0000,0.0000,5.6,nan
1995,5.01e-06,0.7765,0.0000,0.0000,0.0000,0.0000,5.4,nan
1996,5.00e-06,0.7451,0.0000,0.0000,0.0000,0.0000,5.5,nan
1997,5.00e-06,0.9042,0.0000,0.0000,0.0000,0.0000,5.5,nan
1998,5.00e-06,0.6431,0.0000,0.0000,0.0000,0.0000,5.6,nan
1999,5.00e-06,0.9617,0.0000,0.0000,0.0000,0.0000,8.4,0.6674
