epoch,lr,train_loss,val_top1,val_top5,val_balanced,ema_top1,seconds,tracked_test_top1
0,5.00e-05,3.9253,0.0000,0.0000,0.0000,0.0000,31.5,0.0297
1,1.00e-04,3.9118,0.0000,0.0000,0.0000,0.0000,4.4,nan
2,1.50e-04,3.8886,0.0000,0.0000,0.0000,0.0000,4.0,nan
3,2.00e-04,3.8635,0.0000,0.0000,0.0000,0.0000,3.9,nan
4,2.50e-04,3.8383,0.0000,0.0000,0.0000,0.0000,3.7,nan
5,3.00e-04,3.7579,0.0000,0.0000,0.0000,0.0000,3.9,nan
6,3.50e-04,3.7295,0.0000,0.0000,0.0000,0.0000,4.0,nan
7,4.00e-04,3.6546,0.0000,0.0000,0.0000,0.0000,3.9,nan
8,4.50e-04,3.6301,0.0000,0.0000,0.0000,0.0000,4.1,nan
9,5.00e-04,3.5883,0.0000,0.0000,0.0000,0.0000,4.0,nan
10,5.00e-04,3.5583,0.0000,0.0000,0.0000,0.0000,4.1,nan
11,5.00e-04,3.4463,0.0000,0.0000,0.0000,0.0000,4.0,nan
12,5.00e-04,3.4359,0.0000,0.0000,0.0000,0.0000,3.8,nan
13,5.00e-04,3.4184,0.0000,0.0000,0.0000,0.0000,3.9,nan
14,5.00e-04,3.3587,0.0000,0.0000,0.0000,0.0000,3.8,nan
15,5.00e-04,3.3107,0.0000,0.0000,0.0000,0.0000,4.0,nan
16,5.00e-04,3.1667,0.0000,0.0000,0.0000,0.0000,3.8,nan
17,5.00e-04,3.2233,0.0000,0.0000,0.0000,0.0000,3.9,nan
18,5.00e-04,3.2180,0.0000,0.0000,0.0000,0.0000,3.8,nan
19,5.00e-04,3.2672,0.0000,0.0000,0.0000,0.0000,3.8,nan
20,5.00e-04,3.0879,0.0000,0.0000,0.0000,0.0000,5.8,0.2500
21,5.00e-04,3.0777,0.0000,0.0000,0.0000,0.0000,4.0,nan
22,5.00e-04,2.9669,0.0000,0.0000,0.0000,0.0000,3.9,nan
23,5.00e-04,3.0534,0.0000,0.0000,0.0000,0.0000,3.4,nan
24,5.00e-04,2.9551,0.0000,0.0000,0.0000,0.0000,3.3,nan
25,5.00e-04,2.9142,0.0000,0.0000,0.0000,0.0000,3.3,nan
26,5.00e-04,3.0974,0.0000,0.0000,0.0000,0.0000,3.4,nan
27,5.00e-04,3.0637,0.0000,0.0000,0.0000,0.0000,3.3,nan
28,5.00e-04,2.8569,0.0000,0.0000,0.0000,0.0000,3.3,nan
29,5.00e-04,3.0271,0.0000,0.0000,0.0000,0.0000,3.2,nan
30,5.00e-04,2.8949,0.0000,0.0000,0.0000,0.0000,3.3,nan
31,5.00e-04,2.9755,0.0000,0.0000,0.0000,0.0000,3.4,nan
32,5.00e-04,3.0213,0.0000,0.0000,0.0000,0.0000,3.3,nan
33,5.00e-04,2.8770,0.0000,0.0000,0.0000,0.0000,3.2,nan
34,5.00e-04,2.8926,0.0000,0.0000,0.0000,0.0000,3.3,nan
35,5.00e-04,2.8067,0.0000,0.0000,0.0000,0.0000,3.3,nan
36,5.00e-04,2.7152,0.0000,0.0000,0.0000,0.0000,3.3,nan
37,5.00e-04,2.9259,0.0000,0.0000,0.0000,0.0000,3.3,nan
38,5.00e-04,2.6454,0.0000,0.0000,0.0000,0.0000,3.3,nan
39,5.00e-04,2.6703,0.0000,0.0000,0.0000,0.0000,3.2,nan
40,5.00e-04,2.8525,0.0000,0.0000,0.0000,0.0000,5.1,0.2797
41,5.00e-04,2.5447,0.0000,0.0000,0.0000,0.0000,3.2,nan
42,5.00e-04,2.7996,0.0000,0.0000,0.0000,0.0000,3.2,nan
43,5.00e-04,2.5922,0.0000,0.0000,0.0000,0.0000,3.3,nan
44,5.00e-04,2.7353,0.0000,0.0000,0.0000,0.0000,3.3,nan
45,5.00e-04,2.6969,0.0000,0.0000,0.0000,0.0000,3.4,nan
46,5.00e-04,2.6716,0.0000,0.0000,0.0000,0.0000,3.4,nan
47,5.00e-04,2.5463,0.0000,0.0000,0.0000,0.0000,3.3,nan
48,5.00e-04,2.8168,0.0000,0.0000,0.0000,0.0000,3.3,nan
49,5.00e-04,2.6365,0.0000,0.0000,0.0000,0.0000,3.3,nan
50,4.99e-04,2.3496,0.0000,0.0000,0.0000,0.0000,3.4,nan
51,4.99e-04,2.6435,0.0000,0.0000,0.0000,0.0000,3.7,nan
52,4.99e-04,2.1128,0.0000,0.0000,0.0000,0.0000,3.9,nan
53,4.99e-04,2.5583,0.0000,0.0000,0.0000,0.0000,4.0,nan
54,4.99e-04,2.3612,0.0000,0.0000,0.0000,0.0000,3.9,nan
55,4.99e-04,2.4703,0.0000,0.0000,0.0000,0.0000,3.7,nan
56,4.99e-04,2.4594,0.0000,0.0000,0.0000,0.0000,3.6,nan
57,4.99e-04,2.0685,0.0000,0.0000,0.0000,0.0000,3.7,nan
58,4.99e-04,2.5193,0.0000,0.0000,0.0000,0.0000,3.9,nan
59,4.99e-04,2.3501,0.0000,0.0000,0.0000,0.0000,3.8,nan
60,4.99e-04,2.3077,0.0000,0.0000,0.0000,0.0000,5.9,0.3496
61,4.99e-04,2.7058,0.0000,0.0000,0.0000,0.0000,3.9,nan
62,4.99e-04,2.1005,0.0000,0.0000,0.0000,0.0000,4.3,nan
63,4.99e-04,2.3460,0.0000,0.0000,0.0000,0.0000,3.8,nan
64,4.99e-04,2.4172,0.0000,0.0000,0.0000,0.0000,3.7,nan
65,4.99e-04,2.5051,0.0000,0.0000,0.0000,0.0000,3.9,nan
66,4.99e-04,2.2188,0.0000,0.0000,0.0000,0.0000,3.9,nan
67,4.99e-04,2.1836,0.0000,0.0000,0.0000,0.0000,3.7,nan
68,4.99e-04,2.8225,0.0000,0.0000,0.0000,0.0000,3.8,nan
69,4.99e-04,1.9840,0.0000,0.0000,0.0000,0.0000,3.9,nan
70,4.99e-04,2.3582,0.0000,0.0000,0.0000,0.0000,4.0,nan
71,4.99e-04,2.6030,0.0000,0.0000,0.0000,0.0000,3.8,nan
72,4.99e-04,2.0715,0.0000,0.0000,0.0000,0.0000,3.9,nan
73,4.99e-04,2.2147,0.0000,0.0000,0.0000,0.0000,3.9,nan
74,4.99e-04,2.2898,0.0000,0.0000,0.0000,0.0000,3.9,nan
75,4.99e-04,2.2383,0.0000,0.0000,0.0000,0.0000,4.2,nan
76,4.99e-04,2.1643,0.0000,0.0000,0.0000,0.0000,4.0,nan
77,4.99e-04,2.0649,0.0000,0.0000,0.0000,0.0000,4.0,nan
78,4.99e-04,1.9369,0.0000,0.0000,0.0000,0.0000,4.0,nan
79,4.98e-04,2.1725,0.0000,0.0000,0.0000,0.0000,3.7,nan
80,4.98e-04,2.1547,0.0000,0.0000,0.0000,0.0000,5.7,0.3941
81,4.98e-04,2.2954,0.0000,0.0000,0.0000,0.0000,3.9,nan
82,4.98e-04,2.2798,0.0000,0.0000,0.0000,0.0000,4.0,nan
83,4.98e-04,2.2378,0.0000,0.0000,0.0000,0.0000,4.0,nan
84,4.98e-04,1.7417,0.0000,0.0000,0.0000,0.0000,3.7,nan
85,4.98e-04,2.0304,0.0000,0.0000,0.0000,0.0000,3.8,nan
86,4.98e-04,2.1902,0.0000,0.0000,0.0000,0.0000,4.1,nan
87,4.98e-04,2.0113,0.0000,0.0000,0.0000,0.0000,3.7,nan
88,4.98e-04,1.7353,0.0000,0.0000,0.0000,0.0000,3.8,nan
89,4.98e-04,2.2730,0.0000,0.0000,0.0000,0.0000,4.1,nan
90,4.98e-04,1.8362,0.0000,0.0000,0.0000,0.0000,4.0,nan
91,4.98e-04,2.0792,0.0000,0.0000,0.0000,0.0000,3.8,nan
92,4.98e-04,1.9773,0.0000,0.0000,0.0000,0.0000,3.6,nan
93,4.98e-04,1.7850,0.0000,0.0000,0.0000,0.0000,3.6,nan
94,4.98e-04,2.0659,0.0000,0.0000,0.0000,0.0000,3.9,nan
95,4.98e-04,2.0487,0.0000,0.0000,0.0000,0.0000,4.1,nan
96,4.98e-04,1.7587,0.0000,0.0000,0.0000,0.0000,3.9,nan
97,4.98e-04,1.8537,0.0000,0.0000,0.0000,0.0000,4.1,nan
98,4.98e-04,2.2088,0.0000,0.0000,0.0000,0.0000,3.8,nan
99,4.98e-04,2.0277,0.0000,0.0000,0.0000,0.0000,3.8,nan
100,4.97e-04,1.9107,0.0000,0.0000,0.0000,0.0000,5.9,0.4047
101,4.97e-04,2.0542,0.0000,0.0000,0.0000,0.0000,3.6,nan
102,4.97e-04,2.2021,0.0000,0.0000,0.0000,0.0000,3.7,nan
103,4.97e-04,2.2784,0.0000,0.0000,0.0000,0.0000,3.6,nan
104,4.97e-04,1.6133,0.0000,0.0000,0.0000,0.0000,3.6,nan
105,4.97e-04,2.1230,0.0000,0.0000,0.0000,0.0000,3.6,nan
106,4.97e-04,2.0714,0.0000,0.0000,0.0000,0.0000,3.4,nan
107,4.97e-04,1.9741,0.0000,0.0000,0.0000,0.0000,3.8,nan
108,4.97e-04,2.3827,0.0000,0.0000,0.0000,0.0000,3.9,nan
109,4.97e-04,1.4775,0.0000,0.0000,0.0000,0.0000,3.8,nan
110,4.97e-04,1.8786,0.0000,0.0000,0.0000,0.0000,3.8,nan
111,4.97e-04,1.9324,0.0000,0.0000,0.0000,0.0000,3.8,nan
112,4.97e-04,2.3969,0.0000,0.0000,0.0000,0.0000,4.0,nan
113,4.97e-04,1.8048,0.0000,0.0000,0.0000,0.0000,3.8,nan
114,4.97e-04,2.3538,0.0000,0.0000,0.0000,0.0000,3.8,nan
115,4.97e-04,2.1180,0.0000,0.0000,0.0000,0.0000,3.8,nan
116,4.96e-04,2.3943,0.0000,0.0000,0.0000,0.0000,4.0,nan
117,4.96e-04,2.2438,0.0000,0.0000,0.0000,0.0000,3.6,nan
118,4.96e-04,2.4079,0.0000,0.0000,0.0000,0.0000,3.8,nan
119,4.96e-04,1.6728,0.0000,0.0000,0.0000,0.0000,3.7,nan
120,4.96e-04,2.1187,0.0000,0.0000,0.0000,0.0000,5.4,0.4767
121,4.96e-04,1.9781,0.0000,0.0000,0.0000,0.0000,3.7,nan
122,4.96e-04,1.7183,0.0000,0.0000,0.0000,0.0000,3.7,nan
123,4.96e-04,1.8402,0.0000,0.0000,0.0000,0.0000,3.7,nan
124,4.96e-04,1.9525,0.0000,0.0000,0.0000,0.0000,3.5,nan
125,4.96e-04,1.9300,0.0000,0.0000,0.0000,0.0000,3.7,nan
126,4.96e-04,1.9780,0.0000,0.0000,0.0000,0.0000,4.1,nan
127,4.96e-04,1.7776,0.0000,0.0000,0.0000,0.0000,3.8,nan
128,4.96e-04,2.0542,0.0000,0.0000,0.0000,0.0000,4.0,nan
129,4.96e-04,2.1284,0.0000,0.0000,0.0000,0.0000,4.0,nan
130,4.96e-04,2.1644,0.0000,0.0000,0.0000,0.0000,3.7,nan
131,4.95e-04,1.5100,0.0000,0.0000,0.0000,0.0000,3.8,nan
132,4.95e-04,1.7642,0.0000,0.0000,0.0000,0.0000,3.8,nan
133,4.95e-04,2.0567,0.0000,0.0000,0.0000,0.0000,4.0,nan
134,4.95e-04,1.9612,0.0000,0.0000,0.0000,0.0000,3.9,nan
135,4.95e-04,1.8085,0.0000,0.0000,0.0000,0.0000,3.8,nan
136,4.95e-04,2.0678,0.0000,0.0000,0.0000,0.0000,4.1,nan
137,4.95e-04,1.8247,0.0000,0.0000,0.0000,0.0000,4.6,nan
138,4.95e-04,1.9068,0.0000,0.0000,0.0000,0.0000,5.0,nan
139,4.95e-04,1.7567,0.0000,0.0000,0.0000,0.0000,3.8,nan
140,4.95e-04,1.7456,0.0000,0.0000,0.0000,0.0000,6.0,0.4725
141,4.95e-04,2.4430,0.0000,0.0000,0.0000,0.0000,3.7,nan
142,4.95e-04,1.9445,0.0000,0.0000,0.0000,0.0000,3.6,nan
143,4.94e-04,1.5520,0.0000,0.0000,0.0000,0.0000,3.7,nan
144,4.94e-04,1.7812,0.0000,0.0000,0.0000,0.0000,3.9,nan
145,4.94e-04,1.3403,0.0000,0.0000,0.0000,0.0000,3.9,nan
146,4.94e-04,2.3084,0.0000,0.0000,0.0000,0.0000,3.9,nan
147,4.94e-04,2.0205,0.0000,0.0000,0.0000,0.0000,4.0,nan
148,4.94e-04,1.6512,0.0000,0.0000,0.0000,0.0000,4.3,nan
149,4.94e-04,1.5868,0.0000,0.0000,0.0000,0.0000,4.2,nan
150,4.94e-04,1.6263,0.0000,0.0000,0.0000,0.0000,3.5,nan
151,4.94e-04,2.0733,0.0000,0.0000,0.0000,0.0000,3.4,nan
152,4.94e-04,1.7012,0.0000,0.0000,0.0000,0.0000,3.4,nan
153,4.94e-04,2.0888,0.0000,0.0000,0.0000,0.0000,3.4,nan
154,4.94e-04,1.8089,0.0000,0.0000,0.0000,0.0000,3.4,nan
155,4.93e-04,1.7964,0.0000,0.0000,0.0000,0.0000,3.4,nan
156,4.93e-04,1.5300,0.0000,0.0000,0.0000,0.0000,3.5,nan
157,4.93e-04,1.8905,0.0000,0.0000,0.0000,0.0000,3.3,nan
158,4.93e-04,1.8062,0.0000,0.0000,0.0000,0.0000,3.5,nan
159,4.93e-04,1.5898,0.0000,0.0000,0.0000,0.0000,3.5,nan
160,4.93e-04,1.6686,0.0000,0.0000,0.0000,0.0000,5.2,0.4809
161,4.93e-04,1.3739,0.0000,0.0000,0.0000,0.0000,3.4,nan
162,4.93e-04,1.5406,0.0000,0.0000,0.0000,0.0000,3.4,nan
163,4.93e-04,1.9545,0.0000,0.0000,0.0000,0.0000,3.6,nan
164,4.93e-04,1.9786,0.0000,0.0000,0.0000,0.0000,3.5,nan
165,4.93e-04,1.9709,0.0000,0.0000,0.0000,0.0000,3.5,nan
166,4.92e-04,1.8212,0.0000,0.0000,0.0000,0.0000,3.5,nan
167,4.92e-04,1.9734,0.0000,0.0000,0.0000,0.0000,3.5,nan
168,4.92e-04,1.7044,0.0000,0.0000,0.0000,0.0000,3.5,nan
169,4.92e-04,1.5522,0.0000,0.0000,0.0000,0.0000,3.4,nan
170,4.92e-04,1.7388,0.0000,0.0000,0.0000,0.0000,3.4,nan
171,4.92e-04,1.7336,0.0000,0.0000,0.0000,0.0000,3.4,nan
172,4.92e-04,1.7081,0.0000,0.0000,0.0000,0.0000,3.4,nan
173,4.92e-04,1.5057,0.0000,0.0000,0.0000,0.0000,3.4,nan
174,4.92e-04,1.4263,0.0000,0.0000,0.0000,0.0000,3.4,nan
175,4.92e-04,1.9494,0.0000,0.0000,0.0000,0.0000,3.4,nan
176,4.91e-04,1.6951,0.0000,0.0000,0.0000,0.0000,3.5,nan
177,4.91e-04,1.9687,0.0000,0.0000,0.0000,0.0000,3.5,nan
178,4.91e-04,1.7045,0.0000,0.0000,0.0000,0.0000,3.4,nan
179,4.91e-04,1.6782,0.0000,0.0000,0.0000,0.0000,3.4,nan
180,4.91e-04,1.5193,0.0000,0.0000,0.0000,0.0000,5.1,0.5106
181,4.91e-04,1.4754,0.0000,0.0000,0.0000,0.0000,3.4,nan
182,4.91e-04,1.5492,0.0000,0.0000,0.0000,0.0000,3.4,nan
183,4.91e-04,1.4109,0.0000,0.0000,0.0000,0.0000,3.5,nan
184,4.91e-04,1.6209,0.0000,0.0000,0.0000,0.0000,3.4,nan
185,4.91e-04,1.7032,0.0000,0.0000,0.0000,0.0000,3.5,nan
186,4.90e-04,1.4647,0.0000,0.0000,0.0000,0.0000,3.4,nan
187,4.90e-04,1.5560,0.0000,0.0000,0.0000,0.0000,3.5,nan
188,4.90e-04,1.1039,0.0000,0.0000,0.0000,0.0000,3.3,nan
189,4.90e-04,1.8639,0.0000,0.0000,0.0000,0.0000,3.4,nan
190,4.90e-04,1.9248,0.0000,0.0000,0.0000,0.0000,3.4,nan
191,4.90e-04,1.7810,0.0000,0.0000,0.0000,0.0000,3.3,nan
192,4.90e-04,1.7657,0.0000,0.0000,0.0000,0.0000,3.5,nan
193,4.90e-04,1.3807,0.0000,0.0000,0.0000,0.0000,3.3,nan
194,4.90e-04,1.7105,0.0000,0.0000,0.0000,0.0000,3.5,nan
195,4.89e-04,1.6676,0.0000,0.0000,0.0000,0.0000,3.4,nan
196,4.89e-04,1.6212,0.0000,0.0000,0.0000,0.0000,3.4,nan
197,4.89e-04,1.6123,0.0000,0.0000,0.0000,0.0000,3.4,nan
198,4.89e-04,1.6652,0.0000,0.0000,0.0000,0.0000,3.4,nan
199,4.89e-04,1.7310,0.0000,0.0000,0.0000,0.0000,3.4,nan
200,4.89e-04,1.6307,0.0000,0.0000,0.0000,0.0000,5.2,0.4958
201,4.89e-04,1.7063,0.0000,0.0000,0.0000,0.0000,3.5,nan
202,4.89e-04,1.7493,0.0000,0.0000,0.0000,0.0000,3.5,nan
203,4.88e-04,1.4280,0.0000,0.0000,0.0000,0.0000,3.3,nan
204,4.88e-04,1.5939,0.0000,0.0000,0.0000,0.0000,3.4,nan
205,4.88e-04,1.6985,0.0000,0.0000,0.0000,0.0000,3.4,nan
206,4.88e-04,1.9211,0.0000,0.0000,0.0000,0.0000,3.4,nan
207,4.88e-04,1.4933,0.0000,0.0000,0.0000,0.0000,3.4,nan
208,4.88e-04,1.6202,0.0000,0.0000,0.0000,0.0000,3.4,nan
209,4.88e-04,1.8294,0.0000,0.0000,0.0000,0.0000,3.4,nan
210,4.88e-04,1.7518,0.0000,0.0000,0.0000,0.0000,3.3,nan
211,4.88e-04,1.4857,0.0000,0.0000,0.0000,0.0000,3.4,nan
212,4.87e-04,1.7744,0.0000,0.0000,0.0000,0.0000,3.5,nan
213,4.87e-04,1.4450,0.0000,0.0000,0.0000,0.0000,3.4,nan
214,4.87e-04,1.4756,0.0000,0.0000,0.0000,0.0000,3.3,nan
215,4.87e-04,1.8254,0.0000,0.0000,0.0000,0.0000,3.5,nan
216,4.87e-04,1.4842,0.0000,0.0000,0.0000,0.0000,3.3,nan
217,4.87e-04,1.4449,0.0000,0.0000,0.0000,0.0000,3.4,nan
218,4.87e-04,1.4973,0.0000,0.0000,0.0000,0.0000,3.4,nan
219,4.87e-04,1.7408,0.0000,0.0000,0.0000,0.0000,3.6,nan
220,4.86e-04,1.6215,0.0000,0.0000,0.0000,0.0000,5.2,0.5233
221,4.86e-04,1.8264,0.0000,0.0000,0.0000,0.0000,3.3,nan
222,4.86e-04,1.4380,0.0000,0.0000,0.0000,0.0000,3.4,nan
223,4.86e-04,1.5532,0.0000,0.0000,0.0000,0.0000,3.4,nan
224,4.86e-04,1.7663,0.0000,0.0000,0.0000,0.0000,3.4,nan
225,4.86e-04,1.9022,0.0000,0.0000,0.0000,0.0000,3.4,nan
226,4.86e-04,1.8507,0.0000,0.0000,0.0000,0.0000,3.4,nan
227,4.86e-04,1.5202,0.0000,0.0000,0.0000,0.0000,3.4,nan
228,4.85e-04,1.4706,0.0000,0.0000,0.0000,0.0000,3.4,nan
229,4.85e-04,1.7415,0.0000,0.0000,0.0000,0.0000,3.4,nan
230,4.85e-04,1.7720,0.0000,0.0000,0.0000,0.0000,3.4,nan
231,4.85e-04,1.5307,0.0000,0.0000,0.0000,0.0000,3.4,nan
232,4.85e-04,1.4603,0.0000,0.0000,0.0000,0.0000,3.4,nan
233,4.85e-04,1.9833,0.0000,0.0000,0.0000,0.0000,3.4,nan
234,4.85e-04,1.5975,0.0000,0.0000,0.0000,0.0000,3.5,nan
235,4.84e-04,1.4397,0.0000,0.0000,0.0000,0.0000,3.6,nan
236,4.84e-04,1.4681,0.0000,0.0000,0.0000,0.0000,3.5,nan
237,4.84e-04,1.4265,0.0000,0.0000,0.0000,0.0000,3.4,nan
238,4.84e-04,1.5571,0.0000,0.0000,0.0000,0.0000,3.5,nan
239,4.84e-04,1.6042,0.0000,0.0000,0.0000,0.0000,3.3,nan
240,4.84e-04,1.6723,0.0000,0.0000,0.0000,0.0000,5.3,0.5508
241,4.84e-04,1.7527,0.0000,0.0000,0.0000,0.0000,3.4,nan
242,4.83e-04,1.4288,0.0000,0.0000,0.0000,0.0000,3.4,nan
243,4.83e-04,1.4734,0.0000,0.0000,0.0000,0.0000,3.4,nan
244,4.83e-04,1.6889,0.0000,0.0000,0.0000,0.0000,3.4,nan
245,4.83e-04,2.0063,0.0000,0.0000,0.0000,0.0000,3.8,nan
246,4.83e-04,1.7619,0.0000,0.0000,0.0000,0.0000,3.8,nan
247,4.83e-04,1.6288,0.0000,0.0000,0.0000,0.0000,3.5,nan
248,4.83e-04,1.4997,0.0000,0.0000,0.0000,0.0000,3.5,nan
249,4.82e-04,1.6167,0.0000,0.0000,0.0000,0.0000,3.7,nan
250,4.82e-04,1.8568,0.0000,0.0000,0.0000,0.0000,3.6,nan
251,4.82e-04,1.3513,0.0000,0.0000,0.0000,0.0000,3.6,nan
252,4.82e-04,1.3844,0.0000,0.0000,0.0000,0.0000,3.5,nan
253,4.82e-04,1.5008,0.0000,0.0000,0.0000,0.0000,3.5,nan
254,4.82e-04,1.5961,0.0000,0.0000,0.0000,0.0000,3.5,nan
255,4.82e-04,1.4483,0.0000,0.0000,0.0000,0.0000,3.4,nan
256,4.81e-04,1.2757,0.0000,0.0000,0.0000,0.0000,3.4,nan
257,4.81e-04,1.7117,0.0000,0.0000,0.0000,0.0000,3.6,nan
258,4.81e-04,1.5516,0.0000,0.0000,0.0000,0.0000,3.4,nan
259,4.81e-04,1.2486,0.0000,0.0000,0.0000,0.0000,3.5,nan
260,4.81e-04,2.2039,0.0000,0.0000,0.0000,0.0000,5.3,0.5614
261,4.81e-04,1.5982,0.0000,0.0000,0.0000,0.0000,3.6,nan
262,4.81e-04,1.8893,0.0000,0.0000,0.0000,0.0000,3.4,nan
263,4.80e-04,1.6583,0.0000,0.0000,0.0000,0.0000,3.4,nan
264,4.80e-04,1.4936,0.0000,0.0000,0.0000,0.0000,3.4,nan
265,4.80e-04,1.4942,0.0000,0.0000,0.0000,0.0000,3.5,nan
266,4.80e-04,1.7144,0.0000,0.0000,0.0000,0.0000,3.4,nan
267,4.80e-04,1.6937,0.0000,0.0000,0.0000,0.0000,3.5,nan
268,4.80e-04,1.9168,0.0000,0.0000,0.0000,0.0000,3.6,nan
269,4.79e-04,1.3461,0.0000,0.0000,0.0000,0.0000,3.5,nan
270,4.79e-04,1.4811,0.0000,0.0000,0.0000,0.0000,3.5,nan
271,4.79e-04,1.5493,0.0000,0.0000,0.0000,0.0000,3.4,nan
272,4.79e-04,1.6952,0.0000,0.0000,0.0000,0.0000,3.4,nan
273,4.79e-04,1.5380,0.0000,0.0000,0.0000,0.0000,3.5,nan
274,4.79e-04,1.4849,0.0000,0.0000,0.0000,0.0000,3.3,nan
275,4.79e-04,1.6600,0.0000,0.0000,0.0000,0.0000,3.4,nan
276,4.78e-04,1.3141,0.0000,0.0000,0.0000,0.0000,3.4,nan
277,4.78e-04,1.4111,0.0000,0.0000,0.0000,0.0000,3.4,nan
278,4.78e-04,1.5768,0.0000,0.0000,0.0000,0.0000,3.4,nan
279,4.78e-04,1.5661,0.0000,0.0000,0.0000,0.0000,3.5,nan
280,4.78e-04,1.8190,0.0000,0.0000,0.0000,0.0000,5.2,0.5699
281,4.78e-04,1.7313,0.0000,0.0000,0.0000,0.0000,3.4,nan
282,4.77e-04,1.4167,0.0000,0.0000,0.0000,0.0000,3.4,nan
283,4.77e-04,1.8005,0.0000,0.0000,0.0000,0.0000,3.4,nan
284,4.77e-04,1.7355,0.0000,0.0000,0.0000,0.0000,3.4,nan
285,4.77e-04,1.7844,0.0000,0.0000,0.0000,0.0000,3.4,nan
286,4.77e-04,1.5195,0.0000,0.0000,0.0000,0.0000,3.5,nan
287,4.77e-04,1.6293,0.0000,0.0000,0.0000,0.0000,3.4,nan
288,4.76e-04,1.4863,0.0000,0.0000,0.0000,0.0000,3.4,nan
289,4.76e-04,1.5187,0.0000,0.0000,0.0000,0.0000,3.5,nan
290,4.76e-04,1.3075,0.0000,0.0000,0.0000,0.0000,3.4,nan
291,4.76e-04,1.3286,0.0000,0.0000,0.0000,0.0000,3.3,nan
292,4.76e-04,1.8185,0.0000,0.0000,0.0000,0.0000,3.3,nan
293,4.76e-04,1.6746,0.0000,0.0000,0.0000,0.0000,3.5,nan
294,4.75e-04,1.6765,0.0000,0.0000,0.0000,0.0000,3.8,nan
295,4.75e-04,1.5490,0.0000,0.0000,0.0000,0.0000,3.5,nan
296,4.75e-04,1.0881,0.0000,0.0000,0.0000,0.0000,3.5,nan
297,4.75e-04,1.6330,0.0000,0.0000,0.0000,0.0000,3.4,nan
298,4.75e-04,1.6313,0.0000,0.0000,0.0000,0.0000,3.4,nan
299,4.75e-04,1.1157,0.0000,0.0000,0.0000,0.0000,3.4,nan
300,4.74e-04,1.4341,0.0000,0.0000,0.0000,0.0000,5.2,0.5233
301,4.74e-04,1.3945,0.0000,0.0000,0.0000,0.0000,3.5,nan
302,4.74e-04,1.2040,0.0000,0.0000,0.0000,0.0000,3.3,nan
303,4.74e-04,1.7344,0.0000,0.0000,0.0000,0.0000,3.4,nan
304,4.74e-04,1.7495,0.0000,0.0000,0.0000,0.0000,3.5,nan
305,4.73e-04,1.5623,0.0000,0.0000,0.0000,0.0000,3.4,nan
306,4.73e-04,1.5646,0.0000,0.0000,0.0000,0.0000,3.4,nan
307,4.73e-04,1.6826,0.0000,0.0000,0.0000,0.0000,3.4,nan
308,4.73e-04,1.4143,0.0000,0.0000,0.0000,0.0000,3.3,nan
309,4.73e-04,1.7370,0.0000,0.0000,0.0000,0.0000,3.4,nan
310,4.73e-04,1.3154,0.0000,0.0000,0.0000,0.0000,3.5,nan
311,4.72e-04,1.4283,0.0000,0.0000,0.0000,0.0000,3.3,nan
312,4.72e-04,1.7281,0.0000,0.0000,0.0000,0.0000,3.5,nan
313,4.72e-04,1.9089,0.0000,0.0000,0.0000,0.0000,3.4,nan
314,4.72e-04,1.4054,0.0000,0.0000,0.0000,0.0000,3.4,nan
315,4.72e-04,1.8234,0.0000,0.0000,0.0000,0.0000,3.4,nan
316,4.72e-04,1.5562,0.0000,0.0000,0.0000,0.0000,3.4,nan
317,4.71e-04,1.5180,0.0000,0.0000,0.0000,0.0000,3.3,nan
318,4.71e-04,1.4524,0.0000,0.0000,0.0000,0.0000,3.4,nan
319,4.71e-04,1.4460,0.0000,0.0000,0.0000,0.0000,3.4,nan
320,4.71e-04,1.8336,0.0000,0.0000,0.0000,0.0000,5.2,0.5572
321,4.71e-04,1.3792,0.0000,0.0000,0.0000,0.0000,3.5,nan
322,4.70e-04,1.6289,0.0000,0.0000,0.0000,0.0000,3.3,nan
323,4.70e-04,1.4997,0.0000,0.0000,0.0000,0.0000,3.4,nan
324,4.70e-04,1.5833,0.0000,0.0000,0.0000,0.0000,3.5,nan
325,4.70e-04,1.5889,0.0000,0.0000,0.0000,0.0000,3.5,nan
326,4.70e-04,1.5276,0.0000,0.0000,0.0000,0.0000,3.3,nan
327,4.69e-04,1.4378,0.0000,0.0000,0.0000,0.0000,3.4,nan
328,4.69e-04,1.7029,0.0000,0.0000,0.0000,0.0000,3.4,nan
329,4.69e-04,1.3893,0.0000,0.0000,0.0000,0.0000,3.4,nan
330,4.69e-04,1.6134,0.0000,0.0000,0.0000,0.0000,3.4,nan
331,4.69e-04,1.5359,0.0000,0.0000,0.0000,0.0000,3.4,nan
332,4.69e-04,1.4724,0.0000,0.0000,0.0000,0.0000,3.4,nan
333,4.68e-04,1.1621,0.0000,0.0000,0.0000,0.0000,3.4,nan
334,4.68e-04,1.7295,0.0000,0.0000,0.0000,0.0000,3.6,nan
335,4.68e-04,1.3119,0.0000,0.0000,0.0000,0.0000,3.5,nan
336,4.68e-04,1.3600,0.0000,0.0000,0.0000,0.0000,3.5,nan
337,4.68e-04,1.5947,0.0000,0.0000,0.0000,0.0000,3.5,nan
338,4.67e-04,1.5359,0.0000,0.0000,0.0000,0.0000,3.4,nan
339,4.67e-04,1.7583,0.0000,0.0000,0.0000,0.0000,3.4,nan
340,4.67e-04,1.6342,0.0000,0.0000,0.0000,0.0000,5.1,0.5678
341,4.67e-04,1.5861,0.0000,0.0000,0.0000,0.0000,3.4,nan
342,4.67e-04,1.7300,0.0000,0.0000,0.0000,0.0000,3.3,nan
343,4.66e-04,1.8273,0.0000,0.0000,0.0000,0.0000,3.3,nan
344,4.66e-04,1.3093,0.0000,0.0000,0.0000,0.0000,3.4,nan
345,4.66e-04,1.7322,0.0000,0.0000,0.0000,0.0000,3.4,nan
346,4.66e-04,1.7216,0.0000,0.0000,0.0000,0.0000,3.4,nan
347,4.66e-04,1.5879,0.0000,0.0000,0.0000,0.0000,3.4,nan
348,4.65e-04,1.3318,0.0000,0.0000,0.0000,0.0000,3.3,nan
349,4.65e-04,1.3965,0.0000,0.0000,0.0000,0.0000,3.3,nan
350,4.65e-04,1.5171,0.0000,0.0000,0.0000,0.0000,3.4,nan
351,4.65e-04,1.2291,0.0000,0.0000,0.0000,0.0000,3.5,nan
352,4.65e-04,1.5284,0.0000,0.0000,0.0000,0.0000,3.4,nan
353,4.64e-04,1.7159,0.0000,0.0000,0.0000,0.0000,3.3,nan
354,4.64e-04,1.4215,0.0000,0.0000,0.0000,0.0000,3.5,nan
355,4.64e-04,1.6689,0.0000,0.0000,0.0000,0.0000,3.4,nan
356,4.64e-04,1.7973,0.0000,0.0000,0.0000,0.0000,3.3,nan
357,4.64e-04,1.7241,0.0000,0.0000,0.0000,0.0000,3.3,nan
358,4.63e-04,1.4275,0.0000,0.0000,0.0000,0.0000,3.4,nan
359,4.63e-04,1.5771,0.0000,0.0000,0.0000,0.0000,3.4,nan
360,4.63e-04,1.4781,0.0000,0.0000,0.0000,0.0000,5.2,0.5445
361,4.63e-04,1.8843,0.0000,0.0000,0.0000,0.0000,3.5,nan
362,4.63e-04,1.7823,0.0000,0.0000,0.0000,0.0000,3.3,nan
363,4.62e-04,1.2239,0.0000,0.0000,0.0000,0.0000,3.4,nan
364,4.62e-04,1.1595,0.0000,0.0000,0.0000,0.0000,3.4,nan
365,4.62e-04,1.4607,0.0000,0.0000,0.0000,0.0000,3.4,nan
366,4.62e-04,1.4511,0.0000,0.0000,0.0000,0.0000,3.4,nan
367,4.62e-04,1.2903,0.0000,0.0000,0.0000,0.0000,3.4,nan
368,4.61e-04,1.4765,0.0000,0.0000,0.0000,0.0000,3.5,nan
369,4.61e-04,1.5951,0.0000,0.0000,0.0000,0.0000,3.3,nan
370,4.61e-04,1.6143,0.0000,0.0000,0.0000,0.0000,3.3,nan
371,4.61e-04,1.6887,0.0000,0.0000,0.0000,0.0000,3.4,nan
372,4.60e-04,1.3010,0.0000,0.0000,0.0000,0.0000,3.6,nan
373,4.60e-04,1.5701,0.0000,0.0000,0.0000,0.0000,3.4,nan
374,4.60e-04,1.5614,0.0000,0.0000,0.0000,0.0000,3.4,nan
375,4.60e-04,1.4482,0.0000,0.0000,0.0000,0.0000,3.5,nan
376,4.60e-04,1.7040,0.0000,0.0000,0.0000,0.0000,3.5,nan
377,4.59e-04,1.5548,0.0000,0.0000,0.0000,0.0000,3.5,nan
378,4.59e-04,1.6030,0.0000,0.0000,0.0000,0.0000,3.4,nan
379,4.59e-04,1.2422,0.0000,0.0000,0.0000,0.0000,3.5,nan
380,4.59e-04,1.4421,0.0000,0.0000,0.0000,0.0000,5.4,0.5890
381,4.59e-04,1.2117,0.0000,0.0000,0.0000,0.0000,3.6,nan
382,4.58e-04,1.4985,0.0000,0.0000,0.0000,0.0000,3.4,nan
383,4.58e-04,1.7209,0.0000,0.0000,0.0000,0.0000,3.4,nan
384,4.58e-04,1.4319,0.0000,0.0000,0.0000,0.0000,3.5,nan
385,4.58e-04,1.6602,0.0000,0.0000,0.0000,0.0000,3.6,nan
386,4.57e-04,1.5935,0.0000,0.0000,0.0000,0.0000,3.4,nan
387,4.57e-04,1.6149,0.0000,0.0000,0.0000,0.0000,3.5,nan
388,4.57e-04,1.4498,0.0000,0.0000,0.0000,0.0000,3.4,nan
389,4.57e-04,1.2815,0.0000,0.0000,0.0000,0.0000,3.5,nan
390,4.57e-04,1.1505,0.0000,0.0000,0.0000,0.0000,3.4,nan
391,4.56e-04,1.4416,0.0000,0.0000,0.0000,0.0000,3.4,nan
392,4.56e-04,1.4953,0.0000,0.0000,0.0000,0.0000,3.4,nan
393,4.56e-04,1.1823,0.0000,0.0000,0.0000,0.0000,3.5,nan
394,4.56e-04,1.5750,0.0000,0.0000,0.0000,0.0000,3.5,nan
395,4.55e-04,1.4945,0.0000,0.0000,0.0000,0.0000,3.5,nan
396,4.55e-04,1.1951,0.0000,0.0000,0.0000,0.0000,3.8,nan
397,4.55e-04,1.6096,0.0000,0.0000,0.0000,0.0000,3.7,nan
398,4.55e-04,1.1798,0.0000,0.0000,0.0000,0.0000,3.4,nan
399,4.55e-04,1.4408,0.0000,0.0000,0.0000,0.0000,3.5,nan
400,4.54e-04,1.5292,0.0000,0.0000,0.0000,0.0000,5.4,0.6123
401,4.54e-04,1.5644,0.0000,0.0000,0.0000,0.0000,3.4,nan
402,4.54e-04,1.5041,0.0000,0.0000,0.0000,0.0000,3.4,nan
403,4.54e-04,1.6423,0.0000,0.0000,0.0000,0.0000,3.4,nan
404,4.53e-04,1.4540,0.0000,0.0000,0.0000,0.0000,3.5,nan
405,4.53e-04,1.2919,0.0000,0.0000,0.0000,0.0000,3.4,nan
406,4.53e-04,1.0360,0.0000,0.0000,0.0000,0.0000,3.6,nan
407,4.53e-04,1.6820,0.0000,0.0000,0.0000,0.0000,3.4,nan
408,4.53e-04,1.4649,0.0000,0.0000,0.0000,0.0000,3.4,nan
409,4.52e-04,1.5218,0.0000,0.0000,0.0000,0.0000,3.5,nan
410,4.52e-04,1.0163,0.0000,0.0000,0.0000,0.0000,3.5,nan
411,4.52e-04,1.9179,0.0000,0.0000,0.0000,0.0000,3.4,nan
412,4.52e-04,1.4934,0.0000,0.0000,0.0000,0.0000,3.5,nan
413,4.51e-04,1.6886,0.0000,0.0000,0.0000,0.0000,3.4,nan
414,4.51e-04,1.4763,0.0000,0.0000,0.0000,0.0000,3.5,nan
415,4.51e-04,1.3642,0.0000,0.0000,0.0000,0.0000,3.3,nan
416,4.51e-04,1.5636,0.0000,0.0000,0.0000,0.0000,3.4,nan
417,4.50e-04,1.3699,0.0000,0.0000,0.0000,0.0000,3.4,nan
418,4.50e-04,1.6110,0.0000,0.0000,0.0000,0.0000,3.6,nan
419,4.50e-04,1.3229,0.0000,0.0000,0.0000,0.0000,3.5,nan
420,4.50e-04,1.8196,0.0000,0.0000,0.0000,0.0000,5.4,0.6038
421,4.49e-04,1.5410,0.0000,0.0000,0.0000,0.0000,3.4,nan
422,4.49e-04,0.9577,0.0000,0.0000,0.0000,0.0000,3.4,nan
423,4.49e-04,1.3629,0.0000,0.0000,0.0000,0.0000,3.5,nan
424,4.49e-04,1.4097,0.0000,0.0000,0.0000,0.0000,3.5,nan
425,4.49e-04,1.3815,0.0000,0.0000,0.0000,0.0000,3.5,nan
426,4.48e-04,1.7644,0.0000,0.0000,0.0000,0.0000,3.5,nan
427,4.48e-04,1.4647,0.0000,0.0000,0.0000,0.0000,3.5,nan
428,4.48e-04,1.5626,0.0000,0.0000,0.0000,0.0000,3.5,nan
429,4.48e-04,1.6187,0.0000,0.0000,0.0000,0.0000,3.4,nan
430,4.47e-04,1.1673,0.0000,0.0000,0.0000,0.0000,3.5,nan
431,4.47e-04,1.5250,0.0000,0.0000,0.0000,0.0000,3.5,nan
432,4.47e-04,1.6263,0.0000,0.0000,0.0000,0.0000,3.4,nan
433,4.47e-04,1.1620,0.0000,0.0000,0.0000,0.0000,3.4,nan
434,4.46e-04,1.7349,0.0000,0.0000,0.0000,0.0000,3.5,nan
435,4.46e-04,1.4044,0.0000,0.0000,0.0000,0.0000,3.5,nan
436,4.46e-04,1.3496,0.0000,0.0000,0.0000,0.0000,3.7,nan
437,4.46e-04,1.5896,0.0000,0.0000,0.0000,0.0000,3.6,nan
438,4.45e-04,1.5372,0.0000,0.0000,0.0000,0.0000,3.5,nan
439,4.45e-04,1.2740,0.0000,0.0000,0.0000,0.0000,3.6,nan
440,4.45e-04,1.3316,0.0000,0.0000,0.0000,0.0000,5.2,0.6250
441,4.45e-04,1.5540,0.0000,0.0000,0.0000,0.0000,3.4,nan
442,4.44e-04,1.4070,0.0000,0.0000,0.0000,0.0000,3.5,nan
443,4.44e-04,1.4154,0.0000,0.0000,0.0000,0.0000,3.5,nan
444,4.44e-04,1.2457,0.0000,0.0000,0.0000,0.0000,3.5,nan
445,4.44e-04,1.4936,0.0000,0.0000,0.0000,0.0000,3.5,nan
446,4.43e-04,1.4973,0.0000,0.0000,0.0000,0.0000,3.5,nan
447,4.43e-04,1.6262,0.0000,0.0000,0.0000,0.0000,3.5,nan
448,4.43e-04,1.5580,0.0000,0.0000,0.0000,0.0000,3.4,nan
449,4.43e-04,1.5622,0.0000,0.0000,0.0000,0.0000,3.4,nan
450,4.42e-04,1.4825,0.0000,0.0000,0.0000,0.0000,3.5,nan
451,4.42e-04,1.5158,0.0000,0.0000,0.0000,0.0000,3.6,nan
452,4.42e-04,1.2633,0.0000,0.0000,0.0000,0.0000,3.4,nan
453,4.42e-04,1.4966,0.0000,0.0000,0.0000,0.0000,3.5,nan
454,4.41e-04,1.3163,0.0000,0.0000,0.0000,0.0000,3.5,nan
455,4.41e-04,1.3008,0.0000,0.0000,0.0000,0.0000,3.5,nan
456,4.41e-04,1.1068,0.0000,0.0000,0.0000,0.0000,3.5,nan
457,4.41e-04,1.5882,0.0000,0.0000,0.0000,0.0000,3.4,nan
458,4.40e-04,1.4860,0.0000,0.0000,0.0000,0.0000,3.4,nan
459,4.40e-04,1.6485,0.0000,0.0000,0.0000,0.0000,3.4,nan
460,4.40e-04,1.7180,0.0000,0.0000,0.0000,0.0000,5.3,0.5996
461,4.40e-04,1.1137,0.0000,0.0000,0.0000,0.0000,3.4,nan
462,4.39e-04,1.1866,0.0000,0.0000,0.0000,0.0000,3.5,nan
463,4.39e-04,1.5100,0.0000,0.0000,0.0000,0.0000,3.6,nan
464,4.39e-04,1.1568,0.0000,0.0000,0.0000,0.0000,3.4,nan
465,4.39e-04,1.4266,0.0000,0.0000,0.0000,0.0000,3.5,nan
466,4.38e-04,1.5453,0.0000,0.0000,0.0000,0.0000,3.4,nan
467,4.38e-04,1.3980,0.0000,0.0000,0.0000,0.0000,3.4,nan
468,4.38e-04,1.2552,0.0000,0.0000,0.0000,0.0000,3.5,nan
469,4.38e-04,1.3292,0.0000,0.0000,0.0000,0.0000,3.5,nan
470,4.37e-04,1.2919,0.0000,0.0000,0.0000,0.0000,3.5,nan
471,4.37e-04,1.3142,0.0000,0.0000,0.0000,0.0000,3.4,nan
472,4.37e-04,1.3672,0.0000,0.0000,0.0000,0.0000,3.4,nan
473,4.37e-04,0.9554,0.0000,0.0000,0.0000,0.0000,3.4,nan
474,4.36e-04,1.4213,0.0000,0.0000,0.0000,0.0000,3.3,nan
475,4.36e-04,1.4153,0.0000,0.0000,0.0000,0.0000,3.3,nan
476,4.36e-04,1.6072,0.0000,0.0000,0.0000,0.0000,3.5,nan
477,4.35e-04,1.7048,0.0000,0.0000,0.0000,0.0000,3.4,nan
478,4.35e-04,1.5745,0.0000,0.0000,0.0000,0.0000,3.4,nan
479,4.35e-04,1.2992,0.0000,0.0000,0.0000,0.0000,3.5,nan
480,4.35e-04,1.5878,0.0000,0.0000,0.0000,0.0000,5.1,0.6314
481,4.34e-04,1.1615,0.0000,0.0000,0.0000,0.0000,3.4,nan
482,4.34e-04,1.4573,0.0000,0.0000,0.0000,0.0000,3.5,nan
483,4.34e-04,1.5587,0.0000,0.0000,0.0000,0.0000,3.3,nan
484,4.34e-04,1.5316,0.0000,0.0000,0.0000,0.0000,3.3,nan
485,4.33e-04,1.3434,0.0000,0.0000,0.0000,0.0000,3.3,nan
486,4.33e-04,1.2919,0.0000,0.0000,0.0000,0.0000,3.4,nan
487,4.33e-04,1.0826,0.0000,0.0000,0.0000,0.0000,3.4,nan
488,4.33e-04,1.4443,0.0000,0.0000,0.0000,0.0000,3.4,nan
489,4.32e-04,1.7568,0.0000,0.0000,0.0000,0.0000,3.4,nan
490,4.32e-04,1.2023,0.0000,0.0000,0.0000,0.0000,3.4,nan
491,4.32e-04,1.4617,0.0000,0.0000,0.0000,0.0000,3.4,nan
492,4.31e-04,1.3671,0.0000,0.0000,0.0000,0.0000,3.5,nan
493,4.31e-04,1.3680,0.0000,0.0000,0.0000,0.0000,3.4,nan
494,4.31e-04,1.6595,0.0000,0.0000,0.0000,0.0000,3.5,nan
495,4.31e-04,1.3653,0.0000,0.0000,0.0000,0.0000,3.4,nan
496,4.30e-04,1.4569,0.0000,0.0000,0.0000,0.0000,3.5,nan
497,4.30e-04,1.3498,0.0000,0.0000,0.0000,0.0000,3.4,nan
498,4.30e-04,1.5397,0.0000,0.0000,0.0000,0.0000,3.5,nan
499,4.30e-04,1.2601,0.0000,0.0000,0.0000,0.0000,3.4,nan
500,4.29e-04,1.5739,0.0000,0.0000,0.0000,0.0000,5.9,0.6483
501,4.29e-04,1.2286,0.0000,0.0000,0.0000,0.0000,4.1,nan
502,4.29e-04,1.4708,0.0000,0.0000,0.0000,0.0000,4.0,nan
503,4.29e-04,1.4361,0.0000,0.0000,0.0000,0.0000,3.5,nan
504,4.28e-04,1.2222,0.0000,0.0000,0.0000,0.0000,3.4,nan
505,4.28e-04,1.5435,0.0000,0.0000,0.0000,0.0000,3.4,nan
506,4.28e-04,1.3668,0.0000,0.0000,0.0000,0.0000,3.4,nan
507,4.27e-04,1.0629,0.0000,0.0000,0.0000,0.0000,3.4,nan
508,4.27e-04,1.5263,0.0000,0.0000,0.0000,0.0000,3.3,nan
509,4.27e-04,1.2402,0.0000,0.0000,0.0000,0.0000,3.5,nan
510,4.27e-04,1.3304,0.0000,0.0000,0.0000,0.0000,3.6,nan
511,4.26e-04,1.2720,0.0000,0.0000,0.0000,0.0000,3.6,nan
512,4.26e-04,1.3647,0.0000,0.0000,0.0000,0.0000,3.4,nan
513,4.26e-04,1.0513,0.0000,0.0000,0.0000,0.0000,3.5,nan
514,4.25e-04,1.3676,0.0000,0.0000,0.0000,0.0000,3.5,nan
515,4.25e-04,1.3257,0.0000,0.0000,0.0000,0.0000,3.4,nan
516,4.25e-04,0.9747,0.0000,0.0000,0.0000,0.0000,3.4,nan
517,4.25e-04,1.2323,0.0000,0.0000,0.0000,0.0000,3.3,nan
518,4.24e-04,1.7308,0.0000,0.0000,0.0000,0.0000,3.4,nan
519,4.24e-04,1.2287,0.0000,0.0000,0.0000,0.0000,3.5,nan
520,4.24e-04,0.9626,0.0000,0.0000,0.0000,0.0000,5.1,0.6186
521,4.23e-04,1.1707,0.0000,0.0000,0.0000,0.0000,3.4,nan
522,4.23e-04,1.4136,0.0000,0.0000,0.0000,0.0000,3.5,nan
523,4.23e-04,1.4430,0.0000,0.0000,0.0000,0.0000,3.5,nan
524,4.23e-04,1.3194,0.0000,0.0000,0.0000,0.0000,3.3,nan
525,4.22e-04,1.3469,0.0000,0.0000,0.0000,0.0000,3.4,nan
526,4.22e-04,1.0493,0.0000,0.0000,0.0000,0.0000,3.3,nan
527,4.22e-04,1.4070,0.0000,0.0000,0.0000,0.0000,3.4,nan
528,4.21e-04,1.4774,0.0000,0.0000,0.0000,0.0000,3.4,nan
529,4.21e-04,1.2671,0.0000,0.0000,0.0000,0.0000,3.3,nan
530,4.21e-04,1.3639,0.0000,0.0000,0.0000,0.0000,3.4,nan
531,4.21e-04,1.4119,0.0000,0.0000,0.0000,0.0000,3.3,nan
532,4.20e-04,1.6332,0.0000,0.0000,0.0000,0.0000,3.6,nan
533,4.20e-04,1.3068,0.0000,0.0000,0.0000,0.0000,3.4,nan
534,4.20e-04,1.1340,0.0000,0.0000,0.0000,0.0000,3.4,nan
535,4.19e-04,1.4042,0.0000,0.0000,0.0000,0.0000,3.4,nan
536,4.19e-04,1.4629,0.0000,0.0000,0.0000,0.0000,3.3,nan
537,4.19e-04,1.9060,0.0000,0.0000,0.0000,0.0000,3.4,nan
538,4.19e-04,1.5851,0.0000,0.0000,0.0000,0.0000,3.3,nan
539,4.18e-04,1.2373,0.0000,0.0000,0.0000,0.0000,3.3,nan
540,4.18e-04,1.1692,0.0000,0.0000,0.0000,0.0000,5.3,0.6038
541,4.18e-04,1.4099,0.0000,0.0000,0.0000,0.0000,3.3,nan
542,4.17e-04,1.2702,0.0000,0.0000,0.0000,0.0000,3.4,nan
543,4.17e-04,1.2752,0.0000,0.0000,0.0000,0.0000,3.4,nan
544,4.17e-04,1.4576,0.0000,0.0000,0.0000,0.0000,3.4,nan
545,4.17e-04,1.2713,0.0000,0.0000,0.0000,0.0000,3.4,nan
546,4.16e-04,1.3074,0.0000,0.0000,0.0000,0.0000,3.3,nan
547,4.16e-04,1.5019,0.0000,0.0000,0.0000,0.0000,3.4,nan
548,4.16e-04,1.0660,0.0000,0.0000,0.0000,0.0000,3.5,nan
549,4.15e-04,1.5618,0.0000,0.0000,0.0000,0.0000,3.4,nan
550,4.15e-04,1.3764,0.0000,0.0000,0.0000,0.0000,3.3,nan
551,4.15e-04,1.2872,0.0000,0.0000,0.0000,0.0000,3.4,nan
552,4.15e-04,1.2493,0.0000,0.0000,0.0000,0.0000,3.3,nan
553,4.14e-04,1.5345,0.0000,0.0000,0.0000,0.0000,3.4,nan
554,4.14e-04,1.2846,0.0000,0.0000,0.0000,0.0000,3.4,nan
555,4.14e-04,1.5483,0.0000,0.0000,0.0000,0.0000,3.4,nan
556,4.13e-04,1.3893,0.0000,0.0000,0.0000,0.0000,3.3,nan
557,4.13e-04,1.3228,0.0000,0.0000,0.0000,0.0000,3.4,nan
558,4.13e-04,1.5587,0.0000,0.0000,0.0000,0.0000,3.5,nan
559,4.12e-04,1.2295,0.0000,0.0000,0.0000,0.0000,3.4,nan
560,4.12e-04,1.1635,0.0000,0.0000,0.0000,0.0000,5.3,0.5614
561,4.12e-04,1.4284,0.0000,0.0000,0.0000,0.0000,3.4,nan
562,4.12e-04,1.2401,0.0000,0.0000,0.0000,0.0000,3.5,nan
563,4.11e-04,1.2951,0.0000,0.0000,0.0000,0.0000,3.3,nan
564,4.11e-04,1.4584,0.0000,0.0000,0.0000,0.0000,3.4,nan
565,4.11e-04,1.5708,0.0000,0.0000,0.0000,0.0000,3.3,nan
566,4.10e-04,1.5995,0.0000,0.0000,0.0000,0.0000,3.5,nan
567,4.10e-04,1.4668,0.0000,0.0000,0.0000,0.0000,3.5,nan
568,4.10e-04,1.3535,0.0000,0.0000,0.0000,0.0000,3.3,nan
569,4.09e-04,1.2550,0.0000,0.0000,0.0000,0.0000,3.3,nan
570,4.09e-04,1.1991,0.0000,0.0000,0.0000,0.0000,3.4,nan
571,4.09e-04,1.3522,0.0000,0.0000,0.0000,0.0000,3.4,nan
572,4.09e-04,1.4292,0.0000,0.0000,0.0000,0.0000,3.5,nan
573,4.08e-04,1.2921,0.0000,0.0000,0.0000,0.0000,3.5,nan
574,4.08e-04,1.4123,0.0000,0.0000,0.0000,0.0000,3.3,nan
575,4.08e-04,1.4899,0.0000,0.0000,0.0000,0.0000,3.4,nan
576,4.07e-04,1.4885,0.0000,0.0000,0.0000,0.0000,3.5,nan
577,4.07e-04,1.4590,0.0000,0.0000,0.0000,0.0000,3.4,nan
578,4.07e-04,1.3364,0.0000,0.0000,0.0000,0.0000,3.5,nan
579,4.06e-04,1.2948,0.0000,0.0000,0.0000,0.0000,3.4,nan
580,4.06e-04,1.4194,0.0000,0.0000,0.0000,0.0000,5.3,0.5911
581,4.06e-04,1.4432,0.0000,0.0000,0.0000,0.0000,3.4,nan
582,4.05e-04,1.4912,0.0000,0.0000,0.0000,0.0000,3.3,nan
583,4.05e-04,1.4178,0.0000,0.0000,0.0000,0.0000,3.4,nan
584,4.05e-04,1.3957,0.0000,0.0000,0.0000,0.0000,3.3,nan
585,4.05e-04,1.4933,0.0000,0.0000,0.0000,0.0000,3.5,nan
586,4.04e-04,1.3919,0.0000,0.0000,0.0000,0.0000,3.4,nan
587,4.04e-04,1.4278,0.0000,0.0000,0.0000,0.0000,3.3,nan
588,4.04e-04,1.5633,0.0000,0.0000,0.0000,0.0000,3.4,nan
589,4.03e-04,1.4650,0.0000,0.0000,0.0000,0.0000,3.4,nan
590,4.03e-04,1.2280,0.0000,0.0000,0.0000,0.0000,3.4,nan
591,4.03e-04,1.1632,0.0000,0.0000,0.0000,0.0000,3.4,nan
592,4.02e-04,1.3322,0.0000,0.0000,0.0000,0.0000,3.4,nan
593,4.02e-04,1.3333,0.0000,0.0000,0.0000,0.0000,3.4,nan
594,4.02e-04,1.3190,0.0000,0.0000,0.0000,0.0000,3.4,nan
595,4.01e-04,1.0860,0.0000,0.0000,0.0000,0.0000,3.4,nan
596,4.01e-04,1.3703,0.0000,0.0000,0.0000,0.0000,3.3,nan
597,4.01e-04,1.2880,0.0000,0.0000,0.0000,0.0000,3.5,nan
598,4.01e-04,1.4424,0.0000,0.0000,0.0000,0.0000,3.4,nan
599,4.00e-04,1.3985,0.0000,0.0000,0.0000,0.0000,3.5,nan
600,4.00e-04,1.2771,0.0000,0.0000,0.0000,0.0000,5.4,0.6144
601,4.00e-04,1.2206,0.0000,0.0000,0.0000,0.0000,3.3,nan
602,3.99e-04,1.1347,0.0000,0.0000,0.0000,0.0000,3.3,nan
603,3.99e-04,1.4515,0.0000,0.0000,0.0000,0.0000,3.4,nan
604,3.99e-04,1.1061,0.0000,0.0000,0.0000,0.0000,3.3,nan
605,3.98e-04,1.4879,0.0000,0.0000,0.0000,0.0000,3.4,nan
606,3.98e-04,1.1981,0.0000,0.0000,0.0000,0.0000,3.3,nan
607,3.98e-04,1.3406,0.0000,0.0000,0.0000,0.0000,3.3,nan
608,3.97e-04,1.5252,0.0000,0.0000,0.0000,0.0000,3.4,nan
609,3.97e-04,1.5003,0.0000,0.0000,0.0000,0.0000,3.4,nan
610,3.97e-04,1.4314,0.0000,0.0000,0.0000,0.0000,3.4,nan
611,3.96e-04,1.1847,0.0000,0.0000,0.0000,0.0000,3.4,nan
612,3.96e-04,1.0647,0.0000,0.0000,0.0000,0.0000,3.4,nan
613,3.96e-04,1.1472,0.0000,0.0000,0.0000,0.0000,3.4,nan
614,3.95e-04,1.4190,0.0000,0.0000,0.0000,0.0000,3.4,nan
615,3.95e-04,1.4334,0.0000,0.0000,0.0000,0.0000,3.3,nan
616,3.95e-04,1.5244,0.0000,0.0000,0.0000,0.0000,3.4,nan
617,3.95e-04,1.4403,0.0000,0.0000,0.0000,0.0000,3.4,nan
618,3.94e-04,1.4477,0.0000,0.0000,0.0000,0.0000,3.4,nan
619,3.94e-04,1.3576,0.0000,0.0000,0.0000,0.0000,3.4,nan
620,3.94e-04,1.1219,0.0000,0.0000,0.0000,0.0000,5.2,0.5890
621,3.93e-04,1.2921,0.0000,0.0000,0.0000,0.0000,3.4,nan
622,3.93e-04,1.1881,0.0000,0.0000,0.0000,0.0000,3.5,nan
623,3.93e-04,1.2318,0.0000,0.0000,0.0000,0.0000,3.5,nan
624,3.92e-04,1.4414,0.0000,0.0000,0.0000,0.0000,3.4,nan
625,3.92e-04,1.3094,0.0000,0.0000,0.0000,0.0000,3.4,nan
626,3.92e-04,1.3104,0.0000,0.0000,0.0000,0.0000,3.5,nan
627,3.91e-04,1.0760,0.0000,0.0000,0.0000,0.0000,3.4,nan
628,3.91e-04,1.5725,0.0000,0.0000,0.0000,0.0000,3.4,nan
629,3.91e-04,1.2667,0.0000,0.0000,0.0000,0.0000,3.4,nan
630,3.90e-04,1.2863,0.0000,0.0000,0.0000,0.0000,3.4,nan
631,3.90e-04,1.3376,0.0000,0.0000,0.0000,0.0000,3.4,nan
632,3.90e-04,0.9165,0.0000,0.0000,0.0000,0.0000,3.4,nan
633,3.89e-04,1.0810,0.0000,0.0000,0.0000,0.0000,3.4,nan
634,3.89e-04,1.1292,0.0000,0.0000,0.0000,0.0000,3.4,nan
635,3.89e-04,1.2439,0.0000,0.0000,0.0000,0.0000,3.4,nan
636,3.88e-04,1.2445,0.0000,0.0000,0.0000,0.0000,3.3,nan
637,3.88e-04,1.3598,0.0000,0.0000,0.0000,0.0000,3.4,nan
638,3.88e-04,1.2383,0.0000,0.0000,0.0000,0.0000,3.3,nan
639,3.87e-04,1.3819,0.0000,0.0000,0.0000,0.0000,3.4,nan
640,3.87e-04,1.2832,0.0000,0.0000,0.0000,0.0000,5.3,0.6229
641,3.87e-04,1.6543,0.0000,0.0000,0.0000,0.0000,3.3,nan
642,3.86e-04,1.4360,0.0000,0.0000,0.0000,0.0000,3.4,nan
643,3.86e-04,1.3401,0.0000,0.0000,0.0000,0.0000,3.4,nan
644,3.86e-04,1.5130,0.0000,0.0000,0.0000,0.0000,3.4,nan
645,3.85e-04,1.1145,0.0000,0.0000,0.0000,0.0000,3.3,nan
646,3.85e-04,1.0633,0.0000,0.0000,0.0000,0.0000,3.4,nan
647,3.85e-04,1.3437,0.0000,0.0000,0.0000,0.0000,3.4,nan
648,3.84e-04,1.2014,0.0000,0.0000,0.0000,0.0000,3.3,nan
649,3.84e-04,1.4287,0.0000,0.0000,0.0000,0.0000,3.4,nan
650,3.84e-04,1.2471,0.0000,0.0000,0.0000,0.0000,3.4,nan
651,3.83e-04,1.1993,0.0000,0.0000,0.0000,0.0000,3.5,nan
652,3.83e-04,1.2772,0.0000,0.0000,0.0000,0.0000,3.5,nan
653,3.83e-04,1.2636,0.0000,0.0000,0.0000,0.0000,3.4,nan
654,3.82e-04,1.2008,0.0000,0.0000,0.0000,0.0000,3.4,nan
655,3.82e-04,1.4584,0.0000,0.0000,0.0000,0.0000,3.3,nan
656,3.82e-04,1.1701,0.0000,0.0000,0.0000,0.0000,3.5,nan
657,3.81e-04,1.0794,0.0000,0.0000,0.0000,0.0000,3.4,nan
658,3.81e-04,1.4097,0.0000,0.0000,0.0000,0.0000,3.4,nan
659,3.81e-04,1.1910,0.0000,0.0000,0.0000,0.0000,3.5,nan
660,3.80e-04,1.1184,0.0000,0.0000,0.0000,0.0000,5.2,0.6144
661,3.80e-04,1.3597,0.0000,0.0000,0.0000,0.0000,3.4,nan
662,3.80e-04,1.2177,0.0000,0.0000,0.0000,0.0000,3.4,nan
663,3.79e-04,1.1519,0.0000,0.0000,0.0000,0.0000,3.4,nan
664,3.79e-04,1.4421,0.0000,0.0000,0.0000,0.0000,3.4,nan
665,3.79e-04,1.5750,0.0000,0.0000,0.0000,0.0000,3.3,nan
666,3.78e-04,1.4073,0.0000,0.0000,0.0000,0.0000,3.4,nan
667,3.78e-04,1.0332,0.0000,0.0000,0.0000,0.0000,3.4,nan
668,3.78e-04,1.3070,0.0000,0.0000,0.0000,0.0000,3.4,nan
669,3.77e-04,0.8591,0.0000,0.0000,0.0000,0.0000,3.5,nan
670,3.77e-04,1.2062,0.0000,0.0000,0.0000,0.0000,3.4,nan
671,3.77e-04,1.2447,0.0000,0.0000,0.0000,0.0000,3.4,nan
672,3.76e-04,1.3264,0.0000,0.0000,0.0000,0.0000,3.4,nan
673,3.76e-04,1.3040,0.0000,0.0000,0.0000,0.0000,3.5,nan
674,3.76e-04,1.4041,0.0000,0.0000,0.0000,0.0000,3.3,nan
675,3.75e-04,1.6356,0.0000,0.0000,0.0000,0.0000,3.4,nan
676,3.75e-04,1.2595,0.0000,0.0000,0.0000,0.0000,3.4,nan
677,3.75e-04,1.3974,0.0000,0.0000,0.0000,0.0000,3.4,nan
678,3.74e-04,1.4182,0.0000,0.0000,0.0000,0.0000,3.4,nan
679,3.74e-04,1.1623,0.0000,0.0000,0.0000,0.0000,3.4,nan
680,3.74e-04,1.0754,0.0000,0.0000,0.0000,0.0000,5.1,0.6102
681,3.73e-04,1.4956,0.0000,0.0000,0.0000,0.0000,3.3,nan
682,3.73e-04,1.0418,0.0000,0.0000,0.0000,0.0000,3.4,nan
683,3.73e-04,0.9362,0.0000,0.0000,0.0000,0.0000,3.4,nan
684,3.72e-04,1.3018,0.0000,0.0000,0.0000,0.0000,3.3,nan
685,3.72e-04,1.5230,0.0000,0.0000,0.0000,0.0000,3.6,nan
686,3.72e-04,1.2700,0.0000,0.0000,0.0000,0.0000,3.4,nan
687,3.71e-04,1.3013,0.0000,0.0000,0.0000,0.0000,3.3,nan
688,3.71e-04,1.3391,0.0000,0.0000,0.0000,0.0000,3.4,nan
689,3.71e-04,0.9924,0.0000,0.0000,0.0000,0.0000,3.4,nan
690,3.70e-04,1.1808,0.0000,0.0000,0.0000,0.0000,3.4,nan
691,3.70e-04,1.1430,0.0000,0.0000,0.0000,0.0000,3.4,nan
692,3.70e-04,1.5092,0.0000,0.0000,0.0000,0.0000,3.5,nan
693,3.69e-04,1.3672,0.0000,0.0000,0.0000,0.0000,3.3,nan
694,3.69e-04,1.2329,0.0000,0.0000,0.0000,0.0000,3.5,nan
695,3.69e-04,1.4135,0.0000,0.0000,0.0000,0.0000,3.4,nan
696,3.68e-04,1.2893,0.0000,0.0000,0.0000,0.0000,3.3,nan
697,3.68e-04,1.0783,0.0000,0.0000,0.0000,0.0000,3.4,nan
698,3.68e-04,1.2376,0.0000,0.0000,0.0000,0.0000,3.3,nan
699,3.67e-04,1.2981,0.0000,0.0000,0.0000,0.0000,3.3,nan
700,3.67e-04,1.1702,0.0000,0.0000,0.0000,0.0000,5.2,0.6250
701,3.66e-04,1.2810,0.0000,0.0000,0.0000,0.0000,3.4,nan
702,3.66e-04,1.3514,0.0000,0.0000,0.0000,0.0000,3.5,nan
703,3.66e-04,1.4361,0.0000,0.0000,0.0000,0.0000,3.4,nan
704,3.65e-04,1.1286,0.0000,0.0000,0.0000,0.0000,3.4,nan
705,3.65e-04,1.3439,0.0000,0.0000,0.0000,0.0000,3.4,nan
706,3.65e-04,1.2256,0.0000,0.0000,0.0000,0.0000,3.4,nan
707,3.64e-04,1.0142,0.0000,0.0000,0.0000,0.0000,3.3,nan
708,3.64e-04,1.3764,0.0000,0.0000,0.0000,0.0000,3.4,nan
709,3.64e-04,1.0646,0.0000,0.0000,0.0000,0.0000,3.5,nan
710,3.63e-04,1.1863,0.0000,0.0000,0.0000,0.0000,3.3,nan
711,3.63e-04,0.8661,0.0000,0.0000,0.0000,0.0000,3.4,nan
712,3.63e-04,1.1407,0.0000,0.0000,0.0000,0.0000,3.5,nan
713,3.62e-04,1.0290,0.0000,0.0000,0.0000,0.0000,3.3,nan
714,3.62e-04,1.2973,0.0000,0.0000,0.0000,0.0000,3.4,nan
715,3.62e-04,1.3504,0.0000,0.0000,0.0000,0.0000,3.3,nan
716,3.61e-04,1.3477,0.0000,0.0000,0.0000,0.0000,3.5,nan
717,3.61e-04,1.0446,0.0000,0.0000,0.0000,0.0000,3.4,nan
718,3.61e-04,1.1214,0.0000,0.0000,0.0000,0.0000,3.5,nan
719,3.60e-04,1.2983,0.0000,0.0000,0.0000,0.0000,3.4,nan
720,3.60e-04,1.1421,0.0000,0.0000,0.0000,0.0000,5.3,0.5826
721,3.59e-04,1.3136,0.0000,0.0000,0.0000,0.0000,3.4,nan
722,3.59e-04,1.2710,0.0000,0.0000,0.0000,0.0000,3.4,nan
723,3.59e-04,1.3353,0.0000,0.0000,0.0000,0.0000,3.4,nan
724,3.58e-04,1.1303,0.0000,0.0000,0.0000,0.0000,3.4,nan
725,3.58e-04,0.9618,0.0000,0.0000,0.0000,0.0000,3.4,nan
726,3.58e-04,1.4075,0.0000,0.0000,0.0000,0.0000,3.4,nan
727,3.57e-04,1.2058,0.0000,0.0000,0.0000,0.0000,3.4,nan
728,3.57e-04,1.2562,0.0000,0.0000,0.0000,0.0000,3.5,nan
729,3.57e-04,1.2528,0.0000,0.0000,0.0000,0.0000,3.5,nan
730,3.56e-04,1.2762,0.0000,0.0000,0.0000,0.0000,3.4,nan
731,3.56e-04,1.3941,0.0000,0.0000,0.0000,0.0000,3.3,nan
732,3.56e-04,1.2392,0.0000,0.0000,0.0000,0.0000,3.3,nan
733,3.55e-04,1.2574,0.0000,0.0000,0.0000,0.0000,3.5,nan
734,3.55e-04,1.1521,0.0000,0.0000,0.0000,0.0000,3.5,nan
735,3.55e-04,1.1799,0.0000,0.0000,0.0000,0.0000,3.4,nan
736,3.54e-04,1.4732,0.0000,0.0000,0.0000,0.0000,3.4,nan
737,3.54e-04,1.5667,0.0000,0.0000,0.0000,0.0000,3.5,nan
738,3.53e-04,1.4885,0.0000,0.0000,0.0000,0.0000,3.4,nan
739,3.53e-04,1.3131,0.0000,0.0000,0.0000,0.0000,3.3,nan
740,3.53e-04,1.3039,0.0000,0.0000,0.0000,0.0000,5.2,0.6165
741,3.52e-04,0.9678,0.0000,0.0000,0.0000,0.0000,3.3,nan
742,3.52e-04,0.9781,0.0000,0.0000,0.0000,0.0000,3.4,nan
743,3.52e-04,1.3724,0.0000,0.0000,0.0000,0.0000,3.3,nan
744,3.51e-04,1.3998,0.0000,0.0000,0.0000,0.0000,3.3,nan
745,3.51e-04,1.0563,0.0000,0.0000,0.0000,0.0000,3.4,nan
746,3.51e-04,1.0756,0.0000,0.0000,0.0000,0.0000,3.5,nan
747,3.50e-04,1.4130,0.0000,0.0000,0.0000,0.0000,3.4,nan
748,3.50e-04,1.0977,0.0000,0.0000,0.0000,0.0000,3.4,nan
749,3.50e-04,1.3009,0.0000,0.0000,0.0000,0.0000,3.5,nan
750,3.49e-04,1.4558,0.0000,0.0000,0.0000,0.0000,3.4,nan
751,3.49e-04,1.0300,0.0000,0.0000,0.0000,0.0000,3.3,nan
752,3.48e-04,1.3661,0.0000,0.0000,0.0000,0.0000,3.5,nan
753,3.48e-04,1.1316,0.0000,0.0000,0.0000,0.0000,3.4,nan
754,3.48e-04,1.0450,0.0000,0.0000,0.0000,0.0000,3.4,nan
755,3.47e-04,1.2312,0.0000,0.0000,0.0000,0.0000,3.3,nan
756,3.47e-04,1.4184,0.0000,0.0000,0.0000,0.0000,3.3,nan
757,3.47e-04,0.7368,0.0000,0.0000,0.0000,0.0000,3.5,nan
758,3.46e-04,1.3862,0.0000,0.0000,0.0000,0.0000,3.3,nan
759,3.46e-04,1.2378,0.0000,0.0000,0.0000,0.0000,3.5,nan
760,3.46e-04,1.3623,0.0000,0.0000,0.0000,0.0000,5.1,0.6568
761,3.45e-04,1.0583,0.0000,0.0000,0.0000,0.0000,3.3,nan
762,3.45e-04,1.3680,0.0000,0.0000,0.0000,0.0000,3.5,nan
763,3.44e-04,1.1472,0.0000,0.0000,0.0000,0.0000,3.4,nan
764,3.44e-04,1.4121,0.0000,0.0000,0.0000,0.0000,3.4,nan
765,3.44e-04,1.1926,0.0000,0.0000,0.0000,0.0000,3.4,nan
766,3.43e-04,1.3984,0.0000,0.0000,0.0000,0.0000,3.3,nan
767,3.43e-04,1.2948,0.0000,0.0000,0.0000,0.0000,3.5,nan
768,3.43e-04,1.4697,0.0000,0.0000,0.0000,0.0000,3.4,nan
769,3.42e-04,1.1596,0.0000,0.0000,0.0000,0.0000,3.3,nan
770,3.42e-04,1.3962,0.0000,0.0000,0.0000,0.0000,3.5,nan
771,3.42e-04,1.0792,0.0000,0.0000,0.0000,0.0000,3.5,nan
772,3.41e-04,1.4347,0.0000,0.0000,0.0000,0.0000,3.4,nan
773,3.41e-04,1.2231,0.0000,0.0000,0.0000,0.0000,3.4,nan
774,3.40e-04,1.2368,0.0000,0.0000,0.0000,0.0000,3.3,nan
775,3.40e-04,1.1666,0.0000,0.0000,0.0000,0.0000,3.4,nan
776,3.40e-04,1.1928,0.0000,0.0000,0.0000,0.0000,3.5,nan
777,3.39e-04,1.2751,0.0000,0.0000,0.0000,0.0000,3.4,nan
778,3.39e-04,1.2981,0.0000,0.0000,0.0000,0.0000,3.3,nan
779,3.39e-04,1.3900,0.0000,0.0000,0.0000,0.0000,3.4,nan
780,3.38e-04,1.0592,0.0000,0.0000,0.0000,0.0000,5.3,0.6250
781,3.38e-04,1.1755,0.0000,0.0000,0.0000,0.0000,3.4,nan
782,3.38e-04,1.5287,0.0000,0.0000,0.0000,0.0000,3.4,nan
783,3.37e-04,1.1821,0.0000,0.0000,0.0000,0.0000,3.4,nan
784,3.37e-04,1.1737,0.0000,0.0000,0.0000,0.0000,3.4,nan
785,3.36e-04,1.3896,0.0000,0.0000,0.0000,0.0000,3.5,nan
786,3.36e-04,1.2576,0.0000,0.0000,0.0000,0.0000,3.4,nan
787,3.36e-04,1.3112,0.0000,0.0000,0.0000,0.0000,3.3,nan
788,3.35e-04,1.2248,0.0000,0.0000,0.0000,0.0000,3.4,nan
789,3.35e-04,1.2621,0.0000,0.0000,0.0000,0.0000,3.5,nan
790,3.35e-04,1.3428,0.0000,0.0000,0.0000,0.0000,3.3,nan
791,3.34e-04,1.0650,0.0000,0.0000,0.0000,0.0000,3.3,nan
792,3.34e-04,1.2416,0.0000,0.0000,0.0000,0.0000,3.4,nan
793,3.33e-04,1.2852,0.0000,0.0000,0.0000,0.0000,3.5,nan
794,3.33e-04,1.0389,0.0000,0.0000,0.0000,0.0000,3.4,nan
795,3.33e-04,1.1240,0.0000,0.0000,0.0000,0.0000,3.5,nan
796,3.32e-04,1.4538,0.0000,0.0000,0.0000,0.0000,3.4,nan
797,3.32e-04,1.0087,0.0000,0.0000,0.0000,0.0000,3.4,nan
798,3.32e-04,1.2428,0.0000,0.0000,0.0000,0.0000,3.4,nan
799,3.31e-04,1.2884,0.0000,0.0000,0.0000,0.0000,3.3,nan
800,3.31e-04,1.2054,0.0000,0.0000,0.0000,0.0000,5.1,0.6504
801,3.31e-04,0.7701,0.0000,0.0000,0.0000,0.0000,3.3,nan
802,3.30e-04,1.4149,0.0000,0.0000,0.0000,0.0000,3.4,nan
803,3.30e-04,1.2847,0.0000,0.0000,0.0000,0.0000,3.3,nan
804,3.29e-04,1.2194,0.0000,0.0000,0.0000,0.0000,3.4,nan
805,3.29e-04,1.2454,0.0000,0.0000,0.0000,0.0000,3.4,nan
806,3.29e-04,1.0766,0.0000,0.0000,0.0000,0.0000,3.4,nan
807,3.28e-04,1.4174,0.0000,0.0000,0.0000,0.0000,3.4,nan
808,3.28e-04,1.1388,0.0000,0.0000,0.0000,0.0000,3.5,nan
809,3.28e-04,1.4985,0.0000,0.0000,0.0000,0.0000,3.5,nan
810,3.27e-04,1.0586,0.0000,0.0000,0.0000,0.0000,3.5,nan
811,3.27e-04,1.1288,0.0000,0.0000,0.0000,0.0000,3.4,nan
812,3.26e-04,1.0194,0.0000,0.0000,0.0000,0.0000,3.5,nan
813,3.26e-04,1.0880,0.0000,0.0000,0.0000,0.0000,3.3,nan
814,3.26e-04,1.3369,0.0000,0.0000,0.0000,0.0000,3.6,nan
815,3.25e-04,1.0113,0.0000,0.0000,0.0000,0.0000,3.5,nan
816,3.25e-04,1.3953,0.0000,0.0000,0.0000,0.0000,3.5,nan
817,3.25e-04,1.2205,0.0000,0.0000,0.0000,0.0000,3.4,nan
818,3.24e-04,1.0735,0.0000,0.0000,0.0000,0.0000,3.5,nan
819,3.24e-04,1.0257,0.0000,0.0000,0.0000,0.0000,3.4,nan
820,3.23e-04,1.0733,0.0000,0.0000,0.0000,0.0000,5.4,0.6610
821,3.23e-04,1.4085,0.0000,0.0000,0.0000,0.0000,3.4,nan
822,3.23e-04,1.1753,0.0000,0.0000,0.0000,0.0000,3.5,nan
823,3.22e-04,1.0321,0.0000,0.0000,0.0000,0.0000,3.4,nan
824,3.22e-04,1.1472,0.0000,0.0000,0.0000,0.0000,3.4,nan
825,3.22e-04,1.4023,0.0000,0.0000,0.0000,0.0000,3.4,nan
826,3.21e-04,1.4039,0.0000,0.0000,0.0000,0.0000,3.5,nan
827,3.21e-04,0.9535,0.0000,0.0000,0.0000,0.0000,3.4,nan
828,3.20e-04,1.2471,0.0000,0.0000,0.0000,0.0000,3.4,nan
829,3.20e-04,1.4246,0.0000,0.0000,0.0000,0.0000,3.4,nan
830,3.20e-04,1.1622,0.0000,0.0000,0.0000,0.0000,3.5,nan
831,3.19e-04,0.9975,0.0000,0.0000,0.0000,0.0000,3.5,nan
832,3.19e-04,1.1842,0.0000,0.0000,0.0000,0.0000,3.4,nan
833,3.19e-04,1.3716,0.0000,0.0000,0.0000,0.0000,3.4,nan
834,3.18e-04,1.1621,0.0000,0.0000,0.0000,0.0000,3.4,nan
835,3.18e-04,1.1061,0.0000,0.0000,0.0000,0.0000,3.5,nan
836,3.17e-04,0.9329,0.0000,0.0000,0.0000,0.0000,3.4,nan
837,3.17e-04,1.3048,0.0000,0.0000,0.0000,0.0000,3.5,nan
838,3.17e-04,1.1996,0.0000,0.0000,0.0000,0.0000,3.4,nan
839,3.16e-04,1.3742,0.0000,0.0000,0.0000,0.0000,3.4,nan
840,3.16e-04,1.1626,0.0000,0.0000,0.0000,0.0000,5.4,0.6123
841,3.16e-04,1.2372,0.0000,0.0000,0.0000,0.0000,3.4,nan
842,3.15e-04,1.2557,0.0000,0.0000,0.0000,0.0000,3.4,nan
843,3.15e-04,1.4514,0.0000,0.0000,0.0000,0.0000,3.3,nan
844,3.14e-04,1.1722,0.0000,0.0000,0.0000,0.0000,3.5,nan
845,3.14e-04,1.2138,0.0000,0.0000,0.0000,0.0000,3.4,nan
846,3.14e-04,1.2904,0.0000,0.0000,0.0000,0.0000,3.4,nan
847,3.13e-04,1.0358,0.0000,0.0000,0.0000,0.0000,3.3,nan
848,3.13e-04,1.3591,0.0000,0.0000,0.0000,0.0000,3.5,nan
849,3.12e-04,1.3970,0.0000,0.0000,0.0000,0.0000,3.4,nan
850,3.12e-04,0.8693,0.0000,0.0000,0.0000,0.0000,3.4,nan
851,3.12e-04,1.0662,0.0000,0.0000,0.0000,0.0000,3.4,nan
852,3.11e-04,1.1649,0.0000,0.0000,0.0000,0.0000,3.4,nan
853,3.11e-04,1.4882,0.0000,0.0000,0.0000,0.0000,3.4,nan
854,3.11e-04,0.9658,0.0000,0.0000,0.0000,0.0000,3.4,nan
855,3.10e-04,1.4483,0.0000,0.0000,0.0000,0.0000,3.4,nan
856,3.10e-04,1.2361,0.0000,0.0000,0.0000,0.0000,3.4,nan
857,3.09e-04,1.1434,0.0000,0.0000,0.0000,0.0000,3.5,nan
858,3.09e-04,1.4197,0.0000,0.0000,0.0000,0.0000,3.3,nan
859,3.09e-04,1.4935,0.0000,0.0000,0.0000,0.0000,3.5,nan
860,3.08e-04,1.2181,0.0000,0.0000,0.0000,0.0000,5.2,0.6314
861,3.08e-04,1.2748,0.0000,0.0000,0.0000,0.0000,3.4,nan
862,3.08e-04,1.3326,0.0000,0.0000,0.0000,0.0000,3.4,nan
863,3.07e-04,1.2188,0.0000,0.0000,0.0000,0.0000,3.3,nan
864,3.07e-04,1.1531,0.0000,0.0000,0.0000,0.0000,3.3,nan
865,3.06e-04,0.9730,0.0000,0.0000,0.0000,0.0000,3.6,nan
866,3.06e-04,1.4954,0.0000,0.0000,0.0000,0.0000,3.4,nan
867,3.06e-04,1.5016,0.0000,0.0000,0.0000,0.0000,3.3,nan
868,3.05e-04,1.1337,0.0000,0.0000,0.0000,0.0000,3.4,nan
869,3.05e-04,1.2090,0.0000,0.0000,0.0000,0.0000,3.3,nan
870,3.05e-04,1.2521,0.0000,0.0000,0.0000,0.0000,3.4,nan
871,3.04e-04,1.2954,0.0000,0.0000,0.0000,0.0000,3.4,nan
872,3.04e-04,0.9887,0.0000,0.0000,0.0000,0.0000,3.3,nan
873,3.03e-04,1.3510,0.0000,0.0000,0.0000,0.0000,3.5,nan
874,3.03e-04,1.1879,0.0000,0.0000,0.0000,0.0000,3.5,nan
875,3.03e-04,1.3434,0.0000,0.0000,0.0000,0.0000,3.5,nan
876,3.02e-04,1.2714,0.0000,0.0000,0.0000,0.0000,3.4,nan
877,3.02e-04,0.9887,0.0000,0.0000,0.0000,0.0000,3.4,nan
878,3.01e-04,1.2163,0.0000,0.0000,0.0000,0.0000,3.4,nan
879,3.01e-04,1.3046,0.0000,0.0000,0.0000,0.0000,3.4,nan
880,3.01e-04,1.0009,0.0000,0.0000,0.0000,0.0000,5.2,0.6165
881,3.00e-04,0.9325,0.0000,0.0000,0.0000,0.0000,3.4,nan
882,3.00e-04,1.1747,0.0000,0.0000,0.0000,0.0000,3.4,nan
883,3.00e-04,1.1442,0.0000,0.0000,0.0000,0.0000,3.3,nan
884,2.99e-04,1.0093,0.0000,0.0000,0.0000,0.0000,3.4,nan
885,2.99e-04,1.3694,0.0000,0.0000,0.0000,0.0000,3.5,nan
886,2.98e-04,1.3775,0.0000,0.0000,0.0000,0.0000,3.4,nan
887,2.98e-04,1.1130,0.0000,0.0000,0.0000,0.0000,3.5,nan
888,2.98e-04,1.1477,0.0000,0.0000,0.0000,0.0000,3.4,nan
889,2.97e-04,1.1372,0.0000,0.0000,0.0000,0.0000,3.3,nan
890,2.97e-04,0.8504,0.0000,0.0000,0.0000,0.0000,3.4,nan
891,2.96e-04,1.1962,0.0000,0.0000,0.0000,0.0000,3.3,nan
892,2.96e-04,0.8311,0.0000,0.0000,0.0000,0.0000,3.4,nan
893,2.96e-04,1.3296,0.0000,0.0000,0.0000,0.0000,3.4,nan
894,2.95e-04,1.3495,0.0000,0.0000,0.0000,0.0000,3.5,nan
895,2.95e-04,1.0595,0.0000,0.0000,0.0000,0.0000,3.4,nan
896,2.95e-04,1.0980,0.0000,0.0000,0.0000,0.0000,3.4,nan
897,2.94e-04,1.3237,0.0000,0.0000,0.0000,0.0000,3.4,nan
898,2.94e-04,1.1535,0.0000,0.0000,0.0000,0.0000,3.3,nan
899,2.93e-04,1.2773,0.0000,0.0000,0.0000,0.0000,3.4,nan
900,2.93e-04,1.1471,0.0000,0.0000,0.0000,0.0000,5.4,0.6059
901,2.93e-04,1.3863,0.0000,0.0000,0.0000,0.0000,3.4,nan
902,2.92e-04,0.9553,0.0000,0.0000,0.0000,0.0000,3.4,nan
903,2.92e-04,1.1143,0.0000,0.0000,0.0000,0.0000,3.3,nan
904,2.91e-04,1.1513,0.0000,0.0000,0.0000,0.0000,3.4,nan
905,2.91e-04,1.0863,0.0000,0.0000,0.0000,0.0000,3.4,nan
906,2.91e-04,1.2985,0.0000,0.0000,0.0000,0.0000,3.4,nan
907,2.90e-04,1.0360,0.0000,0.0000,0.0000,0.0000,3.4,nan
908,2.90e-04,1.3409,0.0000,0.0000,0.0000,0.0000,3.5,nan
909,2.90e-04,0.9959,0.0000,0.0000,0.0000,0.0000,3.4,nan
910,2.89e-04,1.0472,0.0000,0.0000,0.0000,0.0000,3.5,nan
911,2.89e-04,1.2028,0.0000,0.0000,0.0000,0.0000,3.4,nan
912,2.88e-04,1.1443,0.0000,0.0000,0.0000,0.0000,3.3,nan
913,2.88e-04,1.4385,0.0000,0.0000,0.0000,0.0000,3.3,nan
914,2.88e-04,1.3353,0.0000,0.0000,0.0000,0.0000,3.4,nan
915,2.87e-04,1.0869,0.0000,0.0000,0.0000,0.0000,3.5,nan
916,2.87e-04,1.3106,0.0000,0.0000,0.0000,0.0000,3.4,nan
917,2.86e-04,1.2202,0.0000,0.0000,0.0000,0.0000,3.5,nan
918,2.86e-04,1.2732,0.0000,0.0000,0.0000,0.0000,3.3,nan
919,2.86e-04,0.9753,0.0000,0.0000,0.0000,0.0000,3.4,nan
920,2.85e-04,1.2241,0.0000,0.0000,0.0000,0.0000,5.3,0.5742
921,2.85e-04,1.1730,0.0000,0.0000,0.0000,0.0000,3.5,nan
922,2.84e-04,1.3493,0.0000,0.0000,0.0000,0.0000,3.4,nan
923,2.84e-04,1.2211,0.0000,0.0000,0.0000,0.0000,3.4,nan
924,2.84e-04,1.3678,0.0000,0.0000,0.0000,0.0000,3.4,nan
925,2.83e-04,1.0478,0.0000,0.0000,0.0000,0.0000,3.4,nan
926,2.83e-04,1.2081,0.0000,0.0000,0.0000,0.0000,3.4,nan
927,2.83e-04,1.0686,0.0000,0.0000,0.0000,0.0000,3.5,nan
928,2.82e-04,1.2626,0.0000,0.0000,0.0000,0.0000,3.3,nan
929,2.82e-04,1.4545,0.0000,0.0000,0.0000,0.0000,3.4,nan
930,2.81e-04,0.9138,0.0000,0.0000,0.0000,0.0000,3.3,nan
931,2.81e-04,1.3923,0.0000,0.0000,0.0000,0.0000,3.5,nan
932,2.81e-04,1.0513,0.0000,0.0000,0.0000,0.0000,3.4,nan
933,2.80e-04,1.1010,0.0000,0.0000,0.0000,0.0000,3.4,nan
934,2.80e-04,0.9485,0.0000,0.0000,0.0000,0.0000,3.4,nan
935,2.79e-04,1.2769,0.0000,0.0000,0.0000,0.0000,3.5,nan
936,2.79e-04,1.2352,0.0000,0.0000,0.0000,0.0000,3.4,nan
937,2.79e-04,1.0073,0.0000,0.0000,0.0000,0.0000,3.5,nan
938,2.78e-04,1.2045,0.0000,0.0000,0.0000,0.0000,3.4,nan
939,2.78e-04,1.1025,0.0000,0.0000,0.0000,0.0000,3.5,nan
940,2.78e-04,1.0707,0.0000,0.0000,0.0000,0.0000,5.1,0.6335
941,2.77e-04,1.1757,0.0000,0.0000,0.0000,0.0000,3.4,nan
942,2.77e-04,1.1229,0.0000,0.0000,0.0000,0.0000,3.3,nan
943,2.76e-04,0.9871,0.0000,0.0000,0.0000,0.0000,3.4,nan
944,2.76e-04,1.1382,0.0000,0.0000,0.0000,0.0000,3.4,nan
945,2.76e-04,1.3411,0.0000,0.0000,0.0000,0.0000,3.4,nan
946,2.75e-04,1.1091,0.0000,0.0000,0.0000,0.0000,3.5,nan
947,2.75e-04,1.1297,0.0000,0.0000,0.0000,0.0000,3.6,nan
948,2.74e-04,1.3406,0.0000,0.0000,0.0000,0.0000,3.3,nan
949,2.74e-04,0.9492,0.0000,0.0000,0.0000,0.0000,3.3,nan
950,2.74e-04,1.1294,0.0000,0.0000,0.0000,0.0000,3.5,nan
951,2.73e-04,1.2372,0.0000,0.0000,0.0000,0.0000,3.4,nan
952,2.73e-04,1.2580,0.0000,0.0000,0.0000,0.0000,3.3,nan
953,2.72e-04,1.1234,0.0000,0.0000,0.0000,0.0000,3.4,nan
954,2.72e-04,1.3181,0.0000,0.0000,0.0000,0.0000,3.4,nan
955,2.72e-04,1.1146,0.0000,0.0000,0.0000,0.0000,3.5,nan
956,2.71e-04,1.3174,0.0000,0.0000,0.0000,0.0000,3.4,nan
957,2.71e-04,1.1999,0.0000,0.0000,0.0000,0.0000,3.4,nan
958,2.70e-04,1.2582,0.0000,0.0000,0.0000,0.0000,3.5,nan
959,2.70e-04,1.0856,0.0000,0.0000,0.0000,0.0000,3.5,nan
960,2.70e-04,1.3166,0.0000,0.0000,0.0000,0.0000,5.1,0.5953
961,2.69e-04,0.8109,0.0000,0.0000,0.0000,0.0000,3.4,nan
962,2.69e-04,1.1057,0.0000,0.0000,0.0000,0.0000,3.4,nan
963,2.69e-04,1.2349,0.0000,0.0000,0.0000,0.0000,3.3,nan
964,2.68e-04,1.1680,0.0000,0.0000,0.0000,0.0000,3.4,nan
965,2.68e-04,1.1879,0.0000,0.0000,0.0000,0.0000,3.3,nan
966,2.67e-04,0.8827,0.0000,0.0000,0.0000,0.0000,3.6,nan
967,2.67e-04,1.2886,0.0000,0.0000,0.0000,0.0000,3.4,nan
968,2.67e-04,0.9737,0.0000,0.0000,0.0000,0.0000,3.4,nan
969,2.66e-04,1.1871,0.0000,0.0000,0.0000,0.0000,3.5,nan
970,2.66e-04,1.1369,0.0000,0.0000,0.0000,0.0000,3.5,nan
971,2.65e-04,0.9292,0.0000,0.0000,0.0000,0.0000,3.4,nan
972,2.65e-04,1.3009,0.0000,0.0000,0.0000,0.0000,3.4,nan
973,2.65e-04,1.3926,0.0000,0.0000,0.0000,0.0000,3.5,nan
974,2.64e-04,1.0839,0.0000,0.0000,0.0000,0.0000,3.4,nan
975,2.64e-04,1.1340,0.0000,0.0000,0.0000,0.0000,3.4,nan
976,2.63e-04,1.0975,0.0000,0.0000,0.0000,0.0000,3.5,nan
977,2.63e-04,0.9857,0.0000,0.0000,0.0000,0.0000,3.6,nan
978,2.63e-04,0.9896,0.0000,0.0000,0.0000,0.0000,3.4,nan
979,2.62e-04,1.2964,0.0000,0.0000,0.0000,0.0000,3.5,nan
980,2.62e-04,1.1243,0.0000,0.0000,0.0000,0.0000,5.2,0.6250
981,2.62e-04,1.0683,0.0000,0.0000,0.0000,0.0000,3.4,nan
982,2.61e-04,1.3030,0.0000,0.0000,0.0000,0.0000,3.4,nan
983,2.61e-04,1.2531,0.0000,0.0000,0.0000,0.0000,3.5,nan
984,2.60e-04,1.1777,0.0000,0.0000,0.0000,0.0000,3.5,nan
985,2.60e-04,1.2879,0.0000,0.0000,0.0000,0.0000,3.6,nan
986,2.60e-04,1.1941,0.0000,0.0000,0.0000,0.0000,3.3,nan
987,2.59e-04,0.9677,0.0000,0.0000,0.0000,0.0000,3.4,nan
988,2.59e-04,1.3327,0.0000,0.0000,0.0000,0.0000,3.3,nan
989,2.58e-04,1.1250,0.0000,0.0000,0.0000,0.0000,3.5,nan
990,2.58e-04,1.3376,0.0000,0.0000,0.0000,0.0000,3.4,nan
991,2.58e-04,1.1298,0.0000,0.0000,0.0000,0.0000,3.4,nan
992,2.57e-04,1.1722,0.0000,0.0000,0.0000,0.0000,3.3,nan
993,2.57e-04,1.1928,0.0000,0.0000,0.0000,0.0000,3.4,nan
994,2.56e-04,0.9280,0.0000,0.0000,0.0000,0.0000,3.4,nan
995,2.56e-04,1.1879,0.0000,0.0000,0.0000,0.0000,3.5,nan
996,2.56e-04,1.0976,0.0000,0.0000,0.0000,0.0000,3.3,nan
997,2.55e-04,1.2677,0.0000,0.0000,0.0000,0.0000,3.5,nan
998,2.55e-04,1.2026,0.0000,0.0000,0.0000,0.0000,3.3,nan
999,2.54e-04,1.0243,0.0000,0.0000,0.0000,0.0000,3.4,nan
1000,2.54e-04,0.9800,0.0000,0.0000,0.0000,0.0000,5.3,0.6229
1001,2.54e-04,1.0683,0.0000,0.0000,0.0000,0.0000,3.3,nan
1002,2.53e-04,1.1594,0.0000,0.0000,0.0000,0.0000,3.4,nan
1003,2.53e-04,1.3147,0.0000,0.0000,0.0000,0.0000,3.5,nan
1004,2.53e-04,1.2903,0.0000,0.0000,0.0000,0.0000,3.4,nan
1005,2.52e-04,0.6845,0.0000,0.0000,0.0000,0.0000,3.4,nan
1006,2.52e-04,1.0622,0.0000,0.0000,0.0000,0.0000,3.3,nan
1007,2.51e-04,1.2729,0.0000,0.0000,0.0000,0.0000,3.5,nan
1008,2.51e-04,1.3163,0.0000,0.0000,0.0000,0.0000,3.5,nan
1009,2.51e-04,1.1850,0.0000,0.0000,0.0000,0.0000,3.4,nan
1010,2.50e-04,1.2351,0.0000,0.0000,0.0000,0.0000,3.4,nan
1011,2.50e-04,1.1220,0.0000,0.0000,0.0000,0.0000,3.4,nan
1012,2.49e-04,1.1583,0.0000,0.0000,0.0000,0.0000,3.4,nan
1013,2.49e-04,1.1932,0.0000,0.0000,0.0000,0.0000,3.4,nan
1014,2.49e-04,0.9654,0.0000,0.0000,0.0000,0.0000,3.5,nan
1015,2.48e-04,1.1439,0.0000,0.0000,0.0000,0.0000,3.3,nan
1016,2.48e-04,1.1482,0.0000,0.0000,0.0000,0.0000,3.5,nan
1017,2.47e-04,1.1701,0.0000,0.0000,0.0000,0.0000,3.4,nan
1018,2.47e-04,1.2137,0.0000,0.0000,0.0000,0.0000,3.6,nan
1019,2.47e-04,1.1802,0.0000,0.0000,0.0000,0.0000,3.5,nan
1020,2.46e-04,1.1303,0.0000,0.0000,0.0000,0.0000,5.2,0.6398
1021,2.46e-04,1.2709,0.0000,0.0000,0.0000,0.0000,3.4,nan
1022,2.46e-04,1.1082,0.0000,0.0000,0.0000,0.0000,3.4,nan
1023,2.45e-04,1.1978,0.0000,0.0000,0.0000,0.0000,3.5,nan
1024,2.45e-04,0.9853,0.0000,0.0000,0.0000,0.0000,3.4,nan
1025,2.44e-04,0.8303,0.0000,0.0000,0.0000,0.0000,3.5,nan
1026,2.44e-04,1.0975,0.0000,0.0000,0.0000,0.0000,3.3,nan
1027,2.44e-04,1.1669,0.0000,0.0000,0.0000,0.0000,3.4,nan
1028,2.43e-04,1.2116,0.0000,0.0000,0.0000,0.0000,3.4,nan
1029,2.43e-04,1.0589,0.0000,0.0000,0.0000,0.0000,3.4,nan
1030,2.42e-04,1.2085,0.0000,0.0000,0.0000,0.0000,3.3,nan
1031,2.42e-04,1.1839,0.0000,0.0000,0.0000,0.0000,3.5,nan
1032,2.42e-04,1.0383,0.0000,0.0000,0.0000,0.0000,3.4,nan
1033,2.41e-04,1.1958,0.0000,0.0000,0.0000,0.0000,3.4,nan
1034,2.41e-04,1.2970,0.0000,0.0000,0.0000,0.0000,3.4,nan
1035,2.40e-04,1.0849,0.0000,0.0000,0.0000,0.0000,3.5,nan
1036,2.40e-04,1.0604,0.0000,0.0000,0.0000,0.0000,3.5,nan
1037,2.40e-04,1.0801,0.0000,0.0000,0.0000,0.0000,3.4,nan
1038,2.39e-04,1.1502,0.0000,0.0000,0.0000,0.0000,3.4,nan
1039,2.39e-04,1.2253,0.0000,0.0000,0.0000,0.0000,3.3,nan
1040,2.38e-04,1.2968,0.0000,0.0000,0.0000,0.0000,5.1,0.6165
1041,2.38e-04,1.1920,0.0000,0.0000,0.0000,0.0000,3.4,nan
1042,2.38e-04,0.8960,0.0000,0.0000,0.0000,0.0000,3.3,nan
1043,2.37e-04,1.0975,0.0000,0.0000,0.0000,0.0000,3.3,nan
1044,2.37e-04,1.2104,0.0000,0.0000,0.0000,0.0000,3.5,nan
1045,2.37e-04,1.0656,0.0000,0.0000,0.0000,0.0000,3.4,nan
1046,2.36e-04,1.2578,0.0000,0.0000,0.0000,0.0000,3.3,nan
1047,2.36e-04,1.2459,0.0000,0.0000,0.0000,0.0000,3.5,nan
1048,2.35e-04,1.3252,0.0000,0.0000,0.0000,0.0000,3.4,nan
1049,2.35e-04,1.1843,0.0000,0.0000,0.0000,0.0000,3.3,nan
1050,2.35e-04,1.1408,0.0000,0.0000,0.0000,0.0000,3.7,nan
1051,2.34e-04,1.2437,0.0000,0.0000,0.0000,0.0000,3.9,nan
1052,2.34e-04,1.0457,0.0000,0.0000,0.0000,0.0000,3.6,nan
1053,2.33e-04,1.1329,0.0000,0.0000,0.0000,0.0000,3.5,nan
1054,2.33e-04,1.1960,0.0000,0.0000,0.0000,0.0000,3.4,nan
1055,2.33e-04,1.1191,0.0000,0.0000,0.0000,0.0000,3.4,nan
1056,2.32e-04,1.1457,0.0000,0.0000,0.0000,0.0000,3.4,nan
1057,2.32e-04,0.9372,0.0000,0.0000,0.0000,0.0000,3.4,nan
1058,2.31e-04,1.1266,0.0000,0.0000,0.0000,0.0000,3.4,nan
1059,2.31e-04,1.2067,0.0000,0.0000,0.0000,0.0000,3.5,nan
1060,2.31e-04,1.2544,0.0000,0.0000,0.0000,0.0000,5.2,0.5657
1061,2.30e-04,1.0569,0.0000,0.0000,0.0000,0.0000,3.4,nan
1062,2.30e-04,1.1751,0.0000,0.0000,0.0000,0.0000,3.4,nan
1063,2.30e-04,1.1447,0.0000,0.0000,0.0000,0.0000,3.4,nan
1064,2.29e-04,1.1473,0.0000,0.0000,0.0000,0.0000,3.4,nan
1065,2.29e-04,1.1419,0.0000,0.0000,0.0000,0.0000,3.3,nan
1066,2.28e-04,1.1207,0.0000,0.0000,0.0000,0.0000,3.4,nan
1067,2.28e-04,1.2091,0.0000,0.0000,0.0000,0.0000,3.4,nan
1068,2.28e-04,0.7748,0.0000,0.0000,0.0000,0.0000,3.4,nan
1069,2.27e-04,1.1959,0.0000,0.0000,0.0000,0.0000,3.5,nan
1070,2.27e-04,1.0733,0.0000,0.0000,0.0000,0.0000,3.6,nan
1071,2.26e-04,1.2435,0.0000,0.0000,0.0000,0.0000,3.4,nan
1072,2.26e-04,1.0028,0.0000,0.0000,0.0000,0.0000,3.3,nan
1073,2.26e-04,1.1996,0.0000,0.0000,0.0000,0.0000,3.3,nan
1074,2.25e-04,1.1990,0.0000,0.0000,0.0000,0.0000,3.4,nan
1075,2.25e-04,1.2781,0.0000,0.0000,0.0000,0.0000,3.4,nan
1076,2.24e-04,0.9394,0.0000,0.0000,0.0000,0.0000,3.3,nan
1077,2.24e-04,1.0573,0.0000,0.0000,0.0000,0.0000,3.5,nan
1078,2.24e-04,1.0076,0.0000,0.0000,0.0000,0.0000,3.4,nan
1079,2.23e-04,1.0745,0.0000,0.0000,0.0000,0.0000,3.5,nan
1080,2.23e-04,1.3493,0.0000,0.0000,0.0000,0.0000,5.1,0.6186
1081,2.23e-04,0.9926,0.0000,0.0000,0.0000,0.0000,3.5,nan
1082,2.22e-04,0.8518,0.0000,0.0000,0.0000,0.0000,3.4,nan
1083,2.22e-04,1.1013,0.0000,0.0000,0.0000,0.0000,3.4,nan
1084,2.21e-04,0.9926,0.0000,0.0000,0.0000,0.0000,3.4,nan
1085,2.21e-04,1.2931,0.0000,0.0000,0.0000,0.0000,3.4,nan
1086,2.21e-04,1.1922,0.0000,0.0000,0.0000,0.0000,3.5,nan
1087,2.20e-04,1.0939,0.0000,0.0000,0.0000,0.0000,3.4,nan
1088,2.20e-04,0.9022,0.0000,0.0000,0.0000,0.0000,3.5,nan
1089,2.19e-04,0.9584,0.0000,0.0000,0.0000,0.0000,3.4,nan
1090,2.19e-04,1.0888,0.0000,0.0000,0.0000,0.0000,3.4,nan
1091,2.19e-04,1.0143,0.0000,0.0000,0.0000,0.0000,3.4,nan
1092,2.18e-04,1.2561,0.0000,0.0000,0.0000,0.0000,3.3,nan
1093,2.18e-04,0.9801,0.0000,0.0000,0.0000,0.0000,3.5,nan
1094,2.17e-04,1.0492,0.0000,0.0000,0.0000,0.0000,3.4,nan
1095,2.17e-04,0.9744,0.0000,0.0000,0.0000,0.0000,3.4,nan
1096,2.17e-04,1.0284,0.0000,0.0000,0.0000,0.0000,3.4,nan
1097,2.16e-04,1.2594,0.0000,0.0000,0.0000,0.0000,3.3,nan
1098,2.16e-04,0.9484,0.0000,0.0000,0.0000,0.0000,3.5,nan
1099,2.16e-04,1.2741,0.0000,0.0000,0.0000,0.0000,3.4,nan
1100,2.15e-04,1.0302,0.0000,0.0000,0.0000,0.0000,5.1,0.5530
1101,2.15e-04,1.1890,0.0000,0.0000,0.0000,0.0000,3.4,nan
1102,2.14e-04,0.8430,0.0000,0.0000,0.0000,0.0000,3.3,nan
1103,2.14e-04,1.1261,0.0000,0.0000,0.0000,0.0000,3.5,nan
1104,2.14e-04,1.1302,0.0000,0.0000,0.0000,0.0000,3.4,nan
1105,2.13e-04,1.1206,0.0000,0.0000,0.0000,0.0000,3.4,nan
1106,2.13e-04,0.8331,0.0000,0.0000,0.0000,0.0000,3.4,nan
1107,2.12e-04,1.3289,0.0000,0.0000,0.0000,0.0000,3.3,nan
1108,2.12e-04,0.9768,0.0000,0.0000,0.0000,0.0000,3.4,nan
1109,2.12e-04,0.8154,0.0000,0.0000,0.0000,0.0000,3.4,nan
1110,2.11e-04,1.1231,0.0000,0.0000,0.0000,0.0000,3.4,nan
1111,2.11e-04,0.9677,0.0000,0.0000,0.0000,0.0000,3.4,nan
1112,2.11e-04,1.0850,0.0000,0.0000,0.0000,0.0000,3.4,nan
1113,2.10e-04,1.2152,0.0000,0.0000,0.0000,0.0000,3.4,nan
1114,2.10e-04,1.0525,0.0000,0.0000,0.0000,0.0000,3.4,nan
1115,2.09e-04,1.1401,0.0000,0.0000,0.0000,0.0000,3.4,nan
1116,2.09e-04,0.9255,0.0000,0.0000,0.0000,0.0000,3.3,nan
1117,2.09e-04,1.3438,0.0000,0.0000,0.0000,0.0000,3.3,nan
1118,2.08e-04,0.9111,0.0000,0.0000,0.0000,0.0000,3.4,nan
1119,2.08e-04,1.2213,0.0000,0.0000,0.0000,0.0000,3.3,nan
1120,2.07e-04,1.1931,0.0000,0.0000,0.0000,0.0000,5.2,0.6081
1121,2.07e-04,1.1398,0.0000,0.0000,0.0000,0.0000,3.5,nan
1122,2.07e-04,1.0976,0.0000,0.0000,0.0000,0.0000,3.4,nan
1123,2.06e-04,1.0273,0.0000,0.0000,0.0000,0.0000,3.3,nan
1124,2.06e-04,1.1188,0.0000,0.0000,0.0000,0.0000,3.3,nan
1125,2.06e-04,0.9059,0.0000,0.0000,0.0000,0.0000,3.5,nan
1126,2.05e-04,0.8291,0.0000,0.0000,0.0000,0.0000,3.3,nan
1127,2.05e-04,1.2552,0.0000,0.0000,0.0000,0.0000,3.4,nan
1128,2.04e-04,1.0511,0.0000,0.0000,0.0000,0.0000,3.5,nan
1129,2.04e-04,1.1587,0.0000,0.0000,0.0000,0.0000,3.3,nan
1130,2.04e-04,1.1111,0.0000,0.0000,0.0000,0.0000,3.4,nan
1131,2.03e-04,0.7477,0.0000,0.0000,0.0000,0.0000,3.5,nan
1132,2.03e-04,1.1361,0.0000,0.0000,0.0000,0.0000,3.4,nan
1133,2.02e-04,1.2272,0.0000,0.0000,0.0000,0.0000,3.4,nan
1134,2.02e-04,0.9486,0.0000,0.0000,0.0000,0.0000,3.6,nan
1135,2.02e-04,0.8659,0.0000,0.0000,0.0000,0.0000,3.5,nan
1136,2.01e-04,1.1250,0.0000,0.0000,0.0000,0.0000,3.5,nan
1137,2.01e-04,1.0440,0.0000,0.0000,0.0000,0.0000,3.4,nan
1138,2.01e-04,1.1296,0.0000,0.0000,0.0000,0.0000,3.6,nan
1139,2.00e-04,1.2745,0.0000,0.0000,0.0000,0.0000,3.4,nan
1140,2.00e-04,1.1182,0.0000,0.0000,0.0000,0.0000,5.3,0.6589
1141,1.99e-04,1.0049,0.0000,0.0000,0.0000,0.0000,3.4,nan
1142,1.99e-04,1.0226,0.0000,0.0000,0.0000,0.0000,3.4,nan
1143,1.99e-04,1.1692,0.0000,0.0000,0.0000,0.0000,3.4,nan
1144,1.98e-04,0.8202,0.0000,0.0000,0.0000,0.0000,3.5,nan
1145,1.98e-04,0.9238,0.0000,0.0000,0.0000,0.0000,3.4,nan
1146,1.98e-04,1.1451,0.0000,0.0000,0.0000,0.0000,3.4,nan
1147,1.97e-04,1.0692,0.0000,0.0000,0.0000,0.0000,3.4,nan
1148,1.97e-04,1.1227,0.0000,0.0000,0.0000,0.0000,3.4,nan
1149,1.96e-04,1.0483,0.0000,0.0000,0.0000,0.0000,3.4,nan
1150,1.96e-04,1.1425,0.0000,0.0000,0.0000,0.0000,3.3,nan
1151,1.96e-04,1.1610,0.0000,0.0000,0.0000,0.0000,3.5,nan
1152,1.95e-04,1.0845,0.0000,0.0000,0.0000,0.0000,3.4,nan
1153,1.95e-04,1.2650,0.0000,0.0000,0.0000,0.0000,3.4,nan
1154,1.94e-04,1.1838,0.0000,0.0000,0.0000,0.0000,3.4,nan
1155,1.94e-04,1.0434,0.0000,0.0000,0.0000,0.0000,3.4,nan
1156,1.94e-04,1.1805,0.0000,0.0000,0.0000,0.0000,3.4,nan
1157,1.93e-04,0.9420,0.0000,0.0000,0.0000,0.0000,3.5,nan
1158,1.93e-04,1.1537,0.0000,0.0000,0.0000,0.0000,3.4,nan
1159,1.93e-04,0.7968,0.0000,0.0000,0.0000,0.0000,3.4,nan
1160,1.92e-04,1.3489,0.0000,0.0000,0.0000,0.0000,5.1,0.6102
1161,1.92e-04,1.3099,0.0000,0.0000,0.0000,0.0000,3.4,nan
1162,1.91e-04,0.9687,0.0000,0.0000,0.0000,0.0000,3.4,nan
1163,1.91e-04,1.1058,0.0000,0.0000,0.0000,0.0000,3.4,nan
1164,1.91e-04,1.0656,0.0000,0.0000,0.0000,0.0000,3.3,nan
1165,1.90e-04,0.9656,0.0000,0.0000,0.0000,0.0000,3.4,nan
1166,1.90e-04,0.9521,0.0000,0.0000,0.0000,0.0000,3.5,nan
1167,1.90e-04,1.0964,0.0000,0.0000,0.0000,0.0000,3.4,nan
1168,1.89e-04,0.7938,0.0000,0.0000,0.0000,0.0000,3.4,nan
1169,1.89e-04,1.1313,0.0000,0.0000,0.0000,0.0000,3.3,nan
1170,1.88e-04,1.0878,0.0000,0.0000,0.0000,0.0000,3.4,nan
1171,1.88e-04,0.9013,0.0000,0.0000,0.0000,0.0000,3.4,nan
1172,1.88e-04,1.0507,0.0000,0.0000,0.0000,0.0000,3.4,nan
1173,1.87e-04,1.1951,0.0000,0.0000,0.0000,0.0000,3.4,nan
1174,1.87e-04,0.9759,0.0000,0.0000,0.0000,0.0000,3.3,nan
1175,1.87e-04,1.1950,0.0000,0.0000,0.0000,0.0000,3.4,nan
1176,1.86e-04,1.0938,0.0000,0.0000,0.0000,0.0000,3.3,nan
1177,1.86e-04,1.1535,0.0000,0.0000,0.0000,0.0000,3.4,nan
1178,1.85e-04,0.9736,0.0000,0.0000,0.0000,0.0000,3.4,nan
1179,1.85e-04,0.9562,0.0000,0.0000,0.0000,0.0000,3.4,nan
1180,1.85e-04,1.1533,0.0000,0.0000,0.0000,0.0000,5.3,0.6059
1181,1.84e-04,0.7468,0.0000,0.0000,0.0000,0.0000,3.5,nan
1182,1.84e-04,1.0397,0.0000,0.0000,0.0000,0.0000,3.4,nan
1183,1.84e-04,0.8310,0.0000,0.0000,0.0000,0.0000,3.5,nan
1184,1.83e-04,1.1251,0.0000,0.0000,0.0000,0.0000,3.4,nan
1185,1.83e-04,1.1429,0.0000,0.0000,0.0000,0.0000,3.4,nan
1186,1.82e-04,0.9439,0.0000,0.0000,0.0000,0.0000,3.4,nan
1187,1.82e-04,1.1471,0.0000,0.0000,0.0000,0.0000,3.4,nan
1188,1.82e-04,1.1092,0.0000,0.0000,0.0000,0.0000,3.4,nan
1189,1.81e-04,1.1485,0.0000,0.0000,0.0000,0.0000,3.4,nan
1190,1.81e-04,1.0044,0.0000,0.0000,0.0000,0.0000,3.4,nan
1191,1.81e-04,1.1030,0.0000,0.0000,0.0000,0.0000,3.3,nan
1192,1.80e-04,0.7894,0.0000,0.0000,0.0000,0.0000,3.3,nan
1193,1.80e-04,0.9763,0.0000,0.0000,0.0000,0.0000,3.4,nan
1194,1.79e-04,0.8082,0.0000,0.0000,0.0000,0.0000,3.4,nan
1195,1.79e-04,1.1169,0.0000,0.0000,0.0000,0.0000,3.4,nan
1196,1.79e-04,0.8892,0.0000,0.0000,0.0000,0.0000,3.3,nan
1197,1.78e-04,1.2258,0.0000,0.0000,0.0000,0.0000,3.4,nan
1198,1.78e-04,1.0536,0.0000,0.0000,0.0000,0.0000,3.4,nan
1199,1.78e-04,1.2401,0.0000,0.0000,0.0000,0.0000,3.4,nan
1200,1.77e-04,1.0089,0.0000,0.0000,0.0000,0.0000,5.2,0.5869
1201,1.77e-04,1.0039,0.0000,0.0000,0.0000,0.0000,3.4,nan
1202,1.76e-04,1.0563,0.0000,0.0000,0.0000,0.0000,3.5,nan
1203,1.76e-04,0.9995,0.0000,0.0000,0.0000,0.0000,3.3,nan
1204,1.76e-04,1.2451,0.0000,0.0000,0.0000,0.0000,3.4,nan
1205,1.75e-04,1.1021,0.0000,0.0000,0.0000,0.0000,3.6,nan
1206,1.75e-04,1.2736,0.0000,0.0000,0.0000,0.0000,3.4,nan
1207,1.75e-04,1.1723,0.0000,0.0000,0.0000,0.0000,3.4,nan
1208,1.74e-04,0.9315,0.0000,0.0000,0.0000,0.0000,3.2,nan
1209,1.74e-04,1.0830,0.0000,0.0000,0.0000,0.0000,3.4,nan
1210,1.73e-04,1.0678,0.0000,0.0000,0.0000,0.0000,3.3,nan
1211,1.73e-04,1.2196,0.0000,0.0000,0.0000,0.0000,3.4,nan
1212,1.73e-04,1.1099,0.0000,0.0000,0.0000,0.0000,3.5,nan
1213,1.72e-04,0.9588,0.0000,0.0000,0.0000,0.0000,3.4,nan
1214,1.72e-04,0.9154,0.0000,0.0000,0.0000,0.0000,3.5,nan
1215,1.72e-04,1.0074,0.0000,0.0000,0.0000,0.0000,3.4,nan
1216,1.71e-04,1.0759,0.0000,0.0000,0.0000,0.0000,3.4,nan
1217,1.71e-04,1.2018,0.0000,0.0000,0.0000,0.0000,3.4,nan
1218,1.71e-04,0.9427,0.0000,0.0000,0.0000,0.0000,3.3,nan
1219,1.70e-04,1.0235,0.0000,0.0000,0.0000,0.0000,3.5,nan
1220,1.70e-04,1.1425,0.0000,0.0000,0.0000,0.0000,5.1,0.6059
1221,1.69e-04,0.8638,0.0000,0.0000,0.0000,0.0000,3.4,nan
1222,1.69e-04,1.0098,0.0000,0.0000,0.0000,0.0000,3.5,nan
1223,1.69e-04,0.9235,0.0000,0.0000,0.0000,0.0000,3.4,nan
1224,1.68e-04,1.1044,0.0000,0.0000,0.0000,0.0000,3.4,nan
1225,1.68e-04,0.9223,0.0000,0.0000,0.0000,0.0000,3.5,nan
1226,1.68e-04,1.1950,0.0000,0.0000,0.0000,0.0000,3.4,nan
1227,1.67e-04,1.0008,0.0000,0.0000,0.0000,0.0000,3.5,nan
1228,1.67e-04,0.9407,0.0000,0.0000,0.0000,0.0000,3.4,nan
1229,1.66e-04,1.2067,0.0000,0.0000,0.0000,0.0000,3.4,nan
1230,1.66e-04,1.0233,0.0000,0.0000,0.0000,0.0000,3.4,nan
1231,1.66e-04,1.1070,0.0000,0.0000,0.0000,0.0000,3.4,nan
1232,1.65e-04,1.0684,0.0000,0.0000,0.0000,0.0000,3.5,nan
1233,1.65e-04,0.9692,0.0000,0.0000,0.0000,0.0000,3.5,nan
1234,1.65e-04,1.0394,0.0000,0.0000,0.0000,0.0000,4.4,nan
1235,1.64e-04,1.0469,0.0000,0.0000,0.0000,0.0000,3.8,nan
1236,1.64e-04,0.9579,0.0000,0.0000,0.0000,0.0000,3.7,nan
1237,1.64e-04,1.0374,0.0000,0.0000,0.0000,0.0000,3.7,nan
1238,1.63e-04,1.1310,0.0000,0.0000,0.0000,0.0000,4.1,nan
1239,1.63e-04,1.0182,0.0000,0.0000,0.0000,0.0000,3.9,nan
1240,1.62e-04,1.1659,0.0000,0.0000,0.0000,0.0000,6.0,0.5869
1241,1.62e-04,1.0272,0.0000,0.0000,0.0000,0.0000,3.9,nan
1242,1.62e-04,1.1628,0.0000,0.0000,0.0000,0.0000,3.9,nan
1243,1.61e-04,0.9063,0.0000,0.0000,0.0000,0.0000,3.5,nan
1244,1.61e-04,0.8267,0.0000,0.0000,0.0000,0.0000,3.5,nan
1245,1.61e-04,1.1073,0.0000,0.0000,0.0000,0.0000,3.5,nan
1246,1.60e-04,1.0860,0.0000,0.0000,0.0000,0.0000,3.5,nan
1247,1.60e-04,0.9403,0.0000,0.0000,0.0000,0.0000,3.5,nan
1248,1.60e-04,1.3530,0.0000,0.0000,0.0000,0.0000,3.5,nan
1249,1.59e-04,0.8315,0.0000,0.0000,0.0000,0.0000,3.5,nan
1250,1.59e-04,1.1732,0.0000,0.0000,0.0000,0.0000,3.5,nan
1251,1.58e-04,0.9832,0.0000,0.0000,0.0000,0.0000,3.6,nan
1252,1.58e-04,0.9679,0.0000,0.0000,0.0000,0.0000,3.8,nan
1253,1.58e-04,1.0989,0.0000,0.0000,0.0000,0.0000,3.6,nan
1254,1.57e-04,0.9909,0.0000,0.0000,0.0000,0.0000,3.5,nan
1255,1.57e-04,1.0897,0.0000,0.0000,0.0000,0.0000,3.5,nan
1256,1.57e-04,1.0636,0.0000,0.0000,0.0000,0.0000,3.5,nan
1257,1.56e-04,1.0500,0.0000,0.0000,0.0000,0.0000,3.5,nan
1258,1.56e-04,1.1360,0.0000,0.0000,0.0000,0.0000,3.4,nan
1259,1.56e-04,0.9189,0.0000,0.0000,0.0000,0.0000,3.5,nan
1260,1.55e-04,1.0669,0.0000,0.0000,0.0000,0.0000,5.5,0.5996
1261,1.55e-04,0.9585,0.0000,0.0000,0.0000,0.0000,3.6,nan
1262,1.54e-04,1.1600,0.0000,0.0000,0.0000,0.0000,3.5,nan
1263,1.54e-04,0.9505,0.0000,0.0000,0.0000,0.0000,4.1,nan
1264,1.54e-04,0.8416,0.0000,0.0000,0.0000,0.0000,3.8,nan
1265,1.53e-04,0.9364,0.0000,0.0000,0.0000,0.0000,3.6,nan
1266,1.53e-04,1.2436,0.0000,0.0000,0.0000,0.0000,3.5,nan
1267,1.53e-04,1.0990,0.0000,0.0000,0.0000,0.0000,3.7,nan
1268,1.52e-04,1.0563,0.0000,0.0000,0.0000,0.0000,3.5,nan
1269,1.52e-04,1.0262,0.0000,0.0000,0.0000,0.0000,3.5,nan
1270,1.52e-04,1.0621,0.0000,0.0000,0.0000,0.0000,3.6,nan
1271,1.51e-04,0.9897,0.0000,0.0000,0.0000,0.0000,3.6,nan
1272,1.51e-04,1.1581,0.0000,0.0000,0.0000,0.0000,3.7,nan
1273,1.51e-04,0.9714,0.0000,0.0000,0.0000,0.0000,3.5,nan
1274,1.50e-04,1.1236,0.0000,0.0000,0.0000,0.0000,3.6,nan
1275,1.50e-04,0.8366,0.0000,0.0000,0.0000,0.0000,3.6,nan
1276,1.49e-04,1.1829,0.0000,0.0000,0.0000,0.0000,3.5,nan
1277,1.49e-04,0.9938,0.0000,0.0000,0.0000,0.0000,3.6,nan
1278,1.49e-04,0.8750,0.0000,0.0000,0.0000,0.0000,3.5,nan
1279,1.48e-04,0.8936,0.0000,0.0000,0.0000,0.0000,3.5,nan
1280,1.48e-04,0.9967,0.0000,0.0000,0.0000,0.0000,5.4,0.6208
1281,1.48e-04,0.8531,0.0000,0.0000,0.0000,0.0000,3.6,nan
1282,1.47e-04,0.8352,0.0000,0.0000,0.0000,0.0000,3.5,nan
1283,1.47e-04,1.1311,0.0000,0.0000,0.0000,0.0000,3.5,nan
1284,1.47e-04,1.1927,0.0000,0.0000,0.0000,0.0000,3.5,nan
1285,1.46e-04,1.1477,0.0000,0.0000,0.0000,0.0000,3.5,nan
1286,1.46e-04,1.0488,0.0000,0.0000,0.0000,0.0000,3.5,nan
1287,1.46e-04,0.8087,0.0000,0.0000,0.0000,0.0000,3.6,nan
1288,1.45e-04,1.1483,0.0000,0.0000,0.0000,0.0000,3.5,nan
1289,1.45e-04,0.8705,0.0000,0.0000,0.0000,0.0000,3.6,nan
1290,1.45e-04,1.1576,0.0000,0.0000,0.0000,0.0000,3.5,nan
1291,1.44e-04,0.9341,0.0000,0.0000,0.0000,0.0000,3.5,nan
1292,1.44e-04,1.0036,0.0000,0.0000,0.0000,0.0000,3.6,nan
1293,1.43e-04,1.3445,0.0000,0.0000,0.0000,0.0000,3.4,nan
1294,1.43e-04,1.1756,0.0000,0.0000,0.0000,0.0000,3.4,nan
1295,1.43e-04,0.9737,0.0000,0.0000,0.0000,0.0000,3.5,nan
1296,1.42e-04,1.0393,0.0000,0.0000,0.0000,0.0000,3.5,nan
1297,1.42e-04,0.9626,0.0000,0.0000,0.0000,0.0000,3.5,nan
1298,1.42e-04,1.2249,0.0000,0.0000,0.0000,0.0000,3.4,nan
1299,1.41e-04,1.1649,0.0000,0.0000,0.0000,0.0000,3.5,nan
1300,1.41e-04,0.9131,0.0000,0.0000,0.0000,0.0000,5.2,0.6059
1301,1.41e-04,1.1648,0.0000,0.0000,0.0000,0.0000,3.6,nan
1302,1.40e-04,0.9603,0.0000,0.0000,0.0000,0.0000,3.5,nan
1303,1.40e-04,1.1881,0.0000,0.0000,0.0000,0.0000,3.6,nan
1304,1.40e-04,1.0466,0.0000,0.0000,0.0000,0.0000,3.5,nan
1305,1.39e-04,1.3592,0.0000,0.0000,0.0000,0.0000,3.6,nan
1306,1.39e-04,1.1551,0.0000,0.0000,0.0000,0.0000,3.5,nan
1307,1.39e-04,1.0786,0.0000,0.0000,0.0000,0.0000,3.5,nan
1308,1.38e-04,1.1974,0.0000,0.0000,0.0000,0.0000,3.5,nan
1309,1.38e-04,1.1048,0.0000,0.0000,0.0000,0.0000,3.6,nan
1310,1.38e-04,1.1235,0.0000,0.0000,0.0000,0.0000,3.6,nan
1311,1.37e-04,0.9982,0.0000,0.0000,0.0000,0.0000,3.5,nan
1312,1.37e-04,0.9671,0.0000,0.0000,0.0000,0.0000,3.5,nan
1313,1.37e-04,1.0451,0.0000,0.0000,0.0000,0.0000,3.5,nan
1314,1.36e-04,1.0592,0.0000,0.0000,0.0000,0.0000,3.6,nan
1315,1.36e-04,0.9862,0.0000,0.0000,0.0000,0.0000,3.5,nan
1316,1.35e-04,1.0903,0.0000,0.0000,0.0000,0.0000,3.4,nan
1317,1.35e-04,1.0584,0.0000,0.0000,0.0000,0.0000,3.5,nan
1318,1.35e-04,1.1160,0.0000,0.0000,0.0000,0.0000,3.5,nan
1319,1.34e-04,1.0460,0.0000,0.0000,0.0000,0.0000,3.5,nan
1320,1.34e-04,1.1448,0.0000,0.0000,0.0000,0.0000,5.3,0.6398
1321,1.34e-04,1.0746,0.0000,0.0000,0.0000,0.0000,3.5,nan
1322,1.33e-04,0.9097,0.0000,0.0000,0.0000,0.0000,3.6,nan
1323,1.33e-04,1.0351,0.0000,0.0000,0.0000,0.0000,3.5,nan
1324,1.33e-04,1.1625,0.0000,0.0000,0.0000,0.0000,3.5,nan
1325,1.32e-04,0.9449,0.0000,0.0000,0.0000,0.0000,3.5,nan
1326,1.32e-04,0.9201,0.0000,0.0000,0.0000,0.0000,3.5,nan
1327,1.32e-04,0.8875,0.0000,0.0000,0.0000,0.0000,3.5,nan
1328,1.31e-04,0.9260,0.0000,0.0000,0.0000,0.0000,3.5,nan
1329,1.31e-04,1.0512,0.0000,0.0000,0.0000,0.0000,3.5,nan
1330,1.31e-04,0.9504,0.0000,0.0000,0.0000,0.0000,3.5,nan
1331,1.30e-04,1.1633,0.0000,0.0000,0.0000,0.0000,3.4,nan
1332,1.30e-04,1.0260,0.0000,0.0000,0.0000,0.0000,3.4,nan
1333,1.30e-04,1.0995,0.0000,0.0000,0.0000,0.0000,3.5,nan
1334,1.29e-04,1.0260,0.0000,0.0000,0.0000,0.0000,3.5,nan
1335,1.29e-04,1.0956,0.0000,0.0000,0.0000,0.0000,3.4,nan
1336,1.29e-04,1.0378,0.0000,0.0000,0.0000,0.0000,3.5,nan
1337,1.28e-04,0.9391,0.0000,0.0000,0.0000,0.0000,3.5,nan
1338,1.28e-04,0.8416,0.0000,0.0000,0.0000,0.0000,3.5,nan
1339,1.28e-04,0.9755,0.0000,0.0000,0.0000,0.0000,3.6,nan
1340,1.27e-04,1.0677,0.0000,0.0000,0.0000,0.0000,5.1,0.6102
1341,1.27e-04,1.0527,0.0000,0.0000,0.0000,0.0000,3.5,nan
1342,1.27e-04,1.2044,0.0000,0.0000,0.0000,0.0000,3.4,nan
1343,1.26e-04,1.1262,0.0000,0.0000,0.0000,0.0000,3.6,nan
1344,1.26e-04,0.9196,0.0000,0.0000,0.0000,0.0000,3.5,nan
1345,1.26e-04,0.9361,0.0000,0.0000,0.0000,0.0000,3.5,nan
1346,1.25e-04,1.0995,0.0000,0.0000,0.0000,0.0000,3.5,nan
1347,1.25e-04,0.9128,0.0000,0.0000,0.0000,0.0000,3.6,nan
1348,1.25e-04,1.1238,0.0000,0.0000,0.0000,0.0000,3.6,nan
1349,1.24e-04,1.0781,0.0000,0.0000,0.0000,0.0000,3.7,nan
1350,1.24e-04,0.9998,0.0000,0.0000,0.0000,0.0000,3.6,nan
1351,1.24e-04,1.1748,0.0000,0.0000,0.0000,0.0000,3.4,nan
1352,1.23e-04,1.0627,0.0000,0.0000,0.0000,0.0000,3.5,nan
1353,1.23e-04,1.0858,0.0000,0.0000,0.0000,0.0000,3.5,nan
1354,1.23e-04,1.1057,0.0000,0.0000,0.0000,0.0000,3.6,nan
1355,1.22e-04,0.8235,0.0000,0.0000,0.0000,0.0000,3.4,nan
1356,1.22e-04,1.0842,0.0000,0.0000,0.0000,0.0000,3.5,nan
1357,1.22e-04,0.7851,0.0000,0.0000,0.0000,0.0000,3.4,nan
1358,1.21e-04,1.0599,0.0000,0.0000,0.0000,0.0000,3.5,nan
1359,1.21e-04,0.7317,0.0000,0.0000,0.0000,0.0000,3.4,nan
1360,1.21e-04,1.0290,0.0000,0.0000,0.0000,0.0000,5.4,0.6314
1361,1.20e-04,1.0426,0.0000,0.0000,0.0000,0.0000,3.4,nan
1362,1.20e-04,1.1163,0.0000,0.0000,0.0000,0.0000,3.5,nan
1363,1.20e-04,0.9826,0.0000,0.0000,0.0000,0.0000,3.4,nan
1364,1.19e-04,1.0966,0.0000,0.0000,0.0000,0.0000,3.6,nan
1365,1.19e-04,0.9598,0.0000,0.0000,0.0000,0.0000,3.5,nan
1366,1.19e-04,1.1141,0.0000,0.0000,0.0000,0.0000,3.5,nan
1367,1.18e-04,0.8845,0.0000,0.0000,0.0000,0.0000,3.5,nan
1368,1.18e-04,0.8614,0.0000,0.0000,0.0000,0.0000,3.5,nan
1369,1.18e-04,1.0536,0.0000,0.0000,0.0000,0.0000,3.5,nan
1370,1.17e-04,1.0967,0.0000,0.0000,0.0000,0.0000,3.4,nan
1371,1.17e-04,1.0046,0.0000,0.0000,0.0000,0.0000,3.7,nan
1372,1.17e-04,1.0926,0.0000,0.0000,0.0000,0.0000,3.5,nan
1373,1.16e-04,1.0494,0.0000,0.0000,0.0000,0.0000,3.5,nan
1374,1.16e-04,1.2877,0.0000,0.0000,0.0000,0.0000,3.4,nan
1375,1.16e-04,1.0835,0.0000,0.0000,0.0000,0.0000,3.5,nan
1376,1.15e-04,1.0015,0.0000,0.0000,0.0000,0.0000,3.4,nan
1377,1.15e-04,1.1297,0.0000,0.0000,0.0000,0.0000,3.5,nan
1378,1.15e-04,1.1982,0.0000,0.0000,0.0000,0.0000,3.5,nan
1379,1.14e-04,0.9947,0.0000,0.0000,0.0000,0.0000,3.5,nan
1380,1.14e-04,0.9915,0.0000,0.0000,0.0000,0.0000,5.3,0.5911
1381,1.14e-04,1.1304,0.0000,0.0000,0.0000,0.0000,3.5,nan
1382,1.13e-04,1.0054,0.0000,0.0000,0.0000,0.0000,3.5,nan
1383,1.13e-04,0.9840,0.0000,0.0000,0.0000,0.0000,3.6,nan
1384,1.13e-04,1.2175,0.0000,0.0000,0.0000,0.0000,3.4,nan
1385,1.12e-04,1.0255,0.0000,0.0000,0.0000,0.0000,3.5,nan
1386,1.12e-04,1.0699,0.0000,0.0000,0.0000,0.0000,3.6,nan
1387,1.12e-04,1.1383,0.0000,0.0000,0.0000,0.0000,3.6,nan
1388,1.12e-04,0.9633,0.0000,0.0000,0.0000,0.0000,3.6,nan
1389,1.11e-04,0.8856,0.0000,0.0000,0.0000,0.0000,3.6,nan
1390,1.11e-04,1.0958,0.0000,0.0000,0.0000,0.0000,3.5,nan
1391,1.11e-04,0.9243,0.0000,0.0000,0.0000,0.0000,3.5,nan
1392,1.10e-04,1.0730,0.0000,0.0000,0.0000,0.0000,3.6,nan
1393,1.10e-04,0.9625,0.0000,0.0000,0.0000,0.0000,3.4,nan
1394,1.10e-04,1.2068,0.0000,0.0000,0.0000,0.0000,3.5,nan
1395,1.09e-04,1.0198,0.0000,0.0000,0.0000,0.0000,3.5,nan
1396,1.09e-04,1.2113,0.0000,0.0000,0.0000,0.0000,3.5,nan
1397,1.09e-04,0.9816,0.0000,0.0000,0.0000,0.0000,3.5,nan
1398,1.08e-04,0.8401,0.0000,0.0000,0.0000,0.0000,3.5,nan
1399,1.08e-04,1.0758,0.0000,0.0000,0.0000,0.0000,3.5,nan
1400,1.08e-04,1.1106,0.0000,0.0000,0.0000,0.0000,5.4,0.6271
1401,1.07e-04,1.1176,0.0000,0.0000,0.0000,0.0000,3.8,nan
1402,1.07e-04,0.9912,0.0000,0.0000,0.0000,0.0000,3.9,nan
1403,1.07e-04,1.1732,0.0000,0.0000,0.0000,0.0000,3.6,nan
1404,1.06e-04,0.9789,0.0000,0.0000,0.0000,0.0000,3.6,nan
1405,1.06e-04,0.9993,0.0000,0.0000,0.0000,0.0000,3.5,nan
1406,1.06e-04,0.9741,0.0000,0.0000,0.0000,0.0000,3.4,nan
1407,1.05e-04,1.0433,0.0000,0.0000,0.0000,0.0000,3.6,nan
1408,1.05e-04,0.9698,0.0000,0.0000,0.0000,0.0000,3.5,nan
1409,1.05e-04,1.2784,0.0000,0.0000,0.0000,0.0000,3.5,nan
1410,1.05e-04,1.1778,0.0000,0.0000,0.0000,0.0000,3.5,nan
1411,1.04e-04,0.9530,0.0000,0.0000,0.0000,0.0000,3.6,nan
1412,1.04e-04,1.1340,0.0000,0.0000,0.0000,0.0000,3.5,nan
1413,1.04e-04,1.1412,0.0000,0.0000,0.0000,0.0000,3.5,nan
1414,1.03e-04,0.8097,0.0000,0.0000,0.0000,0.0000,3.6,nan
1415,1.03e-04,1.1012,0.0000,0.0000,0.0000,0.0000,3.5,nan
1416,1.03e-04,1.0128,0.0000,0.0000,0.0000,0.0000,3.5,nan
1417,1.02e-04,0.7602,0.0000,0.0000,0.0000,0.0000,3.6,nan
1418,1.02e-04,1.0116,0.0000,0.0000,0.0000,0.0000,3.5,nan
1419,1.02e-04,1.0863,0.0000,0.0000,0.0000,0.0000,3.5,nan
1420,1.01e-04,1.0594,0.0000,0.0000,0.0000,0.0000,5.4,0.5953
1421,1.01e-04,1.1131,0.0000,0.0000,0.0000,0.0000,3.6,nan
1422,1.01e-04,0.8769,0.0000,0.0000,0.0000,0.0000,3.5,nan
1423,1.00e-04,1.1586,0.0000,0.0000,0.0000,0.0000,3.5,nan
1424,1.00e-04,0.8213,0.0000,0.0000,0.0000,0.0000,3.6,nan
1425,9.99e-05,1.1170,0.0000,0.0000,0.0000,0.0000,3.6,nan
1426,9.96e-05,1.1722,0.0000,0.0000,0.0000,0.0000,3.5,nan
1427,9.93e-05,0.9172,0.0000,0.0000,0.0000,0.0000,3.4,nan
1428,9.90e-05,1.0884,0.0000,0.0000,0.0000,0.0000,3.5,nan
1429,9.87e-05,1.1130,0.0000,0.0000,0.0000,0.0000,3.5,nan
1430,9.83e-05,1.0158,0.0000,0.0000,0.0000,0.0000,3.6,nan
1431,9.80e-05,1.1056,0.0000,0.0000,0.0000,0.0000,3.5,nan
1432,9.77e-05,0.9989,0.0000,0.0000,0.0000,0.0000,3.6,nan
1433,9.74e-05,1.1175,0.0000,0.0000,0.0000,0.0000,4.1,nan
1434,9.71e-05,1.1644,0.0000,0.0000,0.0000,0.0000,4.1,nan
1435,9.68e-05,1.0119,0.0000,0.0000,0.0000,0.0000,4.1,nan
1436,9.65e-05,1.0083,0.0000,0.0000,0.0000,0.0000,3.6,nan
1437,9.62e-05,0.7211,0.0000,0.0000,0.0000,0.0000,3.5,nan
1438,9.59e-05,0.8503,0.0000,0.0000,0.0000,0.0000,3.5,nan
1439,9.56e-05,0.9395,0.0000,0.0000,0.0000,0.0000,3.6,nan
1440,9.53e-05,0.9247,0.0000,0.0000,0.0000,0.0000,5.1,0.6186
1441,9.50e-05,1.2358,0.0000,0.0000,0.0000,0.0000,3.5,nan
1442,9.47e-05,0.8353,0.0000,0.0000,0.0000,0.0000,3.4,nan
1443,9.44e-05,0.9949,0.0000,0.0000,0.0000,0.0000,3.4,nan
1444,9.41e-05,1.0297,0.0000,0.0000,0.0000,0.0000,3.5,nan
1445,9.38e-05,0.9879,0.0000,0.0000,0.0000,0.0000,3.5,nan
1446,9.35e-05,1.1049,0.0000,0.0000,0.0000,0.0000,3.5,nan
1447,9.32e-05,1.0793,0.0000,0.0000,0.0000,0.0000,3.9,nan
1448,9.29e-05,1.0823,0.0000,0.0000,0.0000,0.0000,3.5,nan
1449,9.26e-05,1.0542,0.0000,0.0000,0.0000,0.0000,3.5,nan
1450,9.23e-05,0.8686,0.0000,0.0000,0.0000,0.0000,3.5,nan
1451,9.20e-05,1.1094,0.0000,0.0000,0.0000,0.0000,3.6,nan
1452,9.17e-05,0.8241,0.0000,0.0000,0.0000,0.0000,3.6,nan
1453,9.14e-05,1.1126,0.0000,0.0000,0.0000,0.0000,3.4,nan
1454,9.11e-05,1.1430,0.0000,0.0000,0.0000,0.0000,3.6,nan
1455,9.08e-05,0.8310,0.0000,0.0000,0.0000,0.0000,3.5,nan
1456,9.05e-05,0.8587,0.0000,0.0000,0.0000,0.0000,3.4,nan
1457,9.02e-05,1.0873,0.0000,0.0000,0.0000,0.0000,3.5,nan
1458,8.99e-05,0.7955,0.0000,0.0000,0.0000,0.0000,3.5,nan
1459,8.96e-05,0.9747,0.0000,0.0000,0.0000,0.0000,3.5,nan
1460,8.94e-05,0.9315,0.0000,0.0000,0.0000,0.0000,5.5,0.6250
1461,8.91e-05,1.0646,0.0000,0.0000,0.0000,0.0000,3.5,nan
1462,8.88e-05,1.0721,0.0000,0.0000,0.0000,0.0000,3.6,nan
1463,8.85e-05,1.0204,0.0000,0.0000,0.0000,0.0000,3.5,nan
1464,8.82e-05,0.9579,0.0000,0.0000,0.0000,0.0000,3.5,nan
1465,8.79e-05,0.9812,0.0000,0.0000,0.0000,0.0000,3.6,nan
1466,8.76e-05,1.0547,0.0000,0.0000,0.0000,0.0000,3.4,nan
1467,8.73e-05,1.0284,0.0000,0.0000,0.0000,0.0000,3.5,nan
1468,8.70e-05,0.9470,0.0000,0.0000,0.0000,0.0000,3.7,nan
1469,8.67e-05,0.9938,0.0000,0.0000,0.0000,0.0000,3.5,nan
1470,8.64e-05,1.0582,0.0000,0.0000,0.0000,0.0000,3.6,nan
1471,8.61e-05,1.0814,0.0000,0.0000,0.0000,0.0000,3.6,nan
1472,8.59e-05,0.8823,0.0000,0.0000,0.0000,0.0000,3.5,nan
1473,8.56e-05,0.9857,0.0000,0.0000,0.0000,0.0000,3.5,nan
1474,8.53e-05,1.2363,0.0000,0.0000,0.0000,0.0000,3.7,nan
1475,8.50e-05,0.7664,0.0000,0.0000,0.0000,0.0000,3.5,nan
1476,8.47e-05,0.9501,0.0000,0.0000,0.0000,0.0000,3.4,nan
1477,8.44e-05,0.8943,0.0000,0.0000,0.0000,0.0000,3.5,nan
1478,8.41e-05,1.1499,0.0000,0.0000,0.0000,0.0000,3.5,nan
1479,8.38e-05,0.8562,0.0000,0.0000,0.0000,0.0000,3.5,nan
1480,8.36e-05,0.8838,0.0000,0.0000,0.0000,0.0000,5.2,0.6102
1481,8.33e-05,0.9503,0.0000,0.0000,0.0000,0.0000,3.5,nan
1482,8.30e-05,0.9566,0.0000,0.0000,0.0000,0.0000,3.5,nan
1483,8.27e-05,1.1189,0.0000,0.0000,0.0000,0.0000,3.5,nan
1484,8.24e-05,0.9007,0.0000,0.0000,0.0000,0.0000,3.4,nan
1485,8.21e-05,1.0728,0.0000,0.0000,0.0000,0.0000,3.5,nan
1486,8.19e-05,1.2040,0.0000,0.0000,0.0000,0.0000,3.5,nan
1487,8.16e-05,0.9714,0.0000,0.0000,0.0000,0.0000,3.5,nan
1488,8.13e-05,1.1334,0.0000,0.0000,0.0000,0.0000,3.4,nan
1489,8.10e-05,0.9237,0.0000,0.0000,0.0000,0.0000,3.6,nan
1490,8.07e-05,0.9535,0.0000,0.0000,0.0000,0.0000,3.5,nan
1491,8.04e-05,1.1652,0.0000,0.0000,0.0000,0.0000,3.5,nan
1492,8.02e-05,0.7571,0.0000,0.0000,0.0000,0.0000,3.4,nan
1493,7.99e-05,0.9645,0.0000,0.0000,0.0000,0.0000,3.6,nan
1494,7.96e-05,1.0561,0.0000,0.0000,0.0000,0.0000,3.5,nan
1495,7.93e-05,1.0066,0.0000,0.0000,0.0000,0.0000,3.4,nan
1496,7.90e-05,1.0708,0.0000,0.0000,0.0000,0.0000,3.6,nan
1497,7.88e-05,1.0727,0.0000,0.0000,0.0000,0.0000,3.5,nan
1498,7.85e-05,1.0288,0.0000,0.0000,0.0000,0.0000,3.4,nan
1499,7.82e-05,0.7667,0.0000,0.0000,0.0000,0.0000,3.5,nan
1500,7.79e-05,1.0836,0.0000,0.0000,0.0000,0.0000,5.3,0.6123
1501,7.77e-05,1.0169,0.0000,0.0000,0.0000,0.0000,3.5,nan
1502,7.74e-05,1.0157,0.0000,0.0000,0.0000,0.0000,3.5,nan
1503,7.71e-05,0.8159,0.0000,0.0000,0.0000,0.0000,3.6,nan
1504,7.68e-05,1.0156,0.0000,0.0000,0.0000,0.0000,3.5,nan
1505,7.66e-05,1.1668,0.0000,0.0000,0.0000,0.0000,3.4,nan
1506,7.63e-05,0.9424,0.0000,0.0000,0.0000,0.0000,3.6,nan
1507,7.60e-05,0.9886,0.0000,0.0000,0.0000,0.0000,3.5,nan
1508,7.57e-05,1.0452,0.0000,0.0000,0.0000,0.0000,3.4,nan
1509,7.55e-05,0.8275,0.0000,0.0000,0.0000,0.0000,3.5,nan
1510,7.52e-05,1.0814,0.0000,0.0000,0.0000,0.0000,3.6,nan
1511,7.49e-05,0.9564,0.0000,0.0000,0.0000,0.0000,3.4,nan
1512,7.46e-05,0.9943,0.0000,0.0000,0.0000,0.0000,3.5,nan
1513,7.44e-05,1.0353,0.0000,0.0000,0.0000,0.0000,3.6,nan
1514,7.41e-05,1.0904,0.0000,0.0000,0.0000,0.0000,3.5,nan
1515,7.38e-05,0.9420,0.0000,0.0000,0.0000,0.0000,4.0,nan
1516,7.36e-05,0.9753,0.0000,0.0000,0.0000,0.0000,4.4,nan
1517,7.33e-05,0.9051,0.0000,0.0000,0.0000,0.0000,4.1,nan
1518,7.30e-05,1.0545,0.0000,0.0000,0.0000,0.0000,3.6,nan
1519,7.28e-05,1.0203,0.0000,0.0000,0.0000,0.0000,3.5,nan
1520,7.25e-05,0.9064,0.0000,0.0000,0.0000,0.0000,5.3,0.6102
1521,7.22e-05,0.7257,0.0000,0.0000,0.0000,0.0000,3.5,nan
1522,7.19e-05,0.8811,0.0000,0.0000,0.0000,0.0000,3.5,nan
1523,7.17e-05,1.1019,0.0000,0.0000,0.0000,0.0000,3.5,nan
1524,7.14e-05,0.8307,0.0000,0.0000,0.0000,0.0000,3.5,nan
1525,7.11e-05,1.0046,0.0000,0.0000,0.0000,0.0000,3.4,nan
1526,7.09e-05,0.9090,0.0000,0.0000,0.0000,0.0000,3.3,nan
1527,7.06e-05,0.8961,0.0000,0.0000,0.0000,0.0000,3.1,nan
1528,7.04e-05,1.1233,0.0000,0.0000,0.0000,0.0000,3.1,nan
1529,7.01e-05,0.9606,0.0000,0.0000,0.0000,0.0000,3.1,nan
1530,6.98e-05,1.0767,0.0000,0.0000,0.0000,0.0000,3.0,nan
1531,6.96e-05,0.8905,0.0000,0.0000,0.0000,0.0000,3.1,nan
1532,6.93e-05,0.8930,0.0000,0.0000,0.0000,0.0000,3.1,nan
1533,6.90e-05,1.0573,0.0000,0.0000,0.0000,0.0000,3.0,nan
1534,6.88e-05,1.0109,0.0000,0.0000,0.0000,0.0000,3.2,nan
1535,6.85e-05,0.9333,0.0000,0.0000,0.0000,0.0000,3.2,nan
1536,6.82e-05,0.9951,0.0000,0.0000,0.0000,0.0000,3.1,nan
1537,6.80e-05,0.8538,0.0000,0.0000,0.0000,0.0000,3.0,nan
1538,6.77e-05,0.8898,0.0000,0.0000,0.0000,0.0000,3.0,nan
1539,6.75e-05,1.0209,0.0000,0.0000,0.0000,0.0000,3.1,nan
1540,6.72e-05,1.1629,0.0000,0.0000,0.0000,0.0000,4.8,0.6017
1541,6.70e-05,0.9352,0.0000,0.0000,0.0000,0.0000,3.0,nan
1542,6.67e-05,0.8799,0.0000,0.0000,0.0000,0.0000,3.1,nan
1543,6.64e-05,0.8974,0.0000,0.0000,0.0000,0.0000,3.0,nan
1544,6.62e-05,0.8536,0.0000,0.0000,0.0000,0.0000,3.1,nan
1545,6.59e-05,0.9953,0.0000,0.0000,0.0000,0.0000,3.1,nan
1546,6.57e-05,0.7039,0.0000,0.0000,0.0000,0.0000,3.1,nan
1547,6.54e-05,1.0214,0.0000,0.0000,0.0000,0.0000,3.1,nan
1548,6.52e-05,0.9005,0.0000,0.0000,0.0000,0.0000,3.1,nan
1549,6.49e-05,0.9368,0.0000,0.0000,0.0000,0.0000,2.9,nan
1550,6.46e-05,0.9574,0.0000,0.0000,0.0000,0.0000,3.0,nan
1551,6.44e-05,1.0276,0.0000,0.0000,0.0000,0.0000,3.0,nan
1552,6.41e-05,0.8221,0.0000,0.0000,0.0000,0.0000,3.0,nan
1553,6.39e-05,1.1712,0.0000,0.0000,0.0000,0.0000,3.1,nan
1554,6.36e-05,1.0043,0.0000,0.0000,0.0000,0.0000,3.1,nan
1555,6.34e-05,0.9258,0.0000,0.0000,0.0000,0.0000,3.2,nan
1556,6.31e-05,0.8244,0.0000,0.0000,0.0000,0.0000,3.2,nan
1557,6.29e-05,0.9524,0.0000,0.0000,0.0000,0.0000,3.0,nan
1558,6.26e-05,0.8072,0.0000,0.0000,0.0000,0.0000,3.1,nan
1559,6.24e-05,1.2527,0.0000,0.0000,0.0000,0.0000,3.0,nan
1560,6.21e-05,1.1478,0.0000,0.0000,0.0000,0.0000,4.6,0.6123
1561,6.19e-05,0.9012,0.0000,0.0000,0.0000,0.0000,3.1,nan
1562,6.16e-05,1.0804,0.0000,0.0000,0.0000,0.0000,3.0,nan
1563,6.14e-05,0.9847,0.0000,0.0000,0.0000,0.0000,3.0,nan
1564,6.11e-05,0.8310,0.0000,0.0000,0.0000,0.0000,3.0,nan
1565,6.09e-05,1.1532,0.0000,0.0000,0.0000,0.0000,3.1,nan
1566,6.06e-05,0.9697,0.0000,0.0000,0.0000,0.0000,3.1,nan
1567,6.04e-05,0.9742,0.0000,0.0000,0.0000,0.0000,3.1,nan
1568,6.01e-05,1.0534,0.0000,0.0000,0.0000,0.0000,3.1,nan
1569,5.99e-05,0.9843,0.0000,0.0000,0.0000,0.0000,3.1,nan
1570,5.96e-05,0.8640,0.0000,0.0000,0.0000,0.0000,3.1,nan
1571,5.94e-05,1.0234,0.0000,0.0000,0.0000,0.0000,3.1,nan
1572,5.92e-05,0.9019,0.0000,0.0000,0.0000,0.0000,3.0,nan
1573,5.89e-05,0.9322,0.0000,0.0000,0.0000,0.0000,3.2,nan
1574,5.87e-05,0.8506,0.0000,0.0000,0.0000,0.0000,3.1,nan
1575,5.84e-05,1.0997,0.0000,0.0000,0.0000,0.0000,3.1,nan
1576,5.82e-05,1.0691,0.0000,0.0000,0.0000,0.0000,3.1,nan
1577,5.79e-05,0.9022,0.0000,0.0000,0.0000,0.0000,3.1,nan
1578,5.77e-05,0.7267,0.0000,0.0000,0.0000,0.0000,3.1,nan
1579,5.75e-05,0.9305,0.0000,0.0000,0.0000,0.0000,3.1,nan
1580,5.72e-05,1.0884,0.0000,0.0000,0.0000,0.0000,4.9,0.6081
1581,5.70e-05,0.8832,0.0000,0.0000,0.0000,0.0000,3.2,nan
1582,5.67e-05,1.0270,0.0000,0.0000,0.0000,0.0000,3.1,nan
1583,5.65e-05,1.2075,0.0000,0.0000,0.0000,0.0000,3.1,nan
1584,5.63e-05,1.1375,0.0000,0.0000,0.0000,0.0000,3.1,nan
1585,5.60e-05,1.0704,0.0000,0.0000,0.0000,0.0000,3.3,nan
1586,5.58e-05,0.9019,0.0000,0.0000,0.0000,0.0000,3.1,nan
1587,5.56e-05,0.9065,0.0000,0.0000,0.0000,0.0000,3.1,nan
1588,5.53e-05,1.0347,0.0000,0.0000,0.0000,0.0000,3.0,nan
1589,5.51e-05,1.1706,0.0000,0.0000,0.0000,0.0000,3.1,nan
1590,5.48e-05,0.8375,0.0000,0.0000,0.0000,0.0000,3.0,nan
1591,5.46e-05,1.1150,0.0000,0.0000,0.0000,0.0000,3.1,nan
1592,5.44e-05,0.9878,0.0000,0.0000,0.0000,0.0000,3.0,nan
1593,5.41e-05,1.0290,0.0000,0.0000,0.0000,0.0000,3.1,nan
1594,5.39e-05,1.0294,0.0000,0.0000,0.0000,0.0000,3.1,nan
1595,5.37e-05,0.8931,0.0000,0.0000,0.0000,0.0000,3.2,nan
1596,5.34e-05,0.9715,0.0000,0.0000,0.0000,0.0000,3.1,nan
1597,5.32e-05,1.0444,0.0000,0.0000,0.0000,0.0000,3.1,nan
1598,5.30e-05,1.0227,0.0000,0.0000,0.0000,0.0000,3.1,nan
1599,5.28e-05,0.9824,0.0000,0.0000,0.0000,0.0000,3.1,nan
1600,5.25e-05,0.8556,0.0000,0.0000,0.0000,0.0000,4.7,0.6250
1601,5.23e-05,0.9677,0.0000,0.0000,0.0000,0.0000,3.2,nan
1602,5.21e-05,0.9109,0.0000,0.0000,0.0000,0.0000,3.0,nan
1603,5.18e-05,1.1652,0.0000,0.0000,0.0000,0.0000,3.0,nan
1604,5.16e-05,0.9009,0.0000,0.0000,0.0000,0.0000,3.1,nan
1605,5.14e-05,0.8668,0.0000,0.0000,0.0000,0.0000,3.1,nan
1606,5.11e-05,1.0045,0.0000,0.0000,0.0000,0.0000,3.1,nan
1607,5.09e-05,1.0534,0.0000,0.0000,0.0000,0.0000,3.0,nan
1608,5.07e-05,0.9548,0.0000,0.0000,0.0000,0.0000,3.1,nan
1609,5.05e-05,1.0556,0.0000,0.0000,0.0000,0.0000,3.3,nan
1610,5.02e-05,0.9930,0.0000,0.0000,0.0000,0.0000,3.0,nan
1611,5.00e-05,0.9612,0.0000,0.0000,0.0000,0.0000,3.0,nan
1612,4.98e-05,0.9278,0.0000,0.0000,0.0000,0.0000,3.2,nan
1613,4.96e-05,0.9490,0.0000,0.0000,0.0000,0.0000,3.1,nan
1614,4.93e-05,0.9270,0.0000,0.0000,0.0000,0.0000,3.1,nan
1615,4.91e-05,1.0083,0.0000,0.0000,0.0000,0.0000,3.0,nan
1616,4.89e-05,1.0063,0.0000,0.0000,0.0000,0.0000,3.1,nan
1617,4.87e-05,0.8577,0.0000,0.0000,0.0000,0.0000,3.1,nan
1618,4.85e-05,1.0444,0.0000,0.0000,0.0000,0.0000,3.1,nan
1619,4.82e-05,1.2706,0.0000,0.0000,0.0000,0.0000,3.1,nan
1620,4.80e-05,1.0875,0.0000,0.0000,0.0000,0.0000,4.9,0.5911
1621,4.78e-05,0.8774,0.0000,0.0000,0.0000,0.0000,3.0,nan
1622,4.76e-05,1.1457,0.0000,0.0000,0.0000,0.0000,3.0,nan
1623,4.74e-05,0.9750,0.0000,0.0000,0.0000,0.0000,3.6,nan
1624,4.71e-05,0.7220,0.0000,0.0000,0.0000,0.0000,4.3,nan
1625,4.69e-05,1.0377,0.0000,0.0000,0.0000,0.0000,3.5,nan
1626,4.67e-05,1.0526,0.0000,0.0000,0.0000,0.0000,3.3,nan
1627,4.65e-05,1.1953,0.0000,0.0000,0.0000,0.0000,3.8,nan
1628,4.63e-05,0.9468,0.0000,0.0000,0.0000,0.0000,4.2,nan
1629,4.61e-05,0.9298,0.0000,0.0000,0.0000,0.0000,4.0,nan
1630,4.58e-05,1.1064,0.0000,0.0000,0.0000,0.0000,4.0,nan
1631,4.56e-05,1.0014,0.0000,0.0000,0.0000,0.0000,4.0,nan
1632,4.54e-05,0.8917,0.0000,0.0000,0.0000,0.0000,3.3,nan
1633,4.52e-05,1.0638,0.0000,0.0000,0.0000,0.0000,3.1,nan
1634,4.50e-05,0.8254,0.0000,0.0000,0.0000,0.0000,3.2,nan
1635,4.48e-05,0.8080,0.0000,0.0000,0.0000,0.0000,3.2,nan
1636,4.46e-05,0.9405,0.0000,0.0000,0.0000,0.0000,3.2,nan
1637,4.43e-05,1.1875,0.0000,0.0000,0.0000,0.0000,4.4,nan
1638,4.41e-05,1.0404,0.0000,0.0000,0.0000,0.0000,4.3,nan
1639,4.39e-05,1.0423,0.0000,0.0000,0.0000,0.0000,4.2,nan
1640,4.37e-05,0.9375,0.0000,0.0000,0.0000,0.0000,5.5,0.6165
1641,4.35e-05,1.0874,0.0000,0.0000,0.0000,0.0000,4.2,nan
1642,4.33e-05,0.8981,0.0000,0.0000,0.0000,0.0000,3.8,nan
1643,4.31e-05,0.9369,0.0000,0.0000,0.0000,0.0000,3.2,nan
1644,4.29e-05,1.0634,0.0000,0.0000,0.0000,0.0000,3.2,nan
1645,4.27e-05,0.9930,0.0000,0.0000,0.0000,0.0000,3.3,nan
1646,4.25e-05,1.0078,0.0000,0.0000,0.0000,0.0000,3.5,nan
1647,4.23e-05,0.9384,0.0000,0.0000,0.0000,0.0000,3.5,nan
1648,4.21e-05,0.9134,0.0000,0.0000,0.0000,0.0000,3.5,nan
1649,4.19e-05,1.0095,0.0000,0.0000,0.0000,0.0000,3.4,nan
1650,4.16e-05,1.1154,0.0000,0.0000,0.0000,0.0000,3.4,nan
1651,4.14e-05,0.8727,0.0000,0.0000,0.0000,0.0000,3.3,nan
1652,4.12e-05,0.9201,0.0000,0.0000,0.0000,0.0000,3.1,nan
1653,4.10e-05,1.1559,0.0000,0.0000,0.0000,0.0000,3.2,nan
1654,4.08e-05,0.8120,0.0000,0.0000,0.0000,0.0000,3.3,nan
1655,4.06e-05,1.0549,0.0000,0.0000,0.0000,0.0000,3.3,nan
1656,4.04e-05,0.9638,0.0000,0.0000,0.0000,0.0000,3.2,nan
1657,4.02e-05,1.0716,0.0000,0.0000,0.0000,0.0000,3.2,nan
1658,4.00e-05,1.1516,0.0000,0.0000,0.0000,0.0000,3.2,nan
1659,3.98e-05,0.7996,0.0000,0.0000,0.0000,0.0000,3.2,nan
1660,3.96e-05,0.8037,0.0000,0.0000,0.0000,0.0000,4.8,0.6038
1661,3.94e-05,0.9114,0.0000,0.0000,0.0000,0.0000,3.2,nan
1662,3.92e-05,0.8547,0.0000,0.0000,0.0000,0.0000,3.3,nan
1663,3.90e-05,0.9062,0.0000,0.0000,0.0000,0.0000,3.2,nan
1664,3.88e-05,1.0121,0.0000,0.0000,0.0000,0.0000,3.3,nan
1665,3.86e-05,1.0959,0.0000,0.0000,0.0000,0.0000,3.1,nan
1666,3.84e-05,0.9871,0.0000,0.0000,0.0000,0.0000,3.1,nan
1667,3.82e-05,1.0189,0.0000,0.0000,0.0000,0.0000,3.3,nan
1668,3.80e-05,0.9286,0.0000,0.0000,0.0000,0.0000,3.3,nan
1669,3.79e-05,1.0132,0.0000,0.0000,0.0000,0.0000,3.2,nan
1670,3.77e-05,0.9503,0.0000,0.0000,0.0000,0.0000,3.3,nan
1671,3.75e-05,1.1756,0.0000,0.0000,0.0000,0.0000,3.2,nan
1672,3.73e-05,0.9884,0.0000,0.0000,0.0000,0.0000,3.3,nan
1673,3.71e-05,0.9602,0.0000,0.0000,0.0000,0.0000,3.2,nan
1674,3.69e-05,1.0180,0.0000,0.0000,0.0000,0.0000,3.3,nan
1675,3.67e-05,1.0069,0.0000,0.0000,0.0000,0.0000,3.2,nan
1676,3.65e-05,1.2005,0.0000,0.0000,0.0000,0.0000,3.4,nan
1677,3.63e-05,0.7921,0.0000,0.0000,0.0000,0.0000,3.2,nan
1678,3.61e-05,1.1017,0.0000,0.0000,0.0000,0.0000,3.2,nan
1679,3.59e-05,1.0829,0.0000,0.0000,0.0000,0.0000,3.3,nan
1680,3.57e-05,1.1252,0.0000,0.0000,0.0000,0.0000,4.9,0.5996
1681,3.56e-05,0.9612,0.0000,0.0000,0.0000,0.0000,3.2,nan
1682,3.54e-05,1.0217,0.0000,0.0000,0.0000,0.0000,3.3,nan
1683,3.52e-05,0.8470,0.0000,0.0000,0.0000,0.0000,3.2,nan
1684,3.50e-05,0.8197,0.0000,0.0000,0.0000,0.0000,3.2,nan
1685,3.48e-05,1.0666,0.0000,0.0000,0.0000,0.0000,3.2,nan
1686,3.46e-05,1.0539,0.0000,0.0000,0.0000,0.0000,3.2,nan
1687,3.44e-05,1.0587,0.0000,0.0000,0.0000,0.0000,3.2,nan
1688,3.43e-05,1.0323,0.0000,0.0000,0.0000,0.0000,3.2,nan
1689,3.41e-05,1.0734,0.0000,0.0000,0.0000,0.0000,3.2,nan
1690,3.39e-05,0.9022,0.0000,0.0000,0.0000,0.0000,3.2,nan
1691,3.37e-05,0.9440,0.0000,0.0000,0.0000,0.0000,3.3,nan
1692,3.35e-05,0.8416,0.0000,0.0000,0.0000,0.0000,3.3,nan
1693,3.33e-05,1.0310,0.0000,0.0000,0.0000,0.0000,3.2,nan
1694,3.32e-05,1.0419,0.0000,0.0000,0.0000,0.0000,3.2,nan
1695,3.30e-05,0.9540,0.0000,0.0000,0.0000,0.0000,3.2,nan
1696,3.28e-05,1.0450,0.0000,0.0000,0.0000,0.0000,3.5,nan
1697,3.26e-05,0.8145,0.0000,0.0000,0.0000,0.0000,3.3,nan
1698,3.24e-05,0.7551,0.0000,0.0000,0.0000,0.0000,3.2,nan
1699,3.23e-05,0.8451,0.0000,0.0000,0.0000,0.0000,3.3,nan
1700,3.21e-05,1.0114,0.0000,0.0000,0.0000,0.0000,4.7,0.6059
1701,3.19e-05,0.9652,0.0000,0.0000,0.0000,0.0000,3.3,nan
1702,3.17e-05,0.9860,0.0000,0.0000,0.0000,0.0000,3.5,nan
1703,3.16e-05,0.8963,0.0000,0.0000,0.0000,0.0000,3.4,nan
1704,3.14e-05,1.1317,0.0000,0.0000,0.0000,0.0000,3.4,nan
1705,3.12e-05,1.1077,0.0000,0.0000,0.0000,0.0000,3.4,nan
1706,3.10e-05,1.1091,0.0000,0.0000,0.0000,0.0000,3.5,nan
1707,3.09e-05,1.0042,0.0000,0.0000,0.0000,0.0000,3.7,nan
1708,3.07e-05,0.9060,0.0000,0.0000,0.0000,0.0000,3.5,nan
1709,3.05e-05,0.9734,0.0000,0.0000,0.0000,0.0000,3.5,nan
1710,3.03e-05,1.0383,0.0000,0.0000,0.0000,0.0000,3.4,nan
1711,3.02e-05,0.7629,0.0000,0.0000,0.0000,0.0000,3.5,nan
1712,3.00e-05,1.0143,0.0000,0.0000,0.0000,0.0000,3.4,nan
1713,2.98e-05,0.7005,0.0000,0.0000,0.0000,0.0000,3.4,nan
1714,2.96e-05,0.9538,0.0000,0.0000,0.0000,0.0000,3.5,nan
1715,2.95e-05,1.0225,0.0000,0.0000,0.0000,0.0000,3.5,nan
1716,2.93e-05,0.7921,0.0000,0.0000,0.0000,0.0000,4.3,nan
1717,2.91e-05,0.9720,0.0000,0.0000,0.0000,0.0000,3.6,nan
1718,2.90e-05,1.1032,0.0000,0.0000,0.0000,0.0000,3.6,nan
1719,2.88e-05,0.9361,0.0000,0.0000,0.0000,0.0000,3.5,nan
1720,2.86e-05,0.8936,0.0000,0.0000,0.0000,0.0000,5.4,0.6059
1721,2.85e-05,0.8632,0.0000,0.0000,0.0000,0.0000,3.5,nan
1722,2.83e-05,0.9044,0.0000,0.0000,0.0000,0.0000,3.6,nan
1723,2.81e-05,1.0381,0.0000,0.0000,0.0000,0.0000,3.9,nan
1724,2.80e-05,0.6653,0.0000,0.0000,0.0000,0.0000,3.8,nan
1725,2.78e-05,0.9299,0.0000,0.0000,0.0000,0.0000,3.6,nan
1726,2.76e-05,0.9950,0.0000,0.0000,0.0000,0.0000,3.6,nan
1727,2.75e-05,0.6475,0.0000,0.0000,0.0000,0.0000,3.9,nan
1728,2.73e-05,0.9994,0.0000,0.0000,0.0000,0.0000,3.7,nan
1729,2.72e-05,0.8950,0.0000,0.0000,0.0000,0.0000,4.0,nan
1730,2.70e-05,0.9527,0.0000,0.0000,0.0000,0.0000,4.0,nan
1731,2.68e-05,0.7646,0.0000,0.0000,0.0000,0.0000,4.0,nan
1732,2.67e-05,0.8557,0.0000,0.0000,0.0000,0.0000,4.1,nan
1733,2.65e-05,1.1346,0.0000,0.0000,0.0000,0.0000,4.6,nan
1734,2.64e-05,0.8765,0.0000,0.0000,0.0000,0.0000,5.1,nan
1735,2.62e-05,0.9643,0.0000,0.0000,0.0000,0.0000,5.1,nan
1736,2.60e-05,1.1311,0.0000,0.0000,0.0000,0.0000,4.3,nan
1737,2.59e-05,0.9598,0.0000,0.0000,0.0000,0.0000,3.9,nan
1738,2.57e-05,1.1608,0.0000,0.0000,0.0000,0.0000,3.9,nan
1739,2.56e-05,0.8192,0.0000,0.0000,0.0000,0.0000,4.2,nan
1740,2.54e-05,0.8728,0.0000,0.0000,0.0000,0.0000,6.2,0.6017
1741,2.53e-05,0.9038,0.0000,0.0000,0.0000,0.0000,4.7,nan
1742,2.51e-05,0.9354,0.0000,0.0000,0.0000,0.0000,4.3,nan
1743,2.50e-05,0.7253,0.0000,0.0000,0.0000,0.0000,4.0,nan
1744,2.48e-05,0.6813,0.0000,0.0000,0.0000,0.0000,4.2,nan
1745,2.46e-05,1.0495,0.0000,0.0000,0.0000,0.0000,4.0,nan
1746,2.45e-05,1.0079,0.0000,0.0000,0.0000,0.0000,3.8,nan
1747,2.43e-05,0.9043,0.0000,0.0000,0.0000,0.0000,4.1,nan
1748,2.42e-05,0.9739,0.0000,0.0000,0.0000,0.0000,4.0,nan
1749,2.40e-05,0.9550,0.0000,0.0000,0.0000,0.0000,4.3,nan
1750,2.39e-05,0.8406,0.0000,0.0000,0.0000,0.0000,3.8,nan
1751,2.37e-05,0.8137,0.0000,0.0000,0.0000,0.0000,3.7,nan
1752,2.36e-05,0.8780,0.0000,0.0000,0.0000,0.0000,3.9,nan
1753,2.34e-05,0.7479,0.0000,0.0000,0.0000,0.0000,3.7,nan
1754,2.33e-05,0.9670,0.0000,0.0000,0.0000,0.0000,3.7,nan
1755,2.32e-05,0.8129,0.0000,0.0000,0.0000,0.0000,3.7,nan
1756,2.30e-05,1.1385,0.0000,0.0000,0.0000,0.0000,3.8,nan
1757,2.29e-05,1.1795,0.0000,0.0000,0.0000,0.0000,4.0,nan
1758,2.27e-05,0.9059,0.0000,0.0000,0.0000,0.0000,3.5,nan
1759,2.26e-05,0.9617,0.0000,0.0000,0.0000,0.0000,3.8,nan
1760,2.24e-05,1.0035,0.0000,0.0000,0.0000,0.0000,6.2,0.6017
1761,2.23e-05,1.0746,0.0000,0.0000,0.0000,0.0000,3.7,nan
1762,2.21e-05,0.8380,0.0000,0.0000,0.0000,0.0000,3.7,nan
1763,2.20e-05,1.0532,0.0000,0.0000,0.0000,0.0000,3.8,nan
1764,2.19e-05,0.8894,0.0000,0.0000,0.0000,0.0000,3.8,nan
1765,2.17e-05,0.9277,0.0000,0.0000,0.0000,0.0000,3.8,nan
1766,2.16e-05,0.9237,0.0000,0.0000,0.0000,0.0000,3.7,nan
1767,2.14e-05,0.7415,0.0000,0.0000,0.0000,0.0000,3.5,nan
1768,2.13e-05,0.8308,0.0000,0.0000,0.0000,0.0000,3.9,nan
1769,2.12e-05,1.0165,0.0000,0.0000,0.0000,0.0000,4.1,nan
1770,2.10e-05,0.8307,0.0000,0.0000,0.0000,0.0000,3.7,nan
1771,2.09e-05,0.8012,0.0000,0.0000,0.0000,0.0000,3.7,nan
1772,2.07e-05,0.9507,0.0000,0.0000,0.0000,0.0000,3.8,nan
1773,2.06e-05,0.9841,0.0000,0.0000,0.0000,0.0000,4.0,nan
1774,2.05e-05,0.9815,0.0000,0.0000,0.0000,0.0000,4.0,nan
1775,2.03e-05,0.9296,0.0000,0.0000,0.0000,0.0000,3.9,nan
1776,2.02e-05,0.8862,0.0000,0.0000,0.0000,0.0000,3.7,nan
1777,2.01e-05,0.9613,0.0000,0.0000,0.0000,0.0000,3.8,nan
1778,1.99e-05,0.9745,0.0000,0.0000,0.0000,0.0000,3.8,nan
1779,1.98e-05,0.9780,0.0000,0.0000,0.0000,0.0000,3.5,nan
1780,1.97e-05,0.9815,0.0000,0.0000,0.0000,0.0000,5.7,0.6059
1781,1.95e-05,1.0925,0.0000,0.0000,0.0000,0.0000,3.6,nan
1782,1.94e-05,1.1804,0.0000,0.0000,0.0000,0.0000,3.6,nan
1783,1.93e-05,1.0179,0.0000,0.0000,0.0000,0.0000,3.7,nan
1784,1.91e-05,1.0138,0.0000,0.0000,0.0000,0.0000,3.5,nan
1785,1.90e-05,0.9798,0.0000,0.0000,0.0000,0.0000,4.0,nan
1786,1.89e-05,0.7442,0.0000,0.0000,0.0000,0.0000,3.8,nan
1787,1.87e-05,0.9207,0.0000,0.0000,0.0000,0.0000,3.8,nan
1788,1.86e-05,0.8095,0.0000,0.0000,0.0000,0.0000,3.7,nan
1789,1.85e-05,0.9435,0.0000,0.0000,0.0000,0.0000,3.7,nan
1790,1.84e-05,0.8531,0.0000,0.0000,0.0000,0.0000,3.9,nan
1791,1.82e-05,0.9469,0.0000,0.0000,0.0000,0.0000,3.9,nan
1792,1.81e-05,1.0292,0.0000,0.0000,0.0000,0.0000,3.9,nan
1793,1.80e-05,0.9997,0.0000,0.0000,0.0000,0.0000,3.9,nan
1794,1.79e-05,1.0241,0.0000,0.0000,0.0000,0.0000,3.7,nan
1795,1.77e-05,0.8894,0.0000,0.0000,0.0000,0.0000,3.8,nan
1796,1.76e-05,0.9939,0.0000,0.0000,0.0000,0.0000,3.7,nan
1797,1.75e-05,0.7514,0.0000,0.0000,0.0000,0.0000,3.8,nan
1798,1.74e-05,0.9555,0.0000,0.0000,0.0000,0.0000,3.8,nan
1799,1.72e-05,1.0804,0.0000,0.0000,0.0000,0.0000,4.0,nan
1800,1.71e-05,1.0389,0.0000,0.0000,0.0000,0.0000,5.6,0.5975
1801,1.70e-05,0.8782,0.0000,0.0000,0.0000,0.0000,3.7,nan
1802,1.69e-05,0.9754,0.0000,0.0000,0.0000,0.0000,3.8,nan
1803,1.68e-05,1.0818,0.0000,0.0000,0.0000,0.0000,3.7,nan
1804,1.66e-05,0.9068,0.0000,0.0000,0.0000,0.0000,3.9,nan
1805,1.65e-05,0.7404,0.0000,0.0000,0.0000,0.0000,3.7,nan
1806,1.64e-05,0.8161,0.0000,0.0000,0.0000,0.0000,3.6,nan
1807,1.63e-05,0.9588,0.0000,0.0000,0.0000,0.0000,3.6,nan
1808,1.62e-05,0.9782,0.0000,0.0000,0.0000,0.0000,3.5,nan
1809,1.61e-05,0.7558,0.0000,0.0000,0.0000,0.0000,3.6,nan
1810,1.59e-05,1.0322,0.0000,0.0000,0.0000,0.0000,3.8,nan
1811,1.58e-05,0.9003,0.0000,0.0000,0.0000,0.0000,3.8,nan
1812,1.57e-05,1.0589,0.0000,0.0000,0.0000,0.0000,3.7,nan
1813,1.56e-05,0.9371,0.0000,0.0000,0.0000,0.0000,3.6,nan
1814,1.55e-05,0.9063,0.0000,0.0000,0.0000,0.0000,4.0,nan
1815,1.54e-05,0.8214,0.0000,0.0000,0.0000,0.0000,3.7,nan
1816,1.53e-05,0.8653,0.0000,0.0000,0.0000,0.0000,3.8,nan
1817,1.52e-05,1.0320,0.0000,0.0000,0.0000,0.0000,3.6,nan
1818,1.50e-05,1.0598,0.0000,0.0000,0.0000,0.0000,3.6,nan
1819,1.49e-05,0.8941,0.0000,0.0000,0.0000,0.0000,3.5,nan
1820,1.48e-05,0.9433,0.0000,0.0000,0.0000,0.0000,5.7,0.6059
1821,1.47e-05,0.9438,0.0000,0.0000,0.0000,0.0000,3.6,nan
1822,1.46e-05,1.0542,0.0000,0.0000,0.0000,0.0000,3.5,nan
1823,1.45e-05,0.9911,0.0000,0.0000,0.0000,0.0000,3.6,nan
1824,1.44e-05,0.7658,0.0000,0.0000,0.0000,0.0000,3.7,nan
1825,1.43e-05,1.0515,0.0000,0.0000,0.0000,0.0000,3.7,nan
1826,1.42e-05,1.0578,0.0000,0.0000,0.0000,0.0000,3.5,nan
1827,1.41e-05,1.0057,0.0000,0.0000,0.0000,0.0000,3.6,nan
1828,1.40e-05,0.9540,0.0000,0.0000,0.0000,0.0000,3.6,nan
1829,1.39e-05,1.1108,0.0000,0.0000,0.0000,0.0000,3.7,nan
1830,1.38e-05,1.1206,0.0000,0.0000,0.0000,0.0000,3.7,nan
1831,1.37e-05,1.0115,0.0000,0.0000,0.0000,0.0000,3.7,nan
1832,1.36e-05,0.7638,0.0000,0.0000,0.0000,0.0000,3.7,nan
1833,1.35e-05,0.8928,0.0000,0.0000,0.0000,0.0000,3.6,nan
1834,1.34e-05,1.1382,0.0000,0.0000,0.0000,0.0000,3.7,nan
1835,1.33e-05,0.9999,0.0000,0.0000,0.0000,0.0000,3.5,nan
1836,1.32e-05,1.0061,0.0000,0.0000,0.0000,0.0000,3.4,nan
1837,1.31e-05,0.8424,0.0000,0.0000,0.0000,0.0000,3.4,nan
1838,1.30e-05,1.0042,0.0000,0.0000,0.0000,0.0000,3.3,nan
1839,1.29e-05,0.8977,0.0000,0.0000,0.0000,0.0000,3.3,nan
1840,1.28e-05,1.0180,0.0000,0.0000,0.0000,0.0000,5.2,0.6123
1841,1.27e-05,1.0084,0.0000,0.0000,0.0000,0.0000,3.7,nan
1842,1.26e-05,0.7665,0.0000,0.0000,0.0000,0.0000,3.6,nan
1843,1.25e-05,1.1216,0.0000,0.0000,0.0000,0.0000,3.5,nan
1844,1.24e-05,0.9303,0.0000,0.0000,0.0000,0.0000,3.3,nan
1845,1.23e-05,1.0404,0.0000,0.0000,0.0000,0.0000,3.7,nan
1846,1.22e-05,0.9400,0.0000,0.0000,0.0000,0.0000,4.0,nan
1847,1.21e-05,0.8122,0.0000,0.0000,0.0000,0.0000,3.7,nan
1848,1.20e-05,1.0181,0.0000,0.0000,0.0000,0.0000,4.1,nan
1849,1.19e-05,0.9241,0.0000,0.0000,0.0000,0.0000,3.5,nan
1850,1.18e-05,1.0128,0.0000,0.0000,0.0000,0.0000,3.7,nan
1851,1.17e-05,0.9770,0.0000,0.0000,0.0000,0.0000,3.7,nan
1852,1.16e-05,1.0915,0.0000,0.0000,0.0000,0.0000,3.6,nan
1853,1.16e-05,0.9632,0.0000,0.0000,0.0000,0.0000,4.0,nan
1854,1.15e-05,0.9565,0.0000,0.0000,0.0000,0.0000,3.8,nan
1855,1.14e-05,0.8706,0.0000,0.0000,0.0000,0.0000,3.8,nan
1856,1.13e-05,0.9333,0.0000,0.0000,0.0000,0.0000,3.8,nan
1857,1.12e-05,0.7973,0.0000,0.0000,0.0000,0.0000,3.7,nan
1858,1.11e-05,0.8335,0.0000,0.0000,0.0000,0.0000,3.9,nan
1859,1.10e-05,0.9408,0.0000,0.0000,0.0000,0.0000,3.6,nan
1860,1.09e-05,0.9533,0.0000,0.0000,0.0000,0.0000,5.9,0.6081
1861,1.09e-05,0.9673,0.0000,0.0000,0.0000,0.0000,3.6,nan
1862,1.08e-05,0.7220,0.0000,0.0000,0.0000,0.0000,3.8,nan
1863,1.07e-05,1.0378,0.0000,0.0000,0.0000,0.0000,3.7,nan
1864,1.06e-05,0.8085,0.0000,0.0000,0.0000,0.0000,4.1,nan
1865,1.05e-05,0.9799,0.0000,0.0000,0.0000,0.0000,3.8,nan
1866,1.04e-05,0.8089,0.0000,0.0000,0.0000,0.0000,3.7,nan
1867,1.04e-05,1.1098,0.0000,0.0000,0.0000,0.0000,3.8,nan
1868,1.03e-05,0.9562,0.0000,0.0000,0.0000,0.0000,3.7,nan
1869,1.02e-05,0.9267,0.0000,0.0000,0.0000,0.0000,3.9,nan
1870,1.01e-05,1.0566,0.0000,0.0000,0.0000,0.0000,3.6,nan
1871,1.00e-05,1.1173,0.0000,0.0000,0.0000,0.0000,3.8,nan
1872,9.97e-06,0.9578,0.0000,0.0000,0.0000,0.0000,3.6,nan
1873,9.89e-06,0.8153,0.0000,0.0000,0.0000,0.0000,3.5,nan
1874,9.81e-06,1.0558,0.0000,0.0000,0.0000,0.0000,3.7,nan
1875,9.73e-06,1.0797,0.0000,0.0000,0.0000,0.0000,3.7,nan
1876,9.66e-06,0.9948,0.0000,0.0000,0.0000,0.0000,3.8,nan
1877,9.58e-06,1.0371,0.0000,0.0000,0.0000,0.0000,3.7,nan
1878,9.51e-06,0.9135,0.0000,0.0000,0.0000,0.0000,3.9,nan
1879,9.44e-06,0.8744,0.0000,0.0000,0.0000,0.0000,4.0,nan
1880,9.36e-06,1.0657,0.0000,0.0000,0.0000,0.0000,5.6,0.6123
1881,9.29e-06,1.1126,0.0000,0.0000,0.0000,0.0000,3.5,nan
1882,9.22e-06,0.9275,0.0000,0.0000,0.0000,0.0000,3.7,nan
1883,9.15e-06,0.9952,0.0000,0.0000,0.0000,0.0000,3.5,nan
1884,9.07e-06,0.6798,0.0000,0.0000,0.0000,0.0000,3.5,nan
1885,9.00e-06,0.8797,0.0000,0.0000,0.0000,0.0000,3.6,nan
1886,8.93e-06,0.8227,0.0000,0.0000,0.0000,0.0000,3.5,nan
1887,8.87e-06,0.9490,0.0000,0.0000,0.0000,0.0000,3.4,nan
1888,8.80e-06,1.0478,0.0000,0.0000,0.0000,0.0000,3.3,nan
1889,8.73e-06,0.8909,0.0000,0.0000,0.0000,0.0000,3.5,nan
1890,8.66e-06,0.8000,0.0000,0.0000,0.0000,0.0000,3.6,nan
1891,8.60e-06,1.0904,0.0000,0.0000,0.0000,0.0000,3.3,nan
1892,8.53e-06,1.1087,0.0000,0.0000,0.0000,0.0000,3.3,nan
1893,8.46e-06,1.0015,0.0000,0.0000,0.0000,0.0000,3.4,nan
1894,8.40e-06,0.9420,0.0000,0.0000,0.0000,0.0000,3.4,nan
1895,8.33e-06,1.0503,0.0000,0.0000,0.0000,0.0000,3.2,nan
1896,8.27e-06,0.9796,0.0000,0.0000,0.0000,0.0000,3.5,nan
1897,8.21e-06,0.9140,0.0000,0.0000,0.0000,0.0000,3.3,nan
1898,8.15e-06,0.9043,0.0000,0.0000,0.0000,0.0000,3.3,nan
1899,8.08e-06,0.7474,0.0000,0.0000,0.0000,0.0000,3.5,nan
1900,8.02e-06,0.8799,0.0000,0.0000,0.0000,0.0000,5.3,0.5932
1901,7.96e-06,0.7593,0.0000,0.0000,0.0000,0.0000,3.6,nan
1902,7.90e-06,1.0112,0.0000,0.0000,0.0000,0.0000,3.6,nan
1903,7.84e-06,1.0392,0.0000,0.0000,0.0000,0.0000,3.3,nan
1904,7.78e-06,0.9326,0.0000,0.0000,0.0000,0.0000,3.3,nan
1905,7.73e-06,1.0314,0.0000,0.0000,0.0000,0.0000,3.3,nan
1906,7.67e-06,0.9341,0.0000,0.0000,0.0000,0.0000,3.4,nan
1907,7.61e-06,0.8165,0.0000,0.0000,0.0000,0.0000,3.3,nan
1908,7.56e-06,0.9933,0.0000,0.0000,0.0000,0.0000,3.3,nan
1909,7.50e-06,0.9823,0.0000,0.0000,0.0000,0.0000,3.4,nan
1910,7.44e-06,1.1204,0.0000,0.0000,0.0000,0.0000,3.3,nan
1911,7.39e-06,0.8532,0.0000,0.0000,0.0000,0.0000,3.4,nan
1912,7.34e-06,1.0080,0.0000,0.0000,0.0000,0.0000,3.3,nan
1913,7.28e-06,0.9429,0.0000,0.0000,0.0000,0.0000,3.3,nan
1914,7.23e-06,1.0259,0.0000,0.0000,0.0000,0.0000,3.3,nan
1915,7.18e-06,0.7181,0.0000,0.0000,0.0000,0.0000,3.3,nan
1916,7.13e-06,0.8696,0.0000,0.0000,0.0000,0.0000,4.0,nan
1917,7.08e-06,1.0134,0.0000,0.0000,0.0000,0.0000,3.6,nan
1918,7.03e-06,1.0768,0.0000,0.0000,0.0000,0.0000,3.6,nan
1919,6.98e-06,1.0173,0.0000,0.0000,0.0000,0.0000,3.5,nan
1920,6.93e-06,1.0503,0.0000,0.0000,0.0000,0.0000,5.3,0.6102
1921,6.88e-06,0.8671,0.0000,0.0000,0.0000,0.0000,3.1,nan
1922,6.83e-06,0.9255,0.0000,0.0000,0.0000,0.0000,3.3,nan
1923,6.78e-06,0.9858,0.0000,0.0000,0.0000,0.0000,3.3,nan
1924,6.74e-06,1.0435,0.0000,0.0000,0.0000,0.0000,4.0,nan
1925,6.69e-06,1.0625,0.0000,0.0000,0.0000,0.0000,4.1,nan
1926,6.65e-06,0.7408,0.0000,0.0000,0.0000,0.0000,4.1,nan
1927,6.60e-06,1.0167,0.0000,0.0000,0.0000,0.0000,3.2,nan
1928,6.56e-06,0.9159,0.0000,0.0000,0.0000,0.0000,3.0,nan
1929,6.51e-06,0.9964,0.0000,0.0000,0.0000,0.0000,3.0,nan
1930,6.47e-06,1.0343,0.0000,0.0000,0.0000,0.0000,3.1,nan
1931,6.43e-06,0.9243,0.0000,0.0000,0.0000,0.0000,3.0,nan
1932,6.39e-06,0.8968,0.0000,0.0000,0.0000,0.0000,2.9,nan
1933,6.35e-06,1.0070,0.0000,0.0000,0.0000,0.0000,3.0,nan
1934,6.31e-06,0.9777,0.0000,0.0000,0.0000,0.0000,3.1,nan
1935,6.27e-06,0.9327,0.0000,0.0000,0.0000,0.0000,3.0,nan
1936,6.23e-06,0.7451,0.0000,0.0000,0.0000,0.0000,3.1,nan
1937,6.19e-06,0.9118,0.0000,0.0000,0.0000,0.0000,3.0,nan
1938,6.15e-06,0.9831,0.0000,0.0000,0.0000,0.0000,3.0,nan
1939,6.11e-06,0.9552,0.0000,0.0000,0.0000,0.0000,3.0,nan
1940,6.08e-06,0.7035,0.0000,0.0000,0.0000,0.0000,4.6,0.6081
1941,6.04e-06,0.9268,0.0000,0.0000,0.0000,0.0000,3.0,nan
1942,6.00e-06,1.0287,0.0000,0.0000,0.0000,0.0000,2.9,nan
1943,5.97e-06,0.9169,0.0000,0.0000,0.0000,0.0000,3.0,nan
1944,5.94e-06,0.8145,0.0000,0.0000,0.0000,0.0000,3.0,nan
1945,5.90e-06,0.9135,0.0000,0.0000,0.0000,0.0000,3.0,nan
1946,5.87e-06,0.9189,0.0000,0.0000,0.0000,0.0000,3.1,nan
1947,5.84e-06,1.0867,0.0000,0.0000,0.0000,0.0000,3.0,nan
1948,5.80e-06,1.0110,0.0000,0.0000,0.0000,0.0000,3.0,nan
1949,5.77e-06,1.1071,0.0000,0.0000,0.0000,0.0000,3.0,nan
1950,5.74e-06,0.8607,0.0000,0.0000,0.0000,0.0000,3.0,nan
1951,5.71e-06,0.8074,0.0000,0.0000,0.0000,0.0000,3.0,nan
1952,5.68e-06,0.9156,0.0000,0.0000,0.0000,0.0000,2.9,nan
1953,5.66e-06,0.8855,0.0000,0.0000,0.0000,0.0000,3.1,nan
1954,5.63e-06,0.8655,0.0000,0.0000,0.0000,0.0000,3.0,nan
1955,5.60e-06,1.1310,0.0000,0.0000,0.0000,0.0000,3.1,nan
1956,5.57e-06,0.8964,0.0000,0.0000,0.0000,0.0000,3.1,nan
1957,5.55e-06,1.0383,0.0000,0.0000,0.0000,0.0000,3.1,nan
1958,5.52e-06,0.8424,0.0000,0.0000,0.0000,0.0000,2.9,nan
1959,5.50e-06,0.8378,0.0000,0.0000,0.0000,0.0000,3.1,nan
1960,5.47e-06,0.9403,0.0000,0.0000,0.0000,0.0000,4.5,0.6123
1961,5.45e-06,0.7339,0.0000,0.0000,0.0000,0.0000,3.0,nan
1962,5.42e-06,1.0662,0.0000,0.0000,0.0000,0.0000,3.0,nan
1963,5.40e-06,1.1127,0.0000,0.0000,0.0000,0.0000,3.1,nan
1964,5.38e-06,1.0384,0.0000,0.0000,0.0000,0.0000,3.2,nan
1965,5.36e-06,0.9975,0.0000,0.0000,0.0000,0.0000,3.3,nan
1966,5.34e-06,0.8063,0.0000,0.0000,0.0000,0.0000,3.1,nan
1967,5.32e-06,1.0056,0.0000,0.0000,0.0000,0.0000,3.0,nan
1968,5.30e-06,0.8338,0.0000,0.0000,0.0000,0.0000,2.9,nan
1969,5.28e-06,1.0860,0.0000,0.0000,0.0000,0.0000,3.1,nan
1970,5.26e-06,1.0892,0.0000,0.0000,0.0000,0.0000,3.0,nan
1971,5.24e-06,0.9878,0.0000,0.0000,0.0000,0.0000,3.0,nan
1972,5.23e-06,0.8435,0.0000,0.0000,0.0000,0.0000,3.0,nan
1973,5.21e-06,1.1091,0.0000,0.0000,0.0000,0.0000,3.0,nan
1974,5.19e-06,0.9316,0.0000,0.0000,0.0000,0.0000,3.1,nan
1975,5.18e-06,0.7570,0.0000,0.0000,0.0000,0.0000,3.1,nan
1976,5.16e-06,0.8408,0.0000,0.0000,0.0000,0.0000,3.1,nan
1977,5.15e-06,0.8401,0.0000,0.0000,0.0000,0.0000,3.1,nan
1978,5.14e-06,0.9187,0.0000,0.0000,0.0000,0.0000,3.0,nan
1979,5.12e-06,0.8654,0.0000,0.0000,0.0000,0.0000,3.1,nan
1980,5.11e-06,0.8948,0.0000,0.0000,0.0000,0.0000,4.5,0.6123
1981,5.10e-06,0.8345,0.0000,0.0000,0.0000,0.0000,2.9,nan
1982,5.09e-06,0.8821,0.0000,0.0000,0.0000,0.0000,2.9,nan
1983,5.08e-06,0.9961,0.0000,0.0000,0.0000,0.0000,2.9,nan
1984,5.07e-06,0.8619,0.0000,0.0000,0.0000,0.0000,3.0,nan
1985,5.06e-06,0.9153,0.0000,0.0000,0.0000,0.0000,3.0,nan
1986,5.05e-06,0.8911,0.0000,0.0000,0.0000,0.0000,2.9,nan
1987,5.05e-06,0.8212,0.0000,0.0000,0.0000,0.0000,3.1,nan
1988,5.04e-06,0.7123,0.0000,0.0000,0.0000,0.0000,3.0,nan
1989,5.03e-06,0.9816,0.0000,0.0000,0.0000,0.0000,2.9,nan
1990,5.03e-06,1.0511,0.0000,0.0000,0.0000,0.0000,3.0,nan
1991,5.02e-06,0.7621,0.0000,0.0000,0.0000,0.0000,3.1,nan
1992,5.02e-06,1.0965,0.0000,0.0000,0.0000,0.0000,3.0,nan
1993,5.01e-06,0.9774,0.0000,0.0000,0.0000,0.0000,2.9,nan
1994,5.01e-06,1.0869,0.0000,0.0000,0.0000,0.0000,3.0,nan
1995,5.01e-06,0.8351,0.0000,0.0000,0.0000,0.0000,3.0,nan
1996,5.00e-06,0.8174,0.0000,0.0000,0.0000,0.0000,3.1,nan
1997,5.00e-06,0.9345,0.0000,0.0000,0.0000,0.0000,3.0,nan
1998,5.00e-06,0.7164,0.0000,0.0000,0.0000,0.0000,3.1,nan
1999,5.00e-06,1.1071,0.0000,0.0000,0.0000,0.0000,4.5,0.6165
