epoch,lr,train_loss,val_top1,val_top5,val_balanced,ema_top1,seconds,tracked_test_top1
0,5.00e-05,3.9189,0.0000,0.0000,0.0000,0.0000,31.6,0.0212
1,1.00e-04,3.8995,0.0000,0.0000,0.0000,0.0000,6.0,nan
2,1.50e-04,3.8706,0.0000,0.0000,0.0000,0.0000,6.0,nan
3,2.00e-04,3.8208,0.0000,0.0000,0.0000,0.0000,6.2,nan
4,2.50e-04,3.7283,0.0000,0.0000,0.0000,0.0000,5.9,nan
5,3.00e-04,3.6444,0.0000,0.0000,0.0000,0.0000,5.1,nan
6,3.50e-04,3.5500,0.0000,0.0000,0.0000,0.0000,5.0,nan
7,4.00e-04,3.4066,0.0000,0.0000,0.0000,0.0000,5.1,nan
8,4.50e-04,3.3374,0.0000,0.0000,0.0000,0.0000,4.9,nan
9,5.00e-04,3.1834,0.0000,0.0000,0.0000,0.0000,5.0,nan
10,5.00e-04,3.0642,0.0000,0.0000,0.0000,0.0000,4.9,nan
11,5.00e-04,3.0740,0.0000,0.0000,0.0000,0.0000,4.9,nan
12,5.00e-04,2.9587,0.0000,0.0000,0.0000,0.0000,4.9,nan
13,5.00e-04,2.9632,0.0000,0.0000,0.0000,0.0000,5.0,nan
14,5.00e-04,2.7252,0.0000,0.0000,0.0000,0.0000,4.8,nan
15,5.00e-04,2.7600,0.0000,0.0000,0.0000,0.0000,5.0,nan
16,5.00e-04,2.4955,0.0000,0.0000,0.0000,0.0000,4.9,nan
17,5.00e-04,2.5903,0.0000,0.0000,0.0000,0.0000,5.0,nan
18,5.00e-04,2.5055,0.0000,0.0000,0.0000,0.0000,4.9,nan
19,5.00e-04,2.5336,0.0000,0.0000,0.0000,0.0000,4.9,nan
20,5.00e-04,2.3566,0.0000,0.0000,0.0000,0.0000,7.6,0.2415
21,5.00e-04,2.2032,0.0000,0.0000,0.0000,0.0000,4.8,nan
22,5.00e-04,2.2262,0.0000,0.0000,0.0000,0.0000,4.9,nan
23,5.00e-04,2.2392,0.0000,0.0000,0.0000,0.0000,4.9,nan
24,5.00e-04,2.1719,0.0000,0.0000,0.0000,0.0000,4.9,nan
25,5.00e-04,2.0117,0.0000,0.0000,0.0000,0.0000,4.8,nan
26,5.00e-04,1.7994,0.0000,0.0000,0.0000,0.0000,5.0,nan
27,5.00e-04,1.9277,0.0000,0.0000,0.0000,0.0000,5.0,nan
28,5.00e-04,1.7146,0.0000,0.0000,0.0000,0.0000,5.0,nan
29,5.00e-04,2.0568,0.0000,0.0000,0.0000,0.0000,5.0,nan
30,5.00e-04,2.1901,0.0000,0.0000,0.0000,0.0000,4.8,nan
31,5.00e-04,1.8005,0.0000,0.0000,0.0000,0.0000,4.9,nan
32,5.00e-04,1.7324,0.0000,0.0000,0.0000,0.0000,5.0,nan
33,5.00e-04,1.4029,0.0000,0.0000,0.0000,0.0000,4.7,nan
34,5.00e-04,1.7468,0.0000,0.0000,0.0000,0.0000,4.9,nan
35,5.00e-04,1.8095,0.0000,0.0000,0.0000,0.0000,5.0,nan
36,5.00e-04,1.5255,0.0000,0.0000,0.0000,0.0000,4.9,nan
37,5.00e-04,1.4472,0.0000,0.0000,0.0000,0.0000,4.9,nan
38,5.00e-04,1.2763,0.0000,0.0000,0.0000,0.0000,4.8,nan
39,5.00e-04,1.5009,0.0000,0.0000,0.0000,0.0000,4.9,nan
40,5.00e-04,1.1909,0.0000,0.0000,0.0000,0.0000,7.4,0.4153
41,5.00e-04,1.2039,0.0000,0.0000,0.0000,0.0000,4.8,nan
42,5.00e-04,2.0349,0.0000,0.0000,0.0000,0.0000,4.9,nan
43,5.00e-04,1.5927,0.0000,0.0000,0.0000,0.0000,4.8,nan
44,5.00e-04,1.1471,0.0000,0.0000,0.0000,0.0000,4.9,nan
45,5.00e-04,1.2520,0.0000,0.0000,0.0000,0.0000,4.8,nan
46,5.00e-04,1.3102,0.0000,0.0000,0.0000,0.0000,4.9,nan
47,5.00e-04,1.1183,0.0000,0.0000,0.0000,0.0000,4.9,nan
48,5.00e-04,1.0777,0.0000,0.0000,0.0000,0.0000,4.9,nan
49,5.00e-04,1.1646,0.0000,0.0000,0.0000,0.0000,4.9,nan
50,4.99e-04,1.2425,0.0000,0.0000,0.0000,0.0000,4.8,nan
51,4.99e-04,1.1053,0.0000,0.0000,0.0000,0.0000,4.9,nan
52,4.99e-04,1.3061,0.0000,0.0000,0.0000,0.0000,4.8,nan
53,4.99e-04,1.4687,0.0000,0.0000,0.0000,0.0000,5.0,nan
54,4.99e-04,1.4647,0.0000,0.0000,0.0000,0.0000,5.0,nan
55,4.99e-04,0.9133,0.0000,0.0000,0.0000,0.0000,5.0,nan
56,4.99e-04,1.4177,0.0000,0.0000,0.0000,0.0000,4.9,nan
57,4.99e-04,1.7417,0.0000,0.0000,0.0000,0.0000,4.8,nan
58,4.99e-04,1.0351,0.0000,0.0000,0.0000,0.0000,5.1,nan
59,4.99e-04,0.9767,0.0000,0.0000,0.0000,0.0000,5.2,nan
60,4.99e-04,1.0875,0.0000,0.0000,0.0000,0.0000,7.7,0.4301
61,4.99e-04,0.9530,0.0000,0.0000,0.0000,0.0000,4.9,nan
62,4.99e-04,1.0579,0.0000,0.0000,0.0000,0.0000,5.1,nan
63,4.99e-04,1.3067,0.0000,0.0000,0.0000,0.0000,4.8,nan
64,4.99e-04,1.2875,0.0000,0.0000,0.0000,0.0000,5.2,nan
65,4.99e-04,1.0727,0.0000,0.0000,0.0000,0.0000,4.8,nan
66,4.99e-04,1.2925,0.0000,0.0000,0.0000,0.0000,4.9,nan
67,4.99e-04,0.9353,0.0000,0.0000,0.0000,0.0000,4.9,nan
68,4.99e-04,1.4845,0.0000,0.0000,0.0000,0.0000,4.8,nan
69,4.99e-04,1.3157,0.0000,0.0000,0.0000,0.0000,5.0,nan
70,4.99e-04,0.8885,0.0000,0.0000,0.0000,0.0000,4.9,nan
71,4.99e-04,1.1950,0.0000,0.0000,0.0000,0.0000,5.0,nan
72,4.99e-04,1.1854,0.0000,0.0000,0.0000,0.0000,5.2,nan
73,4.99e-04,1.2063,0.0000,0.0000,0.0000,0.0000,5.1,nan
74,4.99e-04,0.8147,0.0000,0.0000,0.0000,0.0000,5.3,nan
75,4.99e-04,1.1359,0.0000,0.0000,0.0000,0.0000,5.4,nan
76,4.99e-04,1.1478,0.0000,0.0000,0.0000,0.0000,6.2,nan
77,4.99e-04,1.0365,0.0000,0.0000,0.0000,0.0000,6.4,nan
78,4.99e-04,0.9263,0.0000,0.0000,0.0000,0.0000,5.3,nan
79,4.98e-04,1.1088,0.0000,0.0000,0.0000,0.0000,4.9,nan
80,4.98e-04,1.0311,0.0000,0.0000,0.0000,0.0000,7.7,0.4661
81,4.98e-04,1.0456,0.0000,0.0000,0.0000,0.0000,4.8,nan
82,4.98e-04,0.8797,0.0000,0.0000,0.0000,0.0000,4.9,nan
83,4.98e-04,1.1994,0.0000,0.0000,0.0000,0.0000,5.2,nan
84,4.98e-04,1.1093,0.0000,0.0000,0.0000,0.0000,5.0,nan
85,4.98e-04,0.8919,0.0000,0.0000,0.0000,0.0000,4.9,nan
86,4.98e-04,1.0025,0.0000,0.0000,0.0000,0.0000,4.9,nan
87,4.98e-04,1.4359,0.0000,0.0000,0.0000,0.0000,4.9,nan
88,4.98e-04,1.0609,0.0000,0.0000,0.0000,0.0000,4.9,nan
89,4.98e-04,1.0022,0.0000,0.0000,0.0000,0.0000,4.9,nan
90,4.98e-04,0.8981,0.0000,0.0000,0.0000,0.0000,4.8,nan
91,4.98e-04,1.0143,0.0000,0.0000,0.0000,0.0000,5.0,nan
92,4.98e-04,1.2927,0.0000,0.0000,0.0000,0.0000,5.1,nan
93,4.98e-04,1.1070,0.0000,0.0000,0.0000,0.0000,5.3,nan
94,4.98e-04,0.9205,0.0000,0.0000,0.0000,0.0000,4.7,nan
95,4.98e-04,1.0975,0.0000,0.0000,0.0000,0.0000,5.1,nan
96,4.98e-04,1.1791,0.0000,0.0000,0.0000,0.0000,5.1,nan
97,4.98e-04,0.8999,0.0000,0.0000,0.0000,0.0000,4.8,nan
98,4.98e-04,0.8168,0.0000,0.0000,0.0000,0.0000,4.9,nan
99,4.98e-04,0.8692,0.0000,0.0000,0.0000,0.0000,4.9,nan
100,4.97e-04,1.0968,0.0000,0.0000,0.0000,0.0000,7.8,0.5572
101,4.97e-04,0.8718,0.0000,0.0000,0.0000,0.0000,4.9,nan
102,4.97e-04,0.9946,0.0000,0.0000,0.0000,0.0000,4.9,nan
103,4.97e-04,1.0577,0.0000,0.0000,0.0000,0.0000,4.9,nan
104,4.97e-04,1.0252,0.0000,0.0000,0.0000,0.0000,5.0,nan
105,4.97e-04,1.2812,0.0000,0.0000,0.0000,0.0000,5.1,nan
106,4.97e-04,0.7476,0.0000,0.0000,0.0000,0.0000,4.8,nan
107,4.97e-04,0.8952,0.0000,0.0000,0.0000,0.0000,5.0,nan
108,4.97e-04,0.9720,0.0000,0.0000,0.0000,0.0000,4.9,nan
109,4.97e-04,1.0932,0.0000,0.0000,0.0000,0.0000,4.9,nan
110,4.97e-04,0.8787,0.0000,0.0000,0.0000,0.0000,5.0,nan
111,4.97e-04,1.1594,0.0000,0.0000,0.0000,0.0000,4.9,nan
112,4.97e-04,1.0205,0.0000,0.0000,0.0000,0.0000,4.8,nan
113,4.97e-04,0.8386,0.0000,0.0000,0.0000,0.0000,5.0,nan
114,4.97e-04,0.9604,0.0000,0.0000,0.0000,0.0000,4.8,nan
115,4.97e-04,0.9102,0.0000,0.0000,0.0000,0.0000,4.9,nan
116,4.96e-04,0.9654,0.0000,0.0000,0.0000,0.0000,4.9,nan
117,4.96e-04,1.0288,0.0000,0.0000,0.0000,0.0000,4.9,nan
118,4.96e-04,0.6557,0.0000,0.0000,0.0000,0.0000,4.9,nan
119,4.96e-04,0.9194,0.0000,0.0000,0.0000,0.0000,4.8,nan
120,4.96e-04,0.5892,0.0000,0.0000,0.0000,0.0000,7.6,0.5381
121,4.96e-04,1.2223,0.0000,0.0000,0.0000,0.0000,4.9,nan
122,4.96e-04,1.4137,0.0000,0.0000,0.0000,0.0000,5.0,nan
123,4.96e-04,1.2418,0.0000,0.0000,0.0000,0.0000,5.1,nan
124,4.96e-04,1.0082,0.0000,0.0000,0.0000,0.0000,5.1,nan
125,4.96e-04,1.0012,0.0000,0.0000,0.0000,0.0000,4.9,nan
126,4.96e-04,0.7516,0.0000,0.0000,0.0000,0.0000,5.0,nan
127,4.96e-04,0.9316,0.0000,0.0000,0.0000,0.0000,4.8,nan
128,4.96e-04,1.0264,0.0000,0.0000,0.0000,0.0000,4.9,nan
129,4.96e-04,0.8123,0.0000,0.0000,0.0000,0.0000,4.9,nan
130,4.96e-04,0.8943,0.0000,0.0000,0.0000,0.0000,4.8,nan
131,4.95e-04,0.8699,0.0000,0.0000,0.0000,0.0000,4.9,nan
132,4.95e-04,1.0752,0.0000,0.0000,0.0000,0.0000,5.0,nan
133,4.95e-04,0.8353,0.0000,0.0000,0.0000,0.0000,4.9,nan
134,4.95e-04,0.7213,0.0000,0.0000,0.0000,0.0000,4.9,nan
135,4.95e-04,0.8809,0.0000,0.0000,0.0000,0.0000,5.0,nan
136,4.95e-04,1.2060,0.0000,0.0000,0.0000,0.0000,4.9,nan
137,4.95e-04,0.7927,0.0000,0.0000,0.0000,0.0000,5.0,nan
138,4.95e-04,1.0364,0.0000,0.0000,0.0000,0.0000,4.9,nan
139,4.95e-04,1.0875,0.0000,0.0000,0.0000,0.0000,4.9,nan
140,4.95e-04,1.0810,0.0000,0.0000,0.0000,0.0000,7.6,0.6059
141,4.95e-04,0.9023,0.0000,0.0000,0.0000,0.0000,4.9,nan
142,4.95e-04,0.7231,0.0000,0.0000,0.0000,0.0000,4.8,nan
143,4.94e-04,0.7885,0.0000,0.0000,0.0000,0.0000,4.9,nan
144,4.94e-04,1.0549,0.0000,0.0000,0.0000,0.0000,4.9,nan
145,4.94e-04,1.1156,0.0000,0.0000,0.0000,0.0000,4.7,nan
146,4.94e-04,1.0114,0.0000,0.0000,0.0000,0.0000,4.9,nan
147,4.94e-04,0.9931,0.0000,0.0000,0.0000,0.0000,5.0,nan
148,4.94e-04,1.0080,0.0000,0.0000,0.0000,0.0000,5.1,nan
149,4.94e-04,0.8594,0.0000,0.0000,0.0000,0.0000,4.9,nan
150,4.94e-04,0.6245,0.0000,0.0000,0.0000,0.0000,5.0,nan
151,4.94e-04,0.7563,0.0000,0.0000,0.0000,0.0000,4.9,nan
152,4.94e-04,0.8542,0.0000,0.0000,0.0000,0.0000,4.9,nan
153,4.94e-04,0.9586,0.0000,0.0000,0.0000,0.0000,4.9,nan
154,4.94e-04,0.8121,0.0000,0.0000,0.0000,0.0000,4.9,nan
155,4.93e-04,0.7738,0.0000,0.0000,0.0000,0.0000,5.0,nan
156,4.93e-04,0.7695,0.0000,0.0000,0.0000,0.0000,5.0,nan
157,4.93e-04,1.1494,0.0000,0.0000,0.0000,0.0000,4.9,nan
158,4.93e-04,0.9731,0.0000,0.0000,0.0000,0.0000,4.9,nan
159,4.93e-04,0.8359,0.0000,0.0000,0.0000,0.0000,4.9,nan
160,4.93e-04,0.9108,0.0000,0.0000,0.0000,0.0000,7.5,0.5805
161,4.93e-04,1.2733,0.0000,0.0000,0.0000,0.0000,4.8,nan
162,4.93e-04,0.7947,0.0000,0.0000,0.0000,0.0000,5.0,nan
163,4.93e-04,1.0839,0.0000,0.0000,0.0000,0.0000,4.9,nan
164,4.93e-04,0.8453,0.0000,0.0000,0.0000,0.0000,5.0,nan
165,4.93e-04,1.2542,0.0000,0.0000,0.0000,0.0000,4.9,nan
166,4.92e-04,0.8763,0.0000,0.0000,0.0000,0.0000,4.8,nan
167,4.92e-04,0.9743,0.0000,0.0000,0.0000,0.0000,4.9,nan
168,4.92e-04,0.9963,0.0000,0.0000,0.0000,0.0000,4.9,nan
169,4.92e-04,0.8377,0.0000,0.0000,0.0000,0.0000,5.0,nan
170,4.92e-04,0.9027,0.0000,0.0000,0.0000,0.0000,5.0,nan
171,4.92e-04,0.8717,0.0000,0.0000,0.0000,0.0000,5.0,nan
172,4.92e-04,0.9294,0.0000,0.0000,0.0000,0.0000,5.0,nan
173,4.92e-04,0.7040,0.0000,0.0000,0.0000,0.0000,4.9,nan
174,4.92e-04,0.7333,0.0000,0.0000,0.0000,0.0000,4.8,nan
175,4.92e-04,0.8938,0.0000,0.0000,0.0000,0.0000,4.9,nan
176,4.91e-04,1.0763,0.0000,0.0000,0.0000,0.0000,4.8,nan
177,4.91e-04,0.6100,0.0000,0.0000,0.0000,0.0000,4.8,nan
178,4.91e-04,0.8149,0.0000,0.0000,0.0000,0.0000,4.9,nan
179,4.91e-04,1.0132,0.0000,0.0000,0.0000,0.0000,5.0,nan
180,4.91e-04,1.0188,0.0000,0.0000,0.0000,0.0000,7.8,0.5339
181,4.91e-04,0.8582,0.0000,0.0000,0.0000,0.0000,4.9,nan
182,4.91e-04,0.9363,0.0000,0.0000,0.0000,0.0000,4.9,nan
183,4.91e-04,1.2139,0.0000,0.0000,0.0000,0.0000,4.9,nan
184,4.91e-04,0.7131,0.0000,0.0000,0.0000,0.0000,4.9,nan
185,4.91e-04,1.3515,0.0000,0.0000,0.0000,0.0000,5.0,nan
186,4.90e-04,0.7056,0.0000,0.0000,0.0000,0.0000,4.9,nan
187,4.90e-04,1.0726,0.0000,0.0000,0.0000,0.0000,4.9,nan
188,4.90e-04,0.8406,0.0000,0.0000,0.0000,0.0000,4.9,nan
189,4.90e-04,0.9689,0.0000,0.0000,0.0000,0.0000,4.8,nan
190,4.90e-04,1.1745,0.0000,0.0000,0.0000,0.0000,4.7,nan
191,4.90e-04,0.9695,0.0000,0.0000,0.0000,0.0000,4.8,nan
192,4.90e-04,0.9723,0.0000,0.0000,0.0000,0.0000,4.8,nan
193,4.90e-04,0.7843,0.0000,0.0000,0.0000,0.0000,4.8,nan
194,4.90e-04,1.1602,0.0000,0.0000,0.0000,0.0000,5.0,nan
195,4.89e-04,0.8278,0.0000,0.0000,0.0000,0.0000,4.9,nan
196,4.89e-04,0.7715,0.0000,0.0000,0.0000,0.0000,5.0,nan
197,4.89e-04,1.1145,0.0000,0.0000,0.0000,0.0000,4.8,nan
198,4.89e-04,0.7863,0.0000,0.0000,0.0000,0.0000,4.9,nan
199,4.89e-04,1.0108,0.0000,0.0000,0.0000,0.0000,4.8,nan
200,4.89e-04,0.8075,0.0000,0.0000,0.0000,0.0000,7.8,0.5551
201,4.89e-04,0.9219,0.0000,0.0000,0.0000,0.0000,4.9,nan
202,4.89e-04,0.7836,0.0000,0.0000,0.0000,0.0000,5.0,nan
203,4.88e-04,0.9773,0.0000,0.0000,0.0000,0.0000,4.8,nan
204,4.88e-04,0.6114,0.0000,0.0000,0.0000,0.0000,4.9,nan
205,4.88e-04,0.6571,0.0000,0.0000,0.0000,0.0000,5.0,nan
206,4.88e-04,1.0891,0.0000,0.0000,0.0000,0.0000,4.9,nan
207,4.88e-04,0.6444,0.0000,0.0000,0.0000,0.0000,4.9,nan
208,4.88e-04,1.1190,0.0000,0.0000,0.0000,0.0000,4.8,nan
209,4.88e-04,0.7057,0.0000,0.0000,0.0000,0.0000,4.8,nan
210,4.88e-04,0.6700,0.0000,0.0000,0.0000,0.0000,4.7,nan
211,4.88e-04,0.7391,0.0000,0.0000,0.0000,0.0000,4.9,nan
212,4.87e-04,0.6825,0.0000,0.0000,0.0000,0.0000,4.9,nan
213,4.87e-04,0.9365,0.0000,0.0000,0.0000,0.0000,4.9,nan
214,4.87e-04,0.7486,0.0000,0.0000,0.0000,0.0000,4.8,nan
215,4.87e-04,0.7783,0.0000,0.0000,0.0000,0.0000,4.8,nan
216,4.87e-04,0.8028,0.0000,0.0000,0.0000,0.0000,4.9,nan
217,4.87e-04,0.7526,0.0000,0.0000,0.0000,0.0000,4.9,nan
218,4.87e-04,0.9218,0.0000,0.0000,0.0000,0.0000,5.0,nan
219,4.87e-04,0.8763,0.0000,0.0000,0.0000,0.0000,4.8,nan
220,4.86e-04,0.7225,0.0000,0.0000,0.0000,0.0000,7.4,0.6208
221,4.86e-04,0.8055,0.0000,0.0000,0.0000,0.0000,5.0,nan
222,4.86e-04,0.9545,0.0000,0.0000,0.0000,0.0000,4.9,nan
223,4.86e-04,0.8047,0.0000,0.0000,0.0000,0.0000,5.0,nan
224,4.86e-04,0.7774,0.0000,0.0000,0.0000,0.0000,4.8,nan
225,4.86e-04,0.9548,0.0000,0.0000,0.0000,0.0000,4.9,nan
226,4.86e-04,0.9857,0.0000,0.0000,0.0000,0.0000,4.9,nan
227,4.86e-04,0.7647,0.0000,0.0000,0.0000,0.0000,4.9,nan
228,4.85e-04,0.9364,0.0000,0.0000,0.0000,0.0000,4.8,nan
229,4.85e-04,0.8553,0.0000,0.0000,0.0000,0.0000,4.9,nan
230,4.85e-04,1.2712,0.0000,0.0000,0.0000,0.0000,4.8,nan
231,4.85e-04,1.0237,0.0000,0.0000,0.0000,0.0000,4.9,nan
232,4.85e-04,1.0333,0.0000,0.0000,0.0000,0.0000,5.0,nan
233,4.85e-04,0.7520,0.0000,0.0000,0.0000,0.0000,4.8,nan
234,4.85e-04,0.6930,0.0000,0.0000,0.0000,0.0000,4.8,nan
235,4.84e-04,0.8255,0.0000,0.0000,0.0000,0.0000,4.9,nan
236,4.84e-04,0.6601,0.0000,0.0000,0.0000,0.0000,4.9,nan
237,4.84e-04,0.6898,0.0000,0.0000,0.0000,0.0000,5.0,nan
238,4.84e-04,0.9087,0.0000,0.0000,0.0000,0.0000,4.9,nan
239,4.84e-04,0.9945,0.0000,0.0000,0.0000,0.0000,4.8,nan
240,4.84e-04,0.7778,0.0000,0.0000,0.0000,0.0000,7.4,0.5381
241,4.84e-04,0.7929,0.0000,0.0000,0.0000,0.0000,4.8,nan
242,4.83e-04,0.7555,0.0000,0.0000,0.0000,0.0000,4.9,nan
243,4.83e-04,0.8446,0.0000,0.0000,0.0000,0.0000,4.9,nan
244,4.83e-04,1.0122,0.0000,0.0000,0.0000,0.0000,4.9,nan
245,4.83e-04,0.9634,0.0000,0.0000,0.0000,0.0000,4.8,nan
246,4.83e-04,0.6200,0.0000,0.0000,0.0000,0.0000,4.8,nan
247,4.83e-04,0.6392,0.0000,0.0000,0.0000,0.0000,4.9,nan
248,4.83e-04,1.1586,0.0000,0.0000,0.0000,0.0000,4.9,nan
249,4.82e-04,0.9742,0.0000,0.0000,0.0000,0.0000,4.8,nan
250,4.82e-04,0.7054,0.0000,0.0000,0.0000,0.0000,4.9,nan
251,4.82e-04,0.9518,0.0000,0.0000,0.0000,0.0000,4.8,nan
252,4.82e-04,0.9337,0.0000,0.0000,0.0000,0.0000,4.9,nan
253,4.82e-04,1.1775,0.0000,0.0000,0.0000,0.0000,4.9,nan
254,4.82e-04,0.7945,0.0000,0.0000,0.0000,0.0000,4.9,nan
255,4.82e-04,1.1299,0.0000,0.0000,0.0000,0.0000,4.8,nan
256,4.81e-04,0.7804,0.0000,0.0000,0.0000,0.0000,5.0,nan
257,4.81e-04,0.7087,0.0000,0.0000,0.0000,0.0000,4.8,nan
258,4.81e-04,0.8769,0.0000,0.0000,0.0000,0.0000,4.9,nan
259,4.81e-04,0.9061,0.0000,0.0000,0.0000,0.0000,4.9,nan
260,4.81e-04,0.8945,0.0000,0.0000,0.0000,0.0000,7.5,0.5508
261,4.81e-04,0.9685,0.0000,0.0000,0.0000,0.0000,4.9,nan
262,4.81e-04,0.8641,0.0000,0.0000,0.0000,0.0000,4.9,nan
263,4.80e-04,0.8853,0.0000,0.0000,0.0000,0.0000,4.9,nan
264,4.80e-04,1.4338,0.0000,0.0000,0.0000,0.0000,4.9,nan
265,4.80e-04,0.9231,0.0000,0.0000,0.0000,0.0000,5.0,nan
266,4.80e-04,0.7978,0.0000,0.0000,0.0000,0.0000,4.8,nan
267,4.80e-04,0.9615,0.0000,0.0000,0.0000,0.0000,4.9,nan
268,4.80e-04,1.1203,0.0000,0.0000,0.0000,0.0000,4.8,nan
269,4.79e-04,0.8942,0.0000,0.0000,0.0000,0.0000,4.9,nan
270,4.79e-04,0.8857,0.0000,0.0000,0.0000,0.0000,4.9,nan
271,4.79e-04,0.4815,0.0000,0.0000,0.0000,0.0000,5.0,nan
272,4.79e-04,1.2047,0.0000,0.0000,0.0000,0.0000,4.9,nan
273,4.79e-04,0.9241,0.0000,0.0000,0.0000,0.0000,5.0,nan
274,4.79e-04,0.8458,0.0000,0.0000,0.0000,0.0000,4.8,nan
275,4.79e-04,0.8953,0.0000,0.0000,0.0000,0.0000,4.9,nan
276,4.78e-04,0.9262,0.0000,0.0000,0.0000,0.0000,4.9,nan
277,4.78e-04,0.6842,0.0000,0.0000,0.0000,0.0000,4.9,nan
278,4.78e-04,1.1115,0.0000,0.0000,0.0000,0.0000,4.7,nan
279,4.78e-04,0.9490,0.0000,0.0000,0.0000,0.0000,4.9,nan
280,4.78e-04,0.6257,0.0000,0.0000,0.0000,0.0000,7.7,0.6059
281,4.78e-04,1.2358,0.0000,0.0000,0.0000,0.0000,4.8,nan
282,4.77e-04,0.7472,0.0000,0.0000,0.0000,0.0000,5.0,nan
283,4.77e-04,0.6580,0.0000,0.0000,0.0000,0.0000,4.9,nan
284,4.77e-04,0.7400,0.0000,0.0000,0.0000,0.0000,4.8,nan
285,4.77e-04,1.1766,0.0000,0.0000,0.0000,0.0000,5.0,nan
286,4.77e-04,0.7166,0.0000,0.0000,0.0000,0.0000,4.9,nan
287,4.77e-04,0.7331,0.0000,0.0000,0.0000,0.0000,4.8,nan
288,4.76e-04,0.7261,0.0000,0.0000,0.0000,0.0000,4.9,nan
289,4.76e-04,1.1848,0.0000,0.0000,0.0000,0.0000,4.8,nan
290,4.76e-04,0.9862,0.0000,0.0000,0.0000,0.0000,4.8,nan
291,4.76e-04,0.8738,0.0000,0.0000,0.0000,0.0000,5.0,nan
292,4.76e-04,0.7074,0.0000,0.0000,0.0000,0.0000,4.8,nan
293,4.76e-04,0.9558,0.0000,0.0000,0.0000,0.0000,4.9,nan
294,4.75e-04,0.7378,0.0000,0.0000,0.0000,0.0000,4.7,nan
295,4.75e-04,0.8362,0.0000,0.0000,0.0000,0.0000,4.9,nan
296,4.75e-04,0.7658,0.0000,0.0000,0.0000,0.0000,4.8,nan
297,4.75e-04,0.6495,0.0000,0.0000,0.0000,0.0000,4.9,nan
298,4.75e-04,0.8234,0.0000,0.0000,0.0000,0.0000,4.9,nan
299,4.75e-04,0.8956,0.0000,0.0000,0.0000,0.0000,4.9,nan
300,4.74e-04,0.4639,0.0000,0.0000,0.0000,0.0000,7.4,0.5932
301,4.74e-04,0.7700,0.0000,0.0000,0.0000,0.0000,4.9,nan
302,4.74e-04,0.8940,0.0000,0.0000,0.0000,0.0000,4.9,nan
303,4.74e-04,0.8659,0.0000,0.0000,0.0000,0.0000,4.9,nan
304,4.74e-04,0.6092,0.0000,0.0000,0.0000,0.0000,4.8,nan
305,4.73e-04,0.7474,0.0000,0.0000,0.0000,0.0000,4.8,nan
306,4.73e-04,0.9251,0.0000,0.0000,0.0000,0.0000,5.0,nan
307,4.73e-04,1.0656,0.0000,0.0000,0.0000,0.0000,5.0,nan
308,4.73e-04,0.5874,0.0000,0.0000,0.0000,0.0000,4.9,nan
309,4.73e-04,0.9259,0.0000,0.0000,0.0000,0.0000,5.0,nan
310,4.73e-04,0.9140,0.0000,0.0000,0.0000,0.0000,4.9,nan
311,4.72e-04,0.9175,0.0000,0.0000,0.0000,0.0000,4.8,nan
312,4.72e-04,0.6366,0.0000,0.0000,0.0000,0.0000,4.8,nan
313,4.72e-04,0.4370,0.0000,0.0000,0.0000,0.0000,4.9,nan
314,4.72e-04,0.8770,0.0000,0.0000,0.0000,0.0000,4.9,nan
315,4.72e-04,0.9532,0.0000,0.0000,0.0000,0.0000,5.0,nan
316,4.72e-04,0.9274,0.0000,0.0000,0.0000,0.0000,4.9,nan
317,4.71e-04,1.2752,0.0000,0.0000,0.0000,0.0000,5.0,nan
318,4.71e-04,0.8284,0.0000,0.0000,0.0000,0.0000,4.8,nan
319,4.71e-04,0.8688,0.0000,0.0000,0.0000,0.0000,5.0,nan
320,4.71e-04,0.7598,0.0000,0.0000,0.0000,0.0000,7.6,0.5847
321,4.71e-04,0.7367,0.0000,0.0000,0.0000,0.0000,4.8,nan
322,4.70e-04,1.0107,0.0000,0.0000,0.0000,0.0000,4.9,nan
323,4.70e-04,0.5781,0.0000,0.0000,0.0000,0.0000,4.9,nan
324,4.70e-04,1.0863,0.0000,0.0000,0.0000,0.0000,4.9,nan
325,4.70e-04,1.0202,0.0000,0.0000,0.0000,0.0000,5.0,nan
326,4.70e-04,1.1282,0.0000,0.0000,0.0000,0.0000,4.8,nan
327,4.69e-04,0.8169,0.0000,0.0000,0.0000,0.0000,4.8,nan
328,4.69e-04,0.6229,0.0000,0.0000,0.0000,0.0000,4.9,nan
329,4.69e-04,0.8020,0.0000,0.0000,0.0000,0.0000,5.0,nan
330,4.69e-04,0.8907,0.0000,0.0000,0.0000,0.0000,4.9,nan
331,4.69e-04,1.1463,0.0000,0.0000,0.0000,0.0000,4.9,nan
332,4.69e-04,0.7758,0.0000,0.0000,0.0000,0.0000,4.9,nan
333,4.68e-04,0.6254,0.0000,0.0000,0.0000,0.0000,4.9,nan
334,4.68e-04,0.6720,0.0000,0.0000,0.0000,0.0000,4.9,nan
335,4.68e-04,1.1396,0.0000,0.0000,0.0000,0.0000,5.0,nan
336,4.68e-04,0.8971,0.0000,0.0000,0.0000,0.0000,4.9,nan
337,4.68e-04,0.8349,0.0000,0.0000,0.0000,0.0000,4.9,nan
338,4.67e-04,0.5574,0.0000,0.0000,0.0000,0.0000,4.9,nan
339,4.67e-04,0.9911,0.0000,0.0000,0.0000,0.0000,5.0,nan
340,4.67e-04,0.5352,0.0000,0.0000,0.0000,0.0000,7.4,0.5487
341,4.67e-04,0.7923,0.0000,0.0000,0.0000,0.0000,4.8,nan
342,4.67e-04,0.8969,0.0000,0.0000,0.0000,0.0000,4.9,nan
343,4.66e-04,0.6098,0.0000,0.0000,0.0000,0.0000,4.9,nan
344,4.66e-04,0.9038,0.0000,0.0000,0.0000,0.0000,4.9,nan
345,4.66e-04,0.7454,0.0000,0.0000,0.0000,0.0000,5.0,nan
346,4.66e-04,0.8553,0.0000,0.0000,0.0000,0.0000,4.9,nan
347,4.66e-04,0.7920,0.0000,0.0000,0.0000,0.0000,5.0,nan
348,4.65e-04,0.5162,0.0000,0.0000,0.0000,0.0000,4.9,nan
349,4.65e-04,0.8398,0.0000,0.0000,0.0000,0.0000,4.8,nan
350,4.65e-04,0.9327,0.0000,0.0000,0.0000,0.0000,4.8,nan
351,4.65e-04,0.8176,0.0000,0.0000,0.0000,0.0000,4.8,nan
352,4.65e-04,0.6378,0.0000,0.0000,0.0000,0.0000,4.8,nan
353,4.64e-04,1.1136,0.0000,0.0000,0.0000,0.0000,4.9,nan
354,4.64e-04,0.9415,0.0000,0.0000,0.0000,0.0000,4.9,nan
355,4.64e-04,0.6244,0.0000,0.0000,0.0000,0.0000,5.0,nan
356,4.64e-04,0.8718,0.0000,0.0000,0.0000,0.0000,4.8,nan
357,4.64e-04,0.5650,0.0000,0.0000,0.0000,0.0000,5.0,nan
358,4.63e-04,1.1473,0.0000,0.0000,0.0000,0.0000,5.0,nan
359,4.63e-04,0.7924,0.0000,0.0000,0.0000,0.0000,5.1,nan
360,4.63e-04,0.8310,0.0000,0.0000,0.0000,0.0000,7.9,0.5678
361,4.63e-04,0.7975,0.0000,0.0000,0.0000,0.0000,5.0,nan
362,4.63e-04,0.6528,0.0000,0.0000,0.0000,0.0000,4.9,nan
363,4.62e-04,0.9472,0.0000,0.0000,0.0000,0.0000,4.9,nan
364,4.62e-04,0.7994,0.0000,0.0000,0.0000,0.0000,4.9,nan
365,4.62e-04,0.8038,0.0000,0.0000,0.0000,0.0000,4.9,nan
366,4.62e-04,0.7650,0.0000,0.0000,0.0000,0.0000,5.0,nan
367,4.62e-04,0.7592,0.0000,0.0000,0.0000,0.0000,4.9,nan
368,4.61e-04,0.9688,0.0000,0.0000,0.0000,0.0000,4.8,nan
369,4.61e-04,1.1750,0.0000,0.0000,0.0000,0.0000,5.0,nan
370,4.61e-04,0.4798,0.0000,0.0000,0.0000,0.0000,4.8,nan
371,4.61e-04,0.6091,0.0000,0.0000,0.0000,0.0000,4.9,nan
372,4.60e-04,0.7276,0.0000,0.0000,0.0000,0.0000,5.1,nan
373,4.60e-04,0.6991,0.0000,0.0000,0.0000,0.0000,4.8,nan
374,4.60e-04,0.6668,0.0000,0.0000,0.0000,0.0000,5.0,nan
375,4.60e-04,0.8094,0.0000,0.0000,0.0000,0.0000,4.9,nan
376,4.60e-04,0.7926,0.0000,0.0000,0.0000,0.0000,4.9,nan
377,4.59e-04,0.8264,0.0000,0.0000,0.0000,0.0000,4.9,nan
378,4.59e-04,0.5854,0.0000,0.0000,0.0000,0.0000,5.0,nan
379,4.59e-04,0.7240,0.0000,0.0000,0.0000,0.0000,5.0,nan
380,4.59e-04,0.8720,0.0000,0.0000,0.0000,0.0000,7.6,0.5530
381,4.59e-04,0.9898,0.0000,0.0000,0.0000,0.0000,4.7,nan
382,4.58e-04,0.7736,0.0000,0.0000,0.0000,0.0000,4.8,nan
383,4.58e-04,0.9374,0.0000,0.0000,0.0000,0.0000,5.0,nan
384,4.58e-04,0.5907,0.0000,0.0000,0.0000,0.0000,5.1,nan
385,4.58e-04,1.0235,0.0000,0.0000,0.0000,0.0000,4.9,nan
386,4.57e-04,0.7320,0.0000,0.0000,0.0000,0.0000,5.0,nan
387,4.57e-04,0.9195,0.0000,0.0000,0.0000,0.0000,4.9,nan
388,4.57e-04,0.9837,0.0000,0.0000,0.0000,0.0000,5.0,nan
389,4.57e-04,0.9146,0.0000,0.0000,0.0000,0.0000,4.9,nan
390,4.57e-04,0.7664,0.0000,0.0000,0.0000,0.0000,5.0,nan
391,4.56e-04,0.6391,0.0000,0.0000,0.0000,0.0000,4.9,nan
392,4.56e-04,0.6997,0.0000,0.0000,0.0000,0.0000,4.9,nan
393,4.56e-04,0.9944,0.0000,0.0000,0.0000,0.0000,4.9,nan
394,4.56e-04,0.9626,0.0000,0.0000,0.0000,0.0000,5.0,nan
395,4.55e-04,0.8929,0.0000,0.0000,0.0000,0.0000,4.9,nan
396,4.55e-04,1.0016,0.0000,0.0000,0.0000,0.0000,4.9,nan
397,4.55e-04,1.1056,0.0000,0.0000,0.0000,0.0000,4.9,nan
398,4.55e-04,0.8292,0.0000,0.0000,0.0000,0.0000,5.0,nan
399,4.55e-04,0.5913,0.0000,0.0000,0.0000,0.0000,4.8,nan
400,4.54e-04,0.6326,0.0000,0.0000,0.0000,0.0000,7.6,0.5720
401,4.54e-04,0.6804,0.0000,0.0000,0.0000,0.0000,4.9,nan
402,4.54e-04,0.9771,0.0000,0.0000,0.0000,0.0000,4.9,nan
403,4.54e-04,0.6737,0.0000,0.0000,0.0000,0.0000,4.9,nan
404,4.53e-04,0.7313,0.0000,0.0000,0.0000,0.0000,4.8,nan
405,4.53e-04,0.5027,0.0000,0.0000,0.0000,0.0000,4.9,nan
406,4.53e-04,1.1309,0.0000,0.0000,0.0000,0.0000,5.0,nan
407,4.53e-04,0.9973,0.0000,0.0000,0.0000,0.0000,5.0,nan
408,4.53e-04,0.4769,0.0000,0.0000,0.0000,0.0000,4.9,nan
409,4.52e-04,0.6051,0.0000,0.0000,0.0000,0.0000,4.8,nan
410,4.52e-04,0.7027,0.0000,0.0000,0.0000,0.0000,4.9,nan
411,4.52e-04,0.8707,0.0000,0.0000,0.0000,0.0000,4.7,nan
412,4.52e-04,0.5454,0.0000,0.0000,0.0000,0.0000,4.8,nan
413,4.51e-04,0.9389,0.0000,0.0000,0.0000,0.0000,4.9,nan
414,4.51e-04,0.7543,0.0000,0.0000,0.0000,0.0000,5.0,nan
415,4.51e-04,1.0529,0.0000,0.0000,0.0000,0.0000,4.9,nan
416,4.51e-04,1.0334,0.0000,0.0000,0.0000,0.0000,4.8,nan
417,4.50e-04,0.3530,0.0000,0.0000,0.0000,0.0000,4.8,nan
418,4.50e-04,0.8377,0.0000,0.0000,0.0000,0.0000,5.0,nan
419,4.50e-04,0.9239,0.0000,0.0000,0.0000,0.0000,4.8,nan
420,4.50e-04,0.8875,0.0000,0.0000,0.0000,0.0000,7.8,0.6335
421,4.49e-04,0.8527,0.0000,0.0000,0.0000,0.0000,4.8,nan
422,4.49e-04,0.8398,0.0000,0.0000,0.0000,0.0000,4.9,nan
423,4.49e-04,1.2117,0.0000,0.0000,0.0000,0.0000,4.9,nan
424,4.49e-04,0.9697,0.0000,0.0000,0.0000,0.0000,4.8,nan
425,4.49e-04,1.0679,0.0000,0.0000,0.0000,0.0000,5.0,nan
426,4.48e-04,0.7145,0.0000,0.0000,0.0000,0.0000,4.9,nan
427,4.48e-04,0.6616,0.0000,0.0000,0.0000,0.0000,4.8,nan
428,4.48e-04,0.7695,0.0000,0.0000,0.0000,0.0000,5.0,nan
429,4.48e-04,0.8895,0.0000,0.0000,0.0000,0.0000,4.8,nan
430,4.47e-04,0.8545,0.0000,0.0000,0.0000,0.0000,5.0,nan
431,4.47e-04,0.6292,0.0000,0.0000,0.0000,0.0000,4.9,nan
432,4.47e-04,0.7910,0.0000,0.0000,0.0000,0.0000,4.9,nan
433,4.47e-04,0.6561,0.0000,0.0000,0.0000,0.0000,4.9,nan
434,4.46e-04,0.9795,0.0000,0.0000,0.0000,0.0000,4.9,nan
435,4.46e-04,0.9690,0.0000,0.0000,0.0000,0.0000,4.9,nan
436,4.46e-04,0.7872,0.0000,0.0000,0.0000,0.0000,4.9,nan
437,4.46e-04,0.8870,0.0000,0.0000,0.0000,0.0000,5.0,nan
438,4.45e-04,0.6097,0.0000,0.0000,0.0000,0.0000,4.9,nan
439,4.45e-04,0.8044,0.0000,0.0000,0.0000,0.0000,5.2,nan
440,4.45e-04,0.8947,0.0000,0.0000,0.0000,0.0000,7.4,0.6356
441,4.45e-04,0.8625,0.0000,0.0000,0.0000,0.0000,4.9,nan
442,4.44e-04,0.7450,0.0000,0.0000,0.0000,0.0000,4.9,nan
443,4.44e-04,0.7377,0.0000,0.0000,0.0000,0.0000,4.9,nan
444,4.44e-04,0.8229,0.0000,0.0000,0.0000,0.0000,5.0,nan
445,4.44e-04,0.8098,0.0000,0.0000,0.0000,0.0000,4.9,nan
446,4.43e-04,0.9764,0.0000,0.0000,0.0000,0.0000,4.8,nan
447,4.43e-04,1.1308,0.0000,0.0000,0.0000,0.0000,4.9,nan
448,4.43e-04,0.7656,0.0000,0.0000,0.0000,0.0000,4.9,nan
449,4.43e-04,0.6805,0.0000,0.0000,0.0000,0.0000,5.0,nan
450,4.42e-04,0.6336,0.0000,0.0000,0.0000,0.0000,5.0,nan
451,4.42e-04,0.9767,0.0000,0.0000,0.0000,0.0000,4.9,nan
452,4.42e-04,0.6996,0.0000,0.0000,0.0000,0.0000,4.9,nan
453,4.42e-04,0.6173,0.0000,0.0000,0.0000,0.0000,4.9,nan
454,4.41e-04,0.5846,0.0000,0.0000,0.0000,0.0000,4.9,nan
455,4.41e-04,0.8773,0.0000,0.0000,0.0000,0.0000,4.8,nan
456,4.41e-04,0.7980,0.0000,0.0000,0.0000,0.0000,4.9,nan
457,4.41e-04,0.8402,0.0000,0.0000,0.0000,0.0000,4.7,nan
458,4.40e-04,0.7243,0.0000,0.0000,0.0000,0.0000,4.9,nan
459,4.40e-04,0.9319,0.0000,0.0000,0.0000,0.0000,4.9,nan
460,4.40e-04,0.7703,0.0000,0.0000,0.0000,0.0000,7.3,0.5720
461,4.40e-04,0.7982,0.0000,0.0000,0.0000,0.0000,5.0,nan
462,4.39e-04,0.9436,0.0000,0.0000,0.0000,0.0000,4.8,nan
463,4.39e-04,0.7683,0.0000,0.0000,0.0000,0.0000,5.0,nan
464,4.39e-04,0.9156,0.0000,0.0000,0.0000,0.0000,4.8,nan
465,4.39e-04,0.9243,0.0000,0.0000,0.0000,0.0000,4.9,nan
466,4.38e-04,0.7570,0.0000,0.0000,0.0000,0.0000,4.9,nan
467,4.38e-04,0.7112,0.0000,0.0000,0.0000,0.0000,4.9,nan
468,4.38e-04,0.5591,0.0000,0.0000,0.0000,0.0000,4.9,nan
469,4.38e-04,0.9064,0.0000,0.0000,0.0000,0.0000,4.8,nan
470,4.37e-04,0.8072,0.0000,0.0000,0.0000,0.0000,4.8,nan
471,4.37e-04,1.0356,0.0000,0.0000,0.0000,0.0000,4.8,nan
472,4.37e-04,0.6802,0.0000,0.0000,0.0000,0.0000,4.9,nan
473,4.37e-04,1.0387,0.0000,0.0000,0.0000,0.0000,4.9,nan
474,4.36e-04,0.9756,0.0000,0.0000,0.0000,0.0000,4.9,nan
475,4.36e-04,0.6591,0.0000,0.0000,0.0000,0.0000,4.9,nan
476,4.36e-04,0.7866,0.0000,0.0000,0.0000,0.0000,5.0,nan
477,4.35e-04,0.9830,0.0000,0.0000,0.0000,0.0000,4.9,nan
478,4.35e-04,0.6911,0.0000,0.0000,0.0000,0.0000,4.9,nan
479,4.35e-04,1.1804,0.0000,0.0000,0.0000,0.0000,4.9,nan
480,4.35e-04,0.7368,0.0000,0.0000,0.0000,0.0000,7.6,0.5742
481,4.34e-04,0.8761,0.0000,0.0000,0.0000,0.0000,4.8,nan
482,4.34e-04,0.7810,0.0000,0.0000,0.0000,0.0000,5.0,nan
483,4.34e-04,0.7701,0.0000,0.0000,0.0000,0.0000,4.9,nan
484,4.34e-04,0.7602,0.0000,0.0000,0.0000,0.0000,4.9,nan
485,4.33e-04,0.7914,0.0000,0.0000,0.0000,0.0000,4.9,nan
486,4.33e-04,0.9585,0.0000,0.0000,0.0000,0.0000,4.9,nan
487,4.33e-04,0.8955,0.0000,0.0000,0.0000,0.0000,4.8,nan
488,4.33e-04,0.8608,0.0000,0.0000,0.0000,0.0000,4.8,nan
489,4.32e-04,1.1389,0.0000,0.0000,0.0000,0.0000,4.9,nan
490,4.32e-04,0.7567,0.0000,0.0000,0.0000,0.0000,5.0,nan
491,4.32e-04,0.6327,0.0000,0.0000,0.0000,0.0000,4.8,nan
492,4.31e-04,0.6900,0.0000,0.0000,0.0000,0.0000,4.9,nan
493,4.31e-04,0.9285,0.0000,0.0000,0.0000,0.0000,4.8,nan
494,4.31e-04,1.0272,0.0000,0.0000,0.0000,0.0000,4.9,nan
495,4.31e-04,0.6200,0.0000,0.0000,0.0000,0.0000,4.8,nan
496,4.30e-04,0.7437,0.0000,0.0000,0.0000,0.0000,4.9,nan
497,4.30e-04,0.8404,0.0000,0.0000,0.0000,0.0000,4.8,nan
498,4.30e-04,0.7317,0.0000,0.0000,0.0000,0.0000,5.0,nan
499,4.30e-04,0.9126,0.0000,0.0000,0.0000,0.0000,4.8,nan
500,4.29e-04,1.0947,0.0000,0.0000,0.0000,0.0000,7.6,0.5318
501,4.29e-04,0.9284,0.0000,0.0000,0.0000,0.0000,4.8,nan
502,4.29e-04,0.5426,0.0000,0.0000,0.0000,0.0000,5.0,nan
503,4.29e-04,0.8670,0.0000,0.0000,0.0000,0.0000,5.0,nan
504,4.28e-04,0.6571,0.0000,0.0000,0.0000,0.0000,4.8,nan
505,4.28e-04,0.7888,0.0000,0.0000,0.0000,0.0000,4.9,nan
506,4.28e-04,0.6748,0.0000,0.0000,0.0000,0.0000,4.9,nan
507,4.27e-04,0.7135,0.0000,0.0000,0.0000,0.0000,5.0,nan
508,4.27e-04,0.7490,0.0000,0.0000,0.0000,0.0000,4.8,nan
509,4.27e-04,1.0851,0.0000,0.0000,0.0000,0.0000,4.8,nan
510,4.27e-04,0.7831,0.0000,0.0000,0.0000,0.0000,4.9,nan
511,4.26e-04,0.5522,0.0000,0.0000,0.0000,0.0000,4.9,nan
512,4.26e-04,0.9535,0.0000,0.0000,0.0000,0.0000,4.9,nan
513,4.26e-04,1.0360,0.0000,0.0000,0.0000,0.0000,4.9,nan
514,4.25e-04,1.0934,0.0000,0.0000,0.0000,0.0000,4.9,nan
515,4.25e-04,0.5909,0.0000,0.0000,0.0000,0.0000,4.9,nan
516,4.25e-04,0.7501,0.0000,0.0000,0.0000,0.0000,4.9,nan
517,4.25e-04,0.9759,0.0000,0.0000,0.0000,0.0000,5.0,nan
518,4.24e-04,0.4292,0.0000,0.0000,0.0000,0.0000,4.9,nan
519,4.24e-04,1.1767,0.0000,0.0000,0.0000,0.0000,4.8,nan
520,4.24e-04,0.7404,0.0000,0.0000,0.0000,0.0000,7.6,0.6653
521,4.23e-04,0.9869,0.0000,0.0000,0.0000,0.0000,4.9,nan
522,4.23e-04,0.6904,0.0000,0.0000,0.0000,0.0000,4.9,nan
523,4.23e-04,0.7219,0.0000,0.0000,0.0000,0.0000,4.9,nan
524,4.23e-04,0.7239,0.0000,0.0000,0.0000,0.0000,4.9,nan
525,4.22e-04,1.2596,0.0000,0.0000,0.0000,0.0000,4.9,nan
526,4.22e-04,1.0530,0.0000,0.0000,0.0000,0.0000,5.0,nan
527,4.22e-04,0.9070,0.0000,0.0000,0.0000,0.0000,4.9,nan
528,4.21e-04,0.8523,0.0000,0.0000,0.0000,0.0000,4.9,nan
529,4.21e-04,0.7569,0.0000,0.0000,0.0000,0.0000,4.9,nan
530,4.21e-04,0.7455,0.0000,0.0000,0.0000,0.0000,4.7,nan
531,4.21e-04,0.7897,0.0000,0.0000,0.0000,0.0000,4.9,nan
532,4.20e-04,0.7417,0.0000,0.0000,0.0000,0.0000,4.9,nan
533,4.20e-04,1.0646,0.0000,0.0000,0.0000,0.0000,4.9,nan
534,4.20e-04,0.8485,0.0000,0.0000,0.0000,0.0000,5.2,nan
535,4.19e-04,0.8233,0.0000,0.0000,0.0000,0.0000,5.1,nan
536,4.19e-04,0.5477,0.0000,0.0000,0.0000,0.0000,5.0,nan
537,4.19e-04,0.6223,0.0000,0.0000,0.0000,0.0000,5.0,nan
538,4.19e-04,0.7592,0.0000,0.0000,0.0000,0.0000,4.8,nan
539,4.18e-04,0.7559,0.0000,0.0000,0.0000,0.0000,4.9,nan
540,4.18e-04,0.4194,0.0000,0.0000,0.0000,0.0000,7.3,0.6674
541,4.18e-04,0.9772,0.0000,0.0000,0.0000,0.0000,4.8,nan
542,4.17e-04,0.5445,0.0000,0.0000,0.0000,0.0000,4.9,nan
543,4.17e-04,0.8076,0.0000,0.0000,0.0000,0.0000,4.9,nan
544,4.17e-04,0.7704,0.0000,0.0000,0.0000,0.0000,4.9,nan
545,4.17e-04,0.5457,0.0000,0.0000,0.0000,0.0000,4.9,nan
546,4.16e-04,0.7474,0.0000,0.0000,0.0000,0.0000,4.9,nan
547,4.16e-04,0.6240,0.0000,0.0000,0.0000,0.0000,4.9,nan
548,4.16e-04,0.7748,0.0000,0.0000,0.0000,0.0000,4.9,nan
549,4.15e-04,0.8613,0.0000,0.0000,0.0000,0.0000,4.8,nan
550,4.15e-04,1.0054,0.0000,0.0000,0.0000,0.0000,4.9,nan
551,4.15e-04,0.7839,0.0000,0.0000,0.0000,0.0000,4.8,nan
552,4.15e-04,0.5433,0.0000,0.0000,0.0000,0.0000,4.9,nan
553,4.14e-04,0.6600,0.0000,0.0000,0.0000,0.0000,4.8,nan
554,4.14e-04,0.8063,0.0000,0.0000,0.0000,0.0000,4.9,nan
555,4.14e-04,0.7388,0.0000,0.0000,0.0000,0.0000,5.0,nan
556,4.13e-04,0.7816,0.0000,0.0000,0.0000,0.0000,5.0,nan
557,4.13e-04,0.6326,0.0000,0.0000,0.0000,0.0000,4.9,nan
558,4.13e-04,0.7223,0.0000,0.0000,0.0000,0.0000,4.9,nan
559,4.12e-04,0.8025,0.0000,0.0000,0.0000,0.0000,4.8,nan
560,4.12e-04,0.7331,0.0000,0.0000,0.0000,0.0000,7.6,0.5508
561,4.12e-04,0.7303,0.0000,0.0000,0.0000,0.0000,4.7,nan
562,4.12e-04,0.8116,0.0000,0.0000,0.0000,0.0000,4.9,nan
563,4.11e-04,0.5967,0.0000,0.0000,0.0000,0.0000,5.0,nan
564,4.11e-04,0.7221,0.0000,0.0000,0.0000,0.0000,4.7,nan
565,4.11e-04,0.9605,0.0000,0.0000,0.0000,0.0000,4.9,nan
566,4.10e-04,0.7724,0.0000,0.0000,0.0000,0.0000,4.9,nan
567,4.10e-04,0.5591,0.0000,0.0000,0.0000,0.0000,4.9,nan
568,4.10e-04,0.6187,0.0000,0.0000,0.0000,0.0000,4.8,nan
569,4.09e-04,0.7234,0.0000,0.0000,0.0000,0.0000,4.9,nan
570,4.09e-04,0.9890,0.0000,0.0000,0.0000,0.0000,4.8,nan
571,4.09e-04,0.6983,0.0000,0.0000,0.0000,0.0000,5.0,nan
572,4.09e-04,0.7905,0.0000,0.0000,0.0000,0.0000,4.8,nan
573,4.08e-04,1.1346,0.0000,0.0000,0.0000,0.0000,4.9,nan
574,4.08e-04,0.8164,0.0000,0.0000,0.0000,0.0000,4.9,nan
575,4.08e-04,0.6695,0.0000,0.0000,0.0000,0.0000,4.9,nan
576,4.07e-04,0.8263,0.0000,0.0000,0.0000,0.0000,4.9,nan
577,4.07e-04,0.7709,0.0000,0.0000,0.0000,0.0000,4.9,nan
578,4.07e-04,0.6769,0.0000,0.0000,0.0000,0.0000,4.7,nan
579,4.06e-04,0.6082,0.0000,0.0000,0.0000,0.0000,4.8,nan
580,4.06e-04,0.7180,0.0000,0.0000,0.0000,0.0000,7.6,0.5720
581,4.06e-04,0.6702,0.0000,0.0000,0.0000,0.0000,4.8,nan
582,4.05e-04,0.7379,0.0000,0.0000,0.0000,0.0000,5.0,nan
583,4.05e-04,1.0961,0.0000,0.0000,0.0000,0.0000,5.0,nan
584,4.05e-04,0.5495,0.0000,0.0000,0.0000,0.0000,4.9,nan
585,4.05e-04,0.7657,0.0000,0.0000,0.0000,0.0000,4.9,nan
586,4.04e-04,0.6953,0.0000,0.0000,0.0000,0.0000,5.0,nan
587,4.04e-04,1.2245,0.0000,0.0000,0.0000,0.0000,4.8,nan
588,4.04e-04,0.7244,0.0000,0.0000,0.0000,0.0000,4.9,nan
589,4.03e-04,0.7587,0.0000,0.0000,0.0000,0.0000,4.8,nan
590,4.03e-04,0.6771,0.0000,0.0000,0.0000,0.0000,4.8,nan
591,4.03e-04,0.8382,0.0000,0.0000,0.0000,0.0000,4.8,nan
592,4.02e-04,0.5478,0.0000,0.0000,0.0000,0.0000,4.8,nan
593,4.02e-04,0.7344,0.0000,0.0000,0.0000,0.0000,5.0,nan
594,4.02e-04,0.8086,0.0000,0.0000,0.0000,0.0000,4.9,nan
595,4.01e-04,0.6877,0.0000,0.0000,0.0000,0.0000,4.9,nan
596,4.01e-04,0.9264,0.0000,0.0000,0.0000,0.0000,5.0,nan
597,4.01e-04,0.7083,0.0000,0.0000,0.0000,0.0000,4.8,nan
598,4.01e-04,0.9280,0.0000,0.0000,0.0000,0.0000,4.9,nan
599,4.00e-04,0.7981,0.0000,0.0000,0.0000,0.0000,4.8,nan
600,4.00e-04,0.4989,0.0000,0.0000,0.0000,0.0000,7.5,0.6250
601,4.00e-04,0.6943,0.0000,0.0000,0.0000,0.0000,4.9,nan
602,3.99e-04,0.7368,0.0000,0.0000,0.0000,0.0000,4.9,nan
603,3.99e-04,0.7175,0.0000,0.0000,0.0000,0.0000,4.9,nan
604,3.99e-04,0.7946,0.0000,0.0000,0.0000,0.0000,4.9,nan
605,3.98e-04,0.5199,0.0000,0.0000,0.0000,0.0000,4.9,nan
606,3.98e-04,0.5550,0.0000,0.0000,0.0000,0.0000,4.9,nan
607,3.98e-04,0.8945,0.0000,0.0000,0.0000,0.0000,5.0,nan
608,3.97e-04,0.4683,0.0000,0.0000,0.0000,0.0000,4.8,nan
609,3.97e-04,1.0912,0.0000,0.0000,0.0000,0.0000,4.7,nan
610,3.97e-04,0.5513,0.0000,0.0000,0.0000,0.0000,4.9,nan
611,3.96e-04,1.1597,0.0000,0.0000,0.0000,0.0000,4.8,nan
612,3.96e-04,0.7664,0.0000,0.0000,0.0000,0.0000,4.9,nan
613,3.96e-04,0.8744,0.0000,0.0000,0.0000,0.0000,5.0,nan
614,3.95e-04,0.7876,0.0000,0.0000,0.0000,0.0000,4.8,nan
615,3.95e-04,0.8729,0.0000,0.0000,0.0000,0.0000,4.9,nan
616,3.95e-04,0.8152,0.0000,0.0000,0.0000,0.0000,4.9,nan
617,3.95e-04,0.7171,0.0000,0.0000,0.0000,0.0000,5.0,nan
618,3.94e-04,0.8045,0.0000,0.0000,0.0000,0.0000,4.8,nan
619,3.94e-04,0.5924,0.0000,0.0000,0.0000,0.0000,4.9,nan
620,3.94e-04,0.7601,0.0000,0.0000,0.0000,0.0000,7.8,0.6250
621,3.93e-04,0.5151,0.0000,0.0000,0.0000,0.0000,4.9,nan
622,3.93e-04,0.7404,0.0000,0.0000,0.0000,0.0000,4.9,nan
623,3.93e-04,0.6799,0.0000,0.0000,0.0000,0.0000,4.9,nan
624,3.92e-04,0.6816,0.0000,0.0000,0.0000,0.0000,4.9,nan
625,3.92e-04,0.6461,0.0000,0.0000,0.0000,0.0000,4.9,nan
626,3.92e-04,0.7834,0.0000,0.0000,0.0000,0.0000,5.0,nan
627,3.91e-04,0.7996,0.0000,0.0000,0.0000,0.0000,4.8,nan
628,3.91e-04,0.6538,0.0000,0.0000,0.0000,0.0000,4.9,nan
629,3.91e-04,0.8594,0.0000,0.0000,0.0000,0.0000,4.8,nan
630,3.90e-04,0.8252,0.0000,0.0000,0.0000,0.0000,4.9,nan
631,3.90e-04,0.7965,0.0000,0.0000,0.0000,0.0000,4.9,nan
632,3.90e-04,0.4842,0.0000,0.0000,0.0000,0.0000,4.9,nan
633,3.89e-04,0.7801,0.0000,0.0000,0.0000,0.0000,5.0,nan
634,3.89e-04,0.7164,0.0000,0.0000,0.0000,0.0000,4.9,nan
635,3.89e-04,0.6860,0.0000,0.0000,0.0000,0.0000,4.8,nan
636,3.88e-04,0.5556,0.0000,0.0000,0.0000,0.0000,4.8,nan
637,3.88e-04,0.7199,0.0000,0.0000,0.0000,0.0000,4.9,nan
638,3.88e-04,0.6867,0.0000,0.0000,0.0000,0.0000,4.8,nan
639,3.87e-04,0.8159,0.0000,0.0000,0.0000,0.0000,4.9,nan
640,3.87e-04,1.0004,0.0000,0.0000,0.0000,0.0000,7.5,0.6165
641,3.87e-04,0.9546,0.0000,0.0000,0.0000,0.0000,4.8,nan
642,3.86e-04,0.7210,0.0000,0.0000,0.0000,0.0000,4.9,nan
643,3.86e-04,0.6644,0.0000,0.0000,0.0000,0.0000,4.8,nan
644,3.86e-04,0.7112,0.0000,0.0000,0.0000,0.0000,4.9,nan
645,3.85e-04,0.6694,0.0000,0.0000,0.0000,0.0000,4.8,nan
646,3.85e-04,0.5208,0.0000,0.0000,0.0000,0.0000,4.9,nan
647,3.85e-04,0.9246,0.0000,0.0000,0.0000,0.0000,4.8,nan
648,3.84e-04,0.6784,0.0000,0.0000,0.0000,0.0000,4.9,nan
649,3.84e-04,0.5992,0.0000,0.0000,0.0000,0.0000,4.8,nan
650,3.84e-04,0.6127,0.0000,0.0000,0.0000,0.0000,4.8,nan
651,3.83e-04,0.5964,0.0000,0.0000,0.0000,0.0000,5.0,nan
652,3.83e-04,0.4237,0.0000,0.0000,0.0000,0.0000,4.9,nan
653,3.83e-04,0.7236,0.0000,0.0000,0.0000,0.0000,4.8,nan
654,3.82e-04,0.4846,0.0000,0.0000,0.0000,0.0000,4.9,nan
655,3.82e-04,0.6994,0.0000,0.0000,0.0000,0.0000,4.9,nan
656,3.82e-04,0.6533,0.0000,0.0000,0.0000,0.0000,5.0,nan
657,3.81e-04,0.7503,0.0000,0.0000,0.0000,0.0000,5.0,nan
658,3.81e-04,0.9749,0.0000,0.0000,0.0000,0.0000,5.0,nan
659,3.81e-04,0.7432,0.0000,0.0000,0.0000,0.0000,5.1,nan
660,3.80e-04,1.1680,0.0000,0.0000,0.0000,0.0000,9.5,0.5763
661,3.80e-04,0.7285,0.0000,0.0000,0.0000,0.0000,5.1,nan
662,3.80e-04,0.6756,0.0000,0.0000,0.0000,0.0000,5.0,nan
663,3.79e-04,0.7239,0.0000,0.0000,0.0000,0.0000,4.9,nan
664,3.79e-04,0.6646,0.0000,0.0000,0.0000,0.0000,5.0,nan
665,3.79e-04,0.6996,0.0000,0.0000,0.0000,0.0000,4.8,nan
666,3.78e-04,0.6135,0.0000,0.0000,0.0000,0.0000,4.8,nan
667,3.78e-04,0.6164,0.0000,0.0000,0.0000,0.0000,4.9,nan
668,3.78e-04,0.7525,0.0000,0.0000,0.0000,0.0000,4.9,nan
669,3.77e-04,0.9323,0.0000,0.0000,0.0000,0.0000,4.8,nan
670,3.77e-04,0.6884,0.0000,0.0000,0.0000,0.0000,4.9,nan
671,3.77e-04,0.7296,0.0000,0.0000,0.0000,0.0000,4.9,nan
672,3.76e-04,0.7868,0.0000,0.0000,0.0000,0.0000,5.0,nan
673,3.76e-04,0.6317,0.0000,0.0000,0.0000,0.0000,4.8,nan
674,3.76e-04,1.1842,0.0000,0.0000,0.0000,0.0000,4.9,nan
675,3.75e-04,0.8185,0.0000,0.0000,0.0000,0.0000,4.9,nan
676,3.75e-04,0.6914,0.0000,0.0000,0.0000,0.0000,4.9,nan
677,3.75e-04,0.8637,0.0000,0.0000,0.0000,0.0000,4.8,nan
678,3.74e-04,0.7725,0.0000,0.0000,0.0000,0.0000,4.9,nan
679,3.74e-04,0.8482,0.0000,0.0000,0.0000,0.0000,4.9,nan
680,3.74e-04,0.7422,0.0000,0.0000,0.0000,0.0000,7.6,0.6144
681,3.73e-04,0.5266,0.0000,0.0000,0.0000,0.0000,5.0,nan
682,3.73e-04,0.8708,0.0000,0.0000,0.0000,0.0000,4.8,nan
683,3.73e-04,0.5661,0.0000,0.0000,0.0000,0.0000,5.0,nan
684,3.72e-04,0.5852,0.0000,0.0000,0.0000,0.0000,4.8,nan
685,3.72e-04,0.8959,0.0000,0.0000,0.0000,0.0000,4.8,nan
686,3.72e-04,0.8437,0.0000,0.0000,0.0000,0.0000,5.0,nan
687,3.71e-04,0.5310,0.0000,0.0000,0.0000,0.0000,4.9,nan
688,3.71e-04,0.8293,0.0000,0.0000,0.0000,0.0000,4.9,nan
689,3.71e-04,0.8249,0.0000,0.0000,0.0000,0.0000,4.9,nan
690,3.70e-04,0.9543,0.0000,0.0000,0.0000,0.0000,4.9,nan
691,3.70e-04,0.6764,0.0000,0.0000,0.0000,0.0000,4.9,nan
692,3.70e-04,0.6758,0.0000,0.0000,0.0000,0.0000,4.9,nan
693,3.69e-04,0.8084,0.0000,0.0000,0.0000,0.0000,4.7,nan
694,3.69e-04,0.5799,0.0000,0.0000,0.0000,0.0000,5.1,nan
695,3.69e-04,0.7743,0.0000,0.0000,0.0000,0.0000,4.9,nan
696,3.68e-04,0.8915,0.0000,0.0000,0.0000,0.0000,4.9,nan
697,3.68e-04,0.7070,0.0000,0.0000,0.0000,0.0000,4.9,nan
698,3.68e-04,0.6717,0.0000,0.0000,0.0000,0.0000,5.0,nan
699,3.67e-04,0.9509,0.0000,0.0000,0.0000,0.0000,4.7,nan
700,3.67e-04,0.9067,0.0000,0.0000,0.0000,0.0000,7.5,0.6292
701,3.66e-04,0.8173,0.0000,0.0000,0.0000,0.0000,5.0,nan
702,3.66e-04,0.4772,0.0000,0.0000,0.0000,0.0000,5.0,nan
703,3.66e-04,0.6412,0.0000,0.0000,0.0000,0.0000,4.8,nan
704,3.65e-04,0.7597,0.0000,0.0000,0.0000,0.0000,4.9,nan
705,3.65e-04,0.7626,0.0000,0.0000,0.0000,0.0000,5.0,nan
706,3.65e-04,0.7042,0.0000,0.0000,0.0000,0.0000,5.0,nan
707,3.64e-04,0.5708,0.0000,0.0000,0.0000,0.0000,4.8,nan
708,3.64e-04,0.6618,0.0000,0.0000,0.0000,0.0000,4.8,nan
709,3.64e-04,1.1255,0.0000,0.0000,0.0000,0.0000,4.9,nan
710,3.63e-04,0.5046,0.0000,0.0000,0.0000,0.0000,4.9,nan
711,3.63e-04,0.5771,0.0000,0.0000,0.0000,0.0000,4.9,nan
712,3.63e-04,0.6862,0.0000,0.0000,0.0000,0.0000,5.0,nan
713,3.62e-04,0.8108,0.0000,0.0000,0.0000,0.0000,4.8,nan
714,3.62e-04,0.7618,0.0000,0.0000,0.0000,0.0000,4.8,nan
715,3.62e-04,1.0606,0.0000,0.0000,0.0000,0.0000,4.8,nan
716,3.61e-04,0.6398,0.0000,0.0000,0.0000,0.0000,4.9,nan
717,3.61e-04,0.8402,0.0000,0.0000,0.0000,0.0000,5.0,nan
718,3.61e-04,0.8551,0.0000,0.0000,0.0000,0.0000,4.8,nan
719,3.60e-04,1.1012,0.0000,0.0000,0.0000,0.0000,4.8,nan
720,3.60e-04,0.8319,0.0000,0.0000,0.0000,0.0000,7.7,0.6419
721,3.59e-04,0.8365,0.0000,0.0000,0.0000,0.0000,4.9,nan
722,3.59e-04,0.7467,0.0000,0.0000,0.0000,0.0000,4.9,nan
723,3.59e-04,0.3992,0.0000,0.0000,0.0000,0.0000,5.0,nan
724,3.58e-04,0.7472,0.0000,0.0000,0.0000,0.0000,4.8,nan
725,3.58e-04,0.9992,0.0000,0.0000,0.0000,0.0000,5.0,nan
726,3.58e-04,0.7882,0.0000,0.0000,0.0000,0.0000,4.9,nan
727,3.57e-04,0.6912,0.0000,0.0000,0.0000,0.0000,5.0,nan
728,3.57e-04,0.4894,0.0000,0.0000,0.0000,0.0000,4.8,nan
729,3.57e-04,0.7837,0.0000,0.0000,0.0000,0.0000,4.9,nan
730,3.56e-04,0.9347,0.0000,0.0000,0.0000,0.0000,4.8,nan
731,3.56e-04,1.0630,0.0000,0.0000,0.0000,0.0000,4.8,nan
732,3.56e-04,0.6478,0.0000,0.0000,0.0000,0.0000,4.8,nan
733,3.55e-04,0.5455,0.0000,0.0000,0.0000,0.0000,4.9,nan
734,3.55e-04,0.8061,0.0000,0.0000,0.0000,0.0000,4.8,nan
735,3.55e-04,0.6983,0.0000,0.0000,0.0000,0.0000,4.8,nan
736,3.54e-04,0.7443,0.0000,0.0000,0.0000,0.0000,4.9,nan
737,3.54e-04,0.7276,0.0000,0.0000,0.0000,0.0000,5.0,nan
738,3.53e-04,0.6296,0.0000,0.0000,0.0000,0.0000,4.9,nan
739,3.53e-04,0.6189,0.0000,0.0000,0.0000,0.0000,4.9,nan
740,3.53e-04,0.7120,0.0000,0.0000,0.0000,0.0000,7.7,0.6398
741,3.52e-04,0.5082,0.0000,0.0000,0.0000,0.0000,4.8,nan
742,3.52e-04,0.9067,0.0000,0.0000,0.0000,0.0000,4.8,nan
743,3.52e-04,0.7345,0.0000,0.0000,0.0000,0.0000,4.8,nan
744,3.51e-04,0.6244,0.0000,0.0000,0.0000,0.0000,4.8,nan
745,3.51e-04,0.6117,0.0000,0.0000,0.0000,0.0000,4.9,nan
746,3.51e-04,0.9512,0.0000,0.0000,0.0000,0.0000,4.9,nan
747,3.50e-04,0.7307,0.0000,0.0000,0.0000,0.0000,5.0,nan
748,3.50e-04,0.7572,0.0000,0.0000,0.0000,0.0000,4.8,nan
749,3.50e-04,0.5406,0.0000,0.0000,0.0000,0.0000,5.1,nan
750,3.49e-04,0.9266,0.0000,0.0000,0.0000,0.0000,4.9,nan
751,3.49e-04,0.7353,0.0000,0.0000,0.0000,0.0000,4.8,nan
752,3.48e-04,0.9539,0.0000,0.0000,0.0000,0.0000,4.9,nan
753,3.48e-04,0.9191,0.0000,0.0000,0.0000,0.0000,5.0,nan
754,3.48e-04,0.7370,0.0000,0.0000,0.0000,0.0000,4.8,nan
755,3.47e-04,0.8618,0.0000,0.0000,0.0000,0.0000,4.9,nan
756,3.47e-04,0.8188,0.0000,0.0000,0.0000,0.0000,5.0,nan
757,3.47e-04,0.7273,0.0000,0.0000,0.0000,0.0000,4.9,nan
758,3.46e-04,0.8872,0.0000,0.0000,0.0000,0.0000,4.9,nan
759,3.46e-04,0.5639,0.0000,0.0000,0.0000,0.0000,4.9,nan
760,3.46e-04,0.6936,0.0000,0.0000,0.0000,0.0000,7.6,0.6377
761,3.45e-04,0.6045,0.0000,0.0000,0.0000,0.0000,5.0,nan
762,3.45e-04,0.5291,0.0000,0.0000,0.0000,0.0000,4.8,nan
763,3.44e-04,0.7808,0.0000,0.0000,0.0000,0.0000,4.9,nan
764,3.44e-04,0.7151,0.0000,0.0000,0.0000,0.0000,4.8,nan
765,3.44e-04,0.8083,0.0000,0.0000,0.0000,0.0000,4.8,nan
766,3.43e-04,0.5308,0.0000,0.0000,0.0000,0.0000,4.8,nan
767,3.43e-04,0.9016,0.0000,0.0000,0.0000,0.0000,5.0,nan
768,3.43e-04,0.8969,0.0000,0.0000,0.0000,0.0000,5.0,nan
769,3.42e-04,0.8124,0.0000,0.0000,0.0000,0.0000,5.0,nan
770,3.42e-04,0.9433,0.0000,0.0000,0.0000,0.0000,4.8,nan
771,3.42e-04,0.9363,0.0000,0.0000,0.0000,0.0000,4.9,nan
772,3.41e-04,0.7919,0.0000,0.0000,0.0000,0.0000,4.9,nan
773,3.41e-04,0.8216,0.0000,0.0000,0.0000,0.0000,5.0,nan
774,3.40e-04,0.9474,0.0000,0.0000,0.0000,0.0000,5.4,nan
775,3.40e-04,0.7587,0.0000,0.0000,0.0000,0.0000,5.4,nan
776,3.40e-04,1.1581,0.0000,0.0000,0.0000,0.0000,5.2,nan
777,3.39e-04,0.7439,0.0000,0.0000,0.0000,0.0000,4.8,nan
778,3.39e-04,0.6780,0.0000,0.0000,0.0000,0.0000,4.8,nan
779,3.39e-04,0.6402,0.0000,0.0000,0.0000,0.0000,4.8,nan
780,3.38e-04,0.7592,0.0000,0.0000,0.0000,0.0000,8.0,0.6038
781,3.38e-04,0.6991,0.0000,0.0000,0.0000,0.0000,4.8,nan
782,3.38e-04,0.6946,0.0000,0.0000,0.0000,0.0000,4.9,nan
783,3.37e-04,0.8705,0.0000,0.0000,0.0000,0.0000,5.0,nan
784,3.37e-04,0.6593,0.0000,0.0000,0.0000,0.0000,4.9,nan
785,3.36e-04,0.6482,0.0000,0.0000,0.0000,0.0000,4.9,nan
786,3.36e-04,0.8829,0.0000,0.0000,0.0000,0.0000,5.0,nan
787,3.36e-04,0.7107,0.0000,0.0000,0.0000,0.0000,5.0,nan
788,3.35e-04,0.7893,0.0000,0.0000,0.0000,0.0000,5.0,nan
789,3.35e-04,0.6869,0.0000,0.0000,0.0000,0.0000,5.0,nan
790,3.35e-04,0.5858,0.0000,0.0000,0.0000,0.0000,4.9,nan
791,3.34e-04,0.5672,0.0000,0.0000,0.0000,0.0000,5.0,nan
792,3.34e-04,0.5806,0.0000,0.0000,0.0000,0.0000,4.9,nan
793,3.33e-04,0.4580,0.0000,0.0000,0.0000,0.0000,4.9,nan
794,3.33e-04,0.6294,0.0000,0.0000,0.0000,0.0000,4.9,nan
795,3.33e-04,0.7132,0.0000,0.0000,0.0000,0.0000,5.0,nan
796,3.32e-04,0.5550,0.0000,0.0000,0.0000,0.0000,4.9,nan
797,3.32e-04,1.0953,0.0000,0.0000,0.0000,0.0000,4.9,nan
798,3.32e-04,0.9925,0.0000,0.0000,0.0000,0.0000,4.9,nan
799,3.31e-04,0.7827,0.0000,0.0000,0.0000,0.0000,4.9,nan
800,3.31e-04,0.9737,0.0000,0.0000,0.0000,0.0000,7.6,0.5699
801,3.31e-04,0.7930,0.0000,0.0000,0.0000,0.0000,4.8,nan
802,3.30e-04,0.5513,0.0000,0.0000,0.0000,0.0000,5.0,nan
803,3.30e-04,0.5964,0.0000,0.0000,0.0000,0.0000,4.9,nan
804,3.29e-04,0.7575,0.0000,0.0000,0.0000,0.0000,5.0,nan
805,3.29e-04,0.6230,0.0000,0.0000,0.0000,0.0000,4.9,nan
806,3.29e-04,0.7674,0.0000,0.0000,0.0000,0.0000,5.0,nan
807,3.28e-04,0.9319,0.0000,0.0000,0.0000,0.0000,5.0,nan
808,3.28e-04,0.8631,0.0000,0.0000,0.0000,0.0000,4.8,nan
809,3.28e-04,0.6354,0.0000,0.0000,0.0000,0.0000,4.9,nan
810,3.27e-04,0.4400,0.0000,0.0000,0.0000,0.0000,4.9,nan
811,3.27e-04,0.5499,0.0000,0.0000,0.0000,0.0000,4.8,nan
812,3.26e-04,0.6579,0.0000,0.0000,0.0000,0.0000,5.0,nan
813,3.26e-04,0.8056,0.0000,0.0000,0.0000,0.0000,4.9,nan
814,3.26e-04,0.7725,0.0000,0.0000,0.0000,0.0000,4.8,nan
815,3.25e-04,0.4047,0.0000,0.0000,0.0000,0.0000,4.8,nan
816,3.25e-04,0.5878,0.0000,0.0000,0.0000,0.0000,4.9,nan
817,3.25e-04,0.6966,0.0000,0.0000,0.0000,0.0000,5.0,nan
818,3.24e-04,0.6115,0.0000,0.0000,0.0000,0.0000,5.0,nan
819,3.24e-04,0.8305,0.0000,0.0000,0.0000,0.0000,4.8,nan
820,3.23e-04,0.7255,0.0000,0.0000,0.0000,0.0000,7.5,0.6483
821,3.23e-04,0.6436,0.0000,0.0000,0.0000,0.0000,4.8,nan
822,3.23e-04,0.6607,0.0000,0.0000,0.0000,0.0000,5.4,nan
823,3.22e-04,0.8277,0.0000,0.0000,0.0000,0.0000,5.0,nan
824,3.22e-04,0.6357,0.0000,0.0000,0.0000,0.0000,4.9,nan
825,3.22e-04,0.8424,0.0000,0.0000,0.0000,0.0000,4.8,nan
826,3.21e-04,0.6059,0.0000,0.0000,0.0000,0.0000,4.9,nan
827,3.21e-04,0.5575,0.0000,0.0000,0.0000,0.0000,5.0,nan
828,3.20e-04,0.7656,0.0000,0.0000,0.0000,0.0000,4.9,nan
829,3.20e-04,0.7508,0.0000,0.0000,0.0000,0.0000,4.9,nan
830,3.20e-04,0.6980,0.0000,0.0000,0.0000,0.0000,5.0,nan
831,3.19e-04,0.6934,0.0000,0.0000,0.0000,0.0000,4.9,nan
832,3.19e-04,0.7643,0.0000,0.0000,0.0000,0.0000,4.8,nan
833,3.19e-04,0.7288,0.0000,0.0000,0.0000,0.0000,5.0,nan
834,3.18e-04,0.6542,0.0000,0.0000,0.0000,0.0000,5.0,nan
835,3.18e-04,0.7497,0.0000,0.0000,0.0000,0.0000,4.9,nan
836,3.17e-04,0.8374,0.0000,0.0000,0.0000,0.0000,4.9,nan
837,3.17e-04,0.5640,0.0000,0.0000,0.0000,0.0000,5.0,nan
838,3.17e-04,0.8745,0.0000,0.0000,0.0000,0.0000,4.9,nan
839,3.16e-04,0.7853,0.0000,0.0000,0.0000,0.0000,5.0,nan
840,3.16e-04,0.8406,0.0000,0.0000,0.0000,0.0000,7.9,0.6525
841,3.16e-04,0.8186,0.0000,0.0000,0.0000,0.0000,5.0,nan
842,3.15e-04,0.8048,0.0000,0.0000,0.0000,0.0000,4.8,nan
843,3.15e-04,0.3967,0.0000,0.0000,0.0000,0.0000,5.0,nan
844,3.14e-04,0.8328,0.0000,0.0000,0.0000,0.0000,4.9,nan
845,3.14e-04,0.7382,0.0000,0.0000,0.0000,0.0000,4.8,nan
846,3.14e-04,0.8777,0.0000,0.0000,0.0000,0.0000,4.9,nan
847,3.13e-04,1.0597,0.0000,0.0000,0.0000,0.0000,4.9,nan
848,3.13e-04,0.5094,0.0000,0.0000,0.0000,0.0000,4.8,nan
849,3.12e-04,0.8518,0.0000,0.0000,0.0000,0.0000,4.8,nan
850,3.12e-04,1.1080,0.0000,0.0000,0.0000,0.0000,4.8,nan
851,3.12e-04,0.8304,0.0000,0.0000,0.0000,0.0000,4.9,nan
852,3.11e-04,0.7366,0.0000,0.0000,0.0000,0.0000,4.8,nan
853,3.11e-04,0.8841,0.0000,0.0000,0.0000,0.0000,4.8,nan
854,3.11e-04,1.1188,0.0000,0.0000,0.0000,0.0000,5.0,nan
855,3.10e-04,0.6673,0.0000,0.0000,0.0000,0.0000,4.9,nan
856,3.10e-04,0.6979,0.0000,0.0000,0.0000,0.0000,5.0,nan
857,3.09e-04,0.9468,0.0000,0.0000,0.0000,0.0000,4.8,nan
858,3.09e-04,0.6226,0.0000,0.0000,0.0000,0.0000,5.0,nan
859,3.09e-04,0.7137,0.0000,0.0000,0.0000,0.0000,4.9,nan
860,3.08e-04,0.9848,0.0000,0.0000,0.0000,0.0000,7.5,0.5657
861,3.08e-04,0.4448,0.0000,0.0000,0.0000,0.0000,4.9,nan
862,3.08e-04,0.6984,0.0000,0.0000,0.0000,0.0000,4.9,nan
863,3.07e-04,0.7839,0.0000,0.0000,0.0000,0.0000,4.9,nan
864,3.07e-04,0.4749,0.0000,0.0000,0.0000,0.0000,4.8,nan
865,3.06e-04,0.5847,0.0000,0.0000,0.0000,0.0000,5.0,nan
866,3.06e-04,0.5414,0.0000,0.0000,0.0000,0.0000,4.8,nan
867,3.06e-04,1.0107,0.0000,0.0000,0.0000,0.0000,5.0,nan
868,3.05e-04,0.5523,0.0000,0.0000,0.0000,0.0000,4.9,nan
869,3.05e-04,0.9144,0.0000,0.0000,0.0000,0.0000,4.8,nan
870,3.05e-04,0.6780,0.0000,0.0000,0.0000,0.0000,4.9,nan
871,3.04e-04,0.6682,0.0000,0.0000,0.0000,0.0000,4.9,nan
872,3.04e-04,1.3220,0.0000,0.0000,0.0000,0.0000,4.9,nan
873,3.03e-04,0.5244,0.0000,0.0000,0.0000,0.0000,4.8,nan
874,3.03e-04,0.7117,0.0000,0.0000,0.0000,0.0000,4.8,nan
875,3.03e-04,0.9980,0.0000,0.0000,0.0000,0.0000,5.0,nan
876,3.02e-04,0.7541,0.0000,0.0000,0.0000,0.0000,4.8,nan
877,3.02e-04,0.5597,0.0000,0.0000,0.0000,0.0000,4.9,nan
878,3.01e-04,0.7308,0.0000,0.0000,0.0000,0.0000,4.9,nan
879,3.01e-04,0.6648,0.0000,0.0000,0.0000,0.0000,4.9,nan
880,3.01e-04,0.7440,0.0000,0.0000,0.0000,0.0000,7.4,0.6123
881,3.00e-04,0.7167,0.0000,0.0000,0.0000,0.0000,4.9,nan
882,3.00e-04,0.8269,0.0000,0.0000,0.0000,0.0000,4.9,nan
883,3.00e-04,0.6869,0.0000,0.0000,0.0000,0.0000,4.8,nan
884,2.99e-04,0.6410,0.0000,0.0000,0.0000,0.0000,4.9,nan
885,2.99e-04,0.8074,0.0000,0.0000,0.0000,0.0000,5.0,nan
886,2.98e-04,0.5113,0.0000,0.0000,0.0000,0.0000,4.8,nan
887,2.98e-04,0.7452,0.0000,0.0000,0.0000,0.0000,4.9,nan
888,2.98e-04,0.7159,0.0000,0.0000,0.0000,0.0000,4.9,nan
889,2.97e-04,1.1099,0.0000,0.0000,0.0000,0.0000,4.9,nan
890,2.97e-04,0.7544,0.0000,0.0000,0.0000,0.0000,4.9,nan
891,2.96e-04,0.6068,0.0000,0.0000,0.0000,0.0000,4.8,nan
892,2.96e-04,0.5923,0.0000,0.0000,0.0000,0.0000,5.0,nan
893,2.96e-04,0.9792,0.0000,0.0000,0.0000,0.0000,5.0,nan
894,2.95e-04,0.4733,0.0000,0.0000,0.0000,0.0000,4.9,nan
895,2.95e-04,0.7247,0.0000,0.0000,0.0000,0.0000,4.9,nan
896,2.95e-04,0.7479,0.0000,0.0000,0.0000,0.0000,5.0,nan
897,2.94e-04,0.7698,0.0000,0.0000,0.0000,0.0000,5.0,nan
898,2.94e-04,0.6057,0.0000,0.0000,0.0000,0.0000,4.9,nan
899,2.93e-04,0.8323,0.0000,0.0000,0.0000,0.0000,5.0,nan
900,2.93e-04,0.8984,0.0000,0.0000,0.0000,0.0000,7.6,0.5593
901,2.93e-04,0.5656,0.0000,0.0000,0.0000,0.0000,4.9,nan
902,2.92e-04,0.8584,0.0000,0.0000,0.0000,0.0000,5.0,nan
903,2.92e-04,0.6752,0.0000,0.0000,0.0000,0.0000,4.9,nan
904,2.91e-04,0.5562,0.0000,0.0000,0.0000,0.0000,5.0,nan
905,2.91e-04,0.6576,0.0000,0.0000,0.0000,0.0000,5.0,nan
906,2.91e-04,0.7606,0.0000,0.0000,0.0000,0.0000,4.9,nan
907,2.90e-04,0.7941,0.0000,0.0000,0.0000,0.0000,4.9,nan
908,2.90e-04,0.7666,0.0000,0.0000,0.0000,0.0000,4.9,nan
909,2.90e-04,0.5670,0.0000,0.0000,0.0000,0.0000,4.8,nan
910,2.89e-04,0.9341,0.0000,0.0000,0.0000,0.0000,4.8,nan
911,2.89e-04,0.8695,0.0000,0.0000,0.0000,0.0000,4.9,nan
912,2.88e-04,0.5855,0.0000,0.0000,0.0000,0.0000,4.8,nan
913,2.88e-04,0.7787,0.0000,0.0000,0.0000,0.0000,4.9,nan
914,2.88e-04,0.7281,0.0000,0.0000,0.0000,0.0000,5.1,nan
915,2.87e-04,0.6360,0.0000,0.0000,0.0000,0.0000,4.9,nan
916,2.87e-04,0.6480,0.0000,0.0000,0.0000,0.0000,5.0,nan
917,2.86e-04,0.8516,0.0000,0.0000,0.0000,0.0000,5.0,nan
918,2.86e-04,0.6958,0.0000,0.0000,0.0000,0.0000,4.8,nan
919,2.86e-04,0.4734,0.0000,0.0000,0.0000,0.0000,4.8,nan
920,2.85e-04,0.5875,0.0000,0.0000,0.0000,0.0000,7.7,0.6335
921,2.85e-04,0.9385,0.0000,0.0000,0.0000,0.0000,4.9,nan
922,2.84e-04,0.6303,0.0000,0.0000,0.0000,0.0000,4.9,nan
923,2.84e-04,0.7575,0.0000,0.0000,0.0000,0.0000,5.0,nan
924,2.84e-04,0.9746,0.0000,0.0000,0.0000,0.0000,4.8,nan
925,2.83e-04,0.9632,0.0000,0.0000,0.0000,0.0000,4.9,nan
926,2.83e-04,0.9252,0.0000,0.0000,0.0000,0.0000,4.9,nan
927,2.83e-04,0.7750,0.0000,0.0000,0.0000,0.0000,4.9,nan
928,2.82e-04,0.8147,0.0000,0.0000,0.0000,0.0000,5.0,nan
929,2.82e-04,0.7361,0.0000,0.0000,0.0000,0.0000,4.8,nan
930,2.81e-04,0.5410,0.0000,0.0000,0.0000,0.0000,4.9,nan
931,2.81e-04,0.7753,0.0000,0.0000,0.0000,0.0000,4.8,nan
932,2.81e-04,0.6468,0.0000,0.0000,0.0000,0.0000,5.0,nan
933,2.80e-04,0.4679,0.0000,0.0000,0.0000,0.0000,4.9,nan
934,2.80e-04,0.8837,0.0000,0.0000,0.0000,0.0000,5.0,nan
935,2.79e-04,0.6701,0.0000,0.0000,0.0000,0.0000,5.0,nan
936,2.79e-04,0.4067,0.0000,0.0000,0.0000,0.0000,4.9,nan
937,2.79e-04,0.8529,0.0000,0.0000,0.0000,0.0000,5.0,nan
938,2.78e-04,0.5651,0.0000,0.0000,0.0000,0.0000,4.8,nan
939,2.78e-04,0.5076,0.0000,0.0000,0.0000,0.0000,5.0,nan
940,2.78e-04,0.7038,0.0000,0.0000,0.0000,0.0000,7.4,0.5911
941,2.77e-04,0.9335,0.0000,0.0000,0.0000,0.0000,4.8,nan
942,2.77e-04,0.7348,0.0000,0.0000,0.0000,0.0000,5.0,nan
943,2.76e-04,0.7555,0.0000,0.0000,0.0000,0.0000,4.9,nan
944,2.76e-04,0.6730,0.0000,0.0000,0.0000,0.0000,4.7,nan
945,2.76e-04,0.9409,0.0000,0.0000,0.0000,0.0000,4.9,nan
946,2.75e-04,0.8792,0.0000,0.0000,0.0000,0.0000,4.9,nan
947,2.75e-04,0.6813,0.0000,0.0000,0.0000,0.0000,5.0,nan
948,2.74e-04,0.4669,0.0000,0.0000,0.0000,0.0000,4.9,nan
949,2.74e-04,0.7781,0.0000,0.0000,0.0000,0.0000,4.8,nan
950,2.74e-04,0.6976,0.0000,0.0000,0.0000,0.0000,4.8,nan
951,2.73e-04,0.5886,0.0000,0.0000,0.0000,0.0000,4.9,nan
952,2.73e-04,0.6804,0.0000,0.0000,0.0000,0.0000,4.9,nan
953,2.72e-04,0.5560,0.0000,0.0000,0.0000,0.0000,4.9,nan
954,2.72e-04,0.5893,0.0000,0.0000,0.0000,0.0000,4.8,nan
955,2.72e-04,0.5956,0.0000,0.0000,0.0000,0.0000,4.9,nan
956,2.71e-04,0.5823,0.0000,0.0000,0.0000,0.0000,5.0,nan
957,2.71e-04,0.5380,0.0000,0.0000,0.0000,0.0000,4.8,nan
958,2.70e-04,1.0341,0.0000,0.0000,0.0000,0.0000,4.9,nan
959,2.70e-04,0.7069,0.0000,0.0000,0.0000,0.0000,4.9,nan
960,2.70e-04,0.7577,0.0000,0.0000,0.0000,0.0000,7.5,0.6229
961,2.69e-04,0.8973,0.0000,0.0000,0.0000,0.0000,4.9,nan
962,2.69e-04,0.7806,0.0000,0.0000,0.0000,0.0000,4.9,nan
963,2.69e-04,0.9475,0.0000,0.0000,0.0000,0.0000,4.8,nan
964,2.68e-04,0.6538,0.0000,0.0000,0.0000,0.0000,4.9,nan
965,2.68e-04,0.6989,0.0000,0.0000,0.0000,0.0000,5.0,nan
966,2.67e-04,0.7961,0.0000,0.0000,0.0000,0.0000,4.9,nan
967,2.67e-04,0.6498,0.0000,0.0000,0.0000,0.0000,5.0,nan
968,2.67e-04,0.6141,0.0000,0.0000,0.0000,0.0000,4.8,nan
969,2.66e-04,0.7545,0.0000,0.0000,0.0000,0.0000,4.9,nan
970,2.66e-04,0.5723,0.0000,0.0000,0.0000,0.0000,5.0,nan
971,2.65e-04,0.6978,0.0000,0.0000,0.0000,0.0000,4.9,nan
972,2.65e-04,0.7644,0.0000,0.0000,0.0000,0.0000,4.8,nan
973,2.65e-04,0.5854,0.0000,0.0000,0.0000,0.0000,4.8,nan
974,2.64e-04,0.8274,0.0000,0.0000,0.0000,0.0000,4.8,nan
975,2.64e-04,0.8007,0.0000,0.0000,0.0000,0.0000,5.0,nan
976,2.63e-04,0.6643,0.0000,0.0000,0.0000,0.0000,4.9,nan
977,2.63e-04,0.6638,0.0000,0.0000,0.0000,0.0000,5.0,nan
978,2.63e-04,0.8504,0.0000,0.0000,0.0000,0.0000,4.8,nan
979,2.62e-04,0.5224,0.0000,0.0000,0.0000,0.0000,5.0,nan
980,2.62e-04,0.6067,0.0000,0.0000,0.0000,0.0000,7.7,0.6208
981,2.62e-04,0.5128,0.0000,0.0000,0.0000,0.0000,4.9,nan
982,2.61e-04,0.6910,0.0000,0.0000,0.0000,0.0000,5.0,nan
983,2.61e-04,0.8634,0.0000,0.0000,0.0000,0.0000,5.0,nan
984,2.60e-04,0.4954,0.0000,0.0000,0.0000,0.0000,4.8,nan
985,2.60e-04,0.8971,0.0000,0.0000,0.0000,0.0000,4.9,nan
986,2.60e-04,0.6834,0.0000,0.0000,0.0000,0.0000,5.0,nan
987,2.59e-04,0.4310,0.0000,0.0000,0.0000,0.0000,4.9,nan
988,2.59e-04,0.7997,0.0000,0.0000,0.0000,0.0000,4.9,nan
989,2.58e-04,1.0047,0.0000,0.0000,0.0000,0.0000,4.8,nan
990,2.58e-04,0.8148,0.0000,0.0000,0.0000,0.0000,5.0,nan
991,2.58e-04,0.6483,0.0000,0.0000,0.0000,0.0000,4.9,nan
992,2.57e-04,0.4884,0.0000,0.0000,0.0000,0.0000,5.0,nan
993,2.57e-04,0.4960,0.0000,0.0000,0.0000,0.0000,4.9,nan
994,2.56e-04,0.7459,0.0000,0.0000,0.0000,0.0000,5.0,nan
995,2.56e-04,1.0597,0.0000,0.0000,0.0000,0.0000,5.0,nan
996,2.56e-04,0.8255,0.0000,0.0000,0.0000,0.0000,4.8,nan
997,2.55e-04,0.7520,0.0000,0.0000,0.0000,0.0000,4.9,nan
998,2.55e-04,0.7436,0.0000,0.0000,0.0000,0.0000,4.9,nan
999,2.54e-04,0.5784,0.0000,0.0000,0.0000,0.0000,5.0,nan
1000,2.54e-04,0.6452,0.0000,0.0000,0.0000,0.0000,7.4,0.6186
1001,2.54e-04,0.6498,0.0000,0.0000,0.0000,0.0000,4.8,nan
1002,2.53e-04,0.3433,0.0000,0.0000,0.0000,0.0000,4.9,nan
1003,2.53e-04,0.6347,0.0000,0.0000,0.0000,0.0000,4.8,nan
1004,2.53e-04,0.9664,0.0000,0.0000,0.0000,0.0000,4.9,nan
1005,2.52e-04,1.0767,0.0000,0.0000,0.0000,0.0000,4.8,nan
1006,2.52e-04,0.6863,0.0000,0.0000,0.0000,0.0000,5.0,nan
1007,2.51e-04,0.3839,0.0000,0.0000,0.0000,0.0000,4.9,nan
1008,2.51e-04,0.8448,0.0000,0.0000,0.0000,0.0000,5.0,nan
1009,2.51e-04,0.6947,0.0000,0.0000,0.0000,0.0000,4.9,nan
1010,2.50e-04,0.4365,0.0000,0.0000,0.0000,0.0000,4.8,nan
1011,2.50e-04,0.4672,0.0000,0.0000,0.0000,0.0000,5.0,nan
1012,2.49e-04,0.6804,0.0000,0.0000,0.0000,0.0000,5.0,nan
1013,2.49e-04,0.6595,0.0000,0.0000,0.0000,0.0000,4.9,nan
1014,2.49e-04,0.5182,0.0000,0.0000,0.0000,0.0000,4.8,nan
1015,2.48e-04,0.5764,0.0000,0.0000,0.0000,0.0000,4.9,nan
1016,2.48e-04,0.5821,0.0000,0.0000,0.0000,0.0000,5.0,nan
1017,2.47e-04,0.5144,0.0000,0.0000,0.0000,0.0000,4.8,nan
1018,2.47e-04,0.8242,0.0000,0.0000,0.0000,0.0000,4.8,nan
1019,2.47e-04,0.5004,0.0000,0.0000,0.0000,0.0000,5.0,nan
1020,2.46e-04,1.1003,0.0000,0.0000,0.0000,0.0000,7.5,0.6292
1021,2.46e-04,0.6960,0.0000,0.0000,0.0000,0.0000,4.9,nan
1022,2.46e-04,0.8166,0.0000,0.0000,0.0000,0.0000,5.0,nan
1023,2.45e-04,0.8182,0.0000,0.0000,0.0000,0.0000,4.8,nan
1024,2.45e-04,0.4804,0.0000,0.0000,0.0000,0.0000,5.0,nan
1025,2.44e-04,0.8072,0.0000,0.0000,0.0000,0.0000,4.9,nan
1026,2.44e-04,0.7924,0.0000,0.0000,0.0000,0.0000,4.9,nan
1027,2.44e-04,0.8043,0.0000,0.0000,0.0000,0.0000,4.9,nan
1028,2.43e-04,0.6952,0.0000,0.0000,0.0000,0.0000,4.9,nan
1029,2.43e-04,0.6040,0.0000,0.0000,0.0000,0.0000,5.2,nan
1030,2.42e-04,0.7158,0.0000,0.0000,0.0000,0.0000,5.2,nan
1031,2.42e-04,0.8842,0.0000,0.0000,0.0000,0.0000,5.1,nan
1032,2.42e-04,0.7953,0.0000,0.0000,0.0000,0.0000,5.2,nan
1033,2.41e-04,0.6182,0.0000,0.0000,0.0000,0.0000,5.3,nan
1034,2.41e-04,0.6246,0.0000,0.0000,0.0000,0.0000,5.2,nan
1035,2.40e-04,0.7424,0.0000,0.0000,0.0000,0.0000,5.4,nan
1036,2.40e-04,0.9451,0.0000,0.0000,0.0000,0.0000,5.3,nan
1037,2.40e-04,0.7588,0.0000,0.0000,0.0000,0.0000,5.0,nan
1038,2.39e-04,0.7383,0.0000,0.0000,0.0000,0.0000,5.3,nan
1039,2.39e-04,0.7573,0.0000,0.0000,0.0000,0.0000,5.3,nan
1040,2.38e-04,0.5258,0.0000,0.0000,0.0000,0.0000,8.1,0.6419
1041,2.38e-04,0.8923,0.0000,0.0000,0.0000,0.0000,5.1,nan
1042,2.38e-04,1.2560,0.0000,0.0000,0.0000,0.0000,5.2,nan
1043,2.37e-04,0.3993,0.0000,0.0000,0.0000,0.0000,5.3,nan
1044,2.37e-04,0.6609,0.0000,0.0000,0.0000,0.0000,5.3,nan
1045,2.37e-04,0.9214,0.0000,0.0000,0.0000,0.0000,5.7,nan
1046,2.36e-04,0.7219,0.0000,0.0000,0.0000,0.0000,5.8,nan
1047,2.36e-04,0.7772,0.0000,0.0000,0.0000,0.0000,5.4,nan
1048,2.35e-04,0.7614,0.0000,0.0000,0.0000,0.0000,4.9,nan
1049,2.35e-04,0.6411,0.0000,0.0000,0.0000,0.0000,4.8,nan
1050,2.35e-04,0.7334,0.0000,0.0000,0.0000,0.0000,5.0,nan
1051,2.34e-04,0.5609,0.0000,0.0000,0.0000,0.0000,4.9,nan
1052,2.34e-04,0.8814,0.0000,0.0000,0.0000,0.0000,5.1,nan
1053,2.33e-04,0.6099,0.0000,0.0000,0.0000,0.0000,4.9,nan
1054,2.33e-04,0.6148,0.0000,0.0000,0.0000,0.0000,4.9,nan
1055,2.33e-04,0.5701,0.0000,0.0000,0.0000,0.0000,4.8,nan
1056,2.32e-04,0.5298,0.0000,0.0000,0.0000,0.0000,5.0,nan
1057,2.32e-04,0.9295,0.0000,0.0000,0.0000,0.0000,4.8,nan
1058,2.31e-04,0.7646,0.0000,0.0000,0.0000,0.0000,4.9,nan
1059,2.31e-04,0.7028,0.0000,0.0000,0.0000,0.0000,4.9,nan
1060,2.31e-04,0.7341,0.0000,0.0000,0.0000,0.0000,7.6,0.6271
1061,2.30e-04,0.7941,0.0000,0.0000,0.0000,0.0000,4.9,nan
1062,2.30e-04,0.6349,0.0000,0.0000,0.0000,0.0000,4.9,nan
1063,2.30e-04,0.6345,0.0000,0.0000,0.0000,0.0000,5.0,nan
1064,2.29e-04,0.6668,0.0000,0.0000,0.0000,0.0000,4.9,nan
1065,2.29e-04,0.7362,0.0000,0.0000,0.0000,0.0000,4.9,nan
1066,2.28e-04,0.6597,0.0000,0.0000,0.0000,0.0000,4.9,nan
1067,2.28e-04,0.5365,0.0000,0.0000,0.0000,0.0000,5.0,nan
1068,2.28e-04,0.7550,0.0000,0.0000,0.0000,0.0000,4.9,nan
1069,2.27e-04,0.9020,0.0000,0.0000,0.0000,0.0000,4.9,nan
1070,2.27e-04,0.5444,0.0000,0.0000,0.0000,0.0000,5.0,nan
1071,2.26e-04,0.9108,0.0000,0.0000,0.0000,0.0000,4.8,nan
1072,2.26e-04,0.6241,0.0000,0.0000,0.0000,0.0000,4.8,nan
1073,2.26e-04,0.6054,0.0000,0.0000,0.0000,0.0000,5.0,nan
1074,2.25e-04,0.6445,0.0000,0.0000,0.0000,0.0000,5.3,nan
1075,2.25e-04,0.7125,0.0000,0.0000,0.0000,0.0000,5.0,nan
1076,2.24e-04,0.7324,0.0000,0.0000,0.0000,0.0000,4.9,nan
1077,2.24e-04,0.9334,0.0000,0.0000,0.0000,0.0000,5.1,nan
1078,2.24e-04,0.8896,0.0000,0.0000,0.0000,0.0000,4.9,nan
1079,2.23e-04,0.9118,0.0000,0.0000,0.0000,0.0000,4.7,nan
1080,2.23e-04,0.6950,0.0000,0.0000,0.0000,0.0000,7.7,0.6462
1081,2.23e-04,1.0273,0.0000,0.0000,0.0000,0.0000,4.9,nan
1082,2.22e-04,0.7206,0.0000,0.0000,0.0000,0.0000,4.9,nan
1083,2.22e-04,0.6436,0.0000,0.0000,0.0000,0.0000,4.8,nan
1084,2.21e-04,0.7619,0.0000,0.0000,0.0000,0.0000,4.9,nan
1085,2.21e-04,0.7553,0.0000,0.0000,0.0000,0.0000,4.9,nan
1086,2.21e-04,0.6068,0.0000,0.0000,0.0000,0.0000,4.9,nan
1087,2.20e-04,0.8969,0.0000,0.0000,0.0000,0.0000,4.8,nan
1088,2.20e-04,0.9311,0.0000,0.0000,0.0000,0.0000,4.9,nan
1089,2.19e-04,0.7016,0.0000,0.0000,0.0000,0.0000,4.9,nan
1090,2.19e-04,0.5007,0.0000,0.0000,0.0000,0.0000,5.0,nan
1091,2.19e-04,0.5477,0.0000,0.0000,0.0000,0.0000,4.9,nan
1092,2.18e-04,0.7524,0.0000,0.0000,0.0000,0.0000,4.9,nan
1093,2.18e-04,0.5686,0.0000,0.0000,0.0000,0.0000,4.9,nan
1094,2.17e-04,0.6948,0.0000,0.0000,0.0000,0.0000,4.9,nan
1095,2.17e-04,0.6475,0.0000,0.0000,0.0000,0.0000,4.9,nan
1096,2.17e-04,0.5920,0.0000,0.0000,0.0000,0.0000,5.0,nan
1097,2.16e-04,0.6555,0.0000,0.0000,0.0000,0.0000,5.0,nan
1098,2.16e-04,0.7921,0.0000,0.0000,0.0000,0.0000,5.0,nan
1099,2.16e-04,0.8778,0.0000,0.0000,0.0000,0.0000,5.0,nan
1100,2.15e-04,0.5004,0.0000,0.0000,0.0000,0.0000,7.4,0.5932
1101,2.15e-04,0.4361,0.0000,0.0000,0.0000,0.0000,4.9,nan
1102,2.14e-04,0.3867,0.0000,0.0000,0.0000,0.0000,4.9,nan
1103,2.14e-04,0.8063,0.0000,0.0000,0.0000,0.0000,5.1,nan
1104,2.14e-04,0.5450,0.0000,0.0000,0.0000,0.0000,5.0,nan
1105,2.13e-04,0.7307,0.0000,0.0000,0.0000,0.0000,5.1,nan
1106,2.13e-04,0.6925,0.0000,0.0000,0.0000,0.0000,5.1,nan
1107,2.12e-04,0.8002,0.0000,0.0000,0.0000,0.0000,4.9,nan
1108,2.12e-04,0.6528,0.0000,0.0000,0.0000,0.0000,4.9,nan
1109,2.12e-04,0.5575,0.0000,0.0000,0.0000,0.0000,4.9,nan
1110,2.11e-04,0.5964,0.0000,0.0000,0.0000,0.0000,4.9,nan
1111,2.11e-04,0.8359,0.0000,0.0000,0.0000,0.0000,5.0,nan
1112,2.11e-04,0.8894,0.0000,0.0000,0.0000,0.0000,4.9,nan
1113,2.10e-04,0.6765,0.0000,0.0000,0.0000,0.0000,5.0,nan
1114,2.10e-04,0.7121,0.0000,0.0000,0.0000,0.0000,4.9,nan
1115,2.09e-04,0.5056,0.0000,0.0000,0.0000,0.0000,4.9,nan
1116,2.09e-04,0.3793,0.0000,0.0000,0.0000,0.0000,4.9,nan
1117,2.09e-04,0.8104,0.0000,0.0000,0.0000,0.0000,5.0,nan
1118,2.08e-04,0.5698,0.0000,0.0000,0.0000,0.0000,4.9,nan
1119,2.08e-04,0.7238,0.0000,0.0000,0.0000,0.0000,4.9,nan
1120,2.07e-04,0.8974,0.0000,0.0000,0.0000,0.0000,7.8,0.6038
1121,2.07e-04,0.6415,0.0000,0.0000,0.0000,0.0000,4.9,nan
1122,2.07e-04,0.9261,0.0000,0.0000,0.0000,0.0000,5.1,nan
1123,2.06e-04,0.8049,0.0000,0.0000,0.0000,0.0000,4.9,nan
1124,2.06e-04,0.8729,0.0000,0.0000,0.0000,0.0000,5.0,nan
1125,2.06e-04,0.6447,0.0000,0.0000,0.0000,0.0000,5.0,nan
1126,2.05e-04,0.7428,0.0000,0.0000,0.0000,0.0000,4.9,nan
1127,2.05e-04,0.6883,0.0000,0.0000,0.0000,0.0000,5.1,nan
1128,2.04e-04,0.6447,0.0000,0.0000,0.0000,0.0000,4.9,nan
1129,2.04e-04,0.7268,0.0000,0.0000,0.0000,0.0000,5.0,nan
1130,2.04e-04,0.5889,0.0000,0.0000,0.0000,0.0000,5.0,nan
1131,2.03e-04,0.7263,0.0000,0.0000,0.0000,0.0000,4.9,nan
1132,2.03e-04,0.6330,0.0000,0.0000,0.0000,0.0000,4.8,nan
1133,2.02e-04,0.6426,0.0000,0.0000,0.0000,0.0000,5.0,nan
1134,2.02e-04,0.7349,0.0000,0.0000,0.0000,0.0000,4.9,nan
1135,2.02e-04,0.5200,0.0000,0.0000,0.0000,0.0000,5.0,nan
1136,2.01e-04,0.6626,0.0000,0.0000,0.0000,0.0000,4.8,nan
1137,2.01e-04,0.7413,0.0000,0.0000,0.0000,0.0000,4.8,nan
1138,2.01e-04,0.7580,0.0000,0.0000,0.0000,0.0000,4.9,nan
1139,2.00e-04,0.7118,0.0000,0.0000,0.0000,0.0000,4.9,nan
1140,2.00e-04,0.7070,0.0000,0.0000,0.0000,0.0000,7.6,0.6250
1141,1.99e-04,0.8986,0.0000,0.0000,0.0000,0.0000,4.8,nan
1142,1.99e-04,0.7559,0.0000,0.0000,0.0000,0.0000,4.8,nan
1143,1.99e-04,0.6421,0.0000,0.0000,0.0000,0.0000,5.0,nan
1144,1.98e-04,0.5144,0.0000,0.0000,0.0000,0.0000,4.9,nan
1145,1.98e-04,0.5828,0.0000,0.0000,0.0000,0.0000,4.9,nan
1146,1.98e-04,0.6078,0.0000,0.0000,0.0000,0.0000,4.8,nan
1147,1.97e-04,0.5329,0.0000,0.0000,0.0000,0.0000,4.9,nan
1148,1.97e-04,0.8790,0.0000,0.0000,0.0000,0.0000,4.9,nan
1149,1.96e-04,0.6933,0.0000,0.0000,0.0000,0.0000,4.9,nan
1150,1.96e-04,0.4131,0.0000,0.0000,0.0000,0.0000,4.8,nan
1151,1.96e-04,0.5523,0.0000,0.0000,0.0000,0.0000,4.9,nan
1152,1.95e-04,0.6297,0.0000,0.0000,0.0000,0.0000,5.0,nan
1153,1.95e-04,1.0075,0.0000,0.0000,0.0000,0.0000,4.9,nan
1154,1.94e-04,1.0614,0.0000,0.0000,0.0000,0.0000,5.2,nan
1155,1.94e-04,0.6236,0.0000,0.0000,0.0000,0.0000,4.9,nan
1156,1.94e-04,0.6289,0.0000,0.0000,0.0000,0.0000,4.8,nan
1157,1.93e-04,0.6581,0.0000,0.0000,0.0000,0.0000,5.0,nan
1158,1.93e-04,0.8059,0.0000,0.0000,0.0000,0.0000,4.9,nan
1159,1.93e-04,0.7846,0.0000,0.0000,0.0000,0.0000,5.0,nan
1160,1.92e-04,0.7205,0.0000,0.0000,0.0000,0.0000,7.7,0.6716
1161,1.92e-04,0.6376,0.0000,0.0000,0.0000,0.0000,4.9,nan
1162,1.91e-04,0.8030,0.0000,0.0000,0.0000,0.0000,5.0,nan
1163,1.91e-04,0.8175,0.0000,0.0000,0.0000,0.0000,4.9,nan
1164,1.91e-04,0.6603,0.0000,0.0000,0.0000,0.0000,5.0,nan
1165,1.90e-04,0.5001,0.0000,0.0000,0.0000,0.0000,5.0,nan
1166,1.90e-04,0.7743,0.0000,0.0000,0.0000,0.0000,4.8,nan
1167,1.90e-04,0.4457,0.0000,0.0000,0.0000,0.0000,4.9,nan
1168,1.89e-04,0.6328,0.0000,0.0000,0.0000,0.0000,4.9,nan
1169,1.89e-04,1.0614,0.0000,0.0000,0.0000,0.0000,5.0,nan
1170,1.88e-04,0.5814,0.0000,0.0000,0.0000,0.0000,4.8,nan
1171,1.88e-04,0.7473,0.0000,0.0000,0.0000,0.0000,4.9,nan
1172,1.88e-04,0.6635,0.0000,0.0000,0.0000,0.0000,5.0,nan
1173,1.87e-04,0.7947,0.0000,0.0000,0.0000,0.0000,4.9,nan
1174,1.87e-04,0.6619,0.0000,0.0000,0.0000,0.0000,4.8,nan
1175,1.87e-04,0.6312,0.0000,0.0000,0.0000,0.0000,4.9,nan
1176,1.86e-04,0.4930,0.0000,0.0000,0.0000,0.0000,4.8,nan
1177,1.86e-04,0.5268,0.0000,0.0000,0.0000,0.0000,5.0,nan
1178,1.85e-04,0.5531,0.0000,0.0000,0.0000,0.0000,5.0,nan
1179,1.85e-04,0.6934,0.0000,0.0000,0.0000,0.0000,5.0,nan
1180,1.85e-04,0.4588,0.0000,0.0000,0.0000,0.0000,7.3,0.6081
1181,1.84e-04,0.6098,0.0000,0.0000,0.0000,0.0000,4.9,nan
1182,1.84e-04,0.6839,0.0000,0.0000,0.0000,0.0000,5.0,nan
1183,1.84e-04,0.6054,0.0000,0.0000,0.0000,0.0000,4.8,nan
1184,1.83e-04,0.6686,0.0000,0.0000,0.0000,0.0000,5.0,nan
1185,1.83e-04,0.8230,0.0000,0.0000,0.0000,0.0000,4.9,nan
1186,1.82e-04,0.8724,0.0000,0.0000,0.0000,0.0000,4.9,nan
1187,1.82e-04,0.9467,0.0000,0.0000,0.0000,0.0000,5.0,nan
1188,1.82e-04,0.5687,0.0000,0.0000,0.0000,0.0000,4.9,nan
1189,1.81e-04,0.6157,0.0000,0.0000,0.0000,0.0000,5.0,nan
1190,1.81e-04,0.7480,0.0000,0.0000,0.0000,0.0000,5.0,nan
1191,1.81e-04,0.5273,0.0000,0.0000,0.0000,0.0000,5.0,nan
1192,1.80e-04,0.6462,0.0000,0.0000,0.0000,0.0000,5.0,nan
1193,1.80e-04,0.6597,0.0000,0.0000,0.0000,0.0000,4.8,nan
1194,1.79e-04,0.5088,0.0000,0.0000,0.0000,0.0000,4.8,nan
1195,1.79e-04,1.0494,0.0000,0.0000,0.0000,0.0000,4.9,nan
1196,1.79e-04,0.7089,0.0000,0.0000,0.0000,0.0000,4.9,nan
1197,1.78e-04,0.4447,0.0000,0.0000,0.0000,0.0000,4.8,nan
1198,1.78e-04,0.8728,0.0000,0.0000,0.0000,0.0000,5.0,nan
1199,1.78e-04,0.5859,0.0000,0.0000,0.0000,0.0000,5.0,nan
1200,1.77e-04,0.8453,0.0000,0.0000,0.0000,0.0000,7.8,0.6525
1201,1.77e-04,0.7782,0.0000,0.0000,0.0000,0.0000,5.0,nan
1202,1.76e-04,0.6066,0.0000,0.0000,0.0000,0.0000,4.9,nan
1203,1.76e-04,0.6433,0.0000,0.0000,0.0000,0.0000,4.8,nan
1204,1.76e-04,0.9977,0.0000,0.0000,0.0000,0.0000,4.9,nan
1205,1.75e-04,0.8632,0.0000,0.0000,0.0000,0.0000,4.9,nan
1206,1.75e-04,0.8398,0.0000,0.0000,0.0000,0.0000,5.0,nan
1207,1.75e-04,0.6240,0.0000,0.0000,0.0000,0.0000,4.9,nan
1208,1.74e-04,0.7613,0.0000,0.0000,0.0000,0.0000,4.8,nan
1209,1.74e-04,0.4846,0.0000,0.0000,0.0000,0.0000,4.9,nan
1210,1.73e-04,0.8826,0.0000,0.0000,0.0000,0.0000,4.7,nan
1211,1.73e-04,0.9934,0.0000,0.0000,0.0000,0.0000,4.9,nan
1212,1.73e-04,0.6906,0.0000,0.0000,0.0000,0.0000,5.0,nan
1213,1.72e-04,0.8697,0.0000,0.0000,0.0000,0.0000,4.9,nan
1214,1.72e-04,0.4780,0.0000,0.0000,0.0000,0.0000,5.0,nan
1215,1.72e-04,0.7274,0.0000,0.0000,0.0000,0.0000,4.9,nan
1216,1.71e-04,0.6168,0.0000,0.0000,0.0000,0.0000,4.9,nan
1217,1.71e-04,0.6642,0.0000,0.0000,0.0000,0.0000,4.8,nan
1218,1.71e-04,0.8305,0.0000,0.0000,0.0000,0.0000,4.9,nan
1219,1.70e-04,0.6007,0.0000,0.0000,0.0000,0.0000,4.9,nan
1220,1.70e-04,0.5451,0.0000,0.0000,0.0000,0.0000,7.7,0.6674
1221,1.69e-04,0.8274,0.0000,0.0000,0.0000,0.0000,4.8,nan
1222,1.69e-04,0.4076,0.0000,0.0000,0.0000,0.0000,4.9,nan
1223,1.69e-04,0.6705,0.0000,0.0000,0.0000,0.0000,4.9,nan
1224,1.68e-04,0.6610,0.0000,0.0000,0.0000,0.0000,5.0,nan
1225,1.68e-04,0.6700,0.0000,0.0000,0.0000,0.0000,4.9,nan
1226,1.68e-04,0.9000,0.0000,0.0000,0.0000,0.0000,4.9,nan
1227,1.67e-04,0.7099,0.0000,0.0000,0.0000,0.0000,4.8,nan
1228,1.67e-04,0.5535,0.0000,0.0000,0.0000,0.0000,5.0,nan
1229,1.66e-04,0.9567,0.0000,0.0000,0.0000,0.0000,4.9,nan
1230,1.66e-04,0.6232,0.0000,0.0000,0.0000,0.0000,5.0,nan
1231,1.66e-04,0.5741,0.0000,0.0000,0.0000,0.0000,5.0,nan
1232,1.65e-04,0.4412,0.0000,0.0000,0.0000,0.0000,4.9,nan
1233,1.65e-04,0.7030,0.0000,0.0000,0.0000,0.0000,4.8,nan
1234,1.65e-04,0.6147,0.0000,0.0000,0.0000,0.0000,4.9,nan
1235,1.64e-04,0.6994,0.0000,0.0000,0.0000,0.0000,4.9,nan
1236,1.64e-04,0.6487,0.0000,0.0000,0.0000,0.0000,5.0,nan
1237,1.64e-04,0.5616,0.0000,0.0000,0.0000,0.0000,4.9,nan
1238,1.63e-04,0.5805,0.0000,0.0000,0.0000,0.0000,4.9,nan
1239,1.63e-04,0.6513,0.0000,0.0000,0.0000,0.0000,4.8,nan
1240,1.62e-04,0.7241,0.0000,0.0000,0.0000,0.0000,7.5,0.6398
1241,1.62e-04,0.7297,0.0000,0.0000,0.0000,0.0000,4.9,nan
1242,1.62e-04,0.8829,0.0000,0.0000,0.0000,0.0000,5.0,nan
1243,1.61e-04,0.6081,0.0000,0.0000,0.0000,0.0000,4.8,nan
1244,1.61e-04,0.6183,0.0000,0.0000,0.0000,0.0000,4.9,nan
1245,1.61e-04,0.6785,0.0000,0.0000,0.0000,0.0000,4.9,nan
1246,1.60e-04,0.9096,0.0000,0.0000,0.0000,0.0000,5.0,nan
1247,1.60e-04,0.7457,0.0000,0.0000,0.0000,0.0000,4.9,nan
1248,1.60e-04,0.6163,0.0000,0.0000,0.0000,0.0000,4.9,nan
1249,1.59e-04,0.9625,0.0000,0.0000,0.0000,0.0000,4.9,nan
1250,1.59e-04,0.6499,0.0000,0.0000,0.0000,0.0000,4.8,nan
1251,1.58e-04,0.5918,0.0000,0.0000,0.0000,0.0000,4.9,nan
1252,1.58e-04,0.7188,0.0000,0.0000,0.0000,0.0000,5.0,nan
1253,1.58e-04,0.4908,0.0000,0.0000,0.0000,0.0000,4.9,nan
1254,1.57e-04,0.6731,0.0000,0.0000,0.0000,0.0000,5.0,nan
1255,1.57e-04,0.9126,0.0000,0.0000,0.0000,0.0000,4.9,nan
1256,1.57e-04,0.6565,0.0000,0.0000,0.0000,0.0000,5.1,nan
1257,1.56e-04,0.8778,0.0000,0.0000,0.0000,0.0000,4.9,nan
1258,1.56e-04,0.7310,0.0000,0.0000,0.0000,0.0000,5.1,nan
1259,1.56e-04,0.6953,0.0000,0.0000,0.0000,0.0000,4.8,nan
1260,1.55e-04,0.8159,0.0000,0.0000,0.0000,0.0000,7.7,0.6377
1261,1.55e-04,0.9048,0.0000,0.0000,0.0000,0.0000,5.0,nan
1262,1.54e-04,0.5667,0.0000,0.0000,0.0000,0.0000,4.9,nan
1263,1.54e-04,0.6038,0.0000,0.0000,0.0000,0.0000,4.9,nan
1264,1.54e-04,0.5284,0.0000,0.0000,0.0000,0.0000,5.1,nan
1265,1.53e-04,0.8127,0.0000,0.0000,0.0000,0.0000,4.8,nan
1266,1.53e-04,0.7306,0.0000,0.0000,0.0000,0.0000,5.0,nan
1267,1.53e-04,0.6605,0.0000,0.0000,0.0000,0.0000,4.9,nan
1268,1.52e-04,0.8871,0.0000,0.0000,0.0000,0.0000,4.8,nan
1269,1.52e-04,0.6883,0.0000,0.0000,0.0000,0.0000,4.9,nan
1270,1.52e-04,0.5307,0.0000,0.0000,0.0000,0.0000,4.9,nan
1271,1.51e-04,0.5730,0.0000,0.0000,0.0000,0.0000,4.9,nan
1272,1.51e-04,0.4157,0.0000,0.0000,0.0000,0.0000,4.8,nan
1273,1.51e-04,0.7545,0.0000,0.0000,0.0000,0.0000,4.9,nan
1274,1.50e-04,0.5358,0.0000,0.0000,0.0000,0.0000,5.0,nan
1275,1.50e-04,0.5731,0.0000,0.0000,0.0000,0.0000,5.0,nan
1276,1.49e-04,0.3695,0.0000,0.0000,0.0000,0.0000,4.9,nan
1277,1.49e-04,0.6664,0.0000,0.0000,0.0000,0.0000,5.0,nan
1278,1.49e-04,0.3868,0.0000,0.0000,0.0000,0.0000,4.8,nan
1279,1.48e-04,0.6738,0.0000,0.0000,0.0000,0.0000,4.8,nan
1280,1.48e-04,0.9168,0.0000,0.0000,0.0000,0.0000,7.8,0.6462
1281,1.48e-04,0.5636,0.0000,0.0000,0.0000,0.0000,4.8,nan
1282,1.47e-04,0.5931,0.0000,0.0000,0.0000,0.0000,4.8,nan
1283,1.47e-04,0.9288,0.0000,0.0000,0.0000,0.0000,5.0,nan
1284,1.47e-04,0.4494,0.0000,0.0000,0.0000,0.0000,5.0,nan
1285,1.46e-04,0.6115,0.0000,0.0000,0.0000,0.0000,4.8,nan
1286,1.46e-04,0.6104,0.0000,0.0000,0.0000,0.0000,4.9,nan
1287,1.46e-04,0.6937,0.0000,0.0000,0.0000,0.0000,5.0,nan
1288,1.45e-04,0.6702,0.0000,0.0000,0.0000,0.0000,5.0,nan
1289,1.45e-04,0.6864,0.0000,0.0000,0.0000,0.0000,5.0,nan
1290,1.45e-04,1.0705,0.0000,0.0000,0.0000,0.0000,4.9,nan
1291,1.44e-04,0.6236,0.0000,0.0000,0.0000,0.0000,5.0,nan
1292,1.44e-04,0.6061,0.0000,0.0000,0.0000,0.0000,5.0,nan
1293,1.43e-04,0.8671,0.0000,0.0000,0.0000,0.0000,5.0,nan
1294,1.43e-04,0.5597,0.0000,0.0000,0.0000,0.0000,4.9,nan
1295,1.43e-04,0.5776,0.0000,0.0000,0.0000,0.0000,4.9,nan
1296,1.42e-04,0.5161,0.0000,0.0000,0.0000,0.0000,4.8,nan
1297,1.42e-04,0.8592,0.0000,0.0000,0.0000,0.0000,5.0,nan
1298,1.42e-04,0.6708,0.0000,0.0000,0.0000,0.0000,4.9,nan
1299,1.41e-04,0.6730,0.0000,0.0000,0.0000,0.0000,4.9,nan
1300,1.41e-04,0.8038,0.0000,0.0000,0.0000,0.0000,7.5,0.6631
1301,1.41e-04,0.7187,0.0000,0.0000,0.0000,0.0000,5.0,nan
1302,1.40e-04,0.6268,0.0000,0.0000,0.0000,0.0000,4.9,nan
1303,1.40e-04,0.5783,0.0000,0.0000,0.0000,0.0000,4.9,nan
1304,1.40e-04,0.7588,0.0000,0.0000,0.0000,0.0000,5.0,nan
1305,1.39e-04,0.4905,0.0000,0.0000,0.0000,0.0000,4.9,nan
1306,1.39e-04,0.5400,0.0000,0.0000,0.0000,0.0000,4.9,nan
1307,1.39e-04,0.7121,0.0000,0.0000,0.0000,0.0000,4.9,nan
1308,1.38e-04,0.5677,0.0000,0.0000,0.0000,0.0000,4.9,nan
1309,1.38e-04,0.4939,0.0000,0.0000,0.0000,0.0000,4.9,nan
1310,1.38e-04,0.7932,0.0000,0.0000,0.0000,0.0000,4.8,nan
1311,1.37e-04,0.2347,0.0000,0.0000,0.0000,0.0000,4.9,nan
1312,1.37e-04,0.7845,0.0000,0.0000,0.0000,0.0000,5.0,nan
1313,1.37e-04,0.7913,0.0000,0.0000,0.0000,0.0000,4.8,nan
1314,1.36e-04,0.9381,0.0000,0.0000,0.0000,0.0000,4.9,nan
1315,1.36e-04,0.6098,0.0000,0.0000,0.0000,0.0000,5.0,nan
1316,1.35e-04,0.6492,0.0000,0.0000,0.0000,0.0000,4.8,nan
1317,1.35e-04,0.7079,0.0000,0.0000,0.0000,0.0000,4.9,nan
1318,1.35e-04,0.6912,0.0000,0.0000,0.0000,0.0000,4.8,nan
1319,1.34e-04,0.4962,0.0000,0.0000,0.0000,0.0000,5.0,nan
1320,1.34e-04,0.6030,0.0000,0.0000,0.0000,0.0000,7.5,0.6780
1321,1.34e-04,0.7167,0.0000,0.0000,0.0000,0.0000,5.0,nan
1322,1.33e-04,0.6059,0.0000,0.0000,0.0000,0.0000,4.9,nan
1323,1.33e-04,0.6983,0.0000,0.0000,0.0000,0.0000,4.8,nan
1324,1.33e-04,0.6416,0.0000,0.0000,0.0000,0.0000,5.0,nan
1325,1.32e-04,0.6552,0.0000,0.0000,0.0000,0.0000,5.0,nan
1326,1.32e-04,0.7442,0.0000,0.0000,0.0000,0.0000,5.0,nan
1327,1.32e-04,0.8377,0.0000,0.0000,0.0000,0.0000,4.9,nan
1328,1.31e-04,0.6669,0.0000,0.0000,0.0000,0.0000,4.8,nan
1329,1.31e-04,0.6460,0.0000,0.0000,0.0000,0.0000,4.9,nan
1330,1.31e-04,0.6358,0.0000,0.0000,0.0000,0.0000,5.0,nan
1331,1.30e-04,0.5756,0.0000,0.0000,0.0000,0.0000,5.2,nan
1332,1.30e-04,0.5613,0.0000,0.0000,0.0000,0.0000,4.9,nan
1333,1.30e-04,0.5338,0.0000,0.0000,0.0000,0.0000,4.8,nan
1334,1.29e-04,0.7963,0.0000,0.0000,0.0000,0.0000,4.9,nan
1335,1.29e-04,0.7364,0.0000,0.0000,0.0000,0.0000,4.8,nan
1336,1.29e-04,0.4996,0.0000,0.0000,0.0000,0.0000,5.1,nan
1337,1.28e-04,0.6234,0.0000,0.0000,0.0000,0.0000,5.3,nan
1338,1.28e-04,0.6621,0.0000,0.0000,0.0000,0.0000,4.9,nan
1339,1.28e-04,0.7204,0.0000,0.0000,0.0000,0.0000,5.0,nan
1340,1.27e-04,0.4741,0.0000,0.0000,0.0000,0.0000,8.2,0.6292
1341,1.27e-04,0.4790,0.0000,0.0000,0.0000,0.0000,4.9,nan
1342,1.27e-04,0.9237,0.0000,0.0000,0.0000,0.0000,5.3,nan
1343,1.26e-04,0.9542,0.0000,0.0000,0.0000,0.0000,4.9,nan
1344,1.26e-04,0.8864,0.0000,0.0000,0.0000,0.0000,5.1,nan
1345,1.26e-04,0.4227,0.0000,0.0000,0.0000,0.0000,5.0,nan
1346,1.25e-04,0.5644,0.0000,0.0000,0.0000,0.0000,4.9,nan
1347,1.25e-04,0.6626,0.0000,0.0000,0.0000,0.0000,5.0,nan
1348,1.25e-04,0.6611,0.0000,0.0000,0.0000,0.0000,4.9,nan
1349,1.24e-04,0.6173,0.0000,0.0000,0.0000,0.0000,5.1,nan
1350,1.24e-04,0.7184,0.0000,0.0000,0.0000,0.0000,5.0,nan
1351,1.24e-04,0.7519,0.0000,0.0000,0.0000,0.0000,5.0,nan
1352,1.23e-04,0.7250,0.0000,0.0000,0.0000,0.0000,4.9,nan
1353,1.23e-04,0.9084,0.0000,0.0000,0.0000,0.0000,5.2,nan
1354,1.23e-04,0.9773,0.0000,0.0000,0.0000,0.0000,5.0,nan
1355,1.22e-04,0.6780,0.0000,0.0000,0.0000,0.0000,4.9,nan
1356,1.22e-04,0.4788,0.0000,0.0000,0.0000,0.0000,4.9,nan
1357,1.22e-04,0.5520,0.0000,0.0000,0.0000,0.0000,5.1,nan
1358,1.21e-04,0.5425,0.0000,0.0000,0.0000,0.0000,5.1,nan
1359,1.21e-04,0.4510,0.0000,0.0000,0.0000,0.0000,5.0,nan
1360,1.21e-04,0.5980,0.0000,0.0000,0.0000,0.0000,7.8,0.6504
1361,1.20e-04,0.7119,0.0000,0.0000,0.0000,0.0000,5.1,nan
1362,1.20e-04,0.5908,0.0000,0.0000,0.0000,0.0000,4.8,nan
1363,1.20e-04,0.6641,0.0000,0.0000,0.0000,0.0000,5.1,nan
1364,1.19e-04,0.5699,0.0000,0.0000,0.0000,0.0000,4.8,nan
1365,1.19e-04,0.8221,0.0000,0.0000,0.0000,0.0000,4.8,nan
1366,1.19e-04,0.6990,0.0000,0.0000,0.0000,0.0000,5.2,nan
1367,1.18e-04,0.7963,0.0000,0.0000,0.0000,0.0000,4.9,nan
1368,1.18e-04,0.5533,0.0000,0.0000,0.0000,0.0000,5.5,nan
1369,1.18e-04,0.5944,0.0000,0.0000,0.0000,0.0000,5.9,nan
1370,1.17e-04,0.8131,0.0000,0.0000,0.0000,0.0000,5.5,nan
1371,1.17e-04,0.5894,0.0000,0.0000,0.0000,0.0000,4.9,nan
1372,1.17e-04,0.6639,0.0000,0.0000,0.0000,0.0000,4.7,nan
1373,1.16e-04,0.7122,0.0000,0.0000,0.0000,0.0000,4.9,nan
1374,1.16e-04,0.5442,0.0000,0.0000,0.0000,0.0000,4.9,nan
1375,1.16e-04,0.4632,0.0000,0.0000,0.0000,0.0000,5.0,nan
1376,1.15e-04,0.8204,0.0000,0.0000,0.0000,0.0000,4.8,nan
1377,1.15e-04,0.7153,0.0000,0.0000,0.0000,0.0000,4.9,nan
1378,1.15e-04,0.7092,0.0000,0.0000,0.0000,0.0000,4.8,nan
1379,1.14e-04,0.6970,0.0000,0.0000,0.0000,0.0000,4.9,nan
1380,1.14e-04,0.8134,0.0000,0.0000,0.0000,0.0000,7.4,0.6292
1381,1.14e-04,0.5246,0.0000,0.0000,0.0000,0.0000,5.1,nan
1382,1.13e-04,1.0196,0.0000,0.0000,0.0000,0.0000,4.9,nan
1383,1.13e-04,0.4986,0.0000,0.0000,0.0000,0.0000,4.9,nan
1384,1.13e-04,0.6754,0.0000,0.0000,0.0000,0.0000,4.9,nan
1385,1.12e-04,0.6773,0.0000,0.0000,0.0000,0.0000,4.9,nan
1386,1.12e-04,0.7090,0.0000,0.0000,0.0000,0.0000,5.0,nan
1387,1.12e-04,0.7378,0.0000,0.0000,0.0000,0.0000,5.0,nan
1388,1.12e-04,0.7736,0.0000,0.0000,0.0000,0.0000,5.0,nan
1389,1.11e-04,0.4754,0.0000,0.0000,0.0000,0.0000,5.0,nan
1390,1.11e-04,0.6930,0.0000,0.0000,0.0000,0.0000,5.0,nan
1391,1.11e-04,0.5702,0.0000,0.0000,0.0000,0.0000,5.0,nan
1392,1.10e-04,0.4578,0.0000,0.0000,0.0000,0.0000,4.9,nan
1393,1.10e-04,0.6101,0.0000,0.0000,0.0000,0.0000,5.0,nan
1394,1.10e-04,0.7721,0.0000,0.0000,0.0000,0.0000,4.9,nan
1395,1.09e-04,0.3724,0.0000,0.0000,0.0000,0.0000,5.0,nan
1396,1.09e-04,0.5735,0.0000,0.0000,0.0000,0.0000,4.8,nan
1397,1.09e-04,0.8813,0.0000,0.0000,0.0000,0.0000,4.9,nan
1398,1.08e-04,0.7379,0.0000,0.0000,0.0000,0.0000,4.9,nan
1399,1.08e-04,0.6508,0.0000,0.0000,0.0000,0.0000,4.8,nan
1400,1.08e-04,0.8836,0.0000,0.0000,0.0000,0.0000,7.7,0.6208
1401,1.07e-04,0.7059,0.0000,0.0000,0.0000,0.0000,4.9,nan
1402,1.07e-04,0.6708,0.0000,0.0000,0.0000,0.0000,5.0,nan
1403,1.07e-04,0.5865,0.0000,0.0000,0.0000,0.0000,4.9,nan
1404,1.06e-04,0.7259,0.0000,0.0000,0.0000,0.0000,5.0,nan
1405,1.06e-04,0.7517,0.0000,0.0000,0.0000,0.0000,4.8,nan
1406,1.06e-04,0.6697,0.0000,0.0000,0.0000,0.0000,5.0,nan
1407,1.05e-04,0.7632,0.0000,0.0000,0.0000,0.0000,5.0,nan
1408,1.05e-04,0.7143,0.0000,0.0000,0.0000,0.0000,5.0,nan
1409,1.05e-04,0.6038,0.0000,0.0000,0.0000,0.0000,4.9,nan
1410,1.05e-04,0.6009,0.0000,0.0000,0.0000,0.0000,5.0,nan
1411,1.04e-04,0.6792,0.0000,0.0000,0.0000,0.0000,4.9,nan
1412,1.04e-04,0.6651,0.0000,0.0000,0.0000,0.0000,5.0,nan
1413,1.04e-04,0.6617,0.0000,0.0000,0.0000,0.0000,4.9,nan
1414,1.03e-04,0.5582,0.0000,0.0000,0.0000,0.0000,4.9,nan
1415,1.03e-04,0.8747,0.0000,0.0000,0.0000,0.0000,5.0,nan
1416,1.03e-04,0.6604,0.0000,0.0000,0.0000,0.0000,4.8,nan
1417,1.02e-04,0.4256,0.0000,0.0000,0.0000,0.0000,4.9,nan
1418,1.02e-04,0.6360,0.0000,0.0000,0.0000,0.0000,4.9,nan
1419,1.02e-04,0.7939,0.0000,0.0000,0.0000,0.0000,4.9,nan
1420,1.01e-04,0.4757,0.0000,0.0000,0.0000,0.0000,7.8,0.6462
1421,1.01e-04,0.6605,0.0000,0.0000,0.0000,0.0000,4.9,nan
1422,1.01e-04,0.8172,0.0000,0.0000,0.0000,0.0000,4.9,nan
1423,1.00e-04,0.3483,0.0000,0.0000,0.0000,0.0000,4.9,nan
1424,1.00e-04,0.6512,0.0000,0.0000,0.0000,0.0000,5.0,nan
1425,9.99e-05,0.5167,0.0000,0.0000,0.0000,0.0000,4.9,nan
1426,9.96e-05,0.5446,0.0000,0.0000,0.0000,0.0000,5.0,nan
1427,9.93e-05,0.5230,0.0000,0.0000,0.0000,0.0000,4.9,nan
1428,9.90e-05,0.8247,0.0000,0.0000,0.0000,0.0000,5.0,nan
1429,9.87e-05,0.6164,0.0000,0.0000,0.0000,0.0000,5.0,nan
1430,9.83e-05,0.9070,0.0000,0.0000,0.0000,0.0000,4.9,nan
1431,9.80e-05,0.5003,0.0000,0.0000,0.0000,0.0000,4.9,nan
1432,9.77e-05,0.7019,0.0000,0.0000,0.0000,0.0000,5.0,nan
1433,9.74e-05,0.7166,0.0000,0.0000,0.0000,0.0000,4.9,nan
1434,9.71e-05,0.3391,0.0000,0.0000,0.0000,0.0000,5.0,nan
1435,9.68e-05,0.4274,0.0000,0.0000,0.0000,0.0000,4.9,nan
1436,9.65e-05,0.4187,0.0000,0.0000,0.0000,0.0000,4.9,nan
1437,9.62e-05,0.6064,0.0000,0.0000,0.0000,0.0000,4.8,nan
1438,9.59e-05,0.6115,0.0000,0.0000,0.0000,0.0000,5.0,nan
1439,9.56e-05,0.6697,0.0000,0.0000,0.0000,0.0000,4.9,nan
1440,9.53e-05,0.5351,0.0000,0.0000,0.0000,0.0000,7.6,0.6356
1441,9.50e-05,0.7096,0.0000,0.0000,0.0000,0.0000,5.0,nan
1442,9.47e-05,0.7580,0.0000,0.0000,0.0000,0.0000,5.0,nan
1443,9.44e-05,0.3580,0.0000,0.0000,0.0000,0.0000,5.0,nan
1444,9.41e-05,0.5623,0.0000,0.0000,0.0000,0.0000,4.9,nan
1445,9.38e-05,0.4558,0.0000,0.0000,0.0000,0.0000,4.8,nan
1446,9.35e-05,0.5491,0.0000,0.0000,0.0000,0.0000,4.8,nan
1447,9.32e-05,0.5488,0.0000,0.0000,0.0000,0.0000,4.8,nan
1448,9.29e-05,0.8466,0.0000,0.0000,0.0000,0.0000,4.9,nan
1449,9.26e-05,0.6373,0.0000,0.0000,0.0000,0.0000,4.9,nan
1450,9.23e-05,0.4831,0.0000,0.0000,0.0000,0.0000,5.0,nan
1451,9.20e-05,0.5853,0.0000,0.0000,0.0000,0.0000,4.9,nan
1452,9.17e-05,1.0237,0.0000,0.0000,0.0000,0.0000,5.0,nan
1453,9.14e-05,0.7717,0.0000,0.0000,0.0000,0.0000,5.0,nan
1454,9.11e-05,0.5258,0.0000,0.0000,0.0000,0.0000,4.9,nan
1455,9.08e-05,0.8729,0.0000,0.0000,0.0000,0.0000,4.8,nan
1456,9.05e-05,0.6273,0.0000,0.0000,0.0000,0.0000,5.0,nan
1457,9.02e-05,0.7539,0.0000,0.0000,0.0000,0.0000,4.9,nan
1458,8.99e-05,0.6778,0.0000,0.0000,0.0000,0.0000,4.9,nan
1459,8.96e-05,0.5825,0.0000,0.0000,0.0000,0.0000,4.8,nan
1460,8.94e-05,0.8827,0.0000,0.0000,0.0000,0.0000,7.7,0.6250
1461,8.91e-05,0.6133,0.0000,0.0000,0.0000,0.0000,4.9,nan
1462,8.88e-05,0.8160,0.0000,0.0000,0.0000,0.0000,4.9,nan
1463,8.85e-05,0.6179,0.0000,0.0000,0.0000,0.0000,4.8,nan
1464,8.82e-05,0.5642,0.0000,0.0000,0.0000,0.0000,5.0,nan
1465,8.79e-05,0.7065,0.0000,0.0000,0.0000,0.0000,4.9,nan
1466,8.76e-05,0.5724,0.0000,0.0000,0.0000,0.0000,4.9,nan
1467,8.73e-05,0.4819,0.0000,0.0000,0.0000,0.0000,4.9,nan
1468,8.70e-05,0.8159,0.0000,0.0000,0.0000,0.0000,5.0,nan
1469,8.67e-05,0.6303,0.0000,0.0000,0.0000,0.0000,5.0,nan
1470,8.64e-05,0.5753,0.0000,0.0000,0.0000,0.0000,4.9,nan
1471,8.61e-05,0.6620,0.0000,0.0000,0.0000,0.0000,4.9,nan
1472,8.59e-05,0.4720,0.0000,0.0000,0.0000,0.0000,5.0,nan
1473,8.56e-05,0.6125,0.0000,0.0000,0.0000,0.0000,4.9,nan
1474,8.53e-05,0.8271,0.0000,0.0000,0.0000,0.0000,5.1,nan
1475,8.50e-05,0.6490,0.0000,0.0000,0.0000,0.0000,5.0,nan
1476,8.47e-05,0.7467,0.0000,0.0000,0.0000,0.0000,4.9,nan
1477,8.44e-05,0.6978,0.0000,0.0000,0.0000,0.0000,4.9,nan
1478,8.41e-05,0.6536,0.0000,0.0000,0.0000,0.0000,4.9,nan
1479,8.38e-05,0.7162,0.0000,0.0000,0.0000,0.0000,4.8,nan
1480,8.36e-05,0.7685,0.0000,0.0000,0.0000,0.0000,7.5,0.6441
1481,8.33e-05,0.6497,0.0000,0.0000,0.0000,0.0000,4.9,nan
1482,8.30e-05,0.8221,0.0000,0.0000,0.0000,0.0000,4.9,nan
1483,8.27e-05,0.4816,0.0000,0.0000,0.0000,0.0000,5.0,nan
1484,8.24e-05,0.4865,0.0000,0.0000,0.0000,0.0000,4.8,nan
1485,8.21e-05,0.6429,0.0000,0.0000,0.0000,0.0000,5.0,nan
1486,8.19e-05,0.8713,0.0000,0.0000,0.0000,0.0000,4.9,nan
1487,8.16e-05,0.4180,0.0000,0.0000,0.0000,0.0000,5.0,nan
1488,8.13e-05,0.7265,0.0000,0.0000,0.0000,0.0000,4.8,nan
1489,8.10e-05,0.5423,0.0000,0.0000,0.0000,0.0000,5.0,nan
1490,8.07e-05,0.9665,0.0000,0.0000,0.0000,0.0000,4.9,nan
1491,8.04e-05,0.7871,0.0000,0.0000,0.0000,0.0000,4.9,nan
1492,8.02e-05,0.6151,0.0000,0.0000,0.0000,0.0000,4.9,nan
1493,7.99e-05,0.6889,0.0000,0.0000,0.0000,0.0000,4.8,nan
1494,7.96e-05,0.3955,0.0000,0.0000,0.0000,0.0000,4.8,nan
1495,7.93e-05,0.7265,0.0000,0.0000,0.0000,0.0000,5.0,nan
1496,7.90e-05,0.6178,0.0000,0.0000,0.0000,0.0000,4.9,nan
1497,7.88e-05,0.6549,0.0000,0.0000,0.0000,0.0000,5.0,nan
1498,7.85e-05,0.3996,0.0000,0.0000,0.0000,0.0000,4.9,nan
1499,7.82e-05,0.6495,0.0000,0.0000,0.0000,0.0000,5.0,nan
1500,7.79e-05,0.6798,0.0000,0.0000,0.0000,0.0000,7.5,0.6250
1501,7.77e-05,0.6428,0.0000,0.0000,0.0000,0.0000,5.0,nan
1502,7.74e-05,0.6990,0.0000,0.0000,0.0000,0.0000,4.9,nan
1503,7.71e-05,0.5985,0.0000,0.0000,0.0000,0.0000,4.9,nan
1504,7.68e-05,0.9187,0.0000,0.0000,0.0000,0.0000,4.9,nan
1505,7.66e-05,0.8434,0.0000,0.0000,0.0000,0.0000,5.0,nan
1506,7.63e-05,0.5905,0.0000,0.0000,0.0000,0.0000,4.9,nan
1507,7.60e-05,0.5753,0.0000,0.0000,0.0000,0.0000,5.0,nan
1508,7.57e-05,0.6292,0.0000,0.0000,0.0000,0.0000,4.8,nan
1509,7.55e-05,0.6533,0.0000,0.0000,0.0000,0.0000,4.9,nan
1510,7.52e-05,0.7255,0.0000,0.0000,0.0000,0.0000,4.9,nan
1511,7.49e-05,0.6960,0.0000,0.0000,0.0000,0.0000,5.0,nan
1512,7.46e-05,0.7443,0.0000,0.0000,0.0000,0.0000,5.0,nan
1513,7.44e-05,0.7061,0.0000,0.0000,0.0000,0.0000,4.9,nan
1514,7.41e-05,0.6449,0.0000,0.0000,0.0000,0.0000,5.0,nan
1515,7.38e-05,0.5081,0.0000,0.0000,0.0000,0.0000,4.9,nan
1516,7.36e-05,0.5329,0.0000,0.0000,0.0000,0.0000,5.2,nan
1517,7.33e-05,0.5026,0.0000,0.0000,0.0000,0.0000,5.1,nan
1518,7.30e-05,0.4938,0.0000,0.0000,0.0000,0.0000,4.9,nan
1519,7.28e-05,0.9532,0.0000,0.0000,0.0000,0.0000,4.8,nan
1520,7.25e-05,0.8122,0.0000,0.0000,0.0000,0.0000,7.7,0.6377
1521,7.22e-05,0.4995,0.0000,0.0000,0.0000,0.0000,5.0,nan
1522,7.19e-05,0.4891,0.0000,0.0000,0.0000,0.0000,5.0,nan
1523,7.17e-05,0.5957,0.0000,0.0000,0.0000,0.0000,5.0,nan
1524,7.14e-05,0.6405,0.0000,0.0000,0.0000,0.0000,4.9,nan
1525,7.11e-05,0.7167,0.0000,0.0000,0.0000,0.0000,4.9,nan
1526,7.09e-05,0.5072,0.0000,0.0000,0.0000,0.0000,5.0,nan
1527,7.06e-05,0.6367,0.0000,0.0000,0.0000,0.0000,4.9,nan
1528,7.04e-05,0.7193,0.0000,0.0000,0.0000,0.0000,4.9,nan
1529,7.01e-05,0.7134,0.0000,0.0000,0.0000,0.0000,4.9,nan
1530,6.98e-05,0.5757,0.0000,0.0000,0.0000,0.0000,4.9,nan
1531,6.96e-05,0.4860,0.0000,0.0000,0.0000,0.0000,5.0,nan
1532,6.93e-05,0.7113,0.0000,0.0000,0.0000,0.0000,5.2,nan
1533,6.90e-05,0.7491,0.0000,0.0000,0.0000,0.0000,5.0,nan
1534,6.88e-05,0.5954,0.0000,0.0000,0.0000,0.0000,5.0,nan
1535,6.85e-05,0.5663,0.0000,0.0000,0.0000,0.0000,4.9,nan
1536,6.82e-05,0.6549,0.0000,0.0000,0.0000,0.0000,4.9,nan
1537,6.80e-05,0.5911,0.0000,0.0000,0.0000,0.0000,5.0,nan
1538,6.77e-05,0.4752,0.0000,0.0000,0.0000,0.0000,4.9,nan
1539,6.75e-05,0.6932,0.0000,0.0000,0.0000,0.0000,5.0,nan
1540,6.72e-05,0.7536,0.0000,0.0000,0.0000,0.0000,7.6,0.6292
1541,6.70e-05,0.9073,0.0000,0.0000,0.0000,0.0000,4.8,nan
1542,6.67e-05,0.5027,0.0000,0.0000,0.0000,0.0000,4.8,nan
1543,6.64e-05,0.7678,0.0000,0.0000,0.0000,0.0000,5.0,nan
1544,6.62e-05,0.7243,0.0000,0.0000,0.0000,0.0000,4.9,nan
1545,6.59e-05,0.6111,0.0000,0.0000,0.0000,0.0000,4.9,nan
1546,6.57e-05,0.6255,0.0000,0.0000,0.0000,0.0000,4.9,nan
1547,6.54e-05,0.6367,0.0000,0.0000,0.0000,0.0000,5.0,nan
1548,6.52e-05,0.6305,0.0000,0.0000,0.0000,0.0000,4.8,nan
1549,6.49e-05,0.7116,0.0000,0.0000,0.0000,0.0000,4.9,nan
1550,6.46e-05,0.8737,0.0000,0.0000,0.0000,0.0000,5.0,nan
1551,6.44e-05,0.3791,0.0000,0.0000,0.0000,0.0000,4.8,nan
1552,6.41e-05,0.8285,0.0000,0.0000,0.0000,0.0000,4.9,nan
1553,6.39e-05,0.4819,0.0000,0.0000,0.0000,0.0000,4.9,nan
1554,6.36e-05,0.5248,0.0000,0.0000,0.0000,0.0000,5.0,nan
1555,6.34e-05,0.6446,0.0000,0.0000,0.0000,0.0000,4.9,nan
1556,6.31e-05,0.5291,0.0000,0.0000,0.0000,0.0000,4.8,nan
1557,6.29e-05,0.6046,0.0000,0.0000,0.0000,0.0000,5.0,nan
1558,6.26e-05,0.5956,0.0000,0.0000,0.0000,0.0000,4.9,nan
1559,6.24e-05,0.6743,0.0000,0.0000,0.0000,0.0000,5.0,nan
1560,6.21e-05,0.6199,0.0000,0.0000,0.0000,0.0000,7.5,0.6314
1561,6.19e-05,0.6227,0.0000,0.0000,0.0000,0.0000,4.9,nan
1562,6.16e-05,0.8967,0.0000,0.0000,0.0000,0.0000,5.0,nan
1563,6.14e-05,0.5081,0.0000,0.0000,0.0000,0.0000,4.9,nan
1564,6.11e-05,0.5464,0.0000,0.0000,0.0000,0.0000,4.9,nan
1565,6.09e-05,0.7061,0.0000,0.0000,0.0000,0.0000,5.0,nan
1566,6.06e-05,0.6563,0.0000,0.0000,0.0000,0.0000,4.9,nan
1567,6.04e-05,0.3882,0.0000,0.0000,0.0000,0.0000,5.0,nan
1568,6.01e-05,0.4950,0.0000,0.0000,0.0000,0.0000,5.0,nan
1569,5.99e-05,0.7255,0.0000,0.0000,0.0000,0.0000,4.9,nan
1570,5.96e-05,0.6484,0.0000,0.0000,0.0000,0.0000,4.9,nan
1571,5.94e-05,0.6715,0.0000,0.0000,0.0000,0.0000,4.9,nan
1572,5.92e-05,0.6026,0.0000,0.0000,0.0000,0.0000,5.0,nan
1573,5.89e-05,0.4131,0.0000,0.0000,0.0000,0.0000,4.8,nan
1574,5.87e-05,0.6907,0.0000,0.0000,0.0000,0.0000,5.0,nan
1575,5.84e-05,0.4188,0.0000,0.0000,0.0000,0.0000,5.0,nan
1576,5.82e-05,0.3204,0.0000,0.0000,0.0000,0.0000,5.0,nan
1577,5.79e-05,0.8561,0.0000,0.0000,0.0000,0.0000,4.8,nan
1578,5.77e-05,0.6887,0.0000,0.0000,0.0000,0.0000,4.9,nan
1579,5.75e-05,0.7928,0.0000,0.0000,0.0000,0.0000,4.9,nan
1580,5.72e-05,0.5284,0.0000,0.0000,0.0000,0.0000,7.3,0.6377
1581,5.70e-05,0.7654,0.0000,0.0000,0.0000,0.0000,5.0,nan
1582,5.67e-05,0.7011,0.0000,0.0000,0.0000,0.0000,4.9,nan
1583,5.65e-05,0.6943,0.0000,0.0000,0.0000,0.0000,4.9,nan
1584,5.63e-05,0.5676,0.0000,0.0000,0.0000,0.0000,5.0,nan
1585,5.60e-05,0.6119,0.0000,0.0000,0.0000,0.0000,4.9,nan
1586,5.58e-05,0.5449,0.0000,0.0000,0.0000,0.0000,5.0,nan
1587,5.56e-05,0.7491,0.0000,0.0000,0.0000,0.0000,4.9,nan
1588,5.53e-05,0.6329,0.0000,0.0000,0.0000,0.0000,4.9,nan
1589,5.51e-05,0.6284,0.0000,0.0000,0.0000,0.0000,5.0,nan
1590,5.48e-05,0.8093,0.0000,0.0000,0.0000,0.0000,4.9,nan
1591,5.46e-05,0.4995,0.0000,0.0000,0.0000,0.0000,4.9,nan
1592,5.44e-05,0.7982,0.0000,0.0000,0.0000,0.0000,4.9,nan
1593,5.41e-05,0.5732,0.0000,0.0000,0.0000,0.0000,4.9,nan
1594,5.39e-05,0.8245,0.0000,0.0000,0.0000,0.0000,5.0,nan
1595,5.37e-05,0.8700,0.0000,0.0000,0.0000,0.0000,5.0,nan
1596,5.34e-05,0.6833,0.0000,0.0000,0.0000,0.0000,5.0,nan
1597,5.32e-05,0.3556,0.0000,0.0000,0.0000,0.0000,4.8,nan
1598,5.30e-05,0.5366,0.0000,0.0000,0.0000,0.0000,4.9,nan
1599,5.28e-05,0.9024,0.0000,0.0000,0.0000,0.0000,4.8,nan
1600,5.25e-05,0.5983,0.0000,0.0000,0.0000,0.0000,7.6,0.6462
1601,5.23e-05,0.5308,0.0000,0.0000,0.0000,0.0000,5.0,nan
1602,5.21e-05,0.9154,0.0000,0.0000,0.0000,0.0000,5.0,nan
1603,5.18e-05,0.8209,0.0000,0.0000,0.0000,0.0000,4.7,nan
1604,5.16e-05,0.4627,0.0000,0.0000,0.0000,0.0000,4.9,nan
1605,5.14e-05,0.7808,0.0000,0.0000,0.0000,0.0000,4.9,nan
1606,5.11e-05,0.7471,0.0000,0.0000,0.0000,0.0000,5.0,nan
1607,5.09e-05,0.7182,0.0000,0.0000,0.0000,0.0000,4.9,nan
1608,5.07e-05,0.5708,0.0000,0.0000,0.0000,0.0000,5.0,nan
1609,5.05e-05,0.5777,0.0000,0.0000,0.0000,0.0000,4.8,nan
1610,5.02e-05,0.5216,0.0000,0.0000,0.0000,0.0000,5.0,nan
1611,5.00e-05,0.6994,0.0000,0.0000,0.0000,0.0000,5.0,nan
1612,4.98e-05,0.5256,0.0000,0.0000,0.0000,0.0000,4.9,nan
1613,4.96e-05,0.5776,0.0000,0.0000,0.0000,0.0000,4.9,nan
1614,4.93e-05,0.8208,0.0000,0.0000,0.0000,0.0000,4.9,nan
1615,4.91e-05,0.7232,0.0000,0.0000,0.0000,0.0000,5.0,nan
1616,4.89e-05,0.3839,0.0000,0.0000,0.0000,0.0000,5.0,nan
1617,4.87e-05,0.8377,0.0000,0.0000,0.0000,0.0000,4.9,nan
1618,4.85e-05,0.7651,0.0000,0.0000,0.0000,0.0000,5.0,nan
1619,4.82e-05,0.7323,0.0000,0.0000,0.0000,0.0000,5.0,nan
1620,4.80e-05,0.7558,0.0000,0.0000,0.0000,0.0000,7.7,0.6568
1621,4.78e-05,0.5350,0.0000,0.0000,0.0000,0.0000,5.0,nan
1622,4.76e-05,0.8893,0.0000,0.0000,0.0000,0.0000,4.9,nan
1623,4.74e-05,0.6120,0.0000,0.0000,0.0000,0.0000,5.0,nan
1624,4.71e-05,0.6507,0.0000,0.0000,0.0000,0.0000,4.9,nan
1625,4.69e-05,0.7324,0.0000,0.0000,0.0000,0.0000,4.8,nan
1626,4.67e-05,0.5029,0.0000,0.0000,0.0000,0.0000,4.8,nan
1627,4.65e-05,0.5318,0.0000,0.0000,0.0000,0.0000,4.9,nan
1628,4.63e-05,0.8328,0.0000,0.0000,0.0000,0.0000,4.9,nan
1629,4.61e-05,0.6409,0.0000,0.0000,0.0000,0.0000,5.0,nan
1630,4.58e-05,0.7257,0.0000,0.0000,0.0000,0.0000,4.9,nan
1631,4.56e-05,0.5189,0.0000,0.0000,0.0000,0.0000,4.9,nan
1632,4.54e-05,0.8339,0.0000,0.0000,0.0000,0.0000,5.0,nan
1633,4.52e-05,0.5348,0.0000,0.0000,0.0000,0.0000,4.9,nan
1634,4.50e-05,0.9034,0.0000,0.0000,0.0000,0.0000,4.9,nan
1635,4.48e-05,0.7656,0.0000,0.0000,0.0000,0.0000,5.0,nan
1636,4.46e-05,0.6721,0.0000,0.0000,0.0000,0.0000,5.0,nan
1637,4.43e-05,0.6289,0.0000,0.0000,0.0000,0.0000,5.0,nan
1638,4.41e-05,0.8924,0.0000,0.0000,0.0000,0.0000,4.9,nan
1639,4.39e-05,0.4243,0.0000,0.0000,0.0000,0.0000,5.0,nan
1640,4.37e-05,0.6557,0.0000,0.0000,0.0000,0.0000,7.7,0.6907
1641,4.35e-05,0.4419,0.0000,0.0000,0.0000,0.0000,4.9,nan
1642,4.33e-05,0.9078,0.0000,0.0000,0.0000,0.0000,5.1,nan
1643,4.31e-05,0.5912,0.0000,0.0000,0.0000,0.0000,4.9,nan
1644,4.29e-05,0.8075,0.0000,0.0000,0.0000,0.0000,4.9,nan
1645,4.27e-05,0.4820,0.0000,0.0000,0.0000,0.0000,5.0,nan
1646,4.25e-05,0.6580,0.0000,0.0000,0.0000,0.0000,4.9,nan
1647,4.23e-05,0.5078,0.0000,0.0000,0.0000,0.0000,4.9,nan
1648,4.21e-05,0.4448,0.0000,0.0000,0.0000,0.0000,5.0,nan
1649,4.19e-05,0.5067,0.0000,0.0000,0.0000,0.0000,5.0,nan
1650,4.16e-05,0.8976,0.0000,0.0000,0.0000,0.0000,5.0,nan
1651,4.14e-05,0.5367,0.0000,0.0000,0.0000,0.0000,4.9,nan
1652,4.12e-05,0.5725,0.0000,0.0000,0.0000,0.0000,4.8,nan
1653,4.10e-05,0.7644,0.0000,0.0000,0.0000,0.0000,5.0,nan
1654,4.08e-05,0.9605,0.0000,0.0000,0.0000,0.0000,5.0,nan
1655,4.06e-05,0.5313,0.0000,0.0000,0.0000,0.0000,4.9,nan
1656,4.04e-05,0.6715,0.0000,0.0000,0.0000,0.0000,4.9,nan
1657,4.02e-05,0.8315,0.0000,0.0000,0.0000,0.0000,5.0,nan
1658,4.00e-05,0.5336,0.0000,0.0000,0.0000,0.0000,4.9,nan
1659,3.98e-05,0.5313,0.0000,0.0000,0.0000,0.0000,4.9,nan
1660,3.96e-05,0.6309,0.0000,0.0000,0.0000,0.0000,7.4,0.6631
1661,3.94e-05,0.6854,0.0000,0.0000,0.0000,0.0000,5.1,nan
1662,3.92e-05,0.6775,0.0000,0.0000,0.0000,0.0000,4.9,nan
1663,3.90e-05,0.6753,0.0000,0.0000,0.0000,0.0000,4.9,nan
1664,3.88e-05,0.8474,0.0000,0.0000,0.0000,0.0000,4.8,nan
1665,3.86e-05,0.6882,0.0000,0.0000,0.0000,0.0000,4.9,nan
1666,3.84e-05,0.6755,0.0000,0.0000,0.0000,0.0000,4.8,nan
1667,3.82e-05,0.9639,0.0000,0.0000,0.0000,0.0000,5.0,nan
1668,3.80e-05,0.4247,0.0000,0.0000,0.0000,0.0000,4.8,nan
1669,3.79e-05,0.8830,0.0000,0.0000,0.0000,0.0000,4.9,nan
1670,3.77e-05,0.6425,0.0000,0.0000,0.0000,0.0000,4.9,nan
1671,3.75e-05,0.6868,0.0000,0.0000,0.0000,0.0000,5.0,nan
1672,3.73e-05,0.6084,0.0000,0.0000,0.0000,0.0000,4.9,nan
1673,3.71e-05,0.5537,0.0000,0.0000,0.0000,0.0000,4.9,nan
1674,3.69e-05,0.6185,0.0000,0.0000,0.0000,0.0000,4.9,nan
1675,3.67e-05,0.6308,0.0000,0.0000,0.0000,0.0000,4.9,nan
1676,3.65e-05,0.5665,0.0000,0.0000,0.0000,0.0000,4.9,nan
1677,3.63e-05,0.5619,0.0000,0.0000,0.0000,0.0000,4.9,nan
1678,3.61e-05,0.8624,0.0000,0.0000,0.0000,0.0000,4.8,nan
1679,3.59e-05,0.7325,0.0000,0.0000,0.0000,0.0000,4.9,nan
1680,3.57e-05,0.7471,0.0000,0.0000,0.0000,0.0000,7.6,0.6547
1681,3.56e-05,0.4819,0.0000,0.0000,0.0000,0.0000,4.9,nan
1682,3.54e-05,0.5130,0.0000,0.0000,0.0000,0.0000,4.9,nan
1683,3.52e-05,0.8067,0.0000,0.0000,0.0000,0.0000,4.9,nan
1684,3.50e-05,0.3456,0.0000,0.0000,0.0000,0.0000,4.9,nan
1685,3.48e-05,0.6566,0.0000,0.0000,0.0000,0.0000,4.9,nan
1686,3.46e-05,0.6862,0.0000,0.0000,0.0000,0.0000,5.0,nan
1687,3.44e-05,0.5289,0.0000,0.0000,0.0000,0.0000,4.9,nan
1688,3.43e-05,0.6327,0.0000,0.0000,0.0000,0.0000,4.9,nan
1689,3.41e-05,0.8708,0.0000,0.0000,0.0000,0.0000,5.0,nan
1690,3.39e-05,0.7192,0.0000,0.0000,0.0000,0.0000,4.9,nan
1691,3.37e-05,0.5377,0.0000,0.0000,0.0000,0.0000,5.0,nan
1692,3.35e-05,0.7744,0.0000,0.0000,0.0000,0.0000,4.8,nan
1693,3.33e-05,0.5420,0.0000,0.0000,0.0000,0.0000,4.9,nan
1694,3.32e-05,0.6923,0.0000,0.0000,0.0000,0.0000,5.0,nan
1695,3.30e-05,0.6053,0.0000,0.0000,0.0000,0.0000,4.9,nan
1696,3.28e-05,0.7454,0.0000,0.0000,0.0000,0.0000,4.9,nan
1697,3.26e-05,0.7722,0.0000,0.0000,0.0000,0.0000,4.9,nan
1698,3.24e-05,0.6086,0.0000,0.0000,0.0000,0.0000,4.9,nan
1699,3.23e-05,0.4868,0.0000,0.0000,0.0000,0.0000,4.9,nan
1700,3.21e-05,0.6769,0.0000,0.0000,0.0000,0.0000,7.5,0.6462
1701,3.19e-05,0.6521,0.0000,0.0000,0.0000,0.0000,4.8,nan
1702,3.17e-05,0.6521,0.0000,0.0000,0.0000,0.0000,5.1,nan
1703,3.16e-05,0.5021,0.0000,0.0000,0.0000,0.0000,5.1,nan
1704,3.14e-05,0.7415,0.0000,0.0000,0.0000,0.0000,4.9,nan
1705,3.12e-05,0.6718,0.0000,0.0000,0.0000,0.0000,4.9,nan
1706,3.10e-05,0.5872,0.0000,0.0000,0.0000,0.0000,4.9,nan
1707,3.09e-05,0.6037,0.0000,0.0000,0.0000,0.0000,4.9,nan
1708,3.07e-05,0.8429,0.0000,0.0000,0.0000,0.0000,5.0,nan
1709,3.05e-05,0.7310,0.0000,0.0000,0.0000,0.0000,4.9,nan
1710,3.03e-05,0.6572,0.0000,0.0000,0.0000,0.0000,4.9,nan
1711,3.02e-05,0.6614,0.0000,0.0000,0.0000,0.0000,4.9,nan
1712,3.00e-05,0.6571,0.0000,0.0000,0.0000,0.0000,4.9,nan
1713,2.98e-05,0.3879,0.0000,0.0000,0.0000,0.0000,4.9,nan
1714,2.96e-05,0.4335,0.0000,0.0000,0.0000,0.0000,5.0,nan
1715,2.95e-05,0.4825,0.0000,0.0000,0.0000,0.0000,4.8,nan
1716,2.93e-05,0.7876,0.0000,0.0000,0.0000,0.0000,4.8,nan
1717,2.91e-05,0.7096,0.0000,0.0000,0.0000,0.0000,4.9,nan
1718,2.90e-05,0.7139,0.0000,0.0000,0.0000,0.0000,5.0,nan
1719,2.88e-05,0.5918,0.0000,0.0000,0.0000,0.0000,5.0,nan
1720,2.86e-05,0.4898,0.0000,0.0000,0.0000,0.0000,7.6,0.6589
1721,2.85e-05,0.7413,0.0000,0.0000,0.0000,0.0000,4.9,nan
1722,2.83e-05,0.6434,0.0000,0.0000,0.0000,0.0000,4.9,nan
1723,2.81e-05,0.6319,0.0000,0.0000,0.0000,0.0000,5.0,nan
1724,2.80e-05,0.8955,0.0000,0.0000,0.0000,0.0000,5.0,nan
1725,2.78e-05,0.7909,0.0000,0.0000,0.0000,0.0000,4.8,nan
1726,2.76e-05,0.7869,0.0000,0.0000,0.0000,0.0000,4.8,nan
1727,2.75e-05,0.8043,0.0000,0.0000,0.0000,0.0000,4.8,nan
1728,2.73e-05,0.7458,0.0000,0.0000,0.0000,0.0000,4.9,nan
1729,2.72e-05,0.6190,0.0000,0.0000,0.0000,0.0000,4.8,nan
1730,2.70e-05,0.4224,0.0000,0.0000,0.0000,0.0000,5.0,nan
1731,2.68e-05,0.6280,0.0000,0.0000,0.0000,0.0000,4.9,nan
1732,2.67e-05,0.5434,0.0000,0.0000,0.0000,0.0000,5.0,nan
1733,2.65e-05,0.5079,0.0000,0.0000,0.0000,0.0000,4.9,nan
1734,2.64e-05,0.5742,0.0000,0.0000,0.0000,0.0000,4.8,nan
1735,2.62e-05,0.4829,0.0000,0.0000,0.0000,0.0000,4.8,nan
1736,2.60e-05,0.8386,0.0000,0.0000,0.0000,0.0000,4.9,nan
1737,2.59e-05,0.5780,0.0000,0.0000,0.0000,0.0000,5.0,nan
1738,2.57e-05,0.8793,0.0000,0.0000,0.0000,0.0000,4.9,nan
1739,2.56e-05,0.6079,0.0000,0.0000,0.0000,0.0000,4.8,nan
1740,2.54e-05,0.3865,0.0000,0.0000,0.0000,0.0000,7.7,0.6547
1741,2.53e-05,0.7013,0.0000,0.0000,0.0000,0.0000,5.0,nan
1742,2.51e-05,0.7333,0.0000,0.0000,0.0000,0.0000,5.1,nan
1743,2.50e-05,0.5736,0.0000,0.0000,0.0000,0.0000,4.9,nan
1744,2.48e-05,0.5667,0.0000,0.0000,0.0000,0.0000,4.9,nan
1745,2.46e-05,0.7288,0.0000,0.0000,0.0000,0.0000,4.8,nan
1746,2.45e-05,0.6698,0.0000,0.0000,0.0000,0.0000,5.0,nan
1747,2.43e-05,0.5093,0.0000,0.0000,0.0000,0.0000,4.8,nan
1748,2.42e-05,0.6690,0.0000,0.0000,0.0000,0.0000,5.1,nan
1749,2.40e-05,0.4380,0.0000,0.0000,0.0000,0.0000,4.9,nan
1750,2.39e-05,0.6910,0.0000,0.0000,0.0000,0.0000,4.9,nan
1751,2.37e-05,0.8721,0.0000,0.0000,0.0000,0.0000,5.0,nan
1752,2.36e-05,0.5695,0.0000,0.0000,0.0000,0.0000,4.9,nan
1753,2.34e-05,0.6254,0.0000,0.0000,0.0000,0.0000,4.8,nan
1754,2.33e-05,0.5926,0.0000,0.0000,0.0000,0.0000,4.9,nan
1755,2.32e-05,0.5267,0.0000,0.0000,0.0000,0.0000,5.0,nan
1756,2.30e-05,0.6903,0.0000,0.0000,0.0000,0.0000,5.0,nan
1757,2.29e-05,0.5864,0.0000,0.0000,0.0000,0.0000,4.9,nan
1758,2.27e-05,0.5450,0.0000,0.0000,0.0000,0.0000,4.9,nan
1759,2.26e-05,0.7930,0.0000,0.0000,0.0000,0.0000,4.9,nan
1760,2.24e-05,0.6018,0.0000,0.0000,0.0000,0.0000,7.6,0.6419
1761,2.23e-05,0.5166,0.0000,0.0000,0.0000,0.0000,5.0,nan
1762,2.21e-05,0.9128,0.0000,0.0000,0.0000,0.0000,5.1,nan
1763,2.20e-05,0.6446,0.0000,0.0000,0.0000,0.0000,4.9,nan
1764,2.19e-05,0.5164,0.0000,0.0000,0.0000,0.0000,5.0,nan
1765,2.17e-05,0.7349,0.0000,0.0000,0.0000,0.0000,4.9,nan
1766,2.16e-05,0.4471,0.0000,0.0000,0.0000,0.0000,5.0,nan
1767,2.14e-05,0.5556,0.0000,0.0000,0.0000,0.0000,5.1,nan
1768,2.13e-05,0.5199,0.0000,0.0000,0.0000,0.0000,5.0,nan
1769,2.12e-05,0.4794,0.0000,0.0000,0.0000,0.0000,4.8,nan
1770,2.10e-05,0.7193,0.0000,0.0000,0.0000,0.0000,4.9,nan
1771,2.09e-05,0.8696,0.0000,0.0000,0.0000,0.0000,4.9,nan
1772,2.07e-05,0.6920,0.0000,0.0000,0.0000,0.0000,4.9,nan
1773,2.06e-05,0.4788,0.0000,0.0000,0.0000,0.0000,4.8,nan
1774,2.05e-05,0.7990,0.0000,0.0000,0.0000,0.0000,4.8,nan
1775,2.03e-05,0.7937,0.0000,0.0000,0.0000,0.0000,4.9,nan
1776,2.02e-05,0.8165,0.0000,0.0000,0.0000,0.0000,5.0,nan
1777,2.01e-05,0.6261,0.0000,0.0000,0.0000,0.0000,5.0,nan
1778,1.99e-05,0.6528,0.0000,0.0000,0.0000,0.0000,4.9,nan
1779,1.98e-05,0.6368,0.0000,0.0000,0.0000,0.0000,4.9,nan
1780,1.97e-05,0.8182,0.0000,0.0000,0.0000,0.0000,7.7,0.6610
1781,1.95e-05,0.7974,0.0000,0.0000,0.0000,0.0000,5.0,nan
1782,1.94e-05,1.0419,0.0000,0.0000,0.0000,0.0000,4.8,nan
1783,1.93e-05,0.6212,0.0000,0.0000,0.0000,0.0000,4.9,nan
1784,1.91e-05,0.6749,0.0000,0.0000,0.0000,0.0000,4.9,nan
1785,1.90e-05,0.4730,0.0000,0.0000,0.0000,0.0000,5.0,nan
1786,1.89e-05,0.4906,0.0000,0.0000,0.0000,0.0000,4.9,nan
1787,1.87e-05,0.6491,0.0000,0.0000,0.0000,0.0000,4.9,nan
1788,1.86e-05,0.6650,0.0000,0.0000,0.0000,0.0000,4.9,nan
1789,1.85e-05,0.5134,0.0000,0.0000,0.0000,0.0000,4.9,nan
1790,1.84e-05,0.6878,0.0000,0.0000,0.0000,0.0000,5.0,nan
1791,1.82e-05,0.7392,0.0000,0.0000,0.0000,0.0000,5.0,nan
1792,1.81e-05,0.3756,0.0000,0.0000,0.0000,0.0000,4.9,nan
1793,1.80e-05,0.5874,0.0000,0.0000,0.0000,0.0000,4.8,nan
1794,1.79e-05,0.7231,0.0000,0.0000,0.0000,0.0000,4.9,nan
1795,1.77e-05,0.7137,0.0000,0.0000,0.0000,0.0000,5.0,nan
1796,1.76e-05,0.6311,0.0000,0.0000,0.0000,0.0000,4.8,nan
1797,1.75e-05,0.5660,0.0000,0.0000,0.0000,0.0000,4.9,nan
1798,1.74e-05,0.4035,0.0000,0.0000,0.0000,0.0000,5.0,nan
1799,1.72e-05,0.8748,0.0000,0.0000,0.0000,0.0000,4.8,nan
1800,1.71e-05,0.6295,0.0000,0.0000,0.0000,0.0000,7.4,0.6589
1801,1.70e-05,0.4724,0.0000,0.0000,0.0000,0.0000,5.1,nan
1802,1.69e-05,0.6226,0.0000,0.0000,0.0000,0.0000,5.2,nan
1803,1.68e-05,0.6166,0.0000,0.0000,0.0000,0.0000,4.8,nan
1804,1.66e-05,0.5932,0.0000,0.0000,0.0000,0.0000,5.0,nan
1805,1.65e-05,0.5013,0.0000,0.0000,0.0000,0.0000,4.9,nan
1806,1.64e-05,0.5153,0.0000,0.0000,0.0000,0.0000,5.0,nan
1807,1.63e-05,0.6120,0.0000,0.0000,0.0000,0.0000,4.9,nan
1808,1.62e-05,0.5503,0.0000,0.0000,0.0000,0.0000,5.0,nan
1809,1.61e-05,0.5729,0.0000,0.0000,0.0000,0.0000,5.0,nan
1810,1.59e-05,0.6133,0.0000,0.0000,0.0000,0.0000,5.0,nan
1811,1.58e-05,0.6122,0.0000,0.0000,0.0000,0.0000,4.9,nan
1812,1.57e-05,0.9178,0.0000,0.0000,0.0000,0.0000,5.0,nan
1813,1.56e-05,0.4592,0.0000,0.0000,0.0000,0.0000,4.9,nan
1814,1.55e-05,0.7032,0.0000,0.0000,0.0000,0.0000,5.3,nan
1815,1.54e-05,0.7333,0.0000,0.0000,0.0000,0.0000,5.0,nan
1816,1.53e-05,0.7261,0.0000,0.0000,0.0000,0.0000,4.9,nan
1817,1.52e-05,0.5604,0.0000,0.0000,0.0000,0.0000,4.9,nan
1818,1.50e-05,0.6984,0.0000,0.0000,0.0000,0.0000,4.9,nan
1819,1.49e-05,0.6648,0.0000,0.0000,0.0000,0.0000,4.9,nan
1820,1.48e-05,0.6974,0.0000,0.0000,0.0000,0.0000,7.8,0.6377
1821,1.47e-05,0.4623,0.0000,0.0000,0.0000,0.0000,4.9,nan
1822,1.46e-05,0.4964,0.0000,0.0000,0.0000,0.0000,5.0,nan
1823,1.45e-05,0.4934,0.0000,0.0000,0.0000,0.0000,5.0,nan
1824,1.44e-05,0.4326,0.0000,0.0000,0.0000,0.0000,5.0,nan
1825,1.43e-05,0.5474,0.0000,0.0000,0.0000,0.0000,5.0,nan
1826,1.42e-05,0.6604,0.0000,0.0000,0.0000,0.0000,5.1,nan
1827,1.41e-05,0.5525,0.0000,0.0000,0.0000,0.0000,5.0,nan
1828,1.40e-05,0.6020,0.0000,0.0000,0.0000,0.0000,4.9,nan
1829,1.39e-05,0.5550,0.0000,0.0000,0.0000,0.0000,5.0,nan
1830,1.38e-05,0.5844,0.0000,0.0000,0.0000,0.0000,4.9,nan
1831,1.37e-05,0.6198,0.0000,0.0000,0.0000,0.0000,4.9,nan
1832,1.36e-05,0.5707,0.0000,0.0000,0.0000,0.0000,4.9,nan
1833,1.35e-05,0.5899,0.0000,0.0000,0.0000,0.0000,4.9,nan
1834,1.34e-05,0.7372,0.0000,0.0000,0.0000,0.0000,4.9,nan
1835,1.33e-05,0.6391,0.0000,0.0000,0.0000,0.0000,4.9,nan
1836,1.32e-05,0.5803,0.0000,0.0000,0.0000,0.0000,5.0,nan
1837,1.31e-05,0.3951,0.0000,0.0000,0.0000,0.0000,5.1,nan
1838,1.30e-05,0.7919,0.0000,0.0000,0.0000,0.0000,4.9,nan
1839,1.29e-05,0.8154,0.0000,0.0000,0.0000,0.0000,4.9,nan
1840,1.28e-05,0.6340,0.0000,0.0000,0.0000,0.0000,7.7,0.6547
1841,1.27e-05,0.4742,0.0000,0.0000,0.0000,0.0000,4.9,nan
1842,1.26e-05,0.6049,0.0000,0.0000,0.0000,0.0000,5.0,nan
1843,1.25e-05,0.7190,0.0000,0.0000,0.0000,0.0000,4.9,nan
1844,1.24e-05,0.7047,0.0000,0.0000,0.0000,0.0000,5.0,nan
1845,1.23e-05,0.4531,0.0000,0.0000,0.0000,0.0000,4.9,nan
1846,1.22e-05,0.5538,0.0000,0.0000,0.0000,0.0000,5.0,nan
1847,1.21e-05,0.6252,0.0000,0.0000,0.0000,0.0000,5.0,nan
1848,1.20e-05,0.6201,0.0000,0.0000,0.0000,0.0000,5.0,nan
1849,1.19e-05,0.4993,0.0000,0.0000,0.0000,0.0000,5.0,nan
1850,1.18e-05,0.6209,0.0000,0.0000,0.0000,0.0000,5.0,nan
1851,1.17e-05,0.7637,0.0000,0.0000,0.0000,0.0000,5.0,nan
1852,1.16e-05,0.5670,0.0000,0.0000,0.0000,0.0000,4.9,nan
1853,1.16e-05,0.6351,0.0000,0.0000,0.0000,0.0000,5.1,nan
1854,1.15e-05,0.7842,0.0000,0.0000,0.0000,0.0000,4.9,nan
1855,1.14e-05,0.7557,0.0000,0.0000,0.0000,0.0000,4.9,nan
1856,1.13e-05,0.4710,0.0000,0.0000,0.0000,0.0000,5.0,nan
1857,1.12e-05,0.8543,0.0000,0.0000,0.0000,0.0000,4.9,nan
1858,1.11e-05,0.9960,0.0000,0.0000,0.0000,0.0000,5.2,nan
1859,1.10e-05,0.4987,0.0000,0.0000,0.0000,0.0000,4.9,nan
1860,1.09e-05,0.7753,0.0000,0.0000,0.0000,0.0000,7.6,0.6525
1861,1.09e-05,0.5554,0.0000,0.0000,0.0000,0.0000,4.9,nan
1862,1.08e-05,0.5596,0.0000,0.0000,0.0000,0.0000,5.0,nan
1863,1.07e-05,0.4679,0.0000,0.0000,0.0000,0.0000,5.0,nan
1864,1.06e-05,0.4355,0.0000,0.0000,0.0000,0.0000,5.0,nan
1865,1.05e-05,0.6309,0.0000,0.0000,0.0000,0.0000,4.8,nan
1866,1.04e-05,1.0383,0.0000,0.0000,0.0000,0.0000,4.9,nan
1867,1.04e-05,0.8219,0.0000,0.0000,0.0000,0.0000,5.0,nan
1868,1.03e-05,0.6155,0.0000,0.0000,0.0000,0.0000,4.9,nan
1869,1.02e-05,0.7906,0.0000,0.0000,0.0000,0.0000,4.8,nan
1870,1.01e-05,0.7396,0.0000,0.0000,0.0000,0.0000,5.0,nan
1871,1.00e-05,0.5454,0.0000,0.0000,0.0000,0.0000,5.0,nan
1872,9.97e-06,0.9142,0.0000,0.0000,0.0000,0.0000,5.0,nan
1873,9.89e-06,0.6129,0.0000,0.0000,0.0000,0.0000,4.9,nan
1874,9.81e-06,0.6319,0.0000,0.0000,0.0000,0.0000,5.0,nan
1875,9.73e-06,0.8101,0.0000,0.0000,0.0000,0.0000,4.9,nan
1876,9.66e-06,0.4943,0.0000,0.0000,0.0000,0.0000,5.0,nan
1877,9.58e-06,0.4117,0.0000,0.0000,0.0000,0.0000,5.0,nan
1878,9.51e-06,0.4963,0.0000,0.0000,0.0000,0.0000,5.0,nan
1879,9.44e-06,0.6976,0.0000,0.0000,0.0000,0.0000,4.9,nan
1880,9.36e-06,0.6794,0.0000,0.0000,0.0000,0.0000,7.9,0.6462
1881,9.29e-06,0.8921,0.0000,0.0000,0.0000,0.0000,4.9,nan
1882,9.22e-06,0.5744,0.0000,0.0000,0.0000,0.0000,4.9,nan
1883,9.15e-06,0.7541,0.0000,0.0000,0.0000,0.0000,4.9,nan
1884,9.07e-06,0.5235,0.0000,0.0000,0.0000,0.0000,4.9,nan
1885,9.00e-06,0.9604,0.0000,0.0000,0.0000,0.0000,5.0,nan
1886,8.93e-06,0.4405,0.0000,0.0000,0.0000,0.0000,4.9,nan
1887,8.87e-06,0.5908,0.0000,0.0000,0.0000,0.0000,4.9,nan
1888,8.80e-06,0.5752,0.0000,0.0000,0.0000,0.0000,4.9,nan
1889,8.73e-06,0.6779,0.0000,0.0000,0.0000,0.0000,4.9,nan
1890,8.66e-06,0.5079,0.0000,0.0000,0.0000,0.0000,4.8,nan
1891,8.60e-06,0.2878,0.0000,0.0000,0.0000,0.0000,5.0,nan
1892,8.53e-06,0.6816,0.0000,0.0000,0.0000,0.0000,4.8,nan
1893,8.46e-06,0.8518,0.0000,0.0000,0.0000,0.0000,5.0,nan
1894,8.40e-06,0.5632,0.0000,0.0000,0.0000,0.0000,4.8,nan
1895,8.33e-06,0.7411,0.0000,0.0000,0.0000,0.0000,4.9,nan
1896,8.27e-06,0.6440,0.0000,0.0000,0.0000,0.0000,4.9,nan
1897,8.21e-06,0.7592,0.0000,0.0000,0.0000,0.0000,4.9,nan
1898,8.15e-06,0.7250,0.0000,0.0000,0.0000,0.0000,4.9,nan
1899,8.08e-06,0.5444,0.0000,0.0000,0.0000,0.0000,5.0,nan
1900,8.02e-06,0.5633,0.0000,0.0000,0.0000,0.0000,7.5,0.6483
1901,7.96e-06,0.5769,0.0000,0.0000,0.0000,0.0000,5.0,nan
1902,7.90e-06,0.7650,0.0000,0.0000,0.0000,0.0000,4.9,nan
1903,7.84e-06,0.4501,0.0000,0.0000,0.0000,0.0000,5.0,nan
1904,7.78e-06,0.5917,0.0000,0.0000,0.0000,0.0000,4.9,nan
1905,7.73e-06,0.6212,0.0000,0.0000,0.0000,0.0000,4.9,nan
1906,7.67e-06,0.8278,0.0000,0.0000,0.0000,0.0000,5.0,nan
1907,7.61e-06,0.7065,0.0000,0.0000,0.0000,0.0000,4.9,nan
1908,7.56e-06,0.7915,0.0000,0.0000,0.0000,0.0000,4.9,nan
1909,7.50e-06,0.6947,0.0000,0.0000,0.0000,0.0000,5.4,nan
1910,7.44e-06,0.7701,0.0000,0.0000,0.0000,0.0000,4.9,nan
1911,7.39e-06,0.4603,0.0000,0.0000,0.0000,0.0000,4.9,nan
1912,7.34e-06,0.5006,0.0000,0.0000,0.0000,0.0000,4.9,nan
1913,7.28e-06,0.5775,0.0000,0.0000,0.0000,0.0000,5.0,nan
1914,7.23e-06,0.5871,0.0000,0.0000,0.0000,0.0000,4.9,nan
1915,7.18e-06,0.6219,0.0000,0.0000,0.0000,0.0000,4.9,nan
1916,7.13e-06,0.5392,0.0000,0.0000,0.0000,0.0000,5.0,nan
1917,7.08e-06,0.6556,0.0000,0.0000,0.0000,0.0000,4.8,nan
1918,7.03e-06,0.8190,0.0000,0.0000,0.0000,0.0000,4.9,nan
1919,6.98e-06,0.6680,0.0000,0.0000,0.0000,0.0000,4.9,nan
1920,6.93e-06,0.8787,0.0000,0.0000,0.0000,0.0000,7.7,0.6525
1921,6.88e-06,0.5566,0.0000,0.0000,0.0000,0.0000,4.9,nan
1922,6.83e-06,0.6681,0.0000,0.0000,0.0000,0.0000,5.1,nan
1923,6.78e-06,0.3987,0.0000,0.0000,0.0000,0.0000,5.1,nan
1924,6.74e-06,0.6825,0.0000,0.0000,0.0000,0.0000,5.0,nan
1925,6.69e-06,0.5599,0.0000,0.0000,0.0000,0.0000,4.9,nan
1926,6.65e-06,0.5359,0.0000,0.0000,0.0000,0.0000,4.9,nan
1927,6.60e-06,0.5480,0.0000,0.0000,0.0000,0.0000,5.0,nan
1928,6.56e-06,0.6467,0.0000,0.0000,0.0000,0.0000,5.0,nan
1929,6.51e-06,0.7796,0.0000,0.0000,0.0000,0.0000,4.8,nan
1930,6.47e-06,0.4746,0.0000,0.0000,0.0000,0.0000,4.8,nan
1931,6.43e-06,0.5497,0.0000,0.0000,0.0000,0.0000,4.9,nan
1932,6.39e-06,0.4564,0.0000,0.0000,0.0000,0.0000,4.9,nan
1933,6.35e-06,0.6361,0.0000,0.0000,0.0000,0.0000,4.8,nan
1934,6.31e-06,0.5125,0.0000,0.0000,0.0000,0.0000,5.0,nan
1935,6.27e-06,0.7079,0.0000,0.0000,0.0000,0.0000,4.9,nan
1936,6.23e-06,0.5815,0.0000,0.0000,0.0000,0.0000,5.0,nan
1937,6.19e-06,0.5951,0.0000,0.0000,0.0000,0.0000,4.9,nan
1938,6.15e-06,0.6522,0.0000,0.0000,0.0000,0.0000,4.9,nan
1939,6.11e-06,0.5727,0.0000,0.0000,0.0000,0.0000,4.9,nan
1940,6.08e-06,0.8004,0.0000,0.0000,0.0000,0.0000,7.4,0.6674
1941,6.04e-06,0.7853,0.0000,0.0000,0.0000,0.0000,5.0,nan
1942,6.00e-06,0.6798,0.0000,0.0000,0.0000,0.0000,4.8,nan
1943,5.97e-06,0.9187,0.0000,0.0000,0.0000,0.0000,4.9,nan
1944,5.94e-06,0.5311,0.0000,0.0000,0.0000,0.0000,5.0,nan
1945,5.90e-06,0.6244,0.0000,0.0000,0.0000,0.0000,4.9,nan
1946,5.87e-06,0.7263,0.0000,0.0000,0.0000,0.0000,4.9,nan
1947,5.84e-06,0.7207,0.0000,0.0000,0.0000,0.0000,4.9,nan
1948,5.80e-06,0.5275,0.0000,0.0000,0.0000,0.0000,5.0,nan
1949,5.77e-06,0.4930,0.0000,0.0000,0.0000,0.0000,4.8,nan
1950,5.74e-06,0.5072,0.0000,0.0000,0.0000,0.0000,5.0,nan
1951,5.71e-06,0.6233,0.0000,0.0000,0.0000,0.0000,4.9,nan
1952,5.68e-06,0.6193,0.0000,0.0000,0.0000,0.0000,5.1,nan
1953,5.66e-06,0.4766,0.0000,0.0000,0.0000,0.0000,4.9,nan
1954,5.63e-06,0.6043,0.0000,0.0000,0.0000,0.0000,4.9,nan
1955,5.60e-06,0.7784,0.0000,0.0000,0.0000,0.0000,5.0,nan
1956,5.57e-06,0.7672,0.0000,0.0000,0.0000,0.0000,4.9,nan
1957,5.55e-06,0.6166,0.0000,0.0000,0.0000,0.0000,4.9,nan
1958,5.52e-06,0.5468,0.0000,0.0000,0.0000,0.0000,5.0,nan
1959,5.50e-06,0.5656,0.0000,0.0000,0.0000,0.0000,5.0,nan
1960,5.47e-06,0.4224,0.0000,0.0000,0.0000,0.0000,7.6,0.6568
1961,5.45e-06,0.7241,0.0000,0.0000,0.0000,0.0000,4.9,nan
1962,5.42e-06,0.6710,0.0000,0.0000,0.0000,0.0000,4.9,nan
1963,5.40e-06,0.4509,0.0000,0.0000,0.0000,0.0000,4.9,nan
1964,5.38e-06,0.8822,0.0000,0.0000,0.0000,0.0000,4.9,nan
1965,5.36e-06,0.6131,0.0000,0.0000,0.0000,0.0000,4.8,nan
1966,5.34e-06,0.6542,0.0000,0.0000,0.0000,0.0000,4.9,nan
1967,5.32e-06,0.8239,0.0000,0.0000,0.0000,0.0000,5.0,nan
1968,5.30e-06,0.7162,0.0000,0.0000,0.0000,0.0000,5.0,nan
1969,5.28e-06,0.5983,0.0000,0.0000,0.0000,0.0000,5.1,nan
1970,5.26e-06,0.7437,0.0000,0.0000,0.0000,0.0000,4.9,nan
1971,5.24e-06,0.5880,0.0000,0.0000,0.0000,0.0000,4.9,nan
1972,5.23e-06,0.5107,0.0000,0.0000,0.0000,0.0000,4.9,nan
1973,5.21e-06,0.7956,0.0000,0.0000,0.0000,0.0000,5.0,nan
1974,5.19e-06,0.5878,0.0000,0.0000,0.0000,0.0000,5.0,nan
1975,5.18e-06,0.7941,0.0000,0.0000,0.0000,0.0000,4.9,nan
1976,5.16e-06,0.5481,0.0000,0.0000,0.0000,0.0000,4.9,nan
1977,5.15e-06,0.7079,0.0000,0.0000,0.0000,0.0000,5.0,nan
1978,5.14e-06,0.4918,0.0000,0.0000,0.0000,0.0000,5.0,nan
1979,5.12e-06,0.5739,0.0000,0.0000,0.0000,0.0000,4.9,nan
1980,5.11e-06,0.3814,0.0000,0.0000,0.0000,0.0000,7.6,0.6525
1981,5.10e-06,0.8305,0.0000,0.0000,0.0000,0.0000,4.9,nan
1982,5.09e-06,0.4350,0.0000,0.0000,0.0000,0.0000,4.8,nan
1983,5.08e-06,0.5885,0.0000,0.0000,0.0000,0.0000,5.1,nan
1984,5.07e-06,0.6313,0.0000,0.0000,0.0000,0.0000,4.9,nan
1985,5.06e-06,0.6426,0.0000,0.0000,0.0000,0.0000,4.9,nan
1986,5.05e-06,0.7562,0.0000,0.0000,0.0000,0.0000,4.9,nan
1987,5.05e-06,0.6776,0.0000,0.0000,0.0000,0.0000,4.9,nan
1988,5.04e-06,0.7942,0.0000,0.0000,0.0000,0.0000,5.0,nan
1989,5.03e-06,0.7237,0.0000,0.0000,0.0000,0.0000,4.9,nan
1990,5.03e-06,0.7777,0.0000,0.0000,0.0000,0.0000,4.9,nan
1991,5.02e-06,0.4292,0.0000,0.0000,0.0000,0.0000,5.0,nan
1992,5.02e-06,0.5578,0.0000,0.0000,0.0000,0.0000,4.9,nan
1993,5.01e-06,0.7226,0.0000,0.0000,0.0000,0.0000,5.1,nan
1994,5.01e-06,0.6547,0.0000,0.0000,0.0000,0.0000,4.8,nan
1995,5.01e-06,0.6395,0.0000,0.0000,0.0000,0.0000,5.1,nan
1996,5.00e-06,0.7805,0.0000,0.0000,0.0000,0.0000,4.9,nan
1997,5.00e-06,0.6291,0.0000,0.0000,0.0000,0.0000,5.0,nan
1998,5.00e-06,0.6505,0.0000,0.0000,0.0000,0.0000,5.0,nan
1999,5.00e-06,0.8460,0.0000,0.0000,0.0000,0.0000,7.7,0.6504
