epoch,lr,train_loss,val_top1,val_top5,val_balanced,ema_top1,seconds,tracked_test_top1
0,5.00e-05,3.9166,0.0000,0.0000,0.0000,0.0000,25.8,0.0127
1,1.00e-04,3.9016,0.0000,0.0000,0.0000,0.0000,3.1,nan
2,1.50e-04,3.8694,0.0000,0.0000,0.0000,0.0000,3.2,nan
3,2.00e-04,3.7994,0.0000,0.0000,0.0000,0.0000,2.9,nan
4,2.50e-04,3.7031,0.0000,0.0000,0.0000,0.0000,3.0,nan
5,3.00e-04,3.6437,0.0000,0.0000,0.0000,0.0000,3.0,nan
6,3.50e-04,3.5438,0.0000,0.0000,0.0000,0.0000,2.9,nan
7,4.00e-04,3.4429,0.0000,0.0000,0.0000,0.0000,3.2,nan
8,4.50e-04,3.4182,0.0000,0.0000,0.0000,0.0000,3.3,nan
9,5.00e-04,3.2285,0.0000,0.0000,0.0000,0.0000,3.0,nan
10,5.00e-04,3.2138,0.0000,0.0000,0.0000,0.0000,3.0,nan
11,5.00e-04,3.1430,0.0000,0.0000,0.0000,0.0000,2.9,nan
12,5.00e-04,2.9570,0.0000,0.0000,0.0000,0.0000,3.0,nan
13,5.00e-04,2.9701,0.0000,0.0000,0.0000,0.0000,2.9,nan
14,5.00e-04,2.8417,0.0000,0.0000,0.0000,0.0000,2.9,nan
15,5.00e-04,2.7218,0.0000,0.0000,0.0000,0.0000,3.0,nan
16,5.00e-04,2.7090,0.0000,0.0000,0.0000,0.0000,2.9,nan
17,5.00e-04,2.7053,0.0000,0.0000,0.0000,0.0000,3.0,nan
18,5.00e-04,2.6414,0.0000,0.0000,0.0000,0.0000,3.1,nan
19,5.00e-04,2.4662,0.0000,0.0000,0.0000,0.0000,2.8,nan
20,5.00e-04,2.4709,0.0000,0.0000,0.0000,0.0000,2.8,nan
21,5.00e-04,2.3717,0.0000,0.0000,0.0000,0.0000,3.0,nan
22,5.00e-04,2.5534,0.0000,0.0000,0.0000,0.0000,3.0,nan
23,5.00e-04,2.2615,0.0000,0.0000,0.0000,0.0000,2.8,nan
24,5.00e-04,2.1836,0.0000,0.0000,0.0000,0.0000,2.9,nan
25,5.00e-04,2.1873,0.0000,0.0000,0.0000,0.0000,4.4,0.3326
26,5.00e-04,2.3093,0.0000,0.0000,0.0000,0.0000,3.3,nan
27,5.00e-04,2.1638,0.0000,0.0000,0.0000,0.0000,3.1,nan
28,5.00e-04,2.0585,0.0000,0.0000,0.0000,0.0000,2.9,nan
29,5.00e-04,2.0247,0.0000,0.0000,0.0000,0.0000,3.0,nan
30,5.00e-04,2.1622,0.0000,0.0000,0.0000,0.0000,2.9,nan
31,5.00e-04,1.8742,0.0000,0.0000,0.0000,0.0000,3.0,nan
32,5.00e-04,1.8741,0.0000,0.0000,0.0000,0.0000,2.9,nan
33,5.00e-04,2.1851,0.0000,0.0000,0.0000,0.0000,2.8,nan
34,5.00e-04,2.0957,0.0000,0.0000,0.0000,0.0000,2.9,nan
35,5.00e-04,1.9020,0.0000,0.0000,0.0000,0.0000,2.8,nan
36,5.00e-04,1.8191,0.0000,0.0000,0.0000,0.0000,2.9,nan
37,5.00e-04,1.8878,0.0000,0.0000,0.0000,0.0000,2.9,nan
38,5.00e-04,1.6352,0.0000,0.0000,0.0000,0.0000,2.9,nan
39,5.00e-04,2.0675,0.0000,0.0000,0.0000,0.0000,3.0,nan
40,5.00e-04,1.6482,0.0000,0.0000,0.0000,0.0000,2.9,nan
41,5.00e-04,1.9405,0.0000,0.0000,0.0000,0.0000,3.0,nan
42,5.00e-04,1.7828,0.0000,0.0000,0.0000,0.0000,3.0,nan
43,5.00e-04,1.6171,0.0000,0.0000,0.0000,0.0000,2.8,nan
44,5.00e-04,1.5737,0.0000,0.0000,0.0000,0.0000,2.8,nan
45,5.00e-04,1.4324,0.0000,0.0000,0.0000,0.0000,2.8,nan
46,5.00e-04,1.6177,0.0000,0.0000,0.0000,0.0000,2.9,nan
47,5.00e-04,1.7102,0.0000,0.0000,0.0000,0.0000,3.2,nan
48,5.00e-04,1.9199,0.0000,0.0000,0.0000,0.0000,3.0,nan
49,5.00e-04,1.6850,0.0000,0.0000,0.0000,0.0000,3.0,nan
50,4.99e-04,1.3131,0.0000,0.0000,0.0000,0.0000,4.5,0.3538
51,4.99e-04,1.2826,0.0000,0.0000,0.0000,0.0000,3.2,nan
52,4.99e-04,1.4449,0.0000,0.0000,0.0000,0.0000,2.9,nan
53,4.99e-04,1.8987,0.0000,0.0000,0.0000,0.0000,3.0,nan
54,4.99e-04,1.2827,0.0000,0.0000,0.0000,0.0000,2.9,nan
55,4.99e-04,1.3560,0.0000,0.0000,0.0000,0.0000,2.9,nan
56,4.99e-04,1.5437,0.0000,0.0000,0.0000,0.0000,3.0,nan
57,4.99e-04,1.6557,0.0000,0.0000,0.0000,0.0000,2.9,nan
58,4.99e-04,1.3432,0.0000,0.0000,0.0000,0.0000,3.0,nan
59,4.99e-04,1.4651,0.0000,0.0000,0.0000,0.0000,3.0,nan
60,4.99e-04,1.3220,0.0000,0.0000,0.0000,0.0000,3.0,nan
61,4.99e-04,1.2077,0.0000,0.0000,0.0000,0.0000,3.0,nan
62,4.99e-04,1.1109,0.0000,0.0000,0.0000,0.0000,2.9,nan
63,4.99e-04,1.4025,0.0000,0.0000,0.0000,0.0000,2.9,nan
64,4.99e-04,1.1844,0.0000,0.0000,0.0000,0.0000,2.9,nan
65,4.99e-04,1.8557,0.0000,0.0000,0.0000,0.0000,2.9,nan
66,4.99e-04,1.5663,0.0000,0.0000,0.0000,0.0000,2.9,nan
67,4.99e-04,1.3380,0.0000,0.0000,0.0000,0.0000,2.8,nan
68,4.99e-04,1.1841,0.0000,0.0000,0.0000,0.0000,2.9,nan
69,4.99e-04,1.6546,0.0000,0.0000,0.0000,0.0000,3.1,nan
70,4.99e-04,1.2437,0.0000,0.0000,0.0000,0.0000,2.9,nan
71,4.99e-04,1.1811,0.0000,0.0000,0.0000,0.0000,2.9,nan
72,4.99e-04,1.5659,0.0000,0.0000,0.0000,0.0000,2.9,nan
73,4.99e-04,1.3272,0.0000,0.0000,0.0000,0.0000,2.8,nan
74,4.99e-04,1.4320,0.0000,0.0000,0.0000,0.0000,3.0,nan
75,4.99e-04,1.3518,0.0000,0.0000,0.0000,0.0000,4.5,0.4280
76,4.99e-04,1.2601,0.0000,0.0000,0.0000,0.0000,3.0,nan
77,4.99e-04,1.1272,0.0000,0.0000,0.0000,0.0000,3.0,nan
78,4.99e-04,1.2194,0.0000,0.0000,0.0000,0.0000,2.9,nan
79,4.98e-04,1.5282,0.0000,0.0000,0.0000,0.0000,2.8,nan
80,4.98e-04,1.2920,0.0000,0.0000,0.0000,0.0000,3.0,nan
81,4.98e-04,1.2763,0.0000,0.0000,0.0000,0.0000,3.2,nan
82,4.98e-04,1.0784,0.0000,0.0000,0.0000,0.0000,2.9,nan
83,4.98e-04,1.3653,0.0000,0.0000,0.0000,0.0000,2.9,nan
84,4.98e-04,1.4303,0.0000,0.0000,0.0000,0.0000,2.9,nan
85,4.98e-04,1.1412,0.0000,0.0000,0.0000,0.0000,2.8,nan
86,4.98e-04,0.9804,0.0000,0.0000,0.0000,0.0000,3.3,nan
87,4.98e-04,1.4755,0.0000,0.0000,0.0000,0.0000,3.3,nan
88,4.98e-04,1.2221,0.0000,0.0000,0.0000,0.0000,2.9,nan
89,4.98e-04,1.0376,0.0000,0.0000,0.0000,0.0000,3.0,nan
90,4.98e-04,1.5089,0.0000,0.0000,0.0000,0.0000,3.1,nan
91,4.98e-04,0.8950,0.0000,0.0000,0.0000,0.0000,3.0,nan
92,4.98e-04,0.8754,0.0000,0.0000,0.0000,0.0000,2.9,nan
93,4.98e-04,1.6161,0.0000,0.0000,0.0000,0.0000,2.9,nan
94,4.98e-04,1.2715,0.0000,0.0000,0.0000,0.0000,2.9,nan
95,4.98e-04,0.9744,0.0000,0.0000,0.0000,0.0000,2.9,nan
96,4.98e-04,1.0796,0.0000,0.0000,0.0000,0.0000,3.0,nan
97,4.98e-04,1.7519,0.0000,0.0000,0.0000,0.0000,3.0,nan
98,4.98e-04,1.2384,0.0000,0.0000,0.0000,0.0000,3.0,nan
99,4.98e-04,1.1035,0.0000,0.0000,0.0000,0.0000,3.1,nan
100,4.97e-04,0.9340,0.0000,0.0000,0.0000,0.0000,4.6,0.4831
101,4.97e-04,1.1809,0.0000,0.0000,0.0000,0.0000,3.0,nan
102,4.97e-04,1.1749,0.0000,0.0000,0.0000,0.0000,2.8,nan
103,4.97e-04,1.0589,0.0000,0.0000,0.0000,0.0000,2.7,nan
104,4.97e-04,1.0345,0.0000,0.0000,0.0000,0.0000,2.9,nan
105,4.97e-04,0.9215,0.0000,0.0000,0.0000,0.0000,3.3,nan
106,4.97e-04,1.1693,0.0000,0.0000,0.0000,0.0000,3.1,nan
107,4.97e-04,1.1656,0.0000,0.0000,0.0000,0.0000,3.0,nan
108,4.97e-04,1.2367,0.0000,0.0000,0.0000,0.0000,2.9,nan
109,4.97e-04,1.2902,0.0000,0.0000,0.0000,0.0000,2.8,nan
110,4.97e-04,0.9354,0.0000,0.0000,0.0000,0.0000,2.9,nan
111,4.97e-04,1.2898,0.0000,0.0000,0.0000,0.0000,3.1,nan
112,4.97e-04,1.0468,0.0000,0.0000,0.0000,0.0000,2.9,nan
113,4.97e-04,1.3499,0.0000,0.0000,0.0000,0.0000,3.0,nan
114,4.97e-04,0.9984,0.0000,0.0000,0.0000,0.0000,2.8,nan
115,4.97e-04,0.9048,0.0000,0.0000,0.0000,0.0000,2.9,nan
116,4.96e-04,0.9998,0.0000,0.0000,0.0000,0.0000,3.1,nan
117,4.96e-04,1.0076,0.0000,0.0000,0.0000,0.0000,3.0,nan
118,4.96e-04,1.1510,0.0000,0.0000,0.0000,0.0000,2.8,nan
119,4.96e-04,1.1042,0.0000,0.0000,0.0000,0.0000,3.0,nan
120,4.96e-04,1.2750,0.0000,0.0000,0.0000,0.0000,2.9,nan
121,4.96e-04,0.8955,0.0000,0.0000,0.0000,0.0000,3.0,nan
122,4.96e-04,1.5402,0.0000,0.0000,0.0000,0.0000,2.9,nan
123,4.96e-04,1.7987,0.0000,0.0000,0.0000,0.0000,2.9,nan
124,4.96e-04,1.0873,0.0000,0.0000,0.0000,0.0000,2.8,nan
125,4.96e-04,1.2084,0.0000,0.0000,0.0000,0.0000,4.4,0.4216
126,4.96e-04,1.1802,0.0000,0.0000,0.0000,0.0000,2.9,nan
127,4.96e-04,1.1804,0.0000,0.0000,0.0000,0.0000,3.0,nan
128,4.96e-04,1.1317,0.0000,0.0000,0.0000,0.0000,2.9,nan
129,4.96e-04,1.1036,0.0000,0.0000,0.0000,0.0000,2.9,nan
130,4.96e-04,0.9062,0.0000,0.0000,0.0000,0.0000,2.9,nan
131,4.95e-04,1.0985,0.0000,0.0000,0.0000,0.0000,3.1,nan
132,4.95e-04,0.9485,0.0000,0.0000,0.0000,0.0000,2.9,nan
133,4.95e-04,1.1267,0.0000,0.0000,0.0000,0.0000,2.9,nan
134,4.95e-04,1.2024,0.0000,0.0000,0.0000,0.0000,3.0,nan
135,4.95e-04,0.9506,0.0000,0.0000,0.0000,0.0000,2.9,nan
136,4.95e-04,1.1173,0.0000,0.0000,0.0000,0.0000,3.0,nan
137,4.95e-04,0.9399,0.0000,0.0000,0.0000,0.0000,3.0,nan
138,4.95e-04,1.0405,0.0000,0.0000,0.0000,0.0000,2.9,nan
139,4.95e-04,1.0667,0.0000,0.0000,0.0000,0.0000,2.8,nan
140,4.95e-04,1.2958,0.0000,0.0000,0.0000,0.0000,2.9,nan
141,4.95e-04,0.9247,0.0000,0.0000,0.0000,0.0000,3.1,nan
142,4.95e-04,0.8993,0.0000,0.0000,0.0000,0.0000,2.9,nan
143,4.94e-04,1.0711,0.0000,0.0000,0.0000,0.0000,2.9,nan
144,4.94e-04,0.7397,0.0000,0.0000,0.0000,0.0000,2.8,nan
145,4.94e-04,1.2570,0.0000,0.0000,0.0000,0.0000,2.8,nan
146,4.94e-04,0.9198,0.0000,0.0000,0.0000,0.0000,2.9,nan
147,4.94e-04,0.8096,0.0000,0.0000,0.0000,0.0000,2.9,nan
148,4.94e-04,1.1447,0.0000,0.0000,0.0000,0.0000,2.9,nan
149,4.94e-04,1.3924,0.0000,0.0000,0.0000,0.0000,3.0,nan
150,4.94e-04,1.1875,0.0000,0.0000,0.0000,0.0000,4.5,0.5085
151,4.94e-04,1.6653,0.0000,0.0000,0.0000,0.0000,3.0,nan
152,4.94e-04,0.9854,0.0000,0.0000,0.0000,0.0000,2.9,nan
153,4.94e-04,0.9302,0.0000,0.0000,0.0000,0.0000,2.9,nan
154,4.94e-04,1.0661,0.0000,0.0000,0.0000,0.0000,2.9,nan
155,4.93e-04,1.1108,0.0000,0.0000,0.0000,0.0000,2.9,nan
156,4.93e-04,0.9704,0.0000,0.0000,0.0000,0.0000,2.9,nan
157,4.93e-04,0.8007,0.0000,0.0000,0.0000,0.0000,2.9,nan
158,4.93e-04,0.8479,0.0000,0.0000,0.0000,0.0000,3.0,nan
159,4.93e-04,1.2191,0.0000,0.0000,0.0000,0.0000,2.7,nan
160,4.93e-04,0.9591,0.0000,0.0000,0.0000,0.0000,2.8,nan
161,4.93e-04,0.9052,0.0000,0.0000,0.0000,0.0000,3.0,nan
162,4.93e-04,1.0217,0.0000,0.0000,0.0000,0.0000,2.9,nan
163,4.93e-04,1.1285,0.0000,0.0000,0.0000,0.0000,2.9,nan
164,4.93e-04,0.9623,0.0000,0.0000,0.0000,0.0000,2.8,nan
165,4.93e-04,0.8588,0.0000,0.0000,0.0000,0.0000,3.1,nan
166,4.92e-04,0.8628,0.0000,0.0000,0.0000,0.0000,3.3,nan
167,4.92e-04,1.2133,0.0000,0.0000,0.0000,0.0000,2.8,nan
168,4.92e-04,1.1086,0.0000,0.0000,0.0000,0.0000,2.8,nan
169,4.92e-04,0.7947,0.0000,0.0000,0.0000,0.0000,2.9,nan
170,4.92e-04,1.0873,0.0000,0.0000,0.0000,0.0000,2.9,nan
171,4.92e-04,1.4453,0.0000,0.0000,0.0000,0.0000,3.0,nan
172,4.92e-04,0.7825,0.0000,0.0000,0.0000,0.0000,2.9,nan
173,4.92e-04,0.8537,0.0000,0.0000,0.0000,0.0000,2.9,nan
174,4.92e-04,0.5968,0.0000,0.0000,0.0000,0.0000,2.9,nan
175,4.92e-04,0.9086,0.0000,0.0000,0.0000,0.0000,4.6,0.5191
176,4.91e-04,0.8436,0.0000,0.0000,0.0000,0.0000,2.9,nan
177,4.91e-04,0.7611,0.0000,0.0000,0.0000,0.0000,2.8,nan
178,4.91e-04,0.8960,0.0000,0.0000,0.0000,0.0000,3.0,nan
179,4.91e-04,1.2231,0.0000,0.0000,0.0000,0.0000,2.9,nan
180,4.91e-04,0.8235,0.0000,0.0000,0.0000,0.0000,2.9,nan
181,4.91e-04,0.7778,0.0000,0.0000,0.0000,0.0000,3.0,nan
182,4.91e-04,0.8840,0.0000,0.0000,0.0000,0.0000,2.8,nan
183,4.91e-04,0.7279,0.0000,0.0000,0.0000,0.0000,2.8,nan
184,4.91e-04,1.1472,0.0000,0.0000,0.0000,0.0000,2.9,nan
185,4.91e-04,0.7622,0.0000,0.0000,0.0000,0.0000,3.1,nan
186,4.90e-04,0.8955,0.0000,0.0000,0.0000,0.0000,3.1,nan
187,4.90e-04,1.0194,0.0000,0.0000,0.0000,0.0000,2.9,nan
188,4.90e-04,1.0224,0.0000,0.0000,0.0000,0.0000,2.9,nan
189,4.90e-04,0.7025,0.0000,0.0000,0.0000,0.0000,3.0,nan
190,4.90e-04,0.7088,0.0000,0.0000,0.0000,0.0000,3.0,nan
191,4.90e-04,0.8332,0.0000,0.0000,0.0000,0.0000,3.1,nan
192,4.90e-04,1.0651,0.0000,0.0000,0.0000,0.0000,2.9,nan
193,4.90e-04,1.0954,0.0000,0.0000,0.0000,0.0000,2.9,nan
194,4.90e-04,1.1002,0.0000,0.0000,0.0000,0.0000,3.0,nan
195,4.89e-04,1.5025,0.0000,0.0000,0.0000,0.0000,3.0,nan
196,4.89e-04,0.7192,0.0000,0.0000,0.0000,0.0000,3.0,nan
197,4.89e-04,1.0847,0.0000,0.0000,0.0000,0.0000,2.9,nan
198,4.89e-04,1.2614,0.0000,0.0000,0.0000,0.0000,3.0,nan
199,4.89e-04,0.8856,0.0000,0.0000,0.0000,0.0000,2.9,nan
200,4.89e-04,1.1197,0.0000,0.0000,0.0000,0.0000,4.3,0.4534
201,4.89e-04,1.0107,0.0000,0.0000,0.0000,0.0000,3.0,nan
202,4.89e-04,1.0567,0.0000,0.0000,0.0000,0.0000,2.9,nan
203,4.88e-04,1.1445,0.0000,0.0000,0.0000,0.0000,3.0,nan
204,4.88e-04,0.9292,0.0000,0.0000,0.0000,0.0000,2.9,nan
205,4.88e-04,0.8132,0.0000,0.0000,0.0000,0.0000,2.8,nan
206,4.88e-04,0.9337,0.0000,0.0000,0.0000,0.0000,2.9,nan
207,4.88e-04,0.7957,0.0000,0.0000,0.0000,0.0000,2.9,nan
208,4.88e-04,0.8596,0.0000,0.0000,0.0000,0.0000,2.9,nan
209,4.88e-04,1.1095,0.0000,0.0000,0.0000,0.0000,2.9,nan
210,4.88e-04,1.0126,0.0000,0.0000,0.0000,0.0000,2.9,nan
211,4.88e-04,0.9138,0.0000,0.0000,0.0000,0.0000,2.9,nan
212,4.87e-04,0.7372,0.0000,0.0000,0.0000,0.0000,2.8,nan
213,4.87e-04,0.8844,0.0000,0.0000,0.0000,0.0000,2.8,nan
214,4.87e-04,1.1027,0.0000,0.0000,0.0000,0.0000,2.9,nan
215,4.87e-04,0.9403,0.0000,0.0000,0.0000,0.0000,3.0,nan
216,4.87e-04,1.1534,0.0000,0.0000,0.0000,0.0000,2.8,nan
217,4.87e-04,1.0932,0.0000,0.0000,0.0000,0.0000,2.9,nan
218,4.87e-04,0.7367,0.0000,0.0000,0.0000,0.0000,2.9,nan
219,4.87e-04,1.2749,0.0000,0.0000,0.0000,0.0000,2.9,nan
220,4.86e-04,0.9769,0.0000,0.0000,0.0000,0.0000,3.0,nan
221,4.86e-04,0.8885,0.0000,0.0000,0.0000,0.0000,3.1,nan
222,4.86e-04,0.8098,0.0000,0.0000,0.0000,0.0000,2.8,nan
223,4.86e-04,1.0556,0.0000,0.0000,0.0000,0.0000,2.9,nan
224,4.86e-04,1.0299,0.0000,0.0000,0.0000,0.0000,2.9,nan
225,4.86e-04,0.7919,0.0000,0.0000,0.0000,0.0000,4.3,0.5318
226,4.86e-04,0.9177,0.0000,0.0000,0.0000,0.0000,2.8,nan
227,4.86e-04,0.8146,0.0000,0.0000,0.0000,0.0000,2.6,nan
228,4.85e-04,0.9818,0.0000,0.0000,0.0000,0.0000,2.6,nan
229,4.85e-04,0.9330,0.0000,0.0000,0.0000,0.0000,2.5,nan
230,4.85e-04,0.8070,0.0000,0.0000,0.0000,0.0000,2.7,nan
231,4.85e-04,0.7140,0.0000,0.0000,0.0000,0.0000,2.7,nan
232,4.85e-04,0.8670,0.0000,0.0000,0.0000,0.0000,2.7,nan
233,4.85e-04,1.4791,0.0000,0.0000,0.0000,0.0000,2.8,nan
234,4.85e-04,1.1207,0.0000,0.0000,0.0000,0.0000,2.4,nan
235,4.84e-04,1.0569,0.0000,0.0000,0.0000,0.0000,2.4,nan
236,4.84e-04,0.9388,0.0000,0.0000,0.0000,0.0000,2.5,nan
237,4.84e-04,0.9361,0.0000,0.0000,0.0000,0.0000,2.4,nan
238,4.84e-04,0.7859,0.0000,0.0000,0.0000,0.0000,2.5,nan
239,4.84e-04,1.2223,0.0000,0.0000,0.0000,0.0000,2.4,nan
240,4.84e-04,0.9430,0.0000,0.0000,0.0000,0.0000,2.5,nan
241,4.84e-04,1.0004,0.0000,0.0000,0.0000,0.0000,2.5,nan
242,4.83e-04,1.0549,0.0000,0.0000,0.0000,0.0000,2.4,nan
243,4.83e-04,0.7159,0.0000,0.0000,0.0000,0.0000,2.4,nan
244,4.83e-04,0.8441,0.0000,0.0000,0.0000,0.0000,2.4,nan
245,4.83e-04,1.0047,0.0000,0.0000,0.0000,0.0000,2.5,nan
246,4.83e-04,0.7126,0.0000,0.0000,0.0000,0.0000,2.4,nan
247,4.83e-04,0.7163,0.0000,0.0000,0.0000,0.0000,2.4,nan
248,4.83e-04,0.9707,0.0000,0.0000,0.0000,0.0000,2.5,nan
249,4.82e-04,0.9192,0.0000,0.0000,0.0000,0.0000,2.4,nan
250,4.82e-04,0.8850,0.0000,0.0000,0.0000,0.0000,3.8,0.5085
251,4.82e-04,0.8981,0.0000,0.0000,0.0000,0.0000,2.4,nan
252,4.82e-04,1.2304,0.0000,0.0000,0.0000,0.0000,2.4,nan
253,4.82e-04,1.2480,0.0000,0.0000,0.0000,0.0000,2.4,nan
254,4.82e-04,0.8879,0.0000,0.0000,0.0000,0.0000,2.5,nan
255,4.82e-04,0.9579,0.0000,0.0000,0.0000,0.0000,2.4,nan
256,4.81e-04,0.8876,0.0000,0.0000,0.0000,0.0000,2.5,nan
257,4.81e-04,1.3741,0.0000,0.0000,0.0000,0.0000,2.5,nan
258,4.81e-04,0.6268,0.0000,0.0000,0.0000,0.0000,2.4,nan
259,4.81e-04,0.8441,0.0000,0.0000,0.0000,0.0000,2.5,nan
260,4.81e-04,0.9786,0.0000,0.0000,0.0000,0.0000,2.4,nan
261,4.81e-04,0.8670,0.0000,0.0000,0.0000,0.0000,2.5,nan
262,4.81e-04,0.8818,0.0000,0.0000,0.0000,0.0000,2.5,nan
263,4.80e-04,1.0941,0.0000,0.0000,0.0000,0.0000,2.4,nan
264,4.80e-04,0.6985,0.0000,0.0000,0.0000,0.0000,2.4,nan
265,4.80e-04,1.0356,0.0000,0.0000,0.0000,0.0000,2.5,nan
266,4.80e-04,0.8584,0.0000,0.0000,0.0000,0.0000,2.5,nan
267,4.80e-04,0.8083,0.0000,0.0000,0.0000,0.0000,2.4,nan
268,4.80e-04,0.8394,0.0000,0.0000,0.0000,0.0000,2.5,nan
269,4.79e-04,1.2440,0.0000,0.0000,0.0000,0.0000,2.4,nan
270,4.79e-04,1.0376,0.0000,0.0000,0.0000,0.0000,2.5,nan
271,4.79e-04,0.8984,0.0000,0.0000,0.0000,0.0000,2.6,nan
272,4.79e-04,0.8436,0.0000,0.0000,0.0000,0.0000,2.7,nan
273,4.79e-04,1.3940,0.0000,0.0000,0.0000,0.0000,2.5,nan
274,4.79e-04,0.6367,0.0000,0.0000,0.0000,0.0000,2.5,nan
275,4.79e-04,0.5917,0.0000,0.0000,0.0000,0.0000,3.6,0.5000
276,4.78e-04,0.8598,0.0000,0.0000,0.0000,0.0000,2.5,nan
277,4.78e-04,1.0072,0.0000,0.0000,0.0000,0.0000,2.4,nan
278,4.78e-04,0.8472,0.0000,0.0000,0.0000,0.0000,2.5,nan
279,4.78e-04,0.6762,0.0000,0.0000,0.0000,0.0000,2.4,nan
280,4.78e-04,0.8535,0.0000,0.0000,0.0000,0.0000,2.5,nan
281,4.78e-04,0.9585,0.0000,0.0000,0.0000,0.0000,2.5,nan
282,4.77e-04,0.7175,0.0000,0.0000,0.0000,0.0000,2.5,nan
283,4.77e-04,0.9023,0.0000,0.0000,0.0000,0.0000,2.5,nan
284,4.77e-04,0.8111,0.0000,0.0000,0.0000,0.0000,2.5,nan
285,4.77e-04,0.9321,0.0000,0.0000,0.0000,0.0000,2.4,nan
286,4.77e-04,0.9821,0.0000,0.0000,0.0000,0.0000,2.5,nan
287,4.77e-04,0.6866,0.0000,0.0000,0.0000,0.0000,2.4,nan
288,4.76e-04,0.9819,0.0000,0.0000,0.0000,0.0000,2.5,nan
289,4.76e-04,1.2569,0.0000,0.0000,0.0000,0.0000,2.4,nan
290,4.76e-04,0.9439,0.0000,0.0000,0.0000,0.0000,2.4,nan
291,4.76e-04,0.9217,0.0000,0.0000,0.0000,0.0000,2.4,nan
292,4.76e-04,0.9062,0.0000,0.0000,0.0000,0.0000,2.5,nan
293,4.76e-04,0.8727,0.0000,0.0000,0.0000,0.0000,2.4,nan
294,4.75e-04,0.9938,0.0000,0.0000,0.0000,0.0000,2.5,nan
295,4.75e-04,0.8547,0.0000,0.0000,0.0000,0.0000,2.6,nan
296,4.75e-04,0.6540,0.0000,0.0000,0.0000,0.0000,2.6,nan
297,4.75e-04,0.6821,0.0000,0.0000,0.0000,0.0000,2.5,nan
298,4.75e-04,0.6493,0.0000,0.0000,0.0000,0.0000,2.4,nan
299,4.75e-04,1.1362,0.0000,0.0000,0.0000,0.0000,2.4,nan
300,4.74e-04,1.2793,0.0000,0.0000,0.0000,0.0000,3.7,0.5212
301,4.74e-04,0.7168,0.0000,0.0000,0.0000,0.0000,2.4,nan
302,4.74e-04,0.8133,0.0000,0.0000,0.0000,0.0000,2.5,nan
303,4.74e-04,0.8978,0.0000,0.0000,0.0000,0.0000,2.4,nan
304,4.74e-04,1.0362,0.0000,0.0000,0.0000,0.0000,2.5,nan
305,4.73e-04,0.9731,0.0000,0.0000,0.0000,0.0000,2.5,nan
306,4.73e-04,0.8433,0.0000,0.0000,0.0000,0.0000,2.5,nan
307,4.73e-04,0.8930,0.0000,0.0000,0.0000,0.0000,2.4,nan
308,4.73e-04,0.9187,0.0000,0.0000,0.0000,0.0000,2.5,nan
309,4.73e-04,1.0692,0.0000,0.0000,0.0000,0.0000,2.4,nan
310,4.73e-04,0.7571,0.0000,0.0000,0.0000,0.0000,2.4,nan
311,4.72e-04,0.7405,0.0000,0.0000,0.0000,0.0000,2.5,nan
312,4.72e-04,0.7593,0.0000,0.0000,0.0000,0.0000,2.4,nan
313,4.72e-04,0.8161,0.0000,0.0000,0.0000,0.0000,2.5,nan
314,4.72e-04,0.9893,0.0000,0.0000,0.0000,0.0000,2.5,nan
315,4.72e-04,0.6856,0.0000,0.0000,0.0000,0.0000,2.4,nan
316,4.72e-04,0.7800,0.0000,0.0000,0.0000,0.0000,2.5,nan
317,4.71e-04,1.0837,0.0000,0.0000,0.0000,0.0000,2.4,nan
318,4.71e-04,0.5875,0.0000,0.0000,0.0000,0.0000,2.6,nan
319,4.71e-04,0.8552,0.0000,0.0000,0.0000,0.0000,2.6,nan
320,4.71e-04,1.0321,0.0000,0.0000,0.0000,0.0000,2.4,nan
321,4.71e-04,0.6435,0.0000,0.0000,0.0000,0.0000,2.4,nan
322,4.70e-04,0.6775,0.0000,0.0000,0.0000,0.0000,2.4,nan
323,4.70e-04,0.8435,0.0000,0.0000,0.0000,0.0000,2.5,nan
324,4.70e-04,0.5677,0.0000,0.0000,0.0000,0.0000,2.5,nan
325,4.70e-04,0.8813,0.0000,0.0000,0.0000,0.0000,3.7,0.5847
326,4.70e-04,0.9797,0.0000,0.0000,0.0000,0.0000,2.4,nan
327,4.69e-04,0.7824,0.0000,0.0000,0.0000,0.0000,2.4,nan
328,4.69e-04,0.9224,0.0000,0.0000,0.0000,0.0000,2.5,nan
329,4.69e-04,0.5016,0.0000,0.0000,0.0000,0.0000,2.5,nan
330,4.69e-04,0.8871,0.0000,0.0000,0.0000,0.0000,2.5,nan
331,4.69e-04,0.7605,0.0000,0.0000,0.0000,0.0000,2.4,nan
332,4.69e-04,0.8801,0.0000,0.0000,0.0000,0.0000,2.5,nan
333,4.68e-04,0.8453,0.0000,0.0000,0.0000,0.0000,2.4,nan
334,4.68e-04,1.1760,0.0000,0.0000,0.0000,0.0000,2.4,nan
335,4.68e-04,0.8538,0.0000,0.0000,0.0000,0.0000,2.4,nan
336,4.68e-04,0.9194,0.0000,0.0000,0.0000,0.0000,2.4,nan
337,4.68e-04,0.6482,0.0000,0.0000,0.0000,0.0000,2.5,nan
338,4.67e-04,0.7774,0.0000,0.0000,0.0000,0.0000,2.5,nan
339,4.67e-04,0.5062,0.0000,0.0000,0.0000,0.0000,2.5,nan
340,4.67e-04,1.0182,0.0000,0.0000,0.0000,0.0000,2.5,nan
341,4.67e-04,0.7495,0.0000,0.0000,0.0000,0.0000,2.4,nan
342,4.67e-04,0.8332,0.0000,0.0000,0.0000,0.0000,2.4,nan
343,4.66e-04,0.7845,0.0000,0.0000,0.0000,0.0000,2.4,nan
344,4.66e-04,0.7999,0.0000,0.0000,0.0000,0.0000,2.4,nan
345,4.66e-04,0.8659,0.0000,0.0000,0.0000,0.0000,2.4,nan
346,4.66e-04,0.8304,0.0000,0.0000,0.0000,0.0000,2.5,nan
347,4.66e-04,0.8347,0.0000,0.0000,0.0000,0.0000,2.4,nan
348,4.65e-04,0.9577,0.0000,0.0000,0.0000,0.0000,2.5,nan
349,4.65e-04,0.6933,0.0000,0.0000,0.0000,0.0000,2.5,nan
350,4.65e-04,1.3283,0.0000,0.0000,0.0000,0.0000,3.7,0.5297
351,4.65e-04,0.8426,0.0000,0.0000,0.0000,0.0000,2.4,nan
352,4.65e-04,0.9782,0.0000,0.0000,0.0000,0.0000,2.4,nan
353,4.64e-04,1.1850,0.0000,0.0000,0.0000,0.0000,2.4,nan
354,4.64e-04,0.8805,0.0000,0.0000,0.0000,0.0000,2.6,nan
355,4.64e-04,0.8983,0.0000,0.0000,0.0000,0.0000,2.7,nan
356,4.64e-04,1.3206,0.0000,0.0000,0.0000,0.0000,2.8,nan
357,4.64e-04,0.8474,0.0000,0.0000,0.0000,0.0000,2.8,nan
358,4.63e-04,0.9329,0.0000,0.0000,0.0000,0.0000,2.7,nan
359,4.63e-04,0.8347,0.0000,0.0000,0.0000,0.0000,2.7,nan
360,4.63e-04,0.4719,0.0000,0.0000,0.0000,0.0000,2.8,nan
361,4.63e-04,0.8381,0.0000,0.0000,0.0000,0.0000,2.8,nan
362,4.63e-04,0.8243,0.0000,0.0000,0.0000,0.0000,2.7,nan
363,4.62e-04,0.8249,0.0000,0.0000,0.0000,0.0000,2.9,nan
364,4.62e-04,0.7765,0.0000,0.0000,0.0000,0.0000,3.0,nan
365,4.62e-04,0.6891,0.0000,0.0000,0.0000,0.0000,3.4,nan
366,4.62e-04,0.6733,0.0000,0.0000,0.0000,0.0000,2.8,nan
367,4.62e-04,0.9781,0.0000,0.0000,0.0000,0.0000,2.7,nan
368,4.61e-04,0.8864,0.0000,0.0000,0.0000,0.0000,2.8,nan
369,4.61e-04,0.8188,0.0000,0.0000,0.0000,0.0000,2.8,nan
370,4.61e-04,0.8994,0.0000,0.0000,0.0000,0.0000,3.2,nan
371,4.61e-04,1.0010,0.0000,0.0000,0.0000,0.0000,3.3,nan
372,4.60e-04,0.8551,0.0000,0.0000,0.0000,0.0000,3.2,nan
373,4.60e-04,0.6141,0.0000,0.0000,0.0000,0.0000,3.3,nan
374,4.60e-04,0.8752,0.0000,0.0000,0.0000,0.0000,3.0,nan
375,4.60e-04,1.1246,0.0000,0.0000,0.0000,0.0000,4.7,0.4915
376,4.60e-04,1.0149,0.0000,0.0000,0.0000,0.0000,3.1,nan
377,4.59e-04,0.9117,0.0000,0.0000,0.0000,0.0000,3.5,nan
378,4.59e-04,0.9430,0.0000,0.0000,0.0000,0.0000,4.6,nan
379,4.59e-04,0.5402,0.0000,0.0000,0.0000,0.0000,4.9,nan
380,4.59e-04,0.8706,0.0000,0.0000,0.0000,0.0000,4.8,nan
381,4.59e-04,0.6372,0.0000,0.0000,0.0000,0.0000,4.2,nan
382,4.58e-04,1.1416,0.0000,0.0000,0.0000,0.0000,4.4,nan
383,4.58e-04,0.6016,0.0000,0.0000,0.0000,0.0000,4.3,nan
384,4.58e-04,0.8717,0.0000,0.0000,0.0000,0.0000,4.2,nan
385,4.58e-04,0.8875,0.0000,0.0000,0.0000,0.0000,4.4,nan
386,4.57e-04,1.0232,0.0000,0.0000,0.0000,0.0000,4.8,nan
387,4.57e-04,0.8847,0.0000,0.0000,0.0000,0.0000,3.7,nan
388,4.57e-04,0.9205,0.0000,0.0000,0.0000,0.0000,2.5,nan
389,4.57e-04,0.9659,0.0000,0.0000,0.0000,0.0000,2.6,nan
390,4.57e-04,1.4523,0.0000,0.0000,0.0000,0.0000,2.5,nan
391,4.56e-04,0.8350,0.0000,0.0000,0.0000,0.0000,2.6,nan
392,4.56e-04,0.7203,0.0000,0.0000,0.0000,0.0000,2.5,nan
393,4.56e-04,0.7182,0.0000,0.0000,0.0000,0.0000,2.4,nan
394,4.56e-04,0.6433,0.0000,0.0000,0.0000,0.0000,2.4,nan
395,4.55e-04,0.9888,0.0000,0.0000,0.0000,0.0000,2.5,nan
396,4.55e-04,1.2920,0.0000,0.0000,0.0000,0.0000,2.4,nan
397,4.55e-04,1.1547,0.0000,0.0000,0.0000,0.0000,2.4,nan
398,4.55e-04,0.7719,0.0000,0.0000,0.0000,0.0000,2.4,nan
399,4.55e-04,1.0763,0.0000,0.0000,0.0000,0.0000,2.4,nan
400,4.54e-04,0.9572,0.0000,0.0000,0.0000,0.0000,3.8,0.4894
401,4.54e-04,1.1694,0.0000,0.0000,0.0000,0.0000,2.6,nan
402,4.54e-04,0.7892,0.0000,0.0000,0.0000,0.0000,2.4,nan
403,4.54e-04,1.2903,0.0000,0.0000,0.0000,0.0000,2.4,nan
404,4.53e-04,0.9895,0.0000,0.0000,0.0000,0.0000,2.4,nan
405,4.53e-04,0.9174,0.0000,0.0000,0.0000,0.0000,2.4,nan
406,4.53e-04,0.8010,0.0000,0.0000,0.0000,0.0000,2.6,nan
407,4.53e-04,1.0177,0.0000,0.0000,0.0000,0.0000,2.4,nan
408,4.53e-04,0.9025,0.0000,0.0000,0.0000,0.0000,2.4,nan
409,4.52e-04,1.0666,0.0000,0.0000,0.0000,0.0000,2.5,nan
410,4.52e-04,0.7764,0.0000,0.0000,0.0000,0.0000,2.6,nan
411,4.52e-04,0.9846,0.0000,0.0000,0.0000,0.0000,2.5,nan
412,4.52e-04,1.0036,0.0000,0.0000,0.0000,0.0000,2.5,nan
413,4.51e-04,0.8604,0.0000,0.0000,0.0000,0.0000,2.4,nan
414,4.51e-04,0.7114,0.0000,0.0000,0.0000,0.0000,2.4,nan
415,4.51e-04,0.8188,0.0000,0.0000,0.0000,0.0000,2.4,nan
416,4.51e-04,1.0691,0.0000,0.0000,0.0000,0.0000,2.4,nan
417,4.50e-04,0.7299,0.0000,0.0000,0.0000,0.0000,2.5,nan
418,4.50e-04,0.6830,0.0000,0.0000,0.0000,0.0000,2.4,nan
419,4.50e-04,0.9357,0.0000,0.0000,0.0000,0.0000,2.4,nan
420,4.50e-04,0.9733,0.0000,0.0000,0.0000,0.0000,2.4,nan
421,4.49e-04,0.7582,0.0000,0.0000,0.0000,0.0000,2.4,nan
422,4.49e-04,0.7744,0.0000,0.0000,0.0000,0.0000,2.5,nan
423,4.49e-04,1.1888,0.0000,0.0000,0.0000,0.0000,2.4,nan
424,4.49e-04,0.8392,0.0000,0.0000,0.0000,0.0000,2.4,nan
425,4.49e-04,0.8744,0.0000,0.0000,0.0000,0.0000,3.8,0.5127
426,4.48e-04,0.7813,0.0000,0.0000,0.0000,0.0000,2.5,nan
427,4.48e-04,0.9138,0.0000,0.0000,0.0000,0.0000,2.4,nan
428,4.48e-04,1.0252,0.0000,0.0000,0.0000,0.0000,2.4,nan
429,4.48e-04,0.7944,0.0000,0.0000,0.0000,0.0000,2.4,nan
430,4.47e-04,0.7177,0.0000,0.0000,0.0000,0.0000,2.5,nan
431,4.47e-04,0.9847,0.0000,0.0000,0.0000,0.0000,2.5,nan
432,4.47e-04,0.6917,0.0000,0.0000,0.0000,0.0000,2.4,nan
433,4.47e-04,0.9929,0.0000,0.0000,0.0000,0.0000,2.5,nan
434,4.46e-04,0.5846,0.0000,0.0000,0.0000,0.0000,2.4,nan
435,4.46e-04,0.7772,0.0000,0.0000,0.0000,0.0000,2.4,nan
436,4.46e-04,0.6894,0.0000,0.0000,0.0000,0.0000,2.4,nan
437,4.46e-04,0.8721,0.0000,0.0000,0.0000,0.0000,2.5,nan
438,4.45e-04,0.8437,0.0000,0.0000,0.0000,0.0000,2.4,nan
439,4.45e-04,0.9189,0.0000,0.0000,0.0000,0.0000,2.5,nan
440,4.45e-04,0.6115,0.0000,0.0000,0.0000,0.0000,2.4,nan
441,4.45e-04,0.8134,0.0000,0.0000,0.0000,0.0000,2.4,nan
442,4.44e-04,0.7742,0.0000,0.0000,0.0000,0.0000,2.4,nan
443,4.44e-04,0.9737,0.0000,0.0000,0.0000,0.0000,2.5,nan
444,4.44e-04,0.8775,0.0000,0.0000,0.0000,0.0000,2.4,nan
445,4.44e-04,0.6913,0.0000,0.0000,0.0000,0.0000,2.5,nan
446,4.43e-04,0.7822,0.0000,0.0000,0.0000,0.0000,2.4,nan
447,4.43e-04,0.9199,0.0000,0.0000,0.0000,0.0000,2.4,nan
448,4.43e-04,0.7262,0.0000,0.0000,0.0000,0.0000,2.6,nan
449,4.43e-04,0.8754,0.0000,0.0000,0.0000,0.0000,2.6,nan
450,4.42e-04,1.2074,0.0000,0.0000,0.0000,0.0000,3.7,0.5297
451,4.42e-04,0.8032,0.0000,0.0000,0.0000,0.0000,2.5,nan
452,4.42e-04,1.0540,0.0000,0.0000,0.0000,0.0000,2.4,nan
453,4.42e-04,0.7610,0.0000,0.0000,0.0000,0.0000,2.5,nan
454,4.41e-04,1.0146,0.0000,0.0000,0.0000,0.0000,2.5,nan
455,4.41e-04,0.8668,0.0000,0.0000,0.0000,0.0000,2.4,nan
456,4.41e-04,0.4922,0.0000,0.0000,0.0000,0.0000,2.4,nan
457,4.41e-04,0.5043,0.0000,0.0000,0.0000,0.0000,2.5,nan
458,4.40e-04,0.8073,0.0000,0.0000,0.0000,0.0000,2.5,nan
459,4.40e-04,0.9962,0.0000,0.0000,0.0000,0.0000,2.4,nan
460,4.40e-04,0.9108,0.0000,0.0000,0.0000,0.0000,2.4,nan
461,4.40e-04,0.8314,0.0000,0.0000,0.0000,0.0000,2.4,nan
462,4.39e-04,0.6697,0.0000,0.0000,0.0000,0.0000,2.5,nan
463,4.39e-04,1.2156,0.0000,0.0000,0.0000,0.0000,2.4,nan
464,4.39e-04,0.9596,0.0000,0.0000,0.0000,0.0000,2.4,nan
465,4.39e-04,1.0656,0.0000,0.0000,0.0000,0.0000,2.4,nan
466,4.38e-04,0.8539,0.0000,0.0000,0.0000,0.0000,2.4,nan
467,4.38e-04,1.3385,0.0000,0.0000,0.0000,0.0000,2.5,nan
468,4.38e-04,0.8236,0.0000,0.0000,0.0000,0.0000,2.6,nan
469,4.38e-04,0.7794,0.0000,0.0000,0.0000,0.0000,2.4,nan
470,4.37e-04,0.8157,0.0000,0.0000,0.0000,0.0000,2.5,nan
471,4.37e-04,0.6272,0.0000,0.0000,0.0000,0.0000,2.6,nan
472,4.37e-04,1.5084,0.0000,0.0000,0.0000,0.0000,2.5,nan
473,4.37e-04,0.9033,0.0000,0.0000,0.0000,0.0000,2.5,nan
474,4.36e-04,0.7063,0.0000,0.0000,0.0000,0.0000,2.5,nan
475,4.36e-04,0.9642,0.0000,0.0000,0.0000,0.0000,3.8,0.5636
476,4.36e-04,0.7921,0.0000,0.0000,0.0000,0.0000,2.4,nan
477,4.35e-04,1.0401,0.0000,0.0000,0.0000,0.0000,2.5,nan
478,4.35e-04,0.6707,0.0000,0.0000,0.0000,0.0000,2.5,nan
479,4.35e-04,0.8740,0.0000,0.0000,0.0000,0.0000,2.4,nan
480,4.35e-04,0.6617,0.0000,0.0000,0.0000,0.0000,2.5,nan
481,4.34e-04,0.6628,0.0000,0.0000,0.0000,0.0000,2.4,nan
482,4.34e-04,0.9252,0.0000,0.0000,0.0000,0.0000,2.5,nan
483,4.34e-04,1.2114,0.0000,0.0000,0.0000,0.0000,2.4,nan
484,4.34e-04,0.7030,0.0000,0.0000,0.0000,0.0000,2.5,nan
485,4.33e-04,0.6017,0.0000,0.0000,0.0000,0.0000,2.5,nan
486,4.33e-04,1.0079,0.0000,0.0000,0.0000,0.0000,2.4,nan
487,4.33e-04,0.6653,0.0000,0.0000,0.0000,0.0000,2.5,nan
488,4.33e-04,1.1662,0.0000,0.0000,0.0000,0.0000,2.4,nan
489,4.32e-04,1.0288,0.0000,0.0000,0.0000,0.0000,2.5,nan
490,4.32e-04,0.8901,0.0000,0.0000,0.0000,0.0000,2.7,nan
491,4.32e-04,0.7715,0.0000,0.0000,0.0000,0.0000,2.4,nan
492,4.31e-04,0.7874,0.0000,0.0000,0.0000,0.0000,2.4,nan
493,4.31e-04,0.8625,0.0000,0.0000,0.0000,0.0000,2.4,nan
494,4.31e-04,0.9441,0.0000,0.0000,0.0000,0.0000,2.5,nan
495,4.31e-04,0.7861,0.0000,0.0000,0.0000,0.0000,2.5,nan
496,4.30e-04,0.9267,0.0000,0.0000,0.0000,0.0000,2.6,nan
497,4.30e-04,1.0880,0.0000,0.0000,0.0000,0.0000,2.5,nan
498,4.30e-04,0.9349,0.0000,0.0000,0.0000,0.0000,2.5,nan
499,4.30e-04,0.8475,0.0000,0.0000,0.0000,0.0000,2.4,nan
500,4.29e-04,0.8887,0.0000,0.0000,0.0000,0.0000,3.8,0.5127
501,4.29e-04,0.8074,0.0000,0.0000,0.0000,0.0000,2.3,nan
502,4.29e-04,0.7874,0.0000,0.0000,0.0000,0.0000,2.4,nan
503,4.29e-04,0.9531,0.0000,0.0000,0.0000,0.0000,2.4,nan
504,4.28e-04,0.9426,0.0000,0.0000,0.0000,0.0000,2.4,nan
505,4.28e-04,0.8757,0.0000,0.0000,0.0000,0.0000,2.5,nan
506,4.28e-04,0.7858,0.0000,0.0000,0.0000,0.0000,2.4,nan
507,4.27e-04,1.0592,0.0000,0.0000,0.0000,0.0000,2.5,nan
508,4.27e-04,0.6891,0.0000,0.0000,0.0000,0.0000,2.5,nan
509,4.27e-04,0.9217,0.0000,0.0000,0.0000,0.0000,2.4,nan
510,4.27e-04,1.1773,0.0000,0.0000,0.0000,0.0000,2.4,nan
511,4.26e-04,0.9580,0.0000,0.0000,0.0000,0.0000,2.4,nan
512,4.26e-04,0.8439,0.0000,0.0000,0.0000,0.0000,2.4,nan
513,4.26e-04,0.8729,0.0000,0.0000,0.0000,0.0000,2.4,nan
514,4.25e-04,0.5139,0.0000,0.0000,0.0000,0.0000,2.4,nan
515,4.25e-04,0.9330,0.0000,0.0000,0.0000,0.0000,2.4,nan
516,4.25e-04,1.0862,0.0000,0.0000,0.0000,0.0000,2.5,nan
517,4.25e-04,0.8518,0.0000,0.0000,0.0000,0.0000,2.5,nan
518,4.24e-04,0.7580,0.0000,0.0000,0.0000,0.0000,2.4,nan
519,4.24e-04,0.8760,0.0000,0.0000,0.0000,0.0000,2.6,nan
520,4.24e-04,1.0920,0.0000,0.0000,0.0000,0.0000,2.5,nan
521,4.23e-04,0.9551,0.0000,0.0000,0.0000,0.0000,2.5,nan
522,4.23e-04,0.8232,0.0000,0.0000,0.0000,0.0000,2.5,nan
523,4.23e-04,0.5069,0.0000,0.0000,0.0000,0.0000,2.5,nan
524,4.23e-04,0.5855,0.0000,0.0000,0.0000,0.0000,2.4,nan
525,4.22e-04,1.0275,0.0000,0.0000,0.0000,0.0000,3.8,0.5593
526,4.22e-04,0.9139,0.0000,0.0000,0.0000,0.0000,2.4,nan
527,4.22e-04,1.3707,0.0000,0.0000,0.0000,0.0000,2.4,nan
528,4.21e-04,0.7411,0.0000,0.0000,0.0000,0.0000,2.4,nan
529,4.21e-04,1.2129,0.0000,0.0000,0.0000,0.0000,2.5,nan
530,4.21e-04,0.5268,0.0000,0.0000,0.0000,0.0000,2.4,nan
531,4.21e-04,0.8990,0.0000,0.0000,0.0000,0.0000,2.5,nan
532,4.20e-04,0.7606,0.0000,0.0000,0.0000,0.0000,2.5,nan
533,4.20e-04,0.8788,0.0000,0.0000,0.0000,0.0000,2.5,nan
534,4.20e-04,0.5884,0.0000,0.0000,0.0000,0.0000,2.4,nan
535,4.19e-04,0.7963,0.0000,0.0000,0.0000,0.0000,2.4,nan
536,4.19e-04,1.0253,0.0000,0.0000,0.0000,0.0000,2.4,nan
537,4.19e-04,0.9380,0.0000,0.0000,0.0000,0.0000,2.5,nan
538,4.19e-04,0.8714,0.0000,0.0000,0.0000,0.0000,2.4,nan
539,4.18e-04,0.6993,0.0000,0.0000,0.0000,0.0000,2.4,nan
540,4.18e-04,0.6954,0.0000,0.0000,0.0000,0.0000,2.4,nan
541,4.18e-04,0.9814,0.0000,0.0000,0.0000,0.0000,2.5,nan
542,4.17e-04,0.9797,0.0000,0.0000,0.0000,0.0000,2.4,nan
543,4.17e-04,0.6989,0.0000,0.0000,0.0000,0.0000,2.4,nan
544,4.17e-04,0.7929,0.0000,0.0000,0.0000,0.0000,2.4,nan
545,4.17e-04,0.5282,0.0000,0.0000,0.0000,0.0000,2.5,nan
546,4.16e-04,0.5296,0.0000,0.0000,0.0000,0.0000,2.4,nan
547,4.16e-04,0.8266,0.0000,0.0000,0.0000,0.0000,2.4,nan
548,4.16e-04,0.8045,0.0000,0.0000,0.0000,0.0000,2.4,nan
549,4.15e-04,0.9195,0.0000,0.0000,0.0000,0.0000,2.5,nan
550,4.15e-04,0.7285,0.0000,0.0000,0.0000,0.0000,3.7,0.5318
551,4.15e-04,0.8676,0.0000,0.0000,0.0000,0.0000,2.4,nan
552,4.15e-04,0.8770,0.0000,0.0000,0.0000,0.0000,2.4,nan
553,4.14e-04,1.0820,0.0000,0.0000,0.0000,0.0000,2.4,nan
554,4.14e-04,1.1448,0.0000,0.0000,0.0000,0.0000,2.5,nan
555,4.14e-04,1.0882,0.0000,0.0000,0.0000,0.0000,2.4,nan
556,4.13e-04,0.9999,0.0000,0.0000,0.0000,0.0000,2.4,nan
557,4.13e-04,0.9189,0.0000,0.0000,0.0000,0.0000,2.4,nan
558,4.13e-04,0.9204,0.0000,0.0000,0.0000,0.0000,2.5,nan
559,4.12e-04,0.5816,0.0000,0.0000,0.0000,0.0000,2.4,nan
560,4.12e-04,0.4643,0.0000,0.0000,0.0000,0.0000,2.5,nan
561,4.12e-04,0.8412,0.0000,0.0000,0.0000,0.0000,2.4,nan
562,4.12e-04,1.4174,0.0000,0.0000,0.0000,0.0000,2.5,nan
563,4.11e-04,0.8305,0.0000,0.0000,0.0000,0.0000,2.4,nan
564,4.11e-04,0.8056,0.0000,0.0000,0.0000,0.0000,2.4,nan
565,4.11e-04,0.7255,0.0000,0.0000,0.0000,0.0000,2.4,nan
566,4.10e-04,0.6985,0.0000,0.0000,0.0000,0.0000,2.5,nan
567,4.10e-04,0.5870,0.0000,0.0000,0.0000,0.0000,2.6,nan
568,4.10e-04,0.6820,0.0000,0.0000,0.0000,0.0000,2.6,nan
569,4.09e-04,0.8366,0.0000,0.0000,0.0000,0.0000,2.4,nan
570,4.09e-04,0.7195,0.0000,0.0000,0.0000,0.0000,2.5,nan
571,4.09e-04,0.6957,0.0000,0.0000,0.0000,0.0000,2.4,nan
572,4.09e-04,0.4524,0.0000,0.0000,0.0000,0.0000,2.5,nan
573,4.08e-04,0.9513,0.0000,0.0000,0.0000,0.0000,2.4,nan
574,4.08e-04,1.0795,0.0000,0.0000,0.0000,0.0000,2.5,nan
575,4.08e-04,0.7693,0.0000,0.0000,0.0000,0.0000,3.6,0.5911
576,4.07e-04,0.8209,0.0000,0.0000,0.0000,0.0000,2.4,nan
577,4.07e-04,0.7317,0.0000,0.0000,0.0000,0.0000,2.5,nan
578,4.07e-04,0.7089,0.0000,0.0000,0.0000,0.0000,2.5,nan
579,4.06e-04,0.8673,0.0000,0.0000,0.0000,0.0000,2.5,nan
580,4.06e-04,0.6337,0.0000,0.0000,0.0000,0.0000,2.4,nan
581,4.06e-04,0.4916,0.0000,0.0000,0.0000,0.0000,2.5,nan
582,4.05e-04,0.6518,0.0000,0.0000,0.0000,0.0000,2.4,nan
583,4.05e-04,0.6487,0.0000,0.0000,0.0000,0.0000,2.5,nan
584,4.05e-04,0.7547,0.0000,0.0000,0.0000,0.0000,2.4,nan
585,4.05e-04,0.7870,0.0000,0.0000,0.0000,0.0000,2.4,nan
586,4.04e-04,0.9328,0.0000,0.0000,0.0000,0.0000,2.4,nan
587,4.04e-04,0.7296,0.0000,0.0000,0.0000,0.0000,2.5,nan
588,4.04e-04,0.8612,0.0000,0.0000,0.0000,0.0000,2.4,nan
589,4.03e-04,0.9905,0.0000,0.0000,0.0000,0.0000,2.5,nan
590,4.03e-04,0.9547,0.0000,0.0000,0.0000,0.0000,2.4,nan
591,4.03e-04,0.6213,0.0000,0.0000,0.0000,0.0000,2.4,nan
592,4.02e-04,0.9092,0.0000,0.0000,0.0000,0.0000,2.4,nan
593,4.02e-04,0.8084,0.0000,0.0000,0.0000,0.0000,2.4,nan
594,4.02e-04,0.6735,0.0000,0.0000,0.0000,0.0000,2.4,nan
595,4.01e-04,1.0903,0.0000,0.0000,0.0000,0.0000,2.4,nan
596,4.01e-04,0.5981,0.0000,0.0000,0.0000,0.0000,2.4,nan
597,4.01e-04,0.8489,0.0000,0.0000,0.0000,0.0000,2.5,nan
598,4.01e-04,0.8999,0.0000,0.0000,0.0000,0.0000,2.4,nan
599,4.00e-04,0.8149,0.0000,0.0000,0.0000,0.0000,2.5,nan
600,4.00e-04,0.6527,0.0000,0.0000,0.0000,0.0000,3.7,0.5699
601,4.00e-04,0.6649,0.0000,0.0000,0.0000,0.0000,2.5,nan
602,3.99e-04,1.2023,0.0000,0.0000,0.0000,0.0000,2.4,nan
603,3.99e-04,0.5610,0.0000,0.0000,0.0000,0.0000,2.4,nan
604,3.99e-04,1.0294,0.0000,0.0000,0.0000,0.0000,2.4,nan
605,3.98e-04,1.0031,0.0000,0.0000,0.0000,0.0000,2.5,nan
606,3.98e-04,0.9480,0.0000,0.0000,0.0000,0.0000,2.4,nan
607,3.98e-04,0.8540,0.0000,0.0000,0.0000,0.0000,2.4,nan
608,3.97e-04,0.6879,0.0000,0.0000,0.0000,0.0000,2.5,nan
609,3.97e-04,0.8557,0.0000,0.0000,0.0000,0.0000,2.5,nan
610,3.97e-04,0.6316,0.0000,0.0000,0.0000,0.0000,2.4,nan
611,3.96e-04,0.5147,0.0000,0.0000,0.0000,0.0000,2.4,nan
612,3.96e-04,0.6820,0.0000,0.0000,0.0000,0.0000,2.5,nan
613,3.96e-04,0.9206,0.0000,0.0000,0.0000,0.0000,2.4,nan
614,3.95e-04,0.7755,0.0000,0.0000,0.0000,0.0000,2.6,nan
615,3.95e-04,0.6641,0.0000,0.0000,0.0000,0.0000,2.6,nan
616,3.95e-04,0.6845,0.0000,0.0000,0.0000,0.0000,2.5,nan
617,3.95e-04,0.9621,0.0000,0.0000,0.0000,0.0000,2.4,nan
618,3.94e-04,0.7792,0.0000,0.0000,0.0000,0.0000,2.5,nan
619,3.94e-04,0.7134,0.0000,0.0000,0.0000,0.0000,2.4,nan
620,3.94e-04,0.7550,0.0000,0.0000,0.0000,0.0000,2.4,nan
621,3.93e-04,0.8332,0.0000,0.0000,0.0000,0.0000,2.5,nan
622,3.93e-04,0.8892,0.0000,0.0000,0.0000,0.0000,2.5,nan
623,3.93e-04,0.9595,0.0000,0.0000,0.0000,0.0000,2.4,nan
624,3.92e-04,0.6276,0.0000,0.0000,0.0000,0.0000,2.5,nan
625,3.92e-04,0.9642,0.0000,0.0000,0.0000,0.0000,3.8,0.4894
626,3.92e-04,0.8872,0.0000,0.0000,0.0000,0.0000,2.4,nan
627,3.91e-04,0.5972,0.0000,0.0000,0.0000,0.0000,2.5,nan
628,3.91e-04,0.8026,0.0000,0.0000,0.0000,0.0000,2.4,nan
629,3.91e-04,0.6951,0.0000,0.0000,0.0000,0.0000,2.5,nan
630,3.90e-04,1.0004,0.0000,0.0000,0.0000,0.0000,2.4,nan
631,3.90e-04,1.0326,0.0000,0.0000,0.0000,0.0000,2.4,nan
632,3.90e-04,1.1425,0.0000,0.0000,0.0000,0.0000,2.4,nan
633,3.89e-04,0.8850,0.0000,0.0000,0.0000,0.0000,2.6,nan
634,3.89e-04,0.6415,0.0000,0.0000,0.0000,0.0000,3.0,nan
635,3.89e-04,0.7575,0.0000,0.0000,0.0000,0.0000,3.0,nan
636,3.88e-04,0.5504,0.0000,0.0000,0.0000,0.0000,2.7,nan
637,3.88e-04,0.5977,0.0000,0.0000,0.0000,0.0000,2.8,nan
638,3.88e-04,0.9484,0.0000,0.0000,0.0000,0.0000,2.6,nan
639,3.87e-04,0.9344,0.0000,0.0000,0.0000,0.0000,2.4,nan
640,3.87e-04,0.8578,0.0000,0.0000,0.0000,0.0000,2.5,nan
641,3.87e-04,0.8175,0.0000,0.0000,0.0000,0.0000,2.5,nan
642,3.86e-04,0.7342,0.0000,0.0000,0.0000,0.0000,2.4,nan
643,3.86e-04,0.7553,0.0000,0.0000,0.0000,0.0000,2.4,nan
644,3.86e-04,0.8099,0.0000,0.0000,0.0000,0.0000,2.6,nan
645,3.85e-04,0.5432,0.0000,0.0000,0.0000,0.0000,2.7,nan
646,3.85e-04,0.7576,0.0000,0.0000,0.0000,0.0000,2.7,nan
647,3.85e-04,0.6950,0.0000,0.0000,0.0000,0.0000,2.8,nan
648,3.84e-04,0.8401,0.0000,0.0000,0.0000,0.0000,2.6,nan
649,3.84e-04,0.7556,0.0000,0.0000,0.0000,0.0000,2.5,nan
650,3.84e-04,1.0723,0.0000,0.0000,0.0000,0.0000,3.6,0.5085
651,3.83e-04,0.8718,0.0000,0.0000,0.0000,0.0000,2.5,nan
652,3.83e-04,1.1647,0.0000,0.0000,0.0000,0.0000,2.4,nan
653,3.83e-04,0.6709,0.0000,0.0000,0.0000,0.0000,2.4,nan
654,3.82e-04,0.8544,0.0000,0.0000,0.0000,0.0000,2.5,nan
655,3.82e-04,0.9307,0.0000,0.0000,0.0000,0.0000,2.4,nan
656,3.82e-04,0.8374,0.0000,0.0000,0.0000,0.0000,2.5,nan
657,3.81e-04,0.9040,0.0000,0.0000,0.0000,0.0000,2.5,nan
658,3.81e-04,0.8393,0.0000,0.0000,0.0000,0.0000,2.4,nan
659,3.81e-04,0.6037,0.0000,0.0000,0.0000,0.0000,2.4,nan
660,3.80e-04,0.8166,0.0000,0.0000,0.0000,0.0000,2.4,nan
661,3.80e-04,0.5873,0.0000,0.0000,0.0000,0.0000,2.5,nan
662,3.80e-04,1.0696,0.0000,0.0000,0.0000,0.0000,2.4,nan
663,3.79e-04,1.2288,0.0000,0.0000,0.0000,0.0000,2.4,nan
664,3.79e-04,0.4647,0.0000,0.0000,0.0000,0.0000,2.5,nan
665,3.79e-04,1.0727,0.0000,0.0000,0.0000,0.0000,2.5,nan
666,3.78e-04,0.8906,0.0000,0.0000,0.0000,0.0000,2.4,nan
667,3.78e-04,0.5903,0.0000,0.0000,0.0000,0.0000,2.5,nan
668,3.78e-04,0.6403,0.0000,0.0000,0.0000,0.0000,2.5,nan
669,3.77e-04,0.9323,0.0000,0.0000,0.0000,0.0000,2.4,nan
670,3.77e-04,0.6654,0.0000,0.0000,0.0000,0.0000,2.4,nan
671,3.77e-04,1.1867,0.0000,0.0000,0.0000,0.0000,2.4,nan
672,3.76e-04,1.0637,0.0000,0.0000,0.0000,0.0000,2.5,nan
673,3.76e-04,0.9723,0.0000,0.0000,0.0000,0.0000,2.5,nan
674,3.76e-04,0.8231,0.0000,0.0000,0.0000,0.0000,2.5,nan
675,3.75e-04,0.8844,0.0000,0.0000,0.0000,0.0000,3.7,0.5275
676,3.75e-04,0.7672,0.0000,0.0000,0.0000,0.0000,2.4,nan
677,3.75e-04,0.7208,0.0000,0.0000,0.0000,0.0000,2.5,nan
678,3.74e-04,0.6948,0.0000,0.0000,0.0000,0.0000,2.4,nan
679,3.74e-04,0.5983,0.0000,0.0000,0.0000,0.0000,2.5,nan
680,3.74e-04,1.1904,0.0000,0.0000,0.0000,0.0000,2.5,nan
681,3.73e-04,0.9161,0.0000,0.0000,0.0000,0.0000,2.4,nan
682,3.73e-04,0.7303,0.0000,0.0000,0.0000,0.0000,2.5,nan
683,3.73e-04,1.0104,0.0000,0.0000,0.0000,0.0000,2.7,nan
684,3.72e-04,0.6146,0.0000,0.0000,0.0000,0.0000,2.5,nan
685,3.72e-04,0.6935,0.0000,0.0000,0.0000,0.0000,2.6,nan
686,3.72e-04,0.8948,0.0000,0.0000,0.0000,0.0000,2.5,nan
687,3.71e-04,0.6177,0.0000,0.0000,0.0000,0.0000,2.4,nan
688,3.71e-04,0.9083,0.0000,0.0000,0.0000,0.0000,2.4,nan
689,3.71e-04,0.7031,0.0000,0.0000,0.0000,0.0000,2.4,nan
690,3.70e-04,0.7371,0.0000,0.0000,0.0000,0.0000,2.4,nan
691,3.70e-04,0.8665,0.0000,0.0000,0.0000,0.0000,2.4,nan
692,3.70e-04,1.0240,0.0000,0.0000,0.0000,0.0000,2.4,nan
693,3.69e-04,0.5798,0.0000,0.0000,0.0000,0.0000,2.4,nan
694,3.69e-04,0.6814,0.0000,0.0000,0.0000,0.0000,2.4,nan
695,3.69e-04,0.6696,0.0000,0.0000,0.0000,0.0000,2.4,nan
696,3.68e-04,0.8312,0.0000,0.0000,0.0000,0.0000,2.4,nan
697,3.68e-04,0.6471,0.0000,0.0000,0.0000,0.0000,2.5,nan
698,3.68e-04,0.8065,0.0000,0.0000,0.0000,0.0000,2.4,nan
699,3.67e-04,0.9620,0.0000,0.0000,0.0000,0.0000,2.5,nan
700,3.67e-04,0.6561,0.0000,0.0000,0.0000,0.0000,3.8,0.5551
701,3.66e-04,0.9204,0.0000,0.0000,0.0000,0.0000,2.4,nan
702,3.66e-04,0.4837,0.0000,0.0000,0.0000,0.0000,2.5,nan
703,3.66e-04,0.5389,0.0000,0.0000,0.0000,0.0000,2.4,nan
704,3.65e-04,0.8760,0.0000,0.0000,0.0000,0.0000,2.3,nan
705,3.65e-04,0.8488,0.0000,0.0000,0.0000,0.0000,2.4,nan
706,3.65e-04,0.9181,0.0000,0.0000,0.0000,0.0000,2.4,nan
707,3.64e-04,0.8087,0.0000,0.0000,0.0000,0.0000,2.5,nan
708,3.64e-04,0.8972,0.0000,0.0000,0.0000,0.0000,2.5,nan
709,3.64e-04,1.2958,0.0000,0.0000,0.0000,0.0000,2.4,nan
710,3.63e-04,1.0969,0.0000,0.0000,0.0000,0.0000,2.4,nan
711,3.63e-04,1.1334,0.0000,0.0000,0.0000,0.0000,2.3,nan
712,3.63e-04,0.6053,0.0000,0.0000,0.0000,0.0000,2.4,nan
713,3.62e-04,1.0924,0.0000,0.0000,0.0000,0.0000,2.4,nan
714,3.62e-04,0.8273,0.0000,0.0000,0.0000,0.0000,2.4,nan
715,3.62e-04,0.8268,0.0000,0.0000,0.0000,0.0000,2.4,nan
716,3.61e-04,1.3773,0.0000,0.0000,0.0000,0.0000,2.5,nan
717,3.61e-04,0.7851,0.0000,0.0000,0.0000,0.0000,2.4,nan
718,3.61e-04,0.7059,0.0000,0.0000,0.0000,0.0000,2.5,nan
719,3.60e-04,0.8452,0.0000,0.0000,0.0000,0.0000,2.4,nan
720,3.60e-04,0.7691,0.0000,0.0000,0.0000,0.0000,2.5,nan
721,3.59e-04,0.9532,0.0000,0.0000,0.0000,0.0000,2.4,nan
722,3.59e-04,0.6046,0.0000,0.0000,0.0000,0.0000,2.4,nan
723,3.59e-04,0.8042,0.0000,0.0000,0.0000,0.0000,2.5,nan
724,3.58e-04,0.7924,0.0000,0.0000,0.0000,0.0000,2.4,nan
725,3.58e-04,0.7695,0.0000,0.0000,0.0000,0.0000,3.8,0.5551
726,3.58e-04,0.5991,0.0000,0.0000,0.0000,0.0000,2.4,nan
727,3.57e-04,0.7204,0.0000,0.0000,0.0000,0.0000,2.5,nan
728,3.57e-04,0.9903,0.0000,0.0000,0.0000,0.0000,2.3,nan
729,3.57e-04,0.7486,0.0000,0.0000,0.0000,0.0000,2.4,nan
730,3.56e-04,0.6976,0.0000,0.0000,0.0000,0.0000,2.4,nan
731,3.56e-04,0.5821,0.0000,0.0000,0.0000,0.0000,2.5,nan
732,3.56e-04,1.0048,0.0000,0.0000,0.0000,0.0000,2.6,nan
733,3.55e-04,0.6457,0.0000,0.0000,0.0000,0.0000,2.5,nan
734,3.55e-04,0.7649,0.0000,0.0000,0.0000,0.0000,2.5,nan
735,3.55e-04,0.5898,0.0000,0.0000,0.0000,0.0000,2.5,nan
736,3.54e-04,0.7855,0.0000,0.0000,0.0000,0.0000,2.5,nan
737,3.54e-04,0.7834,0.0000,0.0000,0.0000,0.0000,2.4,nan
738,3.53e-04,1.0434,0.0000,0.0000,0.0000,0.0000,2.4,nan
739,3.53e-04,0.9642,0.0000,0.0000,0.0000,0.0000,2.4,nan
740,3.53e-04,0.8250,0.0000,0.0000,0.0000,0.0000,2.4,nan
741,3.52e-04,0.7897,0.0000,0.0000,0.0000,0.0000,2.5,nan
742,3.52e-04,0.5950,0.0000,0.0000,0.0000,0.0000,2.5,nan
743,3.52e-04,0.6847,0.0000,0.0000,0.0000,0.0000,2.5,nan
744,3.51e-04,1.0112,0.0000,0.0000,0.0000,0.0000,2.4,nan
745,3.51e-04,0.7739,0.0000,0.0000,0.0000,0.0000,2.4,nan
746,3.51e-04,0.6480,0.0000,0.0000,0.0000,0.0000,2.4,nan
747,3.50e-04,0.6437,0.0000,0.0000,0.0000,0.0000,2.4,nan
748,3.50e-04,0.8648,0.0000,0.0000,0.0000,0.0000,2.4,nan
749,3.50e-04,0.8525,0.0000,0.0000,0.0000,0.0000,2.4,nan
750,3.49e-04,0.7355,0.0000,0.0000,0.0000,0.0000,3.8,0.5424
751,3.49e-04,0.7511,0.0000,0.0000,0.0000,0.0000,2.4,nan
752,3.48e-04,1.0439,0.0000,0.0000,0.0000,0.0000,2.5,nan
753,3.48e-04,0.7904,0.0000,0.0000,0.0000,0.0000,2.5,nan
754,3.48e-04,0.6268,0.0000,0.0000,0.0000,0.0000,2.4,nan
755,3.47e-04,0.5762,0.0000,0.0000,0.0000,0.0000,2.6,nan
756,3.47e-04,0.7302,0.0000,0.0000,0.0000,0.0000,2.7,nan
757,3.47e-04,0.7996,0.0000,0.0000,0.0000,0.0000,2.4,nan
758,3.46e-04,0.9769,0.0000,0.0000,0.0000,0.0000,2.4,nan
759,3.46e-04,1.1512,0.0000,0.0000,0.0000,0.0000,2.4,nan
760,3.46e-04,0.8319,0.0000,0.0000,0.0000,0.0000,2.4,nan
761,3.45e-04,0.7519,0.0000,0.0000,0.0000,0.0000,2.4,nan
762,3.45e-04,0.6400,0.0000,0.0000,0.0000,0.0000,2.5,nan
763,3.44e-04,0.5730,0.0000,0.0000,0.0000,0.0000,2.4,nan
764,3.44e-04,0.6409,0.0000,0.0000,0.0000,0.0000,2.4,nan
765,3.44e-04,0.6877,0.0000,0.0000,0.0000,0.0000,2.4,nan
766,3.43e-04,0.5656,0.0000,0.0000,0.0000,0.0000,2.5,nan
767,3.43e-04,0.8661,0.0000,0.0000,0.0000,0.0000,2.6,nan
768,3.43e-04,0.7345,0.0000,0.0000,0.0000,0.0000,2.4,nan
769,3.42e-04,0.7301,0.0000,0.0000,0.0000,0.0000,2.5,nan
770,3.42e-04,0.7888,0.0000,0.0000,0.0000,0.0000,2.5,nan
771,3.42e-04,0.5662,0.0000,0.0000,0.0000,0.0000,2.5,nan
772,3.41e-04,1.1195,0.0000,0.0000,0.0000,0.0000,2.4,nan
773,3.41e-04,0.8118,0.0000,0.0000,0.0000,0.0000,2.3,nan
774,3.40e-04,1.0232,0.0000,0.0000,0.0000,0.0000,2.4,nan
775,3.40e-04,0.5941,0.0000,0.0000,0.0000,0.0000,3.8,0.5530
776,3.40e-04,0.5839,0.0000,0.0000,0.0000,0.0000,2.5,nan
777,3.39e-04,0.7872,0.0000,0.0000,0.0000,0.0000,2.5,nan
778,3.39e-04,0.5627,0.0000,0.0000,0.0000,0.0000,2.5,nan
779,3.39e-04,0.7714,0.0000,0.0000,0.0000,0.0000,2.5,nan
780,3.38e-04,0.8953,0.0000,0.0000,0.0000,0.0000,2.4,nan
781,3.38e-04,0.9390,0.0000,0.0000,0.0000,0.0000,2.4,nan
782,3.38e-04,0.8413,0.0000,0.0000,0.0000,0.0000,2.4,nan
783,3.37e-04,0.8208,0.0000,0.0000,0.0000,0.0000,2.5,nan
784,3.37e-04,0.8354,0.0000,0.0000,0.0000,0.0000,2.4,nan
785,3.36e-04,0.7518,0.0000,0.0000,0.0000,0.0000,2.4,nan
786,3.36e-04,0.7483,0.0000,0.0000,0.0000,0.0000,2.4,nan
787,3.36e-04,0.6680,0.0000,0.0000,0.0000,0.0000,2.4,nan
788,3.35e-04,0.7855,0.0000,0.0000,0.0000,0.0000,2.5,nan
789,3.35e-04,0.8516,0.0000,0.0000,0.0000,0.0000,2.4,nan
790,3.35e-04,0.9472,0.0000,0.0000,0.0000,0.0000,2.4,nan
791,3.34e-04,1.4444,0.0000,0.0000,0.0000,0.0000,2.5,nan
792,3.34e-04,0.7180,0.0000,0.0000,0.0000,0.0000,2.4,nan
793,3.33e-04,0.6724,0.0000,0.0000,0.0000,0.0000,2.5,nan
794,3.33e-04,0.5737,0.0000,0.0000,0.0000,0.0000,2.4,nan
795,3.33e-04,0.7669,0.0000,0.0000,0.0000,0.0000,2.5,nan
796,3.32e-04,0.6143,0.0000,0.0000,0.0000,0.0000,2.4,nan
797,3.32e-04,0.6186,0.0000,0.0000,0.0000,0.0000,2.4,nan
798,3.32e-04,0.6887,0.0000,0.0000,0.0000,0.0000,2.5,nan
799,3.31e-04,0.5475,0.0000,0.0000,0.0000,0.0000,2.4,nan
800,3.31e-04,0.7299,0.0000,0.0000,0.0000,0.0000,3.7,0.5678
801,3.31e-04,0.7709,0.0000,0.0000,0.0000,0.0000,2.4,nan
802,3.30e-04,0.8332,0.0000,0.0000,0.0000,0.0000,2.4,nan
803,3.30e-04,0.7336,0.0000,0.0000,0.0000,0.0000,2.5,nan
804,3.29e-04,0.9047,0.0000,0.0000,0.0000,0.0000,2.4,nan
805,3.29e-04,0.5948,0.0000,0.0000,0.0000,0.0000,2.5,nan
806,3.29e-04,0.5929,0.0000,0.0000,0.0000,0.0000,2.4,nan
807,3.28e-04,0.9198,0.0000,0.0000,0.0000,0.0000,2.5,nan
808,3.28e-04,1.0989,0.0000,0.0000,0.0000,0.0000,2.4,nan
809,3.28e-04,0.8335,0.0000,0.0000,0.0000,0.0000,2.4,nan
810,3.27e-04,0.5663,0.0000,0.0000,0.0000,0.0000,2.5,nan
811,3.27e-04,0.5316,0.0000,0.0000,0.0000,0.0000,2.5,nan
812,3.26e-04,0.5171,0.0000,0.0000,0.0000,0.0000,2.4,nan
813,3.26e-04,0.5429,0.0000,0.0000,0.0000,0.0000,2.5,nan
814,3.26e-04,0.7416,0.0000,0.0000,0.0000,0.0000,2.5,nan
815,3.25e-04,0.5900,0.0000,0.0000,0.0000,0.0000,2.5,nan
816,3.25e-04,0.7804,0.0000,0.0000,0.0000,0.0000,2.5,nan
817,3.25e-04,0.6725,0.0000,0.0000,0.0000,0.0000,2.4,nan
818,3.24e-04,1.0468,0.0000,0.0000,0.0000,0.0000,2.5,nan
819,3.24e-04,0.6468,0.0000,0.0000,0.0000,0.0000,2.4,nan
820,3.23e-04,0.6480,0.0000,0.0000,0.0000,0.0000,2.5,nan
821,3.23e-04,0.6184,0.0000,0.0000,0.0000,0.0000,2.3,nan
822,3.23e-04,0.7194,0.0000,0.0000,0.0000,0.0000,2.5,nan
823,3.22e-04,0.5515,0.0000,0.0000,0.0000,0.0000,2.5,nan
824,3.22e-04,0.9032,0.0000,0.0000,0.0000,0.0000,2.4,nan
825,3.22e-04,1.0384,0.0000,0.0000,0.0000,0.0000,3.6,0.5085
826,3.21e-04,1.0445,0.0000,0.0000,0.0000,0.0000,2.4,nan
827,3.21e-04,0.8374,0.0000,0.0000,0.0000,0.0000,2.5,nan
828,3.20e-04,0.8977,0.0000,0.0000,0.0000,0.0000,2.4,nan
829,3.20e-04,0.5440,0.0000,0.0000,0.0000,0.0000,2.4,nan
830,3.20e-04,0.8965,0.0000,0.0000,0.0000,0.0000,2.4,nan
831,3.19e-04,0.7366,0.0000,0.0000,0.0000,0.0000,2.4,nan
832,3.19e-04,0.7298,0.0000,0.0000,0.0000,0.0000,2.5,nan
833,3.19e-04,1.0662,0.0000,0.0000,0.0000,0.0000,2.4,nan
834,3.18e-04,0.7789,0.0000,0.0000,0.0000,0.0000,2.4,nan
835,3.18e-04,0.4157,0.0000,0.0000,0.0000,0.0000,2.4,nan
836,3.17e-04,0.6218,0.0000,0.0000,0.0000,0.0000,2.4,nan
837,3.17e-04,1.0397,0.0000,0.0000,0.0000,0.0000,2.4,nan
838,3.17e-04,0.6525,0.0000,0.0000,0.0000,0.0000,2.4,nan
839,3.16e-04,0.4934,0.0000,0.0000,0.0000,0.0000,2.5,nan
840,3.16e-04,0.7428,0.0000,0.0000,0.0000,0.0000,2.4,nan
841,3.16e-04,0.6514,0.0000,0.0000,0.0000,0.0000,2.3,nan
842,3.15e-04,0.7781,0.0000,0.0000,0.0000,0.0000,2.5,nan
843,3.15e-04,0.9020,0.0000,0.0000,0.0000,0.0000,2.4,nan
844,3.14e-04,0.9952,0.0000,0.0000,0.0000,0.0000,2.4,nan
845,3.14e-04,0.7174,0.0000,0.0000,0.0000,0.0000,2.5,nan
846,3.14e-04,0.6316,0.0000,0.0000,0.0000,0.0000,2.4,nan
847,3.13e-04,0.8095,0.0000,0.0000,0.0000,0.0000,2.4,nan
848,3.13e-04,0.9106,0.0000,0.0000,0.0000,0.0000,2.4,nan
849,3.12e-04,0.5580,0.0000,0.0000,0.0000,0.0000,2.4,nan
850,3.12e-04,0.9121,0.0000,0.0000,0.0000,0.0000,3.7,0.5614
851,3.12e-04,0.7679,0.0000,0.0000,0.0000,0.0000,2.4,nan
852,3.11e-04,0.6560,0.0000,0.0000,0.0000,0.0000,2.4,nan
853,3.11e-04,0.7336,0.0000,0.0000,0.0000,0.0000,2.4,nan
854,3.11e-04,0.8064,0.0000,0.0000,0.0000,0.0000,2.4,nan
855,3.10e-04,1.1335,0.0000,0.0000,0.0000,0.0000,2.4,nan
856,3.10e-04,0.7732,0.0000,0.0000,0.0000,0.0000,2.5,nan
857,3.09e-04,0.6890,0.0000,0.0000,0.0000,0.0000,2.4,nan
858,3.09e-04,0.9169,0.0000,0.0000,0.0000,0.0000,2.5,nan
859,3.09e-04,0.6566,0.0000,0.0000,0.0000,0.0000,2.5,nan
860,3.08e-04,0.6847,0.0000,0.0000,0.0000,0.0000,2.4,nan
861,3.08e-04,0.5812,0.0000,0.0000,0.0000,0.0000,2.7,nan
862,3.08e-04,0.7403,0.0000,0.0000,0.0000,0.0000,2.6,nan
863,3.07e-04,0.9388,0.0000,0.0000,0.0000,0.0000,2.4,nan
864,3.07e-04,0.7119,0.0000,0.0000,0.0000,0.0000,2.5,nan
865,3.06e-04,0.9610,0.0000,0.0000,0.0000,0.0000,2.4,nan
866,3.06e-04,1.0476,0.0000,0.0000,0.0000,0.0000,2.5,nan
867,3.06e-04,0.8519,0.0000,0.0000,0.0000,0.0000,2.4,nan
868,3.05e-04,0.6026,0.0000,0.0000,0.0000,0.0000,2.4,nan
869,3.05e-04,0.6722,0.0000,0.0000,0.0000,0.0000,2.4,nan
870,3.05e-04,0.5718,0.0000,0.0000,0.0000,0.0000,2.5,nan
871,3.04e-04,0.8608,0.0000,0.0000,0.0000,0.0000,2.5,nan
872,3.04e-04,0.5968,0.0000,0.0000,0.0000,0.0000,2.4,nan
873,3.03e-04,1.1034,0.0000,0.0000,0.0000,0.0000,2.4,nan
874,3.03e-04,0.6755,0.0000,0.0000,0.0000,0.0000,2.5,nan
875,3.03e-04,0.7579,0.0000,0.0000,0.0000,0.0000,3.7,0.5614
876,3.02e-04,0.6627,0.0000,0.0000,0.0000,0.0000,2.4,nan
877,3.02e-04,0.6039,0.0000,0.0000,0.0000,0.0000,2.4,nan
878,3.01e-04,1.0756,0.0000,0.0000,0.0000,0.0000,2.4,nan
879,3.01e-04,0.7539,0.0000,0.0000,0.0000,0.0000,2.4,nan
880,3.01e-04,0.9093,0.0000,0.0000,0.0000,0.0000,2.5,nan
881,3.00e-04,1.2217,0.0000,0.0000,0.0000,0.0000,2.4,nan
882,3.00e-04,0.8556,0.0000,0.0000,0.0000,0.0000,2.4,nan
883,3.00e-04,0.8658,0.0000,0.0000,0.0000,0.0000,2.4,nan
884,2.99e-04,0.4804,0.0000,0.0000,0.0000,0.0000,2.5,nan
885,2.99e-04,0.6578,0.0000,0.0000,0.0000,0.0000,2.4,nan
886,2.98e-04,0.6844,0.0000,0.0000,0.0000,0.0000,2.6,nan
887,2.98e-04,0.6449,0.0000,0.0000,0.0000,0.0000,2.7,nan
888,2.98e-04,0.4880,0.0000,0.0000,0.0000,0.0000,2.6,nan
889,2.97e-04,0.7846,0.0000,0.0000,0.0000,0.0000,2.4,nan
890,2.97e-04,0.9369,0.0000,0.0000,0.0000,0.0000,2.5,nan
891,2.96e-04,0.5097,0.0000,0.0000,0.0000,0.0000,2.4,nan
892,2.96e-04,0.9678,0.0000,0.0000,0.0000,0.0000,2.4,nan
893,2.96e-04,0.7232,0.0000,0.0000,0.0000,0.0000,2.5,nan
894,2.95e-04,0.9281,0.0000,0.0000,0.0000,0.0000,2.4,nan
895,2.95e-04,0.7714,0.0000,0.0000,0.0000,0.0000,2.4,nan
896,2.95e-04,0.8947,0.0000,0.0000,0.0000,0.0000,2.5,nan
897,2.94e-04,0.6645,0.0000,0.0000,0.0000,0.0000,2.5,nan
898,2.94e-04,0.7686,0.0000,0.0000,0.0000,0.0000,2.5,nan
899,2.93e-04,0.5757,0.0000,0.0000,0.0000,0.0000,2.5,nan
900,2.93e-04,1.0448,0.0000,0.0000,0.0000,0.0000,3.7,0.5212
901,2.93e-04,0.8689,0.0000,0.0000,0.0000,0.0000,2.4,nan
902,2.92e-04,0.7136,0.0000,0.0000,0.0000,0.0000,2.5,nan
903,2.92e-04,0.8455,0.0000,0.0000,0.0000,0.0000,2.4,nan
904,2.91e-04,0.5338,0.0000,0.0000,0.0000,0.0000,2.4,nan
905,2.91e-04,0.7334,0.0000,0.0000,0.0000,0.0000,2.5,nan
906,2.91e-04,0.6778,0.0000,0.0000,0.0000,0.0000,2.5,nan
907,2.90e-04,0.7863,0.0000,0.0000,0.0000,0.0000,2.4,nan
908,2.90e-04,0.7876,0.0000,0.0000,0.0000,0.0000,2.4,nan
909,2.90e-04,0.4807,0.0000,0.0000,0.0000,0.0000,2.5,nan
910,2.89e-04,0.6498,0.0000,0.0000,0.0000,0.0000,2.4,nan
911,2.89e-04,1.1013,0.0000,0.0000,0.0000,0.0000,2.4,nan
912,2.88e-04,1.0812,0.0000,0.0000,0.0000,0.0000,2.4,nan
913,2.88e-04,1.0850,0.0000,0.0000,0.0000,0.0000,2.4,nan
914,2.88e-04,0.8944,0.0000,0.0000,0.0000,0.0000,2.4,nan
915,2.87e-04,0.9136,0.0000,0.0000,0.0000,0.0000,2.4,nan
916,2.87e-04,0.6590,0.0000,0.0000,0.0000,0.0000,2.4,nan
917,2.86e-04,0.7241,0.0000,0.0000,0.0000,0.0000,2.4,nan
918,2.86e-04,0.7613,0.0000,0.0000,0.0000,0.0000,2.5,nan
919,2.86e-04,0.9627,0.0000,0.0000,0.0000,0.0000,2.5,nan
920,2.85e-04,0.5319,0.0000,0.0000,0.0000,0.0000,2.5,nan
921,2.85e-04,0.9748,0.0000,0.0000,0.0000,0.0000,2.4,nan
922,2.84e-04,0.7471,0.0000,0.0000,0.0000,0.0000,2.6,nan
923,2.84e-04,0.6346,0.0000,0.0000,0.0000,0.0000,2.6,nan
924,2.84e-04,0.8611,0.0000,0.0000,0.0000,0.0000,2.4,nan
925,2.83e-04,0.7450,0.0000,0.0000,0.0000,0.0000,3.8,0.5191
926,2.83e-04,0.8060,0.0000,0.0000,0.0000,0.0000,2.5,nan
927,2.83e-04,0.8349,0.0000,0.0000,0.0000,0.0000,2.4,nan
928,2.82e-04,0.6835,0.0000,0.0000,0.0000,0.0000,2.4,nan
929,2.82e-04,0.5612,0.0000,0.0000,0.0000,0.0000,2.4,nan
930,2.81e-04,0.7159,0.0000,0.0000,0.0000,0.0000,2.5,nan
931,2.81e-04,0.7995,0.0000,0.0000,0.0000,0.0000,2.4,nan
932,2.81e-04,0.6837,0.0000,0.0000,0.0000,0.0000,2.5,nan
933,2.80e-04,0.5148,0.0000,0.0000,0.0000,0.0000,2.4,nan
934,2.80e-04,0.8409,0.0000,0.0000,0.0000,0.0000,2.5,nan
935,2.79e-04,0.7347,0.0000,0.0000,0.0000,0.0000,2.4,nan
936,2.79e-04,0.7611,0.0000,0.0000,0.0000,0.0000,2.5,nan
937,2.79e-04,0.8590,0.0000,0.0000,0.0000,0.0000,2.4,nan
938,2.78e-04,0.6814,0.0000,0.0000,0.0000,0.0000,2.5,nan
939,2.78e-04,0.7253,0.0000,0.0000,0.0000,0.0000,2.5,nan
940,2.78e-04,0.9367,0.0000,0.0000,0.0000,0.0000,2.5,nan
941,2.77e-04,0.7678,0.0000,0.0000,0.0000,0.0000,2.5,nan
942,2.77e-04,1.0301,0.0000,0.0000,0.0000,0.0000,2.4,nan
943,2.76e-04,1.1071,0.0000,0.0000,0.0000,0.0000,2.4,nan
944,2.76e-04,0.6299,0.0000,0.0000,0.0000,0.0000,2.5,nan
945,2.76e-04,0.7294,0.0000,0.0000,0.0000,0.0000,2.4,nan
946,2.75e-04,0.9414,0.0000,0.0000,0.0000,0.0000,2.5,nan
947,2.75e-04,0.6597,0.0000,0.0000,0.0000,0.0000,2.4,nan
948,2.74e-04,0.8251,0.0000,0.0000,0.0000,0.0000,2.4,nan
949,2.74e-04,0.9263,0.0000,0.0000,0.0000,0.0000,2.5,nan
950,2.74e-04,0.9361,0.0000,0.0000,0.0000,0.0000,3.7,0.4958
951,2.73e-04,0.9819,0.0000,0.0000,0.0000,0.0000,2.4,nan
952,2.73e-04,0.7169,0.0000,0.0000,0.0000,0.0000,2.5,nan
953,2.72e-04,0.6192,0.0000,0.0000,0.0000,0.0000,2.4,nan
954,2.72e-04,0.6144,0.0000,0.0000,0.0000,0.0000,2.3,nan
955,2.72e-04,0.7487,0.0000,0.0000,0.0000,0.0000,2.5,nan
956,2.71e-04,0.9872,0.0000,0.0000,0.0000,0.0000,2.5,nan
957,2.71e-04,0.8484,0.0000,0.0000,0.0000,0.0000,2.5,nan
958,2.70e-04,0.6097,0.0000,0.0000,0.0000,0.0000,2.5,nan
959,2.70e-04,0.6446,0.0000,0.0000,0.0000,0.0000,2.3,nan
960,2.70e-04,0.7276,0.0000,0.0000,0.0000,0.0000,2.4,nan
961,2.69e-04,0.4850,0.0000,0.0000,0.0000,0.0000,2.4,nan
962,2.69e-04,0.8772,0.0000,0.0000,0.0000,0.0000,2.4,nan
963,2.69e-04,0.9574,0.0000,0.0000,0.0000,0.0000,2.4,nan
964,2.68e-04,1.0088,0.0000,0.0000,0.0000,0.0000,2.5,nan
965,2.68e-04,0.5786,0.0000,0.0000,0.0000,0.0000,2.4,nan
966,2.67e-04,1.0666,0.0000,0.0000,0.0000,0.0000,2.5,nan
967,2.67e-04,0.6749,0.0000,0.0000,0.0000,0.0000,2.4,nan
968,2.67e-04,0.9402,0.0000,0.0000,0.0000,0.0000,2.4,nan
969,2.66e-04,0.7842,0.0000,0.0000,0.0000,0.0000,2.4,nan
970,2.66e-04,0.8065,0.0000,0.0000,0.0000,0.0000,2.5,nan
971,2.65e-04,0.5164,0.0000,0.0000,0.0000,0.0000,2.5,nan
972,2.65e-04,0.8259,0.0000,0.0000,0.0000,0.0000,2.4,nan
973,2.65e-04,0.7804,0.0000,0.0000,0.0000,0.0000,2.4,nan
974,2.64e-04,0.8265,0.0000,0.0000,0.0000,0.0000,2.5,nan
975,2.64e-04,0.6748,0.0000,0.0000,0.0000,0.0000,3.7,0.5636
976,2.63e-04,0.5652,0.0000,0.0000,0.0000,0.0000,2.4,nan
977,2.63e-04,0.8696,0.0000,0.0000,0.0000,0.0000,2.5,nan
978,2.63e-04,0.6435,0.0000,0.0000,0.0000,0.0000,2.5,nan
979,2.62e-04,0.7448,0.0000,0.0000,0.0000,0.0000,2.5,nan
980,2.62e-04,0.5397,0.0000,0.0000,0.0000,0.0000,2.4,nan
981,2.62e-04,0.8848,0.0000,0.0000,0.0000,0.0000,2.5,nan
982,2.61e-04,0.7617,0.0000,0.0000,0.0000,0.0000,2.4,nan
983,2.61e-04,0.6291,0.0000,0.0000,0.0000,0.0000,2.4,nan
984,2.60e-04,0.8644,0.0000,0.0000,0.0000,0.0000,2.5,nan
985,2.60e-04,0.5144,0.0000,0.0000,0.0000,0.0000,2.4,nan
986,2.60e-04,0.8603,0.0000,0.0000,0.0000,0.0000,2.4,nan
987,2.59e-04,0.8578,0.0000,0.0000,0.0000,0.0000,2.4,nan
988,2.59e-04,0.4509,0.0000,0.0000,0.0000,0.0000,2.4,nan
989,2.58e-04,0.6400,0.0000,0.0000,0.0000,0.0000,2.3,nan
990,2.58e-04,0.8213,0.0000,0.0000,0.0000,0.0000,2.4,nan
991,2.58e-04,0.5880,0.0000,0.0000,0.0000,0.0000,2.4,nan
992,2.57e-04,0.9295,0.0000,0.0000,0.0000,0.0000,2.5,nan
993,2.57e-04,0.5789,0.0000,0.0000,0.0000,0.0000,2.5,nan
994,2.56e-04,0.7481,0.0000,0.0000,0.0000,0.0000,2.6,nan
995,2.56e-04,0.6198,0.0000,0.0000,0.0000,0.0000,2.7,nan
996,2.56e-04,0.9621,0.0000,0.0000,0.0000,0.0000,2.4,nan
997,2.55e-04,0.7648,0.0000,0.0000,0.0000,0.0000,2.5,nan
998,2.55e-04,0.6773,0.0000,0.0000,0.0000,0.0000,2.5,nan
999,2.54e-04,0.4625,0.0000,0.0000,0.0000,0.0000,2.5,nan
1000,2.54e-04,0.8336,0.0000,0.0000,0.0000,0.0000,3.7,0.5360
1001,2.54e-04,0.8704,0.0000,0.0000,0.0000,0.0000,2.4,nan
1002,2.53e-04,0.6465,0.0000,0.0000,0.0000,0.0000,2.4,nan
1003,2.53e-04,1.1362,0.0000,0.0000,0.0000,0.0000,2.5,nan
1004,2.53e-04,0.6015,0.0000,0.0000,0.0000,0.0000,2.5,nan
1005,2.52e-04,0.6792,0.0000,0.0000,0.0000,0.0000,2.5,nan
1006,2.52e-04,0.6853,0.0000,0.0000,0.0000,0.0000,2.4,nan
1007,2.51e-04,0.7271,0.0000,0.0000,0.0000,0.0000,2.4,nan
1008,2.51e-04,0.8529,0.0000,0.0000,0.0000,0.0000,2.4,nan
1009,2.51e-04,0.6992,0.0000,0.0000,0.0000,0.0000,2.4,nan
1010,2.50e-04,0.8540,0.0000,0.0000,0.0000,0.0000,2.5,nan
1011,2.50e-04,0.9267,0.0000,0.0000,0.0000,0.0000,2.4,nan
1012,2.49e-04,0.6834,0.0000,0.0000,0.0000,0.0000,2.4,nan
1013,2.49e-04,0.4830,0.0000,0.0000,0.0000,0.0000,2.5,nan
1014,2.49e-04,0.7020,0.0000,0.0000,0.0000,0.0000,2.5,nan
1015,2.48e-04,0.7243,0.0000,0.0000,0.0000,0.0000,2.5,nan
1016,2.48e-04,0.7752,0.0000,0.0000,0.0000,0.0000,2.4,nan
1017,2.47e-04,0.8095,0.0000,0.0000,0.0000,0.0000,2.7,nan
1018,2.47e-04,0.6709,0.0000,0.0000,0.0000,0.0000,2.6,nan
1019,2.47e-04,0.6175,0.0000,0.0000,0.0000,0.0000,2.4,nan
1020,2.46e-04,0.6283,0.0000,0.0000,0.0000,0.0000,2.4,nan
1021,2.46e-04,0.8617,0.0000,0.0000,0.0000,0.0000,2.5,nan
1022,2.46e-04,1.0574,0.0000,0.0000,0.0000,0.0000,2.5,nan
1023,2.45e-04,0.7526,0.0000,0.0000,0.0000,0.0000,2.5,nan
1024,2.45e-04,0.9716,0.0000,0.0000,0.0000,0.0000,2.5,nan
1025,2.44e-04,0.5766,0.0000,0.0000,0.0000,0.0000,3.7,0.5593
1026,2.44e-04,0.7170,0.0000,0.0000,0.0000,0.0000,2.6,nan
1027,2.44e-04,0.5942,0.0000,0.0000,0.0000,0.0000,2.4,nan
1028,2.43e-04,0.7319,0.0000,0.0000,0.0000,0.0000,2.4,nan
1029,2.43e-04,0.8062,0.0000,0.0000,0.0000,0.0000,2.5,nan
1030,2.42e-04,0.7724,0.0000,0.0000,0.0000,0.0000,2.4,nan
1031,2.42e-04,0.6619,0.0000,0.0000,0.0000,0.0000,2.5,nan
1032,2.42e-04,0.6903,0.0000,0.0000,0.0000,0.0000,2.4,nan
1033,2.41e-04,0.6605,0.0000,0.0000,0.0000,0.0000,2.5,nan
1034,2.41e-04,0.7757,0.0000,0.0000,0.0000,0.0000,2.4,nan
1035,2.40e-04,0.6536,0.0000,0.0000,0.0000,0.0000,2.5,nan
1036,2.40e-04,0.7502,0.0000,0.0000,0.0000,0.0000,2.4,nan
1037,2.40e-04,0.9678,0.0000,0.0000,0.0000,0.0000,2.4,nan
1038,2.39e-04,0.4930,0.0000,0.0000,0.0000,0.0000,2.4,nan
1039,2.39e-04,0.5804,0.0000,0.0000,0.0000,0.0000,2.5,nan
1040,2.38e-04,1.3768,0.0000,0.0000,0.0000,0.0000,2.5,nan
1041,2.38e-04,0.7748,0.0000,0.0000,0.0000,0.0000,2.7,nan
1042,2.38e-04,0.8810,0.0000,0.0000,0.0000,0.0000,2.6,nan
1043,2.37e-04,0.6786,0.0000,0.0000,0.0000,0.0000,2.4,nan
1044,2.37e-04,0.8861,0.0000,0.0000,0.0000,0.0000,2.5,nan
1045,2.37e-04,0.9208,0.0000,0.0000,0.0000,0.0000,2.5,nan
1046,2.36e-04,0.8836,0.0000,0.0000,0.0000,0.0000,2.4,nan
1047,2.36e-04,0.5765,0.0000,0.0000,0.0000,0.0000,2.5,nan
1048,2.35e-04,0.7121,0.0000,0.0000,0.0000,0.0000,2.5,nan
1049,2.35e-04,0.8143,0.0000,0.0000,0.0000,0.0000,2.5,nan
1050,2.35e-04,1.0622,0.0000,0.0000,0.0000,0.0000,3.6,0.5275
1051,2.34e-04,0.7015,0.0000,0.0000,0.0000,0.0000,2.5,nan
1052,2.34e-04,0.8969,0.0000,0.0000,0.0000,0.0000,2.4,nan
1053,2.33e-04,0.7868,0.0000,0.0000,0.0000,0.0000,2.4,nan
1054,2.33e-04,0.7438,0.0000,0.0000,0.0000,0.0000,2.4,nan
1055,2.33e-04,0.5995,0.0000,0.0000,0.0000,0.0000,2.4,nan
1056,2.32e-04,0.9060,0.0000,0.0000,0.0000,0.0000,2.5,nan
1057,2.32e-04,0.7832,0.0000,0.0000,0.0000,0.0000,2.4,nan
1058,2.31e-04,0.6692,0.0000,0.0000,0.0000,0.0000,2.5,nan
1059,2.31e-04,0.5983,0.0000,0.0000,0.0000,0.0000,2.4,nan
1060,2.31e-04,0.5166,0.0000,0.0000,0.0000,0.0000,2.4,nan
1061,2.30e-04,0.7047,0.0000,0.0000,0.0000,0.0000,2.6,nan
1062,2.30e-04,1.0464,0.0000,0.0000,0.0000,0.0000,2.5,nan
1063,2.30e-04,0.9620,0.0000,0.0000,0.0000,0.0000,2.5,nan
1064,2.29e-04,0.8760,0.0000,0.0000,0.0000,0.0000,2.5,nan
1065,2.29e-04,1.1779,0.0000,0.0000,0.0000,0.0000,2.5,nan
1066,2.28e-04,0.8345,0.0000,0.0000,0.0000,0.0000,2.4,nan
1067,2.28e-04,0.6808,0.0000,0.0000,0.0000,0.0000,2.5,nan
1068,2.28e-04,0.9395,0.0000,0.0000,0.0000,0.0000,2.4,nan
1069,2.27e-04,0.3800,0.0000,0.0000,0.0000,0.0000,2.4,nan
1070,2.27e-04,0.7311,0.0000,0.0000,0.0000,0.0000,2.4,nan
1071,2.26e-04,0.7300,0.0000,0.0000,0.0000,0.0000,2.4,nan
1072,2.26e-04,0.6047,0.0000,0.0000,0.0000,0.0000,2.4,nan
1073,2.26e-04,0.7665,0.0000,0.0000,0.0000,0.0000,2.5,nan
1074,2.25e-04,0.8129,0.0000,0.0000,0.0000,0.0000,2.5,nan
1075,2.25e-04,0.4849,0.0000,0.0000,0.0000,0.0000,3.8,0.5636
1076,2.24e-04,0.9518,0.0000,0.0000,0.0000,0.0000,2.5,nan
1077,2.24e-04,0.9782,0.0000,0.0000,0.0000,0.0000,2.5,nan
1078,2.24e-04,0.7539,0.0000,0.0000,0.0000,0.0000,2.4,nan
1079,2.23e-04,1.0554,0.0000,0.0000,0.0000,0.0000,2.4,nan
1080,2.23e-04,0.5702,0.0000,0.0000,0.0000,0.0000,2.4,nan
1081,2.23e-04,1.2435,0.0000,0.0000,0.0000,0.0000,2.4,nan
1082,2.22e-04,0.5866,0.0000,0.0000,0.0000,0.0000,2.3,nan
1083,2.22e-04,0.4530,0.0000,0.0000,0.0000,0.0000,2.4,nan
1084,2.21e-04,0.6503,0.0000,0.0000,0.0000,0.0000,2.4,nan
1085,2.21e-04,0.8298,0.0000,0.0000,0.0000,0.0000,2.5,nan
1086,2.21e-04,0.9674,0.0000,0.0000,0.0000,0.0000,2.4,nan
1087,2.20e-04,0.8375,0.0000,0.0000,0.0000,0.0000,2.5,nan
1088,2.20e-04,0.7371,0.0000,0.0000,0.0000,0.0000,2.6,nan
1089,2.19e-04,0.9018,0.0000,0.0000,0.0000,0.0000,2.6,nan
1090,2.19e-04,0.6788,0.0000,0.0000,0.0000,0.0000,2.4,nan
1091,2.19e-04,0.6766,0.0000,0.0000,0.0000,0.0000,2.4,nan
1092,2.18e-04,1.0503,0.0000,0.0000,0.0000,0.0000,2.4,nan
1093,2.18e-04,0.5661,0.0000,0.0000,0.0000,0.0000,2.5,nan
1094,2.17e-04,0.6253,0.0000,0.0000,0.0000,0.0000,2.4,nan
1095,2.17e-04,0.7575,0.0000,0.0000,0.0000,0.0000,2.5,nan
1096,2.17e-04,0.8486,0.0000,0.0000,0.0000,0.0000,2.4,nan
1097,2.16e-04,0.7632,0.0000,0.0000,0.0000,0.0000,2.4,nan
1098,2.16e-04,0.5535,0.0000,0.0000,0.0000,0.0000,2.5,nan
1099,2.16e-04,0.6714,0.0000,0.0000,0.0000,0.0000,2.4,nan
1100,2.15e-04,0.7903,0.0000,0.0000,0.0000,0.0000,3.8,0.5869
1101,2.15e-04,0.6547,0.0000,0.0000,0.0000,0.0000,2.5,nan
1102,2.14e-04,0.4847,0.0000,0.0000,0.0000,0.0000,2.5,nan
1103,2.14e-04,0.8534,0.0000,0.0000,0.0000,0.0000,2.4,nan
1104,2.14e-04,0.6370,0.0000,0.0000,0.0000,0.0000,2.4,nan
1105,2.13e-04,0.5018,0.0000,0.0000,0.0000,0.0000,2.4,nan
1106,2.13e-04,0.4904,0.0000,0.0000,0.0000,0.0000,2.5,nan
1107,2.12e-04,0.8922,0.0000,0.0000,0.0000,0.0000,2.4,nan
1108,2.12e-04,0.8899,0.0000,0.0000,0.0000,0.0000,2.5,nan
1109,2.12e-04,0.6811,0.0000,0.0000,0.0000,0.0000,2.4,nan
1110,2.11e-04,0.9111,0.0000,0.0000,0.0000,0.0000,2.5,nan
1111,2.11e-04,0.5940,0.0000,0.0000,0.0000,0.0000,2.4,nan
1112,2.11e-04,0.8447,0.0000,0.0000,0.0000,0.0000,2.6,nan
1113,2.10e-04,0.9541,0.0000,0.0000,0.0000,0.0000,2.6,nan
1114,2.10e-04,0.9107,0.0000,0.0000,0.0000,0.0000,2.4,nan
1115,2.09e-04,0.5372,0.0000,0.0000,0.0000,0.0000,2.5,nan
1116,2.09e-04,0.7284,0.0000,0.0000,0.0000,0.0000,2.4,nan
1117,2.09e-04,0.7896,0.0000,0.0000,0.0000,0.0000,2.4,nan
1118,2.08e-04,0.7845,0.0000,0.0000,0.0000,0.0000,2.4,nan
1119,2.08e-04,0.7458,0.0000,0.0000,0.0000,0.0000,2.5,nan
1120,2.07e-04,0.7778,0.0000,0.0000,0.0000,0.0000,2.4,nan
1121,2.07e-04,1.0338,0.0000,0.0000,0.0000,0.0000,2.5,nan
1122,2.07e-04,0.6981,0.0000,0.0000,0.0000,0.0000,2.5,nan
1123,2.06e-04,0.7656,0.0000,0.0000,0.0000,0.0000,2.5,nan
1124,2.06e-04,0.5101,0.0000,0.0000,0.0000,0.0000,2.5,nan
1125,2.06e-04,0.6768,0.0000,0.0000,0.0000,0.0000,3.7,0.6081
1126,2.05e-04,0.9582,0.0000,0.0000,0.0000,0.0000,2.5,nan
1127,2.05e-04,0.6628,0.0000,0.0000,0.0000,0.0000,2.5,nan
1128,2.04e-04,0.6441,0.0000,0.0000,0.0000,0.0000,2.4,nan
1129,2.04e-04,0.7415,0.0000,0.0000,0.0000,0.0000,2.4,nan
1130,2.04e-04,0.7459,0.0000,0.0000,0.0000,0.0000,2.4,nan
1131,2.03e-04,0.8798,0.0000,0.0000,0.0000,0.0000,2.4,nan
1132,2.03e-04,0.5309,0.0000,0.0000,0.0000,0.0000,2.4,nan
1133,2.02e-04,0.5826,0.0000,0.0000,0.0000,0.0000,2.4,nan
1134,2.02e-04,0.7358,0.0000,0.0000,0.0000,0.0000,2.4,nan
1135,2.02e-04,0.8868,0.0000,0.0000,0.0000,0.0000,2.8,nan
1136,2.01e-04,0.8810,0.0000,0.0000,0.0000,0.0000,2.6,nan
1137,2.01e-04,0.7885,0.0000,0.0000,0.0000,0.0000,2.5,nan
1138,2.01e-04,0.6758,0.0000,0.0000,0.0000,0.0000,2.3,nan
1139,2.00e-04,1.2114,0.0000,0.0000,0.0000,0.0000,2.4,nan
1140,2.00e-04,0.8079,0.0000,0.0000,0.0000,0.0000,2.4,nan
1141,1.99e-04,0.6631,0.0000,0.0000,0.0000,0.0000,2.5,nan
1142,1.99e-04,0.8601,0.0000,0.0000,0.0000,0.0000,2.4,nan
1143,1.99e-04,0.7827,0.0000,0.0000,0.0000,0.0000,2.4,nan
1144,1.98e-04,0.6699,0.0000,0.0000,0.0000,0.0000,2.5,nan
1145,1.98e-04,0.7139,0.0000,0.0000,0.0000,0.0000,2.5,nan
1146,1.98e-04,0.9222,0.0000,0.0000,0.0000,0.0000,2.4,nan
1147,1.97e-04,0.7532,0.0000,0.0000,0.0000,0.0000,2.4,nan
1148,1.97e-04,0.7025,0.0000,0.0000,0.0000,0.0000,2.5,nan
1149,1.96e-04,0.4442,0.0000,0.0000,0.0000,0.0000,2.4,nan
1150,1.96e-04,0.4587,0.0000,0.0000,0.0000,0.0000,3.7,0.5445
1151,1.96e-04,0.6600,0.0000,0.0000,0.0000,0.0000,2.4,nan
1152,1.95e-04,0.8110,0.0000,0.0000,0.0000,0.0000,2.5,nan
1153,1.95e-04,1.3490,0.0000,0.0000,0.0000,0.0000,2.4,nan
1154,1.94e-04,0.7806,0.0000,0.0000,0.0000,0.0000,2.4,nan
1155,1.94e-04,0.6165,0.0000,0.0000,0.0000,0.0000,2.5,nan
1156,1.94e-04,0.5520,0.0000,0.0000,0.0000,0.0000,2.4,nan
1157,1.93e-04,0.9262,0.0000,0.0000,0.0000,0.0000,2.4,nan
1158,1.93e-04,0.6226,0.0000,0.0000,0.0000,0.0000,2.4,nan
1159,1.93e-04,0.7986,0.0000,0.0000,0.0000,0.0000,2.6,nan
1160,1.92e-04,0.9155,0.0000,0.0000,0.0000,0.0000,2.6,nan
1161,1.92e-04,0.6812,0.0000,0.0000,0.0000,0.0000,2.4,nan
1162,1.91e-04,0.5531,0.0000,0.0000,0.0000,0.0000,2.5,nan
1163,1.91e-04,0.6286,0.0000,0.0000,0.0000,0.0000,2.4,nan
1164,1.91e-04,0.7072,0.0000,0.0000,0.0000,0.0000,2.5,nan
1165,1.90e-04,0.7485,0.0000,0.0000,0.0000,0.0000,2.4,nan
1166,1.90e-04,0.5690,0.0000,0.0000,0.0000,0.0000,2.4,nan
1167,1.90e-04,0.7347,0.0000,0.0000,0.0000,0.0000,2.4,nan
1168,1.89e-04,0.6024,0.0000,0.0000,0.0000,0.0000,2.4,nan
1169,1.89e-04,0.7744,0.0000,0.0000,0.0000,0.0000,2.5,nan
1170,1.88e-04,0.9308,0.0000,0.0000,0.0000,0.0000,2.5,nan
1171,1.88e-04,0.8185,0.0000,0.0000,0.0000,0.0000,2.4,nan
1172,1.88e-04,0.6316,0.0000,0.0000,0.0000,0.0000,2.4,nan
1173,1.87e-04,0.5259,0.0000,0.0000,0.0000,0.0000,2.5,nan
1174,1.87e-04,0.6111,0.0000,0.0000,0.0000,0.0000,2.5,nan
1175,1.87e-04,0.9245,0.0000,0.0000,0.0000,0.0000,3.8,0.5360
1176,1.86e-04,0.6623,0.0000,0.0000,0.0000,0.0000,2.4,nan
1177,1.86e-04,0.6549,0.0000,0.0000,0.0000,0.0000,2.4,nan
1178,1.85e-04,0.8484,0.0000,0.0000,0.0000,0.0000,2.4,nan
1179,1.85e-04,0.8882,0.0000,0.0000,0.0000,0.0000,2.5,nan
1180,1.85e-04,0.5162,0.0000,0.0000,0.0000,0.0000,2.4,nan
1181,1.84e-04,0.6184,0.0000,0.0000,0.0000,0.0000,2.5,nan
1182,1.84e-04,0.8889,0.0000,0.0000,0.0000,0.0000,2.4,nan
1183,1.84e-04,0.7774,0.0000,0.0000,0.0000,0.0000,2.5,nan
1184,1.83e-04,0.9442,0.0000,0.0000,0.0000,0.0000,2.5,nan
1185,1.83e-04,0.7756,0.0000,0.0000,0.0000,0.0000,2.4,nan
1186,1.82e-04,1.0116,0.0000,0.0000,0.0000,0.0000,2.4,nan
1187,1.82e-04,0.8274,0.0000,0.0000,0.0000,0.0000,2.5,nan
1188,1.82e-04,0.5235,0.0000,0.0000,0.0000,0.0000,2.4,nan
1189,1.81e-04,0.7187,0.0000,0.0000,0.0000,0.0000,2.5,nan
1190,1.81e-04,0.6890,0.0000,0.0000,0.0000,0.0000,2.4,nan
1191,1.81e-04,0.8360,0.0000,0.0000,0.0000,0.0000,2.5,nan
1192,1.80e-04,0.5990,0.0000,0.0000,0.0000,0.0000,2.4,nan
1193,1.80e-04,0.6145,0.0000,0.0000,0.0000,0.0000,2.4,nan
1194,1.79e-04,0.6401,0.0000,0.0000,0.0000,0.0000,2.4,nan
1195,1.79e-04,1.0039,0.0000,0.0000,0.0000,0.0000,2.6,nan
1196,1.79e-04,0.7613,0.0000,0.0000,0.0000,0.0000,2.5,nan
1197,1.78e-04,0.7094,0.0000,0.0000,0.0000,0.0000,2.4,nan
1198,1.78e-04,0.3945,0.0000,0.0000,0.0000,0.0000,2.5,nan
1199,1.78e-04,0.6801,0.0000,0.0000,0.0000,0.0000,2.4,nan
1200,1.77e-04,0.5722,0.0000,0.0000,0.0000,0.0000,3.8,0.5021
1201,1.77e-04,0.6251,0.0000,0.0000,0.0000,0.0000,2.5,nan
1202,1.76e-04,0.8667,0.0000,0.0000,0.0000,0.0000,2.4,nan
1203,1.76e-04,0.9348,0.0000,0.0000,0.0000,0.0000,2.5,nan
1204,1.76e-04,0.6598,0.0000,0.0000,0.0000,0.0000,2.5,nan
1205,1.75e-04,0.6388,0.0000,0.0000,0.0000,0.0000,2.5,nan
1206,1.75e-04,0.5809,0.0000,0.0000,0.0000,0.0000,2.4,nan
1207,1.75e-04,0.7823,0.0000,0.0000,0.0000,0.0000,2.4,nan
1208,1.74e-04,0.7778,0.0000,0.0000,0.0000,0.0000,2.4,nan
1209,1.74e-04,0.8359,0.0000,0.0000,0.0000,0.0000,2.4,nan
1210,1.73e-04,0.8454,0.0000,0.0000,0.0000,0.0000,2.5,nan
1211,1.73e-04,0.6013,0.0000,0.0000,0.0000,0.0000,2.5,nan
1212,1.73e-04,0.6556,0.0000,0.0000,0.0000,0.0000,2.4,nan
1213,1.72e-04,1.0060,0.0000,0.0000,0.0000,0.0000,2.4,nan
1214,1.72e-04,0.6114,0.0000,0.0000,0.0000,0.0000,2.4,nan
1215,1.72e-04,0.8197,0.0000,0.0000,0.0000,0.0000,2.5,nan
1216,1.71e-04,1.0035,0.0000,0.0000,0.0000,0.0000,2.4,nan
1217,1.71e-04,0.6140,0.0000,0.0000,0.0000,0.0000,2.4,nan
1218,1.71e-04,0.6140,0.0000,0.0000,0.0000,0.0000,2.5,nan
1219,1.70e-04,0.6201,0.0000,0.0000,0.0000,0.0000,2.6,nan
1220,1.70e-04,0.4507,0.0000,0.0000,0.0000,0.0000,2.6,nan
1221,1.69e-04,0.4560,0.0000,0.0000,0.0000,0.0000,2.4,nan
1222,1.69e-04,0.6236,0.0000,0.0000,0.0000,0.0000,2.5,nan
1223,1.69e-04,0.5241,0.0000,0.0000,0.0000,0.0000,2.4,nan
1224,1.68e-04,0.8761,0.0000,0.0000,0.0000,0.0000,2.5,nan
1225,1.68e-04,0.7332,0.0000,0.0000,0.0000,0.0000,3.7,0.5508
1226,1.68e-04,0.7432,0.0000,0.0000,0.0000,0.0000,2.4,nan
1227,1.67e-04,0.7640,0.0000,0.0000,0.0000,0.0000,2.4,nan
1228,1.67e-04,0.7079,0.0000,0.0000,0.0000,0.0000,2.5,nan
1229,1.66e-04,0.7501,0.0000,0.0000,0.0000,0.0000,2.4,nan
1230,1.66e-04,1.0655,0.0000,0.0000,0.0000,0.0000,2.5,nan
1231,1.66e-04,0.7431,0.0000,0.0000,0.0000,0.0000,2.6,nan
1232,1.65e-04,0.5599,0.0000,0.0000,0.0000,0.0000,2.4,nan
1233,1.65e-04,0.9750,0.0000,0.0000,0.0000,0.0000,2.5,nan
1234,1.65e-04,0.8923,0.0000,0.0000,0.0000,0.0000,2.4,nan
1235,1.64e-04,0.6222,0.0000,0.0000,0.0000,0.0000,2.5,nan
1236,1.64e-04,0.5937,0.0000,0.0000,0.0000,0.0000,2.5,nan
1237,1.64e-04,0.6506,0.0000,0.0000,0.0000,0.0000,2.4,nan
1238,1.63e-04,0.8243,0.0000,0.0000,0.0000,0.0000,2.5,nan
1239,1.63e-04,0.6661,0.0000,0.0000,0.0000,0.0000,2.5,nan
1240,1.62e-04,0.5328,0.0000,0.0000,0.0000,0.0000,2.4,nan
1241,1.62e-04,0.8422,0.0000,0.0000,0.0000,0.0000,2.5,nan
1242,1.62e-04,0.7021,0.0000,0.0000,0.0000,0.0000,2.6,nan
1243,1.61e-04,0.7207,0.0000,0.0000,0.0000,0.0000,2.5,nan
1244,1.61e-04,0.7152,0.0000,0.0000,0.0000,0.0000,2.4,nan
1245,1.61e-04,0.4626,0.0000,0.0000,0.0000,0.0000,2.4,nan
1246,1.60e-04,0.9701,0.0000,0.0000,0.0000,0.0000,2.4,nan
1247,1.60e-04,0.6212,0.0000,0.0000,0.0000,0.0000,2.5,nan
1248,1.60e-04,0.9525,0.0000,0.0000,0.0000,0.0000,2.4,nan
1249,1.59e-04,0.6417,0.0000,0.0000,0.0000,0.0000,2.5,nan
1250,1.59e-04,0.8693,0.0000,0.0000,0.0000,0.0000,4.5,0.5127
1251,1.58e-04,0.6268,0.0000,0.0000,0.0000,0.0000,3.0,nan
1252,1.58e-04,0.9479,0.0000,0.0000,0.0000,0.0000,2.9,nan
1253,1.58e-04,0.7655,0.0000,0.0000,0.0000,0.0000,2.8,nan
1254,1.57e-04,0.8471,0.0000,0.0000,0.0000,0.0000,2.5,nan
1255,1.57e-04,0.7747,0.0000,0.0000,0.0000,0.0000,2.5,nan
1256,1.57e-04,1.0547,0.0000,0.0000,0.0000,0.0000,2.5,nan
1257,1.56e-04,0.5433,0.0000,0.0000,0.0000,0.0000,2.5,nan
1258,1.56e-04,0.7677,0.0000,0.0000,0.0000,0.0000,2.5,nan
1259,1.56e-04,0.5061,0.0000,0.0000,0.0000,0.0000,2.4,nan
1260,1.55e-04,0.6293,0.0000,0.0000,0.0000,0.0000,2.4,nan
1261,1.55e-04,0.6533,0.0000,0.0000,0.0000,0.0000,2.4,nan
1262,1.54e-04,0.9049,0.0000,0.0000,0.0000,0.0000,2.4,nan
1263,1.54e-04,0.7843,0.0000,0.0000,0.0000,0.0000,2.5,nan
1264,1.54e-04,0.8723,0.0000,0.0000,0.0000,0.0000,2.5,nan
1265,1.53e-04,1.0385,0.0000,0.0000,0.0000,0.0000,2.4,nan
1266,1.53e-04,0.6001,0.0000,0.0000,0.0000,0.0000,2.4,nan
1267,1.53e-04,0.3321,0.0000,0.0000,0.0000,0.0000,2.5,nan
1268,1.52e-04,0.6727,0.0000,0.0000,0.0000,0.0000,2.4,nan
1269,1.52e-04,0.6386,0.0000,0.0000,0.0000,0.0000,2.4,nan
1270,1.52e-04,0.4674,0.0000,0.0000,0.0000,0.0000,2.5,nan
1271,1.51e-04,0.7873,0.0000,0.0000,0.0000,0.0000,2.4,nan
1272,1.51e-04,1.0766,0.0000,0.0000,0.0000,0.0000,2.4,nan
1273,1.51e-04,0.9007,0.0000,0.0000,0.0000,0.0000,2.4,nan
1274,1.50e-04,1.0843,0.0000,0.0000,0.0000,0.0000,2.4,nan
1275,1.50e-04,0.8276,0.0000,0.0000,0.0000,0.0000,3.7,0.5254
1276,1.49e-04,0.5213,0.0000,0.0000,0.0000,0.0000,2.5,nan
1277,1.49e-04,1.0787,0.0000,0.0000,0.0000,0.0000,2.6,nan
1278,1.49e-04,0.7339,0.0000,0.0000,0.0000,0.0000,2.6,nan
1279,1.48e-04,0.8450,0.0000,0.0000,0.0000,0.0000,2.4,nan
1280,1.48e-04,0.5212,0.0000,0.0000,0.0000,0.0000,2.3,nan
1281,1.48e-04,0.8317,0.0000,0.0000,0.0000,0.0000,2.5,nan
1282,1.47e-04,0.8439,0.0000,0.0000,0.0000,0.0000,2.4,nan
1283,1.47e-04,0.8392,0.0000,0.0000,0.0000,0.0000,2.4,nan
1284,1.47e-04,0.5071,0.0000,0.0000,0.0000,0.0000,2.4,nan
1285,1.46e-04,0.9167,0.0000,0.0000,0.0000,0.0000,2.4,nan
1286,1.46e-04,0.8594,0.0000,0.0000,0.0000,0.0000,2.5,nan
1287,1.46e-04,0.5857,0.0000,0.0000,0.0000,0.0000,2.4,nan
1288,1.45e-04,0.6531,0.0000,0.0000,0.0000,0.0000,2.3,nan
1289,1.45e-04,0.7261,0.0000,0.0000,0.0000,0.0000,2.5,nan
1290,1.45e-04,0.7290,0.0000,0.0000,0.0000,0.0000,2.4,nan
1291,1.44e-04,0.5509,0.0000,0.0000,0.0000,0.0000,2.4,nan
1292,1.44e-04,0.7764,0.0000,0.0000,0.0000,0.0000,2.5,nan
1293,1.43e-04,0.7732,0.0000,0.0000,0.0000,0.0000,2.4,nan
1294,1.43e-04,0.4483,0.0000,0.0000,0.0000,0.0000,2.4,nan
1295,1.43e-04,0.8507,0.0000,0.0000,0.0000,0.0000,2.4,nan
1296,1.42e-04,0.8110,0.0000,0.0000,0.0000,0.0000,2.5,nan
1297,1.42e-04,0.5534,0.0000,0.0000,0.0000,0.0000,2.5,nan
1298,1.42e-04,0.5915,0.0000,0.0000,0.0000,0.0000,2.5,nan
1299,1.41e-04,0.7825,0.0000,0.0000,0.0000,0.0000,2.4,nan
1300,1.41e-04,0.8282,0.0000,0.0000,0.0000,0.0000,3.8,0.5572
1301,1.41e-04,1.0287,0.0000,0.0000,0.0000,0.0000,2.4,nan
1302,1.40e-04,0.6681,0.0000,0.0000,0.0000,0.0000,2.4,nan
1303,1.40e-04,0.8482,0.0000,0.0000,0.0000,0.0000,2.4,nan
1304,1.40e-04,0.5310,0.0000,0.0000,0.0000,0.0000,2.4,nan
1305,1.39e-04,0.6497,0.0000,0.0000,0.0000,0.0000,2.5,nan
1306,1.39e-04,0.7453,0.0000,0.0000,0.0000,0.0000,2.5,nan
1307,1.39e-04,0.9493,0.0000,0.0000,0.0000,0.0000,2.4,nan
1308,1.38e-04,0.6614,0.0000,0.0000,0.0000,0.0000,2.4,nan
1309,1.38e-04,0.5307,0.0000,0.0000,0.0000,0.0000,2.4,nan
1310,1.38e-04,0.7127,0.0000,0.0000,0.0000,0.0000,2.5,nan
1311,1.37e-04,0.8016,0.0000,0.0000,0.0000,0.0000,2.4,nan
1312,1.37e-04,0.7069,0.0000,0.0000,0.0000,0.0000,2.4,nan
1313,1.37e-04,0.7675,0.0000,0.0000,0.0000,0.0000,2.4,nan
1314,1.36e-04,0.9047,0.0000,0.0000,0.0000,0.0000,2.4,nan
1315,1.36e-04,0.4055,0.0000,0.0000,0.0000,0.0000,2.4,nan
1316,1.35e-04,0.5944,0.0000,0.0000,0.0000,0.0000,2.4,nan
1317,1.35e-04,0.8625,0.0000,0.0000,0.0000,0.0000,2.4,nan
1318,1.35e-04,0.8424,0.0000,0.0000,0.0000,0.0000,2.6,nan
1319,1.34e-04,0.7924,0.0000,0.0000,0.0000,0.0000,2.4,nan
1320,1.34e-04,0.7188,0.0000,0.0000,0.0000,0.0000,2.4,nan
1321,1.34e-04,0.5873,0.0000,0.0000,0.0000,0.0000,2.5,nan
1322,1.33e-04,0.6222,0.0000,0.0000,0.0000,0.0000,2.5,nan
1323,1.33e-04,0.7778,0.0000,0.0000,0.0000,0.0000,2.4,nan
1324,1.33e-04,0.7639,0.0000,0.0000,0.0000,0.0000,2.4,nan
1325,1.32e-04,0.6004,0.0000,0.0000,0.0000,0.0000,4.0,0.5212
1326,1.32e-04,0.7735,0.0000,0.0000,0.0000,0.0000,2.5,nan
1327,1.32e-04,0.5696,0.0000,0.0000,0.0000,0.0000,2.4,nan
1328,1.31e-04,0.7338,0.0000,0.0000,0.0000,0.0000,2.4,nan
1329,1.31e-04,0.7350,0.0000,0.0000,0.0000,0.0000,2.4,nan
1330,1.31e-04,0.4941,0.0000,0.0000,0.0000,0.0000,2.5,nan
1331,1.30e-04,0.4263,0.0000,0.0000,0.0000,0.0000,2.4,nan
1332,1.30e-04,0.9022,0.0000,0.0000,0.0000,0.0000,2.5,nan
1333,1.30e-04,0.8265,0.0000,0.0000,0.0000,0.0000,2.4,nan
1334,1.29e-04,0.6435,0.0000,0.0000,0.0000,0.0000,2.4,nan
1335,1.29e-04,0.6768,0.0000,0.0000,0.0000,0.0000,2.5,nan
1336,1.29e-04,0.6989,0.0000,0.0000,0.0000,0.0000,2.4,nan
1337,1.28e-04,0.9512,0.0000,0.0000,0.0000,0.0000,2.6,nan
1338,1.28e-04,0.7715,0.0000,0.0000,0.0000,0.0000,2.5,nan
1339,1.28e-04,0.8839,0.0000,0.0000,0.0000,0.0000,2.4,nan
1340,1.27e-04,0.9114,0.0000,0.0000,0.0000,0.0000,2.5,nan
1341,1.27e-04,0.5812,0.0000,0.0000,0.0000,0.0000,2.4,nan
1342,1.27e-04,0.7710,0.0000,0.0000,0.0000,0.0000,2.5,nan
1343,1.26e-04,0.6358,0.0000,0.0000,0.0000,0.0000,2.4,nan
1344,1.26e-04,1.1770,0.0000,0.0000,0.0000,0.0000,2.4,nan
1345,1.26e-04,0.8331,0.0000,0.0000,0.0000,0.0000,2.4,nan
1346,1.25e-04,0.7246,0.0000,0.0000,0.0000,0.0000,2.5,nan
1347,1.25e-04,0.9060,0.0000,0.0000,0.0000,0.0000,2.5,nan
1348,1.25e-04,0.7276,0.0000,0.0000,0.0000,0.0000,2.4,nan
1349,1.24e-04,1.0422,0.0000,0.0000,0.0000,0.0000,2.6,nan
1350,1.24e-04,0.7545,0.0000,0.0000,0.0000,0.0000,3.8,0.5466
1351,1.24e-04,0.7539,0.0000,0.0000,0.0000,0.0000,2.5,nan
1352,1.23e-04,0.6645,0.0000,0.0000,0.0000,0.0000,2.5,nan
1353,1.23e-04,0.6401,0.0000,0.0000,0.0000,0.0000,2.4,nan
1354,1.23e-04,0.5539,0.0000,0.0000,0.0000,0.0000,2.4,nan
1355,1.22e-04,0.8209,0.0000,0.0000,0.0000,0.0000,2.4,nan
1356,1.22e-04,0.7399,0.0000,0.0000,0.0000,0.0000,2.5,nan
1357,1.22e-04,1.0866,0.0000,0.0000,0.0000,0.0000,2.5,nan
1358,1.21e-04,0.7677,0.0000,0.0000,0.0000,0.0000,2.5,nan
1359,1.21e-04,0.6721,0.0000,0.0000,0.0000,0.0000,2.4,nan
1360,1.21e-04,0.7385,0.0000,0.0000,0.0000,0.0000,2.4,nan
1361,1.20e-04,0.5203,0.0000,0.0000,0.0000,0.0000,2.5,nan
1362,1.20e-04,0.7229,0.0000,0.0000,0.0000,0.0000,2.5,nan
1363,1.20e-04,0.7296,0.0000,0.0000,0.0000,0.0000,2.4,nan
1364,1.19e-04,0.4839,0.0000,0.0000,0.0000,0.0000,2.5,nan
1365,1.19e-04,0.4851,0.0000,0.0000,0.0000,0.0000,2.4,nan
1366,1.19e-04,1.0378,0.0000,0.0000,0.0000,0.0000,2.5,nan
1367,1.18e-04,0.4838,0.0000,0.0000,0.0000,0.0000,2.4,nan
1368,1.18e-04,0.8482,0.0000,0.0000,0.0000,0.0000,2.4,nan
1369,1.18e-04,0.5314,0.0000,0.0000,0.0000,0.0000,2.4,nan
1370,1.17e-04,0.5369,0.0000,0.0000,0.0000,0.0000,2.5,nan
1371,1.17e-04,0.5117,0.0000,0.0000,0.0000,0.0000,2.4,nan
1372,1.17e-04,0.6542,0.0000,0.0000,0.0000,0.0000,2.5,nan
1373,1.16e-04,0.7234,0.0000,0.0000,0.0000,0.0000,2.6,nan
1374,1.16e-04,0.4981,0.0000,0.0000,0.0000,0.0000,2.4,nan
1375,1.16e-04,1.0696,0.0000,0.0000,0.0000,0.0000,3.7,0.5657
1376,1.15e-04,0.7683,0.0000,0.0000,0.0000,0.0000,2.6,nan
1377,1.15e-04,0.7801,0.0000,0.0000,0.0000,0.0000,2.5,nan
1378,1.15e-04,0.8252,0.0000,0.0000,0.0000,0.0000,2.4,nan
1379,1.14e-04,1.1802,0.0000,0.0000,0.0000,0.0000,2.4,nan
1380,1.14e-04,0.6654,0.0000,0.0000,0.0000,0.0000,2.5,nan
1381,1.14e-04,0.6071,0.0000,0.0000,0.0000,0.0000,2.5,nan
1382,1.13e-04,0.5665,0.0000,0.0000,0.0000,0.0000,2.5,nan
1383,1.13e-04,0.6282,0.0000,0.0000,0.0000,0.0000,2.4,nan
1384,1.13e-04,0.6195,0.0000,0.0000,0.0000,0.0000,2.5,nan
1385,1.12e-04,0.7819,0.0000,0.0000,0.0000,0.0000,2.5,nan
1386,1.12e-04,1.1535,0.0000,0.0000,0.0000,0.0000,2.4,nan
1387,1.12e-04,0.7164,0.0000,0.0000,0.0000,0.0000,2.4,nan
1388,1.12e-04,0.6947,0.0000,0.0000,0.0000,0.0000,2.4,nan
1389,1.11e-04,0.8048,0.0000,0.0000,0.0000,0.0000,2.5,nan
1390,1.11e-04,0.4867,0.0000,0.0000,0.0000,0.0000,2.4,nan
1391,1.11e-04,0.7849,0.0000,0.0000,0.0000,0.0000,2.4,nan
1392,1.10e-04,0.8903,0.0000,0.0000,0.0000,0.0000,2.4,nan
1393,1.10e-04,0.9293,0.0000,0.0000,0.0000,0.0000,2.4,nan
1394,1.10e-04,0.7961,0.0000,0.0000,0.0000,0.0000,2.4,nan
1395,1.09e-04,0.8985,0.0000,0.0000,0.0000,0.0000,2.4,nan
1396,1.09e-04,0.5385,0.0000,0.0000,0.0000,0.0000,2.7,nan
1397,1.09e-04,0.7261,0.0000,0.0000,0.0000,0.0000,2.5,nan
1398,1.08e-04,0.7102,0.0000,0.0000,0.0000,0.0000,2.4,nan
1399,1.08e-04,0.6614,0.0000,0.0000,0.0000,0.0000,2.4,nan
1400,1.08e-04,1.0130,0.0000,0.0000,0.0000,0.0000,3.7,0.5551
1401,1.07e-04,0.5822,0.0000,0.0000,0.0000,0.0000,2.5,nan
1402,1.07e-04,0.5647,0.0000,0.0000,0.0000,0.0000,2.4,nan
1403,1.07e-04,0.5179,0.0000,0.0000,0.0000,0.0000,2.5,nan
1404,1.06e-04,0.8216,0.0000,0.0000,0.0000,0.0000,2.4,nan
1405,1.06e-04,0.5015,0.0000,0.0000,0.0000,0.0000,2.5,nan
1406,1.06e-04,0.7839,0.0000,0.0000,0.0000,0.0000,2.5,nan
1407,1.05e-04,0.6232,0.0000,0.0000,0.0000,0.0000,2.5,nan
1408,1.05e-04,0.8145,0.0000,0.0000,0.0000,0.0000,2.4,nan
1409,1.05e-04,0.8563,0.0000,0.0000,0.0000,0.0000,2.4,nan
1410,1.05e-04,0.6189,0.0000,0.0000,0.0000,0.0000,2.4,nan
1411,1.04e-04,0.4232,0.0000,0.0000,0.0000,0.0000,2.4,nan
1412,1.04e-04,0.8585,0.0000,0.0000,0.0000,0.0000,2.4,nan
1413,1.04e-04,0.4841,0.0000,0.0000,0.0000,0.0000,2.5,nan
1414,1.03e-04,0.6446,0.0000,0.0000,0.0000,0.0000,2.5,nan
1415,1.03e-04,0.5988,0.0000,0.0000,0.0000,0.0000,2.5,nan
1416,1.03e-04,0.5041,0.0000,0.0000,0.0000,0.0000,2.4,nan
1417,1.02e-04,0.8065,0.0000,0.0000,0.0000,0.0000,2.5,nan
1418,1.02e-04,0.7726,0.0000,0.0000,0.0000,0.0000,2.4,nan
1419,1.02e-04,0.9565,0.0000,0.0000,0.0000,0.0000,2.5,nan
1420,1.01e-04,0.6684,0.0000,0.0000,0.0000,0.0000,2.7,nan
1421,1.01e-04,0.6047,0.0000,0.0000,0.0000,0.0000,2.6,nan
1422,1.01e-04,0.7067,0.0000,0.0000,0.0000,0.0000,2.4,nan
1423,1.00e-04,0.6978,0.0000,0.0000,0.0000,0.0000,2.5,nan
1424,1.00e-04,0.5624,0.0000,0.0000,0.0000,0.0000,2.4,nan
1425,9.99e-05,0.5144,0.0000,0.0000,0.0000,0.0000,3.7,0.5742
1426,9.96e-05,0.8226,0.0000,0.0000,0.0000,0.0000,2.4,nan
1427,9.93e-05,0.6024,0.0000,0.0000,0.0000,0.0000,2.5,nan
1428,9.90e-05,0.6246,0.0000,0.0000,0.0000,0.0000,2.4,nan
1429,9.87e-05,0.6492,0.0000,0.0000,0.0000,0.0000,2.5,nan
1430,9.83e-05,0.9554,0.0000,0.0000,0.0000,0.0000,2.4,nan
1431,9.80e-05,0.6135,0.0000,0.0000,0.0000,0.0000,2.4,nan
1432,9.77e-05,0.5063,0.0000,0.0000,0.0000,0.0000,2.4,nan
1433,9.74e-05,0.9319,0.0000,0.0000,0.0000,0.0000,2.4,nan
1434,9.71e-05,0.7271,0.0000,0.0000,0.0000,0.0000,2.4,nan
1435,9.68e-05,0.4339,0.0000,0.0000,0.0000,0.0000,2.4,nan
1436,9.65e-05,0.6174,0.0000,0.0000,0.0000,0.0000,2.4,nan
1437,9.62e-05,0.7819,0.0000,0.0000,0.0000,0.0000,2.4,nan
1438,9.59e-05,0.6625,0.0000,0.0000,0.0000,0.0000,2.4,nan
1439,9.56e-05,0.6694,0.0000,0.0000,0.0000,0.0000,2.3,nan
1440,9.53e-05,0.4835,0.0000,0.0000,0.0000,0.0000,2.4,nan
1441,9.50e-05,0.5941,0.0000,0.0000,0.0000,0.0000,2.4,nan
1442,9.47e-05,0.7707,0.0000,0.0000,0.0000,0.0000,2.5,nan
1443,9.44e-05,0.8601,0.0000,0.0000,0.0000,0.0000,2.4,nan
1444,9.41e-05,0.8032,0.0000,0.0000,0.0000,0.0000,2.6,nan
1445,9.38e-05,0.5820,0.0000,0.0000,0.0000,0.0000,2.8,nan
1446,9.35e-05,0.5255,0.0000,0.0000,0.0000,0.0000,2.4,nan
1447,9.32e-05,0.6020,0.0000,0.0000,0.0000,0.0000,2.4,nan
1448,9.29e-05,0.9219,0.0000,0.0000,0.0000,0.0000,2.5,nan
1449,9.26e-05,0.5492,0.0000,0.0000,0.0000,0.0000,2.5,nan
1450,9.23e-05,1.1100,0.0000,0.0000,0.0000,0.0000,3.7,0.5636
1451,9.20e-05,0.7673,0.0000,0.0000,0.0000,0.0000,2.5,nan
1452,9.17e-05,0.9261,0.0000,0.0000,0.0000,0.0000,2.4,nan
1453,9.14e-05,0.5985,0.0000,0.0000,0.0000,0.0000,2.4,nan
1454,9.11e-05,1.0284,0.0000,0.0000,0.0000,0.0000,2.4,nan
1455,9.08e-05,0.4463,0.0000,0.0000,0.0000,0.0000,2.5,nan
1456,9.05e-05,0.8137,0.0000,0.0000,0.0000,0.0000,2.4,nan
1457,9.02e-05,0.7966,0.0000,0.0000,0.0000,0.0000,2.4,nan
1458,8.99e-05,0.9094,0.0000,0.0000,0.0000,0.0000,2.5,nan
1459,8.96e-05,0.9426,0.0000,0.0000,0.0000,0.0000,2.3,nan
1460,8.94e-05,0.8545,0.0000,0.0000,0.0000,0.0000,2.4,nan
1461,8.91e-05,0.5260,0.0000,0.0000,0.0000,0.0000,2.5,nan
1462,8.88e-05,0.8266,0.0000,0.0000,0.0000,0.0000,2.4,nan
1463,8.85e-05,0.6471,0.0000,0.0000,0.0000,0.0000,2.4,nan
1464,8.82e-05,0.5933,0.0000,0.0000,0.0000,0.0000,2.4,nan
1465,8.79e-05,0.6469,0.0000,0.0000,0.0000,0.0000,2.5,nan
1466,8.76e-05,1.0838,0.0000,0.0000,0.0000,0.0000,2.4,nan
1467,8.73e-05,0.5421,0.0000,0.0000,0.0000,0.0000,2.6,nan
1468,8.70e-05,0.6195,0.0000,0.0000,0.0000,0.0000,2.6,nan
1469,8.67e-05,0.8889,0.0000,0.0000,0.0000,0.0000,2.5,nan
1470,8.64e-05,0.7183,0.0000,0.0000,0.0000,0.0000,2.4,nan
1471,8.61e-05,0.9530,0.0000,0.0000,0.0000,0.0000,2.4,nan
1472,8.59e-05,0.6197,0.0000,0.0000,0.0000,0.0000,2.4,nan
1473,8.56e-05,0.6083,0.0000,0.0000,0.0000,0.0000,2.5,nan
1474,8.53e-05,0.6703,0.0000,0.0000,0.0000,0.0000,2.5,nan
1475,8.50e-05,0.5217,0.0000,0.0000,0.0000,0.0000,3.7,0.5275
1476,8.47e-05,0.5834,0.0000,0.0000,0.0000,0.0000,2.5,nan
1477,8.44e-05,0.7613,0.0000,0.0000,0.0000,0.0000,2.4,nan
1478,8.41e-05,0.9417,0.0000,0.0000,0.0000,0.0000,2.5,nan
1479,8.38e-05,0.4429,0.0000,0.0000,0.0000,0.0000,2.4,nan
1480,8.36e-05,0.6693,0.0000,0.0000,0.0000,0.0000,2.5,nan
1481,8.33e-05,0.5767,0.0000,0.0000,0.0000,0.0000,2.4,nan
1482,8.30e-05,0.8576,0.0000,0.0000,0.0000,0.0000,2.4,nan
1483,8.27e-05,0.7486,0.0000,0.0000,0.0000,0.0000,2.4,nan
1484,8.24e-05,0.3417,0.0000,0.0000,0.0000,0.0000,2.5,nan
1485,8.21e-05,0.6833,0.0000,0.0000,0.0000,0.0000,2.4,nan
1486,8.19e-05,0.6381,0.0000,0.0000,0.0000,0.0000,2.5,nan
1487,8.16e-05,0.8008,0.0000,0.0000,0.0000,0.0000,2.4,nan
1488,8.13e-05,0.7630,0.0000,0.0000,0.0000,0.0000,2.4,nan
1489,8.10e-05,0.6829,0.0000,0.0000,0.0000,0.0000,2.5,nan
1490,8.07e-05,0.5537,0.0000,0.0000,0.0000,0.0000,2.4,nan
1491,8.04e-05,0.8054,0.0000,0.0000,0.0000,0.0000,2.6,nan
1492,8.02e-05,0.9243,0.0000,0.0000,0.0000,0.0000,2.6,nan
1493,7.99e-05,0.8063,0.0000,0.0000,0.0000,0.0000,2.4,nan
1494,7.96e-05,0.5604,0.0000,0.0000,0.0000,0.0000,2.4,nan
1495,7.93e-05,0.5613,0.0000,0.0000,0.0000,0.0000,2.4,nan
1496,7.90e-05,0.8094,0.0000,0.0000,0.0000,0.0000,2.4,nan
1497,7.88e-05,0.6968,0.0000,0.0000,0.0000,0.0000,2.5,nan
1498,7.85e-05,0.7591,0.0000,0.0000,0.0000,0.0000,2.5,nan
1499,7.82e-05,0.6146,0.0000,0.0000,0.0000,0.0000,2.5,nan
1500,7.79e-05,0.8650,0.0000,0.0000,0.0000,0.0000,3.7,0.5826
1501,7.77e-05,0.9354,0.0000,0.0000,0.0000,0.0000,2.5,nan
1502,7.74e-05,0.6271,0.0000,0.0000,0.0000,0.0000,2.5,nan
1503,7.71e-05,0.8660,0.0000,0.0000,0.0000,0.0000,2.5,nan
1504,7.68e-05,0.6540,0.0000,0.0000,0.0000,0.0000,2.4,nan
1505,7.66e-05,0.3548,0.0000,0.0000,0.0000,0.0000,2.5,nan
1506,7.63e-05,0.6831,0.0000,0.0000,0.0000,0.0000,2.5,nan
1507,7.60e-05,0.5349,0.0000,0.0000,0.0000,0.0000,2.4,nan
1508,7.57e-05,1.1646,0.0000,0.0000,0.0000,0.0000,2.4,nan
1509,7.55e-05,0.6648,0.0000,0.0000,0.0000,0.0000,2.5,nan
1510,7.52e-05,0.7932,0.0000,0.0000,0.0000,0.0000,2.4,nan
1511,7.49e-05,0.5054,0.0000,0.0000,0.0000,0.0000,2.5,nan
1512,7.46e-05,0.8290,0.0000,0.0000,0.0000,0.0000,2.4,nan
1513,7.44e-05,0.7171,0.0000,0.0000,0.0000,0.0000,2.4,nan
1514,7.41e-05,0.7433,0.0000,0.0000,0.0000,0.0000,2.4,nan
1515,7.38e-05,0.9017,0.0000,0.0000,0.0000,0.0000,2.7,nan
1516,7.36e-05,0.7267,0.0000,0.0000,0.0000,0.0000,2.6,nan
1517,7.33e-05,0.6883,0.0000,0.0000,0.0000,0.0000,2.5,nan
1518,7.30e-05,0.3099,0.0000,0.0000,0.0000,0.0000,2.5,nan
1519,7.28e-05,0.6609,0.0000,0.0000,0.0000,0.0000,2.4,nan
1520,7.25e-05,0.6244,0.0000,0.0000,0.0000,0.0000,2.5,nan
1521,7.22e-05,0.5251,0.0000,0.0000,0.0000,0.0000,2.4,nan
1522,7.19e-05,1.1553,0.0000,0.0000,0.0000,0.0000,2.4,nan
1523,7.17e-05,0.6003,0.0000,0.0000,0.0000,0.0000,2.4,nan
1524,7.14e-05,0.6567,0.0000,0.0000,0.0000,0.0000,2.5,nan
1525,7.11e-05,0.7462,0.0000,0.0000,0.0000,0.0000,3.8,0.5466
1526,7.09e-05,0.6132,0.0000,0.0000,0.0000,0.0000,2.5,nan
1527,7.06e-05,0.4436,0.0000,0.0000,0.0000,0.0000,2.4,nan
1528,7.04e-05,0.7427,0.0000,0.0000,0.0000,0.0000,2.4,nan
1529,7.01e-05,0.4484,0.0000,0.0000,0.0000,0.0000,2.5,nan
1530,6.98e-05,1.0124,0.0000,0.0000,0.0000,0.0000,2.5,nan
1531,6.96e-05,0.7989,0.0000,0.0000,0.0000,0.0000,2.4,nan
1532,6.93e-05,0.7326,0.0000,0.0000,0.0000,0.0000,2.4,nan
1533,6.90e-05,0.5692,0.0000,0.0000,0.0000,0.0000,2.5,nan
1534,6.88e-05,0.7100,0.0000,0.0000,0.0000,0.0000,2.5,nan
1535,6.85e-05,0.5494,0.0000,0.0000,0.0000,0.0000,2.4,nan
1536,6.82e-05,0.8805,0.0000,0.0000,0.0000,0.0000,2.6,nan
1537,6.80e-05,0.8078,0.0000,0.0000,0.0000,0.0000,2.4,nan
1538,6.77e-05,0.9130,0.0000,0.0000,0.0000,0.0000,2.5,nan
1539,6.75e-05,1.0450,0.0000,0.0000,0.0000,0.0000,2.5,nan
1540,6.72e-05,0.6249,0.0000,0.0000,0.0000,0.0000,2.5,nan
1541,6.70e-05,0.6038,0.0000,0.0000,0.0000,0.0000,2.4,nan
1542,6.67e-05,0.6093,0.0000,0.0000,0.0000,0.0000,2.4,nan
1543,6.64e-05,0.9131,0.0000,0.0000,0.0000,0.0000,2.4,nan
1544,6.62e-05,0.5236,0.0000,0.0000,0.0000,0.0000,2.4,nan
1545,6.59e-05,0.6823,0.0000,0.0000,0.0000,0.0000,2.5,nan
1546,6.57e-05,0.7282,0.0000,0.0000,0.0000,0.0000,2.4,nan
1547,6.54e-05,0.5383,0.0000,0.0000,0.0000,0.0000,2.4,nan
1548,6.52e-05,0.8564,0.0000,0.0000,0.0000,0.0000,2.5,nan
1549,6.49e-05,0.4620,0.0000,0.0000,0.0000,0.0000,2.5,nan
1550,6.46e-05,0.6553,0.0000,0.0000,0.0000,0.0000,3.7,0.5466
1551,6.44e-05,0.9899,0.0000,0.0000,0.0000,0.0000,2.5,nan
1552,6.41e-05,0.5554,0.0000,0.0000,0.0000,0.0000,2.5,nan
1553,6.39e-05,0.5058,0.0000,0.0000,0.0000,0.0000,2.4,nan
1554,6.36e-05,0.5747,0.0000,0.0000,0.0000,0.0000,2.4,nan
1555,6.34e-05,0.6187,0.0000,0.0000,0.0000,0.0000,2.4,nan
1556,6.31e-05,0.7210,0.0000,0.0000,0.0000,0.0000,2.5,nan
1557,6.29e-05,0.8772,0.0000,0.0000,0.0000,0.0000,2.4,nan
1558,6.26e-05,0.6864,0.0000,0.0000,0.0000,0.0000,2.5,nan
1559,6.24e-05,0.7223,0.0000,0.0000,0.0000,0.0000,2.5,nan
1560,6.21e-05,0.7072,0.0000,0.0000,0.0000,0.0000,2.4,nan
1561,6.19e-05,1.0003,0.0000,0.0000,0.0000,0.0000,2.4,nan
1562,6.16e-05,0.8389,0.0000,0.0000,0.0000,0.0000,2.6,nan
1563,6.14e-05,0.6161,0.0000,0.0000,0.0000,0.0000,2.5,nan
1564,6.11e-05,0.7844,0.0000,0.0000,0.0000,0.0000,2.5,nan
1565,6.09e-05,0.7351,0.0000,0.0000,0.0000,0.0000,2.5,nan
1566,6.06e-05,0.6197,0.0000,0.0000,0.0000,0.0000,2.4,nan
1567,6.04e-05,0.6079,0.0000,0.0000,0.0000,0.0000,2.4,nan
1568,6.01e-05,0.6515,0.0000,0.0000,0.0000,0.0000,2.4,nan
1569,5.99e-05,0.9212,0.0000,0.0000,0.0000,0.0000,2.5,nan
1570,5.96e-05,0.6900,0.0000,0.0000,0.0000,0.0000,2.4,nan
1571,5.94e-05,0.6792,0.0000,0.0000,0.0000,0.0000,2.4,nan
1572,5.92e-05,0.6599,0.0000,0.0000,0.0000,0.0000,2.5,nan
1573,5.89e-05,0.7653,0.0000,0.0000,0.0000,0.0000,2.4,nan
1574,5.87e-05,0.5900,0.0000,0.0000,0.0000,0.0000,2.4,nan
1575,5.84e-05,0.8316,0.0000,0.0000,0.0000,0.0000,3.7,0.5614
1576,5.82e-05,0.6706,0.0000,0.0000,0.0000,0.0000,2.4,nan
1577,5.79e-05,0.6251,0.0000,0.0000,0.0000,0.0000,2.5,nan
1578,5.77e-05,0.8416,0.0000,0.0000,0.0000,0.0000,2.4,nan
1579,5.75e-05,0.5962,0.0000,0.0000,0.0000,0.0000,2.4,nan
1580,5.72e-05,0.9955,0.0000,0.0000,0.0000,0.0000,2.4,nan
1581,5.70e-05,0.8808,0.0000,0.0000,0.0000,0.0000,2.4,nan
1582,5.67e-05,0.6125,0.0000,0.0000,0.0000,0.0000,2.4,nan
1583,5.65e-05,0.8064,0.0000,0.0000,0.0000,0.0000,2.4,nan
1584,5.63e-05,0.6610,0.0000,0.0000,0.0000,0.0000,2.4,nan
1585,5.60e-05,0.7997,0.0000,0.0000,0.0000,0.0000,2.4,nan
1586,5.58e-05,0.3838,0.0000,0.0000,0.0000,0.0000,2.6,nan
1587,5.56e-05,0.8147,0.0000,0.0000,0.0000,0.0000,2.6,nan
1588,5.53e-05,0.7721,0.0000,0.0000,0.0000,0.0000,2.4,nan
1589,5.51e-05,0.3642,0.0000,0.0000,0.0000,0.0000,2.5,nan
1590,5.48e-05,0.8607,0.0000,0.0000,0.0000,0.0000,2.5,nan
1591,5.46e-05,0.6081,0.0000,0.0000,0.0000,0.0000,2.5,nan
1592,5.44e-05,0.5575,0.0000,0.0000,0.0000,0.0000,2.5,nan
1593,5.41e-05,0.6045,0.0000,0.0000,0.0000,0.0000,2.5,nan
1594,5.39e-05,0.5740,0.0000,0.0000,0.0000,0.0000,2.5,nan
1595,5.37e-05,0.7000,0.0000,0.0000,0.0000,0.0000,2.5,nan
1596,5.34e-05,0.7431,0.0000,0.0000,0.0000,0.0000,2.5,nan
1597,5.32e-05,0.8088,0.0000,0.0000,0.0000,0.0000,2.4,nan
1598,5.30e-05,0.5818,0.0000,0.0000,0.0000,0.0000,2.5,nan
1599,5.28e-05,0.8853,0.0000,0.0000,0.0000,0.0000,2.4,nan
1600,5.25e-05,0.8415,0.0000,0.0000,0.0000,0.0000,3.7,0.5297
1601,5.23e-05,0.7014,0.0000,0.0000,0.0000,0.0000,2.5,nan
1602,5.21e-05,0.6264,0.0000,0.0000,0.0000,0.0000,2.3,nan
1603,5.18e-05,0.7144,0.0000,0.0000,0.0000,0.0000,2.5,nan
1604,5.16e-05,0.5948,0.0000,0.0000,0.0000,0.0000,2.4,nan
1605,5.14e-05,0.5804,0.0000,0.0000,0.0000,0.0000,2.5,nan
1606,5.11e-05,0.6316,0.0000,0.0000,0.0000,0.0000,2.5,nan
1607,5.09e-05,0.7596,0.0000,0.0000,0.0000,0.0000,2.4,nan
1608,5.07e-05,0.4556,0.0000,0.0000,0.0000,0.0000,2.4,nan
1609,5.05e-05,0.5128,0.0000,0.0000,0.0000,0.0000,2.5,nan
1610,5.02e-05,0.8260,0.0000,0.0000,0.0000,0.0000,2.5,nan
1611,5.00e-05,0.9203,0.0000,0.0000,0.0000,0.0000,2.4,nan
1612,4.98e-05,0.6350,0.0000,0.0000,0.0000,0.0000,2.5,nan
1613,4.96e-05,0.6492,0.0000,0.0000,0.0000,0.0000,2.4,nan
1614,4.93e-05,0.6998,0.0000,0.0000,0.0000,0.0000,2.4,nan
1615,4.91e-05,0.6288,0.0000,0.0000,0.0000,0.0000,2.4,nan
1616,4.89e-05,0.5028,0.0000,0.0000,0.0000,0.0000,2.5,nan
1617,4.87e-05,0.6941,0.0000,0.0000,0.0000,0.0000,2.5,nan
1618,4.85e-05,0.9304,0.0000,0.0000,0.0000,0.0000,2.5,nan
1619,4.82e-05,0.6296,0.0000,0.0000,0.0000,0.0000,2.4,nan
1620,4.80e-05,0.5968,0.0000,0.0000,0.0000,0.0000,2.4,nan
1621,4.78e-05,0.8472,0.0000,0.0000,0.0000,0.0000,2.4,nan
1622,4.76e-05,0.7444,0.0000,0.0000,0.0000,0.0000,2.5,nan
1623,4.74e-05,0.6676,0.0000,0.0000,0.0000,0.0000,2.5,nan
1624,4.71e-05,0.6268,0.0000,0.0000,0.0000,0.0000,2.4,nan
1625,4.69e-05,0.5393,0.0000,0.0000,0.0000,0.0000,3.7,0.5551
1626,4.67e-05,0.6078,0.0000,0.0000,0.0000,0.0000,2.4,nan
1627,4.65e-05,0.7064,0.0000,0.0000,0.0000,0.0000,2.5,nan
1628,4.63e-05,0.4646,0.0000,0.0000,0.0000,0.0000,2.4,nan
1629,4.61e-05,0.5707,0.0000,0.0000,0.0000,0.0000,2.4,nan
1630,4.58e-05,0.5616,0.0000,0.0000,0.0000,0.0000,2.3,nan
1631,4.56e-05,0.6818,0.0000,0.0000,0.0000,0.0000,2.4,nan
1632,4.54e-05,0.6331,0.0000,0.0000,0.0000,0.0000,2.4,nan
1633,4.52e-05,0.4588,0.0000,0.0000,0.0000,0.0000,2.4,nan
1634,4.50e-05,0.5023,0.0000,0.0000,0.0000,0.0000,2.5,nan
1635,4.48e-05,0.6451,0.0000,0.0000,0.0000,0.0000,2.6,nan
1636,4.46e-05,0.6889,0.0000,0.0000,0.0000,0.0000,2.4,nan
1637,4.43e-05,0.8580,0.0000,0.0000,0.0000,0.0000,2.4,nan
1638,4.41e-05,0.6188,0.0000,0.0000,0.0000,0.0000,2.5,nan
1639,4.39e-05,0.5410,0.0000,0.0000,0.0000,0.0000,2.4,nan
1640,4.37e-05,0.6552,0.0000,0.0000,0.0000,0.0000,2.4,nan
1641,4.35e-05,0.8775,0.0000,0.0000,0.0000,0.0000,2.4,nan
1642,4.33e-05,0.7155,0.0000,0.0000,0.0000,0.0000,2.5,nan
1643,4.31e-05,0.6166,0.0000,0.0000,0.0000,0.0000,2.4,nan
1644,4.29e-05,0.7808,0.0000,0.0000,0.0000,0.0000,2.5,nan
1645,4.27e-05,0.6057,0.0000,0.0000,0.0000,0.0000,2.6,nan
1646,4.25e-05,0.7223,0.0000,0.0000,0.0000,0.0000,2.6,nan
1647,4.23e-05,0.4510,0.0000,0.0000,0.0000,0.0000,2.4,nan
1648,4.21e-05,0.5142,0.0000,0.0000,0.0000,0.0000,2.4,nan
1649,4.19e-05,0.4529,0.0000,0.0000,0.0000,0.0000,2.5,nan
1650,4.16e-05,0.5732,0.0000,0.0000,0.0000,0.0000,3.7,0.5720
1651,4.14e-05,0.6731,0.0000,0.0000,0.0000,0.0000,2.6,nan
1652,4.12e-05,0.6845,0.0000,0.0000,0.0000,0.0000,2.4,nan
1653,4.10e-05,0.6576,0.0000,0.0000,0.0000,0.0000,2.4,nan
1654,4.08e-05,0.7666,0.0000,0.0000,0.0000,0.0000,2.4,nan
1655,4.06e-05,0.7551,0.0000,0.0000,0.0000,0.0000,2.6,nan
1656,4.04e-05,0.6420,0.0000,0.0000,0.0000,0.0000,2.5,nan
1657,4.02e-05,0.6733,0.0000,0.0000,0.0000,0.0000,2.6,nan
1658,4.00e-05,0.5610,0.0000,0.0000,0.0000,0.0000,2.5,nan
1659,3.98e-05,0.8536,0.0000,0.0000,0.0000,0.0000,2.7,nan
1660,3.96e-05,0.4135,0.0000,0.0000,0.0000,0.0000,2.6,nan
1661,3.94e-05,0.7210,0.0000,0.0000,0.0000,0.0000,2.7,nan
1662,3.92e-05,0.3669,0.0000,0.0000,0.0000,0.0000,2.8,nan
1663,3.90e-05,0.8631,0.0000,0.0000,0.0000,0.0000,2.7,nan
1664,3.88e-05,0.7558,0.0000,0.0000,0.0000,0.0000,2.8,nan
1665,3.86e-05,0.7460,0.0000,0.0000,0.0000,0.0000,3.2,nan
1666,3.84e-05,0.7165,0.0000,0.0000,0.0000,0.0000,4.5,nan
1667,3.82e-05,0.5504,0.0000,0.0000,0.0000,0.0000,2.6,nan
1668,3.80e-05,0.7314,0.0000,0.0000,0.0000,0.0000,2.5,nan
1669,3.79e-05,0.6345,0.0000,0.0000,0.0000,0.0000,2.5,nan
1670,3.77e-05,0.8566,0.0000,0.0000,0.0000,0.0000,2.5,nan
1671,3.75e-05,0.5681,0.0000,0.0000,0.0000,0.0000,2.4,nan
1672,3.73e-05,0.7008,0.0000,0.0000,0.0000,0.0000,2.5,nan
1673,3.71e-05,0.5964,0.0000,0.0000,0.0000,0.0000,2.4,nan
1674,3.69e-05,0.6046,0.0000,0.0000,0.0000,0.0000,2.5,nan
1675,3.67e-05,0.5490,0.0000,0.0000,0.0000,0.0000,3.8,0.5636
1676,3.65e-05,0.5169,0.0000,0.0000,0.0000,0.0000,2.5,nan
1677,3.63e-05,0.5549,0.0000,0.0000,0.0000,0.0000,2.4,nan
1678,3.61e-05,0.8383,0.0000,0.0000,0.0000,0.0000,2.5,nan
1679,3.59e-05,0.7542,0.0000,0.0000,0.0000,0.0000,2.8,nan
1680,3.57e-05,0.8244,0.0000,0.0000,0.0000,0.0000,2.6,nan
1681,3.56e-05,0.4448,0.0000,0.0000,0.0000,0.0000,2.5,nan
1682,3.54e-05,0.7524,0.0000,0.0000,0.0000,0.0000,2.4,nan
1683,3.52e-05,0.6933,0.0000,0.0000,0.0000,0.0000,2.4,nan
1684,3.50e-05,0.9012,0.0000,0.0000,0.0000,0.0000,2.4,nan
1685,3.48e-05,0.6477,0.0000,0.0000,0.0000,0.0000,2.4,nan
1686,3.46e-05,0.5802,0.0000,0.0000,0.0000,0.0000,2.5,nan
1687,3.44e-05,0.6826,0.0000,0.0000,0.0000,0.0000,2.4,nan
1688,3.43e-05,0.6163,0.0000,0.0000,0.0000,0.0000,2.4,nan
1689,3.41e-05,0.3811,0.0000,0.0000,0.0000,0.0000,2.4,nan
1690,3.39e-05,0.7385,0.0000,0.0000,0.0000,0.0000,2.5,nan
1691,3.37e-05,0.7678,0.0000,0.0000,0.0000,0.0000,2.4,nan
1692,3.35e-05,0.6320,0.0000,0.0000,0.0000,0.0000,2.4,nan
1693,3.33e-05,0.8921,0.0000,0.0000,0.0000,0.0000,2.5,nan
1694,3.32e-05,0.7407,0.0000,0.0000,0.0000,0.0000,2.5,nan
1695,3.30e-05,0.9392,0.0000,0.0000,0.0000,0.0000,2.4,nan
1696,3.28e-05,0.9023,0.0000,0.0000,0.0000,0.0000,2.4,nan
1697,3.26e-05,0.7829,0.0000,0.0000,0.0000,0.0000,2.5,nan
1698,3.24e-05,0.8930,0.0000,0.0000,0.0000,0.0000,2.5,nan
1699,3.23e-05,0.5453,0.0000,0.0000,0.0000,0.0000,2.4,nan
1700,3.21e-05,0.4979,0.0000,0.0000,0.0000,0.0000,3.8,0.5911
1701,3.19e-05,0.7794,0.0000,0.0000,0.0000,0.0000,2.5,nan
1702,3.17e-05,0.8299,0.0000,0.0000,0.0000,0.0000,2.4,nan
1703,3.16e-05,0.7434,0.0000,0.0000,0.0000,0.0000,2.5,nan
1704,3.14e-05,0.7667,0.0000,0.0000,0.0000,0.0000,2.4,nan
1705,3.12e-05,0.7965,0.0000,0.0000,0.0000,0.0000,2.4,nan
1706,3.10e-05,0.4809,0.0000,0.0000,0.0000,0.0000,2.5,nan
1707,3.09e-05,0.5200,0.0000,0.0000,0.0000,0.0000,2.4,nan
1708,3.07e-05,0.6548,0.0000,0.0000,0.0000,0.0000,2.4,nan
1709,3.05e-05,0.5676,0.0000,0.0000,0.0000,0.0000,2.4,nan
1710,3.03e-05,0.6616,0.0000,0.0000,0.0000,0.0000,2.4,nan
1711,3.02e-05,0.8815,0.0000,0.0000,0.0000,0.0000,2.4,nan
1712,3.00e-05,0.4922,0.0000,0.0000,0.0000,0.0000,2.5,nan
1713,2.98e-05,0.4311,0.0000,0.0000,0.0000,0.0000,2.5,nan
1714,2.96e-05,0.6337,0.0000,0.0000,0.0000,0.0000,2.5,nan
1715,2.95e-05,0.6626,0.0000,0.0000,0.0000,0.0000,2.4,nan
1716,2.93e-05,0.9590,0.0000,0.0000,0.0000,0.0000,2.4,nan
1717,2.91e-05,0.5519,0.0000,0.0000,0.0000,0.0000,2.5,nan
1718,2.90e-05,0.6074,0.0000,0.0000,0.0000,0.0000,2.4,nan
1719,2.88e-05,0.5946,0.0000,0.0000,0.0000,0.0000,2.4,nan
1720,2.86e-05,0.5056,0.0000,0.0000,0.0000,0.0000,2.4,nan
1721,2.85e-05,0.6256,0.0000,0.0000,0.0000,0.0000,2.5,nan
1722,2.83e-05,0.6424,0.0000,0.0000,0.0000,0.0000,2.4,nan
1723,2.81e-05,0.5473,0.0000,0.0000,0.0000,0.0000,2.4,nan
1724,2.80e-05,0.6628,0.0000,0.0000,0.0000,0.0000,2.4,nan
1725,2.78e-05,0.6572,0.0000,0.0000,0.0000,0.0000,3.8,0.5678
1726,2.76e-05,0.5255,0.0000,0.0000,0.0000,0.0000,2.7,nan
1727,2.75e-05,0.7193,0.0000,0.0000,0.0000,0.0000,2.5,nan
1728,2.73e-05,0.8689,0.0000,0.0000,0.0000,0.0000,2.4,nan
1729,2.72e-05,0.4645,0.0000,0.0000,0.0000,0.0000,2.5,nan
1730,2.70e-05,0.4860,0.0000,0.0000,0.0000,0.0000,2.4,nan
1731,2.68e-05,0.5507,0.0000,0.0000,0.0000,0.0000,2.4,nan
1732,2.67e-05,0.7078,0.0000,0.0000,0.0000,0.0000,2.4,nan
1733,2.65e-05,0.7260,0.0000,0.0000,0.0000,0.0000,2.5,nan
1734,2.64e-05,0.3630,0.0000,0.0000,0.0000,0.0000,2.5,nan
1735,2.62e-05,0.6901,0.0000,0.0000,0.0000,0.0000,2.4,nan
1736,2.60e-05,0.5967,0.0000,0.0000,0.0000,0.0000,2.5,nan
1737,2.59e-05,0.6662,0.0000,0.0000,0.0000,0.0000,2.3,nan
1738,2.57e-05,0.6311,0.0000,0.0000,0.0000,0.0000,2.5,nan
1739,2.56e-05,0.6513,0.0000,0.0000,0.0000,0.0000,2.3,nan
1740,2.54e-05,0.8765,0.0000,0.0000,0.0000,0.0000,2.5,nan
1741,2.53e-05,0.2723,0.0000,0.0000,0.0000,0.0000,2.4,nan
1742,2.51e-05,0.6857,0.0000,0.0000,0.0000,0.0000,2.5,nan
1743,2.50e-05,0.7095,0.0000,0.0000,0.0000,0.0000,2.4,nan
1744,2.48e-05,0.5322,0.0000,0.0000,0.0000,0.0000,2.5,nan
1745,2.46e-05,0.5271,0.0000,0.0000,0.0000,0.0000,2.5,nan
1746,2.45e-05,0.8338,0.0000,0.0000,0.0000,0.0000,2.4,nan
1747,2.43e-05,0.5245,0.0000,0.0000,0.0000,0.0000,2.4,nan
1748,2.42e-05,0.7741,0.0000,0.0000,0.0000,0.0000,2.5,nan
1749,2.40e-05,0.7588,0.0000,0.0000,0.0000,0.0000,2.5,nan
1750,2.39e-05,0.7320,0.0000,0.0000,0.0000,0.0000,3.9,0.5847
1751,2.37e-05,0.8041,0.0000,0.0000,0.0000,0.0000,2.5,nan
1752,2.36e-05,0.8354,0.0000,0.0000,0.0000,0.0000,2.4,nan
1753,2.34e-05,0.6063,0.0000,0.0000,0.0000,0.0000,2.4,nan
1754,2.33e-05,0.4361,0.0000,0.0000,0.0000,0.0000,2.4,nan
1755,2.32e-05,0.6723,0.0000,0.0000,0.0000,0.0000,2.4,nan
1756,2.30e-05,0.5844,0.0000,0.0000,0.0000,0.0000,2.5,nan
1757,2.29e-05,0.3374,0.0000,0.0000,0.0000,0.0000,2.5,nan
1758,2.27e-05,0.5596,0.0000,0.0000,0.0000,0.0000,2.4,nan
1759,2.26e-05,0.5007,0.0000,0.0000,0.0000,0.0000,2.4,nan
1760,2.24e-05,0.7817,0.0000,0.0000,0.0000,0.0000,2.5,nan
1761,2.23e-05,0.6699,0.0000,0.0000,0.0000,0.0000,2.5,nan
1762,2.21e-05,0.9889,0.0000,0.0000,0.0000,0.0000,2.5,nan
1763,2.20e-05,0.5644,0.0000,0.0000,0.0000,0.0000,2.4,nan
1764,2.19e-05,0.5869,0.0000,0.0000,0.0000,0.0000,2.5,nan
1765,2.17e-05,0.7887,0.0000,0.0000,0.0000,0.0000,2.3,nan
1766,2.16e-05,0.8619,0.0000,0.0000,0.0000,0.0000,2.4,nan
1767,2.14e-05,0.7463,0.0000,0.0000,0.0000,0.0000,2.4,nan
1768,2.13e-05,0.6478,0.0000,0.0000,0.0000,0.0000,2.4,nan
1769,2.12e-05,0.6159,0.0000,0.0000,0.0000,0.0000,2.4,nan
1770,2.10e-05,0.5365,0.0000,0.0000,0.0000,0.0000,2.5,nan
1771,2.09e-05,0.6739,0.0000,0.0000,0.0000,0.0000,2.4,nan
1772,2.07e-05,0.5052,0.0000,0.0000,0.0000,0.0000,2.5,nan
1773,2.06e-05,0.6205,0.0000,0.0000,0.0000,0.0000,2.5,nan
1774,2.05e-05,0.5889,0.0000,0.0000,0.0000,0.0000,2.4,nan
1775,2.03e-05,0.6070,0.0000,0.0000,0.0000,0.0000,3.7,0.5911
1776,2.02e-05,0.7251,0.0000,0.0000,0.0000,0.0000,2.5,nan
1777,2.01e-05,0.7289,0.0000,0.0000,0.0000,0.0000,2.4,nan
1778,1.99e-05,0.7007,0.0000,0.0000,0.0000,0.0000,2.4,nan
1779,1.98e-05,0.5330,0.0000,0.0000,0.0000,0.0000,2.5,nan
1780,1.97e-05,0.7224,0.0000,0.0000,0.0000,0.0000,2.4,nan
1781,1.95e-05,0.5799,0.0000,0.0000,0.0000,0.0000,2.4,nan
1782,1.94e-05,0.7815,0.0000,0.0000,0.0000,0.0000,2.4,nan
1783,1.93e-05,0.8393,0.0000,0.0000,0.0000,0.0000,2.5,nan
1784,1.91e-05,0.8417,0.0000,0.0000,0.0000,0.0000,2.4,nan
1785,1.90e-05,0.6956,0.0000,0.0000,0.0000,0.0000,2.4,nan
1786,1.89e-05,0.4465,0.0000,0.0000,0.0000,0.0000,2.4,nan
1787,1.87e-05,0.4464,0.0000,0.0000,0.0000,0.0000,2.4,nan
1788,1.86e-05,0.5181,0.0000,0.0000,0.0000,0.0000,2.4,nan
1789,1.85e-05,0.5898,0.0000,0.0000,0.0000,0.0000,2.5,nan
1790,1.84e-05,0.7052,0.0000,0.0000,0.0000,0.0000,2.4,nan
1791,1.82e-05,0.6132,0.0000,0.0000,0.0000,0.0000,2.4,nan
1792,1.81e-05,0.8398,0.0000,0.0000,0.0000,0.0000,2.5,nan
1793,1.80e-05,0.8402,0.0000,0.0000,0.0000,0.0000,2.4,nan
1794,1.79e-05,0.6616,0.0000,0.0000,0.0000,0.0000,2.4,nan
1795,1.77e-05,0.5057,0.0000,0.0000,0.0000,0.0000,2.4,nan
1796,1.76e-05,0.7377,0.0000,0.0000,0.0000,0.0000,2.4,nan
1797,1.75e-05,0.5812,0.0000,0.0000,0.0000,0.0000,2.4,nan
1798,1.74e-05,0.5646,0.0000,0.0000,0.0000,0.0000,2.7,nan
1799,1.72e-05,0.7560,0.0000,0.0000,0.0000,0.0000,2.5,nan
1800,1.71e-05,0.6649,0.0000,0.0000,0.0000,0.0000,3.8,0.5530
1801,1.70e-05,0.5904,0.0000,0.0000,0.0000,0.0000,2.5,nan
1802,1.69e-05,0.8733,0.0000,0.0000,0.0000,0.0000,2.5,nan
1803,1.68e-05,0.7004,0.0000,0.0000,0.0000,0.0000,2.4,nan
1804,1.66e-05,0.5650,0.0000,0.0000,0.0000,0.0000,2.4,nan
1805,1.65e-05,1.0178,0.0000,0.0000,0.0000,0.0000,2.4,nan
1806,1.64e-05,0.4209,0.0000,0.0000,0.0000,0.0000,2.4,nan
1807,1.63e-05,0.5090,0.0000,0.0000,0.0000,0.0000,2.4,nan
1808,1.62e-05,0.9061,0.0000,0.0000,0.0000,0.0000,2.5,nan
1809,1.61e-05,0.7295,0.0000,0.0000,0.0000,0.0000,2.4,nan
1810,1.59e-05,0.8412,0.0000,0.0000,0.0000,0.0000,2.4,nan
1811,1.58e-05,0.8028,0.0000,0.0000,0.0000,0.0000,2.4,nan
1812,1.57e-05,0.7485,0.0000,0.0000,0.0000,0.0000,2.5,nan
1813,1.56e-05,0.6812,0.0000,0.0000,0.0000,0.0000,2.4,nan
1814,1.55e-05,0.6234,0.0000,0.0000,0.0000,0.0000,2.4,nan
1815,1.54e-05,0.4266,0.0000,0.0000,0.0000,0.0000,2.4,nan
1816,1.53e-05,0.7095,0.0000,0.0000,0.0000,0.0000,2.4,nan
1817,1.52e-05,0.8131,0.0000,0.0000,0.0000,0.0000,2.4,nan
1818,1.50e-05,0.4731,0.0000,0.0000,0.0000,0.0000,2.4,nan
1819,1.49e-05,0.6791,0.0000,0.0000,0.0000,0.0000,2.4,nan
1820,1.48e-05,0.7294,0.0000,0.0000,0.0000,0.0000,2.5,nan
1821,1.47e-05,0.6781,0.0000,0.0000,0.0000,0.0000,2.5,nan
1822,1.46e-05,0.9735,0.0000,0.0000,0.0000,0.0000,2.6,nan
1823,1.45e-05,0.5054,0.0000,0.0000,0.0000,0.0000,2.6,nan
1824,1.44e-05,0.4872,0.0000,0.0000,0.0000,0.0000,2.5,nan
1825,1.43e-05,0.7216,0.0000,0.0000,0.0000,0.0000,3.6,0.5784
1826,1.42e-05,0.7338,0.0000,0.0000,0.0000,0.0000,2.4,nan
1827,1.41e-05,0.5196,0.0000,0.0000,0.0000,0.0000,2.4,nan
1828,1.40e-05,0.5808,0.0000,0.0000,0.0000,0.0000,2.5,nan
1829,1.39e-05,0.6672,0.0000,0.0000,0.0000,0.0000,2.5,nan
1830,1.38e-05,0.6597,0.0000,0.0000,0.0000,0.0000,2.4,nan
1831,1.37e-05,0.6952,0.0000,0.0000,0.0000,0.0000,2.5,nan
1832,1.36e-05,0.5305,0.0000,0.0000,0.0000,0.0000,2.5,nan
1833,1.35e-05,0.5064,0.0000,0.0000,0.0000,0.0000,2.5,nan
1834,1.34e-05,0.5631,0.0000,0.0000,0.0000,0.0000,2.4,nan
1835,1.33e-05,0.8697,0.0000,0.0000,0.0000,0.0000,2.5,nan
1836,1.32e-05,0.7043,0.0000,0.0000,0.0000,0.0000,2.4,nan
1837,1.31e-05,0.6015,0.0000,0.0000,0.0000,0.0000,2.5,nan
1838,1.30e-05,0.6812,0.0000,0.0000,0.0000,0.0000,2.3,nan
1839,1.29e-05,0.8335,0.0000,0.0000,0.0000,0.0000,2.4,nan
1840,1.28e-05,1.0926,0.0000,0.0000,0.0000,0.0000,2.5,nan
1841,1.27e-05,0.6855,0.0000,0.0000,0.0000,0.0000,2.4,nan
1842,1.26e-05,0.7917,0.0000,0.0000,0.0000,0.0000,2.4,nan
1843,1.25e-05,0.4376,0.0000,0.0000,0.0000,0.0000,2.4,nan
1844,1.24e-05,0.8904,0.0000,0.0000,0.0000,0.0000,2.4,nan
1845,1.23e-05,0.8051,0.0000,0.0000,0.0000,0.0000,2.6,nan
1846,1.22e-05,0.5528,0.0000,0.0000,0.0000,0.0000,2.6,nan
1847,1.21e-05,0.4728,0.0000,0.0000,0.0000,0.0000,2.5,nan
1848,1.20e-05,0.9213,0.0000,0.0000,0.0000,0.0000,2.4,nan
1849,1.19e-05,0.9813,0.0000,0.0000,0.0000,0.0000,2.4,nan
1850,1.18e-05,0.6272,0.0000,0.0000,0.0000,0.0000,3.8,0.5636
1851,1.17e-05,0.6832,0.0000,0.0000,0.0000,0.0000,2.4,nan
1852,1.16e-05,0.8157,0.0000,0.0000,0.0000,0.0000,2.4,nan
1853,1.16e-05,0.7351,0.0000,0.0000,0.0000,0.0000,2.4,nan
1854,1.15e-05,0.4758,0.0000,0.0000,0.0000,0.0000,2.4,nan
1855,1.14e-05,0.7019,0.0000,0.0000,0.0000,0.0000,2.4,nan
1856,1.13e-05,0.7585,0.0000,0.0000,0.0000,0.0000,2.4,nan
1857,1.12e-05,0.8161,0.0000,0.0000,0.0000,0.0000,2.5,nan
1858,1.11e-05,0.8036,0.0000,0.0000,0.0000,0.0000,2.4,nan
1859,1.10e-05,0.6193,0.0000,0.0000,0.0000,0.0000,2.4,nan
1860,1.09e-05,0.4729,0.0000,0.0000,0.0000,0.0000,2.4,nan
1861,1.09e-05,0.8741,0.0000,0.0000,0.0000,0.0000,2.4,nan
1862,1.08e-05,0.6136,0.0000,0.0000,0.0000,0.0000,2.4,nan
1863,1.07e-05,0.7515,0.0000,0.0000,0.0000,0.0000,2.4,nan
1864,1.06e-05,0.7193,0.0000,0.0000,0.0000,0.0000,2.5,nan
1865,1.05e-05,0.7173,0.0000,0.0000,0.0000,0.0000,2.4,nan
1866,1.04e-05,0.8938,0.0000,0.0000,0.0000,0.0000,2.4,nan
1867,1.04e-05,0.7535,0.0000,0.0000,0.0000,0.0000,2.4,nan
1868,1.03e-05,0.9039,0.0000,0.0000,0.0000,0.0000,2.5,nan
1869,1.02e-05,0.4409,0.0000,0.0000,0.0000,0.0000,2.7,nan
1870,1.01e-05,0.4975,0.0000,0.0000,0.0000,0.0000,2.6,nan
1871,1.00e-05,0.7816,0.0000,0.0000,0.0000,0.0000,2.4,nan
1872,9.97e-06,0.7845,0.0000,0.0000,0.0000,0.0000,2.4,nan
1873,9.89e-06,0.5438,0.0000,0.0000,0.0000,0.0000,2.4,nan
1874,9.81e-06,0.6765,0.0000,0.0000,0.0000,0.0000,2.4,nan
1875,9.73e-06,0.4512,0.0000,0.0000,0.0000,0.0000,3.8,0.5742
1876,9.66e-06,0.6685,0.0000,0.0000,0.0000,0.0000,2.4,nan
1877,9.58e-06,0.8024,0.0000,0.0000,0.0000,0.0000,2.4,nan
1878,9.51e-06,0.4158,0.0000,0.0000,0.0000,0.0000,2.4,nan
1879,9.44e-06,0.7070,0.0000,0.0000,0.0000,0.0000,2.4,nan
1880,9.36e-06,0.9514,0.0000,0.0000,0.0000,0.0000,2.4,nan
1881,9.29e-06,0.6245,0.0000,0.0000,0.0000,0.0000,2.5,nan
1882,9.22e-06,0.6987,0.0000,0.0000,0.0000,0.0000,2.4,nan
1883,9.15e-06,0.7595,0.0000,0.0000,0.0000,0.0000,2.3,nan
1884,9.07e-06,0.7693,0.0000,0.0000,0.0000,0.0000,2.4,nan
1885,9.00e-06,0.8894,0.0000,0.0000,0.0000,0.0000,2.4,nan
1886,8.93e-06,0.9344,0.0000,0.0000,0.0000,0.0000,2.4,nan
1887,8.87e-06,0.6747,0.0000,0.0000,0.0000,0.0000,2.4,nan
1888,8.80e-06,0.6574,0.0000,0.0000,0.0000,0.0000,2.4,nan
1889,8.73e-06,0.9180,0.0000,0.0000,0.0000,0.0000,2.4,nan
1890,8.66e-06,0.7877,0.0000,0.0000,0.0000,0.0000,2.4,nan
1891,8.60e-06,0.7452,0.0000,0.0000,0.0000,0.0000,2.4,nan
1892,8.53e-06,1.0363,0.0000,0.0000,0.0000,0.0000,2.4,nan
1893,8.46e-06,0.6947,0.0000,0.0000,0.0000,0.0000,2.5,nan
1894,8.40e-06,0.4681,0.0000,0.0000,0.0000,0.0000,2.4,nan
1895,8.33e-06,0.8846,0.0000,0.0000,0.0000,0.0000,2.4,nan
1896,8.27e-06,1.0554,0.0000,0.0000,0.0000,0.0000,2.5,nan
1897,8.21e-06,0.6252,0.0000,0.0000,0.0000,0.0000,2.5,nan
1898,8.15e-06,0.6624,0.0000,0.0000,0.0000,0.0000,2.4,nan
1899,8.08e-06,1.0328,0.0000,0.0000,0.0000,0.0000,2.4,nan
1900,8.02e-06,0.7518,0.0000,0.0000,0.0000,0.0000,3.8,0.5784
1901,7.96e-06,0.7653,0.0000,0.0000,0.0000,0.0000,2.5,nan
1902,7.90e-06,0.6275,0.0000,0.0000,0.0000,0.0000,2.6,nan
1903,7.84e-06,0.9233,0.0000,0.0000,0.0000,0.0000,2.5,nan
1904,7.78e-06,0.7286,0.0000,0.0000,0.0000,0.0000,2.5,nan
1905,7.73e-06,0.6211,0.0000,0.0000,0.0000,0.0000,2.4,nan
1906,7.67e-06,0.7799,0.0000,0.0000,0.0000,0.0000,2.5,nan
1907,7.61e-06,0.6067,0.0000,0.0000,0.0000,0.0000,2.5,nan
1908,7.56e-06,0.9585,0.0000,0.0000,0.0000,0.0000,2.4,nan
1909,7.50e-06,0.5135,0.0000,0.0000,0.0000,0.0000,2.4,nan
1910,7.44e-06,0.6710,0.0000,0.0000,0.0000,0.0000,2.5,nan
1911,7.39e-06,0.8492,0.0000,0.0000,0.0000,0.0000,2.4,nan
1912,7.34e-06,0.3968,0.0000,0.0000,0.0000,0.0000,2.5,nan
1913,7.28e-06,0.6758,0.0000,0.0000,0.0000,0.0000,2.5,nan
1914,7.23e-06,0.7158,0.0000,0.0000,0.0000,0.0000,2.4,nan
1915,7.18e-06,0.9640,0.0000,0.0000,0.0000,0.0000,2.5,nan
1916,7.13e-06,0.6726,0.0000,0.0000,0.0000,0.0000,2.4,nan
1917,7.08e-06,0.8820,0.0000,0.0000,0.0000,0.0000,2.6,nan
1918,7.03e-06,0.9943,0.0000,0.0000,0.0000,0.0000,2.6,nan
1919,6.98e-06,0.4247,0.0000,0.0000,0.0000,0.0000,2.4,nan
1920,6.93e-06,0.8339,0.0000,0.0000,0.0000,0.0000,2.4,nan
1921,6.88e-06,0.7562,0.0000,0.0000,0.0000,0.0000,2.4,nan
1922,6.83e-06,0.7934,0.0000,0.0000,0.0000,0.0000,2.5,nan
1923,6.78e-06,0.5998,0.0000,0.0000,0.0000,0.0000,2.5,nan
1924,6.74e-06,1.0823,0.0000,0.0000,0.0000,0.0000,2.4,nan
1925,6.69e-06,0.8699,0.0000,0.0000,0.0000,0.0000,3.6,0.5805
1926,6.65e-06,0.8269,0.0000,0.0000,0.0000,0.0000,2.5,nan
1927,6.60e-06,0.6814,0.0000,0.0000,0.0000,0.0000,2.5,nan
1928,6.56e-06,0.5673,0.0000,0.0000,0.0000,0.0000,2.4,nan
1929,6.51e-06,0.5756,0.0000,0.0000,0.0000,0.0000,2.4,nan
1930,6.47e-06,0.5755,0.0000,0.0000,0.0000,0.0000,2.4,nan
1931,6.43e-06,0.7000,0.0000,0.0000,0.0000,0.0000,2.4,nan
1932,6.39e-06,0.8451,0.0000,0.0000,0.0000,0.0000,2.4,nan
1933,6.35e-06,0.5714,0.0000,0.0000,0.0000,0.0000,2.4,nan
1934,6.31e-06,0.8022,0.0000,0.0000,0.0000,0.0000,2.4,nan
1935,6.27e-06,0.5159,0.0000,0.0000,0.0000,0.0000,2.5,nan
1936,6.23e-06,0.6976,0.0000,0.0000,0.0000,0.0000,2.4,nan
1937,6.19e-06,0.8164,0.0000,0.0000,0.0000,0.0000,2.4,nan
1938,6.15e-06,0.6656,0.0000,0.0000,0.0000,0.0000,2.4,nan
1939,6.11e-06,0.7671,0.0000,0.0000,0.0000,0.0000,2.4,nan
1940,6.08e-06,0.9160,0.0000,0.0000,0.0000,0.0000,2.4,nan
1941,6.04e-06,0.8374,0.0000,0.0000,0.0000,0.0000,2.4,nan
1942,6.00e-06,0.7858,0.0000,0.0000,0.0000,0.0000,2.5,nan
1943,5.97e-06,0.7005,0.0000,0.0000,0.0000,0.0000,2.5,nan
1944,5.94e-06,0.6222,0.0000,0.0000,0.0000,0.0000,2.4,nan
1945,5.90e-06,0.8651,0.0000,0.0000,0.0000,0.0000,2.4,nan
1946,5.87e-06,0.5929,0.0000,0.0000,0.0000,0.0000,2.4,nan
1947,5.84e-06,0.7356,0.0000,0.0000,0.0000,0.0000,2.4,nan
1948,5.80e-06,0.7485,0.0000,0.0000,0.0000,0.0000,2.4,nan
1949,5.77e-06,0.6776,0.0000,0.0000,0.0000,0.0000,2.4,nan
1950,5.74e-06,0.9613,0.0000,0.0000,0.0000,0.0000,3.7,0.5847
1951,5.71e-06,0.5290,0.0000,0.0000,0.0000,0.0000,2.4,nan
1952,5.68e-06,0.9215,0.0000,0.0000,0.0000,0.0000,2.4,nan
1953,5.66e-06,0.6288,0.0000,0.0000,0.0000,0.0000,2.4,nan
1954,5.63e-06,0.9748,0.0000,0.0000,0.0000,0.0000,2.4,nan
1955,5.60e-06,0.7661,0.0000,0.0000,0.0000,0.0000,2.4,nan
1956,5.57e-06,0.9343,0.0000,0.0000,0.0000,0.0000,2.4,nan
1957,5.55e-06,0.5773,0.0000,0.0000,0.0000,0.0000,2.3,nan
1958,5.52e-06,0.7435,0.0000,0.0000,0.0000,0.0000,2.4,nan
1959,5.50e-06,0.6284,0.0000,0.0000,0.0000,0.0000,2.4,nan
1960,5.47e-06,0.3064,0.0000,0.0000,0.0000,0.0000,2.5,nan
1961,5.45e-06,0.4586,0.0000,0.0000,0.0000,0.0000,2.5,nan
1962,5.42e-06,0.5945,0.0000,0.0000,0.0000,0.0000,2.4,nan
1963,5.40e-06,0.9116,0.0000,0.0000,0.0000,0.0000,2.5,nan
1964,5.38e-06,0.6611,0.0000,0.0000,0.0000,0.0000,2.6,nan
1965,5.36e-06,0.6802,0.0000,0.0000,0.0000,0.0000,2.6,nan
1966,5.34e-06,0.5805,0.0000,0.0000,0.0000,0.0000,2.5,nan
1967,5.32e-06,0.7517,0.0000,0.0000,0.0000,0.0000,2.5,nan
1968,5.30e-06,0.6736,0.0000,0.0000,0.0000,0.0000,2.5,nan
1969,5.28e-06,0.5339,0.0000,0.0000,0.0000,0.0000,2.4,nan
1970,5.26e-06,0.8792,0.0000,0.0000,0.0000,0.0000,2.4,nan
1971,5.24e-06,1.0443,0.0000,0.0000,0.0000,0.0000,2.5,nan
1972,5.23e-06,0.7144,0.0000,0.0000,0.0000,0.0000,2.4,nan
1973,5.21e-06,0.5474,0.0000,0.0000,0.0000,0.0000,2.4,nan
1974,5.19e-06,0.8101,0.0000,0.0000,0.0000,0.0000,2.4,nan
1975,5.18e-06,0.6686,0.0000,0.0000,0.0000,0.0000,3.8,0.5826
1976,5.16e-06,0.6243,0.0000,0.0000,0.0000,0.0000,2.5,nan
1977,5.15e-06,0.6705,0.0000,0.0000,0.0000,0.0000,2.4,nan
1978,5.14e-06,0.6697,0.0000,0.0000,0.0000,0.0000,2.4,nan
1979,5.12e-06,0.7323,0.0000,0.0000,0.0000,0.0000,2.4,nan
1980,5.11e-06,0.7592,0.0000,0.0000,0.0000,0.0000,2.5,nan
1981,5.10e-06,0.6765,0.0000,0.0000,0.0000,0.0000,2.4,nan
1982,5.09e-06,0.4446,0.0000,0.0000,0.0000,0.0000,2.4,nan
1983,5.08e-06,0.5212,0.0000,0.0000,0.0000,0.0000,2.5,nan
1984,5.07e-06,0.7849,0.0000,0.0000,0.0000,0.0000,2.4,nan
1985,5.06e-06,0.9177,0.0000,0.0000,0.0000,0.0000,2.5,nan
1986,5.05e-06,0.6960,0.0000,0.0000,0.0000,0.0000,2.5,nan
1987,5.05e-06,0.5130,0.0000,0.0000,0.0000,0.0000,2.5,nan
1988,5.04e-06,0.7536,0.0000,0.0000,0.0000,0.0000,2.6,nan
1989,5.03e-06,0.4806,0.0000,0.0000,0.0000,0.0000,2.5,nan
1990,5.03e-06,0.8711,0.0000,0.0000,0.0000,0.0000,2.5,nan
1991,5.02e-06,0.6080,0.0000,0.0000,0.0000,0.0000,2.5,nan
1992,5.02e-06,0.8428,0.0000,0.0000,0.0000,0.0000,2.4,nan
1993,5.01e-06,0.8945,0.0000,0.0000,0.0000,0.0000,2.5,nan
1994,5.01e-06,0.5526,0.0000,0.0000,0.0000,0.0000,2.4,nan
1995,5.01e-06,0.5693,0.0000,0.0000,0.0000,0.0000,2.6,nan
1996,5.00e-06,0.6146,0.0000,0.0000,0.0000,0.0000,2.5,nan
1997,5.00e-06,0.7084,0.0000,0.0000,0.0000,0.0000,2.4,nan
1998,5.00e-06,0.8477,0.0000,0.0000,0.0000,0.0000,2.4,nan
1999,5.00e-06,0.8237,0.0000,0.0000,0.0000,0.0000,3.8,0.5805
