epoch,lr,train_loss,val_top1,val_top5,val_balanced,ema_top1,seconds,tracked_test_top1
0,5.00e-05,3.9266,0.0000,0.0000,0.0000,0.0000,37.9,0.0233
1,1.00e-04,3.9207,0.0000,0.0000,0.0000,0.0000,6.7,nan
2,1.50e-04,3.9040,0.0000,0.0000,0.0000,0.0000,6.5,nan
3,2.00e-04,3.8806,0.0000,0.0000,0.0000,0.0000,6.3,nan
4,2.50e-04,3.8117,0.0000,0.0000,0.0000,0.0000,6.1,nan
5,3.00e-04,3.7242,0.0000,0.0000,0.0000,0.0000,6.3,nan
6,3.50e-04,3.6348,0.0000,0.0000,0.0000,0.0000,6.1,nan
7,4.00e-04,3.5825,0.0000,0.0000,0.0000,0.0000,5.7,nan
8,4.50e-04,3.5019,0.0000,0.0000,0.0000,0.0000,5.9,nan
9,5.00e-04,3.5139,0.0000,0.0000,0.0000,0.0000,5.8,nan
10,5.00e-04,3.6521,0.0000,0.0000,0.0000,0.0000,5.8,nan
11,5.00e-04,3.3379,0.0000,0.0000,0.0000,0.0000,6.1,nan
12,5.00e-04,3.4815,0.0000,0.0000,0.0000,0.0000,6.1,nan
13,5.00e-04,3.3453,0.0000,0.0000,0.0000,0.0000,6.4,nan
14,5.00e-04,3.3003,0.0000,0.0000,0.0000,0.0000,6.1,nan
15,5.00e-04,3.1402,0.0000,0.0000,0.0000,0.0000,6.3,nan
16,5.00e-04,3.2498,0.0000,0.0000,0.0000,0.0000,6.9,nan
17,5.00e-04,3.1987,0.0000,0.0000,0.0000,0.0000,6.5,nan
18,5.00e-04,3.0652,0.0000,0.0000,0.0000,0.0000,6.0,nan
19,5.00e-04,3.0910,0.0000,0.0000,0.0000,0.0000,6.2,nan
20,5.00e-04,3.0890,0.0000,0.0000,0.0000,0.0000,10.1,0.0657
21,5.00e-04,3.0750,0.0000,0.0000,0.0000,0.0000,5.9,nan
22,5.00e-04,2.9535,0.0000,0.0000,0.0000,0.0000,6.1,nan
23,5.00e-04,2.9100,0.0000,0.0000,0.0000,0.0000,6.2,nan
24,5.00e-04,2.8493,0.0000,0.0000,0.0000,0.0000,6.2,nan
25,5.00e-04,2.7659,0.0000,0.0000,0.0000,0.0000,5.8,nan
26,5.00e-04,2.7833,0.0000,0.0000,0.0000,0.0000,6.6,nan
27,5.00e-04,2.8228,0.0000,0.0000,0.0000,0.0000,7.1,nan
28,5.00e-04,2.6579,0.0000,0.0000,0.0000,0.0000,6.3,nan
29,5.00e-04,2.5881,0.0000,0.0000,0.0000,0.0000,6.0,nan
30,5.00e-04,2.5161,0.0000,0.0000,0.0000,0.0000,6.5,nan
31,5.00e-04,2.4753,0.0000,0.0000,0.0000,0.0000,6.2,nan
32,5.00e-04,2.4297,0.0000,0.0000,0.0000,0.0000,6.4,nan
33,5.00e-04,2.6379,0.0000,0.0000,0.0000,0.0000,6.5,nan
34,5.00e-04,2.3952,0.0000,0.0000,0.0000,0.0000,6.3,nan
35,5.00e-04,2.2080,0.0000,0.0000,0.0000,0.0000,6.3,nan
36,5.00e-04,2.4231,0.0000,0.0000,0.0000,0.0000,6.6,nan
37,5.00e-04,2.4207,0.0000,0.0000,0.0000,0.0000,6.6,nan
38,5.00e-04,2.3057,0.0000,0.0000,0.0000,0.0000,6.3,nan
39,5.00e-04,2.1771,0.0000,0.0000,0.0000,0.0000,6.4,nan
40,5.00e-04,2.1904,0.0000,0.0000,0.0000,0.0000,10.9,0.2500
41,5.00e-04,2.3987,0.0000,0.0000,0.0000,0.0000,6.0,nan
42,5.00e-04,2.1791,0.0000,0.0000,0.0000,0.0000,5.8,nan
43,5.00e-04,2.3360,0.0000,0.0000,0.0000,0.0000,6.0,nan
44,5.00e-04,2.1211,0.0000,0.0000,0.0000,0.0000,6.2,nan
45,5.00e-04,2.0039,0.0000,0.0000,0.0000,0.0000,6.4,nan
46,5.00e-04,2.0893,0.0000,0.0000,0.0000,0.0000,5.9,nan
47,5.00e-04,2.0461,0.0000,0.0000,0.0000,0.0000,5.6,nan
48,5.00e-04,1.9662,0.0000,0.0000,0.0000,0.0000,6.6,nan
49,5.00e-04,2.0959,0.0000,0.0000,0.0000,0.0000,6.4,nan
50,4.99e-04,1.8776,0.0000,0.0000,0.0000,0.0000,6.6,nan
51,4.99e-04,2.0324,0.0000,0.0000,0.0000,0.0000,6.4,nan
52,4.99e-04,1.8290,0.0000,0.0000,0.0000,0.0000,6.6,nan
53,4.99e-04,2.0125,0.0000,0.0000,0.0000,0.0000,6.3,nan
54,4.99e-04,1.6437,0.0000,0.0000,0.0000,0.0000,6.4,nan
55,4.99e-04,1.7040,0.0000,0.0000,0.0000,0.0000,6.7,nan
56,4.99e-04,1.6992,0.0000,0.0000,0.0000,0.0000,6.4,nan
57,4.99e-04,1.7218,0.0000,0.0000,0.0000,0.0000,6.3,nan
58,4.99e-04,1.6792,0.0000,0.0000,0.0000,0.0000,6.1,nan
59,4.99e-04,1.9046,0.0000,0.0000,0.0000,0.0000,6.5,nan
60,4.99e-04,1.9939,0.0000,0.0000,0.0000,0.0000,11.0,0.2945
61,4.99e-04,1.8226,0.0000,0.0000,0.0000,0.0000,6.1,nan
62,4.99e-04,1.5967,0.0000,0.0000,0.0000,0.0000,6.1,nan
63,4.99e-04,1.4426,0.0000,0.0000,0.0000,0.0000,6.6,nan
64,4.99e-04,1.3597,0.0000,0.0000,0.0000,0.0000,7.3,nan
65,4.99e-04,1.4684,0.0000,0.0000,0.0000,0.0000,6.4,nan
66,4.99e-04,1.7635,0.0000,0.0000,0.0000,0.0000,5.9,nan
67,4.99e-04,1.5405,0.0000,0.0000,0.0000,0.0000,6.2,nan
68,4.99e-04,1.3467,0.0000,0.0000,0.0000,0.0000,6.5,nan
69,4.99e-04,1.4215,0.0000,0.0000,0.0000,0.0000,6.4,nan
70,4.99e-04,1.5725,0.0000,0.0000,0.0000,0.0000,6.4,nan
71,4.99e-04,1.6759,0.0000,0.0000,0.0000,0.0000,6.3,nan
72,4.99e-04,1.5120,0.0000,0.0000,0.0000,0.0000,6.1,nan
73,4.99e-04,1.1757,0.0000,0.0000,0.0000,0.0000,6.5,nan
74,4.99e-04,1.5473,0.0000,0.0000,0.0000,0.0000,6.1,nan
75,4.99e-04,1.3372,0.0000,0.0000,0.0000,0.0000,6.3,nan
76,4.99e-04,1.3043,0.0000,0.0000,0.0000,0.0000,6.2,nan
77,4.99e-04,0.9791,0.0000,0.0000,0.0000,0.0000,6.2,nan
78,4.99e-04,1.3991,0.0000,0.0000,0.0000,0.0000,5.9,nan
79,4.98e-04,1.2788,0.0000,0.0000,0.0000,0.0000,6.2,nan
80,4.98e-04,1.1331,0.0000,0.0000,0.0000,0.0000,11.1,0.3347
81,4.98e-04,1.5375,0.0000,0.0000,0.0000,0.0000,6.4,nan
82,4.98e-04,1.5538,0.0000,0.0000,0.0000,0.0000,6.8,nan
83,4.98e-04,1.5850,0.0000,0.0000,0.0000,0.0000,6.5,nan
84,4.98e-04,1.1473,0.0000,0.0000,0.0000,0.0000,6.8,nan
85,4.98e-04,1.1808,0.0000,0.0000,0.0000,0.0000,6.6,nan
86,4.98e-04,1.3388,0.0000,0.0000,0.0000,0.0000,6.3,nan
87,4.98e-04,1.4923,0.0000,0.0000,0.0000,0.0000,6.6,nan
88,4.98e-04,1.1335,0.0000,0.0000,0.0000,0.0000,6.5,nan
89,4.98e-04,1.1326,0.0000,0.0000,0.0000,0.0000,6.4,nan
90,4.98e-04,1.5773,0.0000,0.0000,0.0000,0.0000,6.5,nan
91,4.98e-04,1.2305,0.0000,0.0000,0.0000,0.0000,6.2,nan
92,4.98e-04,1.4269,0.0000,0.0000,0.0000,0.0000,6.2,nan
93,4.98e-04,1.2760,0.0000,0.0000,0.0000,0.0000,7.0,nan
94,4.98e-04,1.4735,0.0000,0.0000,0.0000,0.0000,6.7,nan
95,4.98e-04,1.2365,0.0000,0.0000,0.0000,0.0000,6.4,nan
96,4.98e-04,1.1182,0.0000,0.0000,0.0000,0.0000,6.4,nan
97,4.98e-04,1.0600,0.0000,0.0000,0.0000,0.0000,6.5,nan
98,4.98e-04,1.4371,0.0000,0.0000,0.0000,0.0000,6.3,nan
99,4.98e-04,1.1001,0.0000,0.0000,0.0000,0.0000,6.3,nan
100,4.97e-04,1.2549,0.0000,0.0000,0.0000,0.0000,10.8,0.4237
101,4.97e-04,1.2593,0.0000,0.0000,0.0000,0.0000,6.2,nan
102,4.97e-04,1.0420,0.0000,0.0000,0.0000,0.0000,6.0,nan
103,4.97e-04,1.3271,0.0000,0.0000,0.0000,0.0000,6.2,nan
104,4.97e-04,1.1149,0.0000,0.0000,0.0000,0.0000,6.1,nan
105,4.97e-04,1.5190,0.0000,0.0000,0.0000,0.0000,6.3,nan
106,4.97e-04,0.8321,0.0000,0.0000,0.0000,0.0000,6.3,nan
107,4.97e-04,1.1135,0.0000,0.0000,0.0000,0.0000,6.5,nan
108,4.97e-04,1.1571,0.0000,0.0000,0.0000,0.0000,6.2,nan
109,4.97e-04,1.2963,0.0000,0.0000,0.0000,0.0000,6.4,nan
110,4.97e-04,1.1460,0.0000,0.0000,0.0000,0.0000,6.4,nan
111,4.97e-04,1.1621,0.0000,0.0000,0.0000,0.0000,6.4,nan
112,4.97e-04,0.9220,0.0000,0.0000,0.0000,0.0000,6.2,nan
113,4.97e-04,1.5284,0.0000,0.0000,0.0000,0.0000,6.2,nan
114,4.97e-04,0.7512,0.0000,0.0000,0.0000,0.0000,6.2,nan
115,4.97e-04,0.9619,0.0000,0.0000,0.0000,0.0000,6.2,nan
116,4.96e-04,1.1490,0.0000,0.0000,0.0000,0.0000,6.3,nan
117,4.96e-04,1.3872,0.0000,0.0000,0.0000,0.0000,6.3,nan
118,4.96e-04,1.0763,0.0000,0.0000,0.0000,0.0000,6.4,nan
119,4.96e-04,0.9132,0.0000,0.0000,0.0000,0.0000,6.5,nan
120,4.96e-04,1.0295,0.0000,0.0000,0.0000,0.0000,10.3,0.4936
121,4.96e-04,0.9166,0.0000,0.0000,0.0000,0.0000,6.5,nan
122,4.96e-04,1.8544,0.0000,0.0000,0.0000,0.0000,6.7,nan
123,4.96e-04,1.4113,0.0000,0.0000,0.0000,0.0000,6.3,nan
124,4.96e-04,0.8333,0.0000,0.0000,0.0000,0.0000,6.3,nan
125,4.96e-04,0.8620,0.0000,0.0000,0.0000,0.0000,6.8,nan
126,4.96e-04,1.1431,0.0000,0.0000,0.0000,0.0000,6.7,nan
127,4.96e-04,1.0280,0.0000,0.0000,0.0000,0.0000,6.4,nan
128,4.96e-04,1.1150,0.0000,0.0000,0.0000,0.0000,6.5,nan
129,4.96e-04,1.0079,0.0000,0.0000,0.0000,0.0000,6.4,nan
130,4.96e-04,1.0748,0.0000,0.0000,0.0000,0.0000,6.2,nan
131,4.95e-04,0.7245,0.0000,0.0000,0.0000,0.0000,6.5,nan
132,4.95e-04,0.9662,0.0000,0.0000,0.0000,0.0000,6.2,nan
133,4.95e-04,1.0709,0.0000,0.0000,0.0000,0.0000,6.9,nan
134,4.95e-04,1.1038,0.0000,0.0000,0.0000,0.0000,6.5,nan
135,4.95e-04,1.3559,0.0000,0.0000,0.0000,0.0000,6.5,nan
136,4.95e-04,1.2418,0.0000,0.0000,0.0000,0.0000,6.5,nan
137,4.95e-04,0.9042,0.0000,0.0000,0.0000,0.0000,7.1,nan
138,4.95e-04,0.8229,0.0000,0.0000,0.0000,0.0000,6.5,nan
139,4.95e-04,1.2193,0.0000,0.0000,0.0000,0.0000,6.7,nan
140,4.95e-04,1.0929,0.0000,0.0000,0.0000,0.0000,10.9,0.5233
141,4.95e-04,1.2158,0.0000,0.0000,0.0000,0.0000,6.5,nan
142,4.95e-04,0.8961,0.0000,0.0000,0.0000,0.0000,6.2,nan
143,4.94e-04,1.0288,0.0000,0.0000,0.0000,0.0000,6.4,nan
144,4.94e-04,0.7831,0.0000,0.0000,0.0000,0.0000,6.4,nan
145,4.94e-04,0.8463,0.0000,0.0000,0.0000,0.0000,6.7,nan
146,4.94e-04,0.9950,0.0000,0.0000,0.0000,0.0000,6.8,nan
147,4.94e-04,0.9461,0.0000,0.0000,0.0000,0.0000,6.5,nan
148,4.94e-04,1.2165,0.0000,0.0000,0.0000,0.0000,6.7,nan
149,4.94e-04,1.1024,0.0000,0.0000,0.0000,0.0000,6.3,nan
150,4.94e-04,1.1376,0.0000,0.0000,0.0000,0.0000,6.2,nan
151,4.94e-04,0.9613,0.0000,0.0000,0.0000,0.0000,6.4,nan
152,4.94e-04,1.1397,0.0000,0.0000,0.0000,0.0000,6.7,nan
153,4.94e-04,1.6994,0.0000,0.0000,0.0000,0.0000,6.5,nan
154,4.94e-04,1.5863,0.0000,0.0000,0.0000,0.0000,6.3,nan
155,4.93e-04,1.0101,0.0000,0.0000,0.0000,0.0000,6.3,nan
156,4.93e-04,0.8072,0.0000,0.0000,0.0000,0.0000,6.5,nan
157,4.93e-04,1.4294,0.0000,0.0000,0.0000,0.0000,6.5,nan
158,4.93e-04,1.0586,0.0000,0.0000,0.0000,0.0000,6.6,nan
159,4.93e-04,1.0669,0.0000,0.0000,0.0000,0.0000,6.4,nan
160,4.93e-04,1.0428,0.0000,0.0000,0.0000,0.0000,10.7,0.4958
161,4.93e-04,1.0760,0.0000,0.0000,0.0000,0.0000,6.7,nan
162,4.93e-04,0.9143,0.0000,0.0000,0.0000,0.0000,6.7,nan
163,4.93e-04,0.8447,0.0000,0.0000,0.0000,0.0000,6.6,nan
164,4.93e-04,0.9680,0.0000,0.0000,0.0000,0.0000,6.5,nan
165,4.93e-04,1.0262,0.0000,0.0000,0.0000,0.0000,6.3,nan
166,4.92e-04,0.8170,0.0000,0.0000,0.0000,0.0000,6.6,nan
167,4.92e-04,1.3660,0.0000,0.0000,0.0000,0.0000,6.5,nan
168,4.92e-04,0.7964,0.0000,0.0000,0.0000,0.0000,6.2,nan
169,4.92e-04,0.8575,0.0000,0.0000,0.0000,0.0000,6.7,nan
170,4.92e-04,1.0679,0.0000,0.0000,0.0000,0.0000,6.8,nan
171,4.92e-04,0.8321,0.0000,0.0000,0.0000,0.0000,6.9,nan
172,4.92e-04,0.9664,0.0000,0.0000,0.0000,0.0000,6.5,nan
173,4.92e-04,0.9810,0.0000,0.0000,0.0000,0.0000,6.1,nan
174,4.92e-04,0.9917,0.0000,0.0000,0.0000,0.0000,6.2,nan
175,4.92e-04,1.2068,0.0000,0.0000,0.0000,0.0000,6.0,nan
176,4.91e-04,0.8406,0.0000,0.0000,0.0000,0.0000,6.8,nan
177,4.91e-04,0.6455,0.0000,0.0000,0.0000,0.0000,6.6,nan
178,4.91e-04,0.9899,0.0000,0.0000,0.0000,0.0000,6.0,nan
179,4.91e-04,1.1284,0.0000,0.0000,0.0000,0.0000,6.9,nan
180,4.91e-04,0.6881,0.0000,0.0000,0.0000,0.0000,10.6,0.4640
181,4.91e-04,1.1860,0.0000,0.0000,0.0000,0.0000,6.0,nan
182,4.91e-04,0.9535,0.0000,0.0000,0.0000,0.0000,7.1,nan
183,4.91e-04,0.8376,0.0000,0.0000,0.0000,0.0000,7.7,nan
184,4.91e-04,0.7555,0.0000,0.0000,0.0000,0.0000,6.9,nan
185,4.91e-04,1.0331,0.0000,0.0000,0.0000,0.0000,7.0,nan
186,4.90e-04,1.0594,0.0000,0.0000,0.0000,0.0000,6.7,nan
187,4.90e-04,1.4082,0.0000,0.0000,0.0000,0.0000,6.1,nan
188,4.90e-04,0.8408,0.0000,0.0000,0.0000,0.0000,6.5,nan
189,4.90e-04,1.9431,0.0000,0.0000,0.0000,0.0000,6.3,nan
190,4.90e-04,1.0665,0.0000,0.0000,0.0000,0.0000,6.3,nan
191,4.90e-04,0.9104,0.0000,0.0000,0.0000,0.0000,6.0,nan
192,4.90e-04,0.9544,0.0000,0.0000,0.0000,0.0000,6.2,nan
193,4.90e-04,0.9107,0.0000,0.0000,0.0000,0.0000,6.0,nan
194,4.90e-04,1.0455,0.0000,0.0000,0.0000,0.0000,6.1,nan
195,4.89e-04,0.8385,0.0000,0.0000,0.0000,0.0000,6.1,nan
196,4.89e-04,0.8059,0.0000,0.0000,0.0000,0.0000,6.1,nan
197,4.89e-04,0.7371,0.0000,0.0000,0.0000,0.0000,6.2,nan
198,4.89e-04,0.9925,0.0000,0.0000,0.0000,0.0000,6.2,nan
199,4.89e-04,1.0404,0.0000,0.0000,0.0000,0.0000,6.3,nan
200,4.89e-04,1.0576,0.0000,0.0000,0.0000,0.0000,10.8,0.5572
201,4.89e-04,0.6816,0.0000,0.0000,0.0000,0.0000,7.0,nan
202,4.89e-04,1.0369,0.0000,0.0000,0.0000,0.0000,6.6,nan
203,4.88e-04,0.9838,0.0000,0.0000,0.0000,0.0000,6.3,nan
204,4.88e-04,0.9266,0.0000,0.0000,0.0000,0.0000,5.9,nan
205,4.88e-04,0.6471,0.0000,0.0000,0.0000,0.0000,6.1,nan
206,4.88e-04,0.9586,0.0000,0.0000,0.0000,0.0000,6.4,nan
207,4.88e-04,0.7920,0.0000,0.0000,0.0000,0.0000,6.4,nan
208,4.88e-04,0.7424,0.0000,0.0000,0.0000,0.0000,7.4,nan
209,4.88e-04,1.2890,0.0000,0.0000,0.0000,0.0000,7.1,nan
210,4.88e-04,1.1193,0.0000,0.0000,0.0000,0.0000,6.0,nan
211,4.88e-04,0.7816,0.0000,0.0000,0.0000,0.0000,6.1,nan
212,4.87e-04,0.9974,0.0000,0.0000,0.0000,0.0000,6.3,nan
213,4.87e-04,0.5866,0.0000,0.0000,0.0000,0.0000,6.2,nan
214,4.87e-04,1.6106,0.0000,0.0000,0.0000,0.0000,6.0,nan
215,4.87e-04,0.6952,0.0000,0.0000,0.0000,0.0000,6.2,nan
216,4.87e-04,0.7198,0.0000,0.0000,0.0000,0.0000,6.7,nan
217,4.87e-04,0.7356,0.0000,0.0000,0.0000,0.0000,7.9,nan
218,4.87e-04,0.5311,0.0000,0.0000,0.0000,0.0000,6.3,nan
219,4.87e-04,0.7902,0.0000,0.0000,0.0000,0.0000,6.4,nan
220,4.86e-04,0.8566,0.0000,0.0000,0.0000,0.0000,10.2,0.5466
221,4.86e-04,0.7964,0.0000,0.0000,0.0000,0.0000,6.2,nan
222,4.86e-04,0.6234,0.0000,0.0000,0.0000,0.0000,6.5,nan
223,4.86e-04,0.7984,0.0000,0.0000,0.0000,0.0000,6.5,nan
224,4.86e-04,1.1716,0.0000,0.0000,0.0000,0.0000,6.4,nan
225,4.86e-04,0.7496,0.0000,0.0000,0.0000,0.0000,6.2,nan
226,4.86e-04,0.6665,0.0000,0.0000,0.0000,0.0000,6.1,nan
227,4.86e-04,0.8965,0.0000,0.0000,0.0000,0.0000,6.2,nan
228,4.85e-04,0.6926,0.0000,0.0000,0.0000,0.0000,6.0,nan
229,4.85e-04,0.5447,0.0000,0.0000,0.0000,0.0000,6.2,nan
230,4.85e-04,1.0598,0.0000,0.0000,0.0000,0.0000,5.9,nan
231,4.85e-04,0.8620,0.0000,0.0000,0.0000,0.0000,6.3,nan
232,4.85e-04,0.7135,0.0000,0.0000,0.0000,0.0000,6.3,nan
233,4.85e-04,0.9397,0.0000,0.0000,0.0000,0.0000,6.1,nan
234,4.85e-04,0.7762,0.0000,0.0000,0.0000,0.0000,6.0,nan
235,4.84e-04,0.9371,0.0000,0.0000,0.0000,0.0000,6.1,nan
236,4.84e-04,0.7427,0.0000,0.0000,0.0000,0.0000,6.0,nan
237,4.84e-04,0.6619,0.0000,0.0000,0.0000,0.0000,6.1,nan
238,4.84e-04,0.5652,0.0000,0.0000,0.0000,0.0000,6.0,nan
239,4.84e-04,0.7928,0.0000,0.0000,0.0000,0.0000,6.5,nan
240,4.84e-04,0.9398,0.0000,0.0000,0.0000,0.0000,10.0,0.5614
241,4.84e-04,0.7806,0.0000,0.0000,0.0000,0.0000,6.0,nan
242,4.83e-04,1.0889,0.0000,0.0000,0.0000,0.0000,6.2,nan
243,4.83e-04,1.4210,0.0000,0.0000,0.0000,0.0000,5.7,nan
244,4.83e-04,1.4166,0.0000,0.0000,0.0000,0.0000,6.0,nan
245,4.83e-04,0.6548,0.0000,0.0000,0.0000,0.0000,6.1,nan
246,4.83e-04,0.8400,0.0000,0.0000,0.0000,0.0000,5.9,nan
247,4.83e-04,1.2587,0.0000,0.0000,0.0000,0.0000,6.1,nan
248,4.83e-04,1.0240,0.0000,0.0000,0.0000,0.0000,5.9,nan
249,4.82e-04,0.7778,0.0000,0.0000,0.0000,0.0000,6.3,nan
250,4.82e-04,0.9834,0.0000,0.0000,0.0000,0.0000,5.9,nan
251,4.82e-04,0.8182,0.0000,0.0000,0.0000,0.0000,6.1,nan
252,4.82e-04,1.1972,0.0000,0.0000,0.0000,0.0000,6.8,nan
253,4.82e-04,1.0853,0.0000,0.0000,0.0000,0.0000,6.3,nan
254,4.82e-04,0.9763,0.0000,0.0000,0.0000,0.0000,5.9,nan
255,4.82e-04,0.7415,0.0000,0.0000,0.0000,0.0000,6.3,nan
256,4.81e-04,0.7752,0.0000,0.0000,0.0000,0.0000,5.9,nan
257,4.81e-04,0.8981,0.0000,0.0000,0.0000,0.0000,6.3,nan
258,4.81e-04,0.8070,0.0000,0.0000,0.0000,0.0000,6.1,nan
259,4.81e-04,0.7331,0.0000,0.0000,0.0000,0.0000,6.1,nan
260,4.81e-04,0.8653,0.0000,0.0000,0.0000,0.0000,9.7,0.5254
261,4.81e-04,1.0503,0.0000,0.0000,0.0000,0.0000,5.9,nan
262,4.81e-04,0.7915,0.0000,0.0000,0.0000,0.0000,5.9,nan
263,4.80e-04,1.0074,0.0000,0.0000,0.0000,0.0000,6.2,nan
264,4.80e-04,0.6317,0.0000,0.0000,0.0000,0.0000,6.2,nan
265,4.80e-04,0.6490,0.0000,0.0000,0.0000,0.0000,6.2,nan
266,4.80e-04,0.7639,0.0000,0.0000,0.0000,0.0000,6.1,nan
267,4.80e-04,0.7665,0.0000,0.0000,0.0000,0.0000,6.4,nan
268,4.80e-04,1.1927,0.0000,0.0000,0.0000,0.0000,6.5,nan
269,4.79e-04,0.8552,0.0000,0.0000,0.0000,0.0000,6.5,nan
270,4.79e-04,1.1753,0.0000,0.0000,0.0000,0.0000,6.0,nan
271,4.79e-04,1.0467,0.0000,0.0000,0.0000,0.0000,6.2,nan
272,4.79e-04,0.6758,0.0000,0.0000,0.0000,0.0000,6.0,nan
273,4.79e-04,0.6055,0.0000,0.0000,0.0000,0.0000,6.1,nan
274,4.79e-04,1.2903,0.0000,0.0000,0.0000,0.0000,6.3,nan
275,4.79e-04,1.0053,0.0000,0.0000,0.0000,0.0000,6.3,nan
276,4.78e-04,0.6721,0.0000,0.0000,0.0000,0.0000,6.8,nan
277,4.78e-04,0.7449,0.0000,0.0000,0.0000,0.0000,6.8,nan
278,4.78e-04,0.7647,0.0000,0.0000,0.0000,0.0000,6.8,nan
279,4.78e-04,1.0069,0.0000,0.0000,0.0000,0.0000,6.4,nan
280,4.78e-04,0.8156,0.0000,0.0000,0.0000,0.0000,10.6,0.4958
281,4.78e-04,0.8082,0.0000,0.0000,0.0000,0.0000,6.2,nan
282,4.77e-04,0.8192,0.0000,0.0000,0.0000,0.0000,6.1,nan
283,4.77e-04,0.7803,0.0000,0.0000,0.0000,0.0000,6.0,nan
284,4.77e-04,0.7138,0.0000,0.0000,0.0000,0.0000,6.3,nan
285,4.77e-04,0.9528,0.0000,0.0000,0.0000,0.0000,6.0,nan
286,4.77e-04,0.9016,0.0000,0.0000,0.0000,0.0000,6.2,nan
287,4.77e-04,0.7258,0.0000,0.0000,0.0000,0.0000,6.0,nan
288,4.76e-04,0.5232,0.0000,0.0000,0.0000,0.0000,6.0,nan
289,4.76e-04,0.7248,0.0000,0.0000,0.0000,0.0000,6.0,nan
290,4.76e-04,0.7965,0.0000,0.0000,0.0000,0.0000,6.1,nan
291,4.76e-04,1.3182,0.0000,0.0000,0.0000,0.0000,6.6,nan
292,4.76e-04,1.0483,0.0000,0.0000,0.0000,0.0000,6.6,nan
293,4.76e-04,1.2949,0.0000,0.0000,0.0000,0.0000,6.3,nan
294,4.75e-04,0.8077,0.0000,0.0000,0.0000,0.0000,6.6,nan
295,4.75e-04,0.8186,0.0000,0.0000,0.0000,0.0000,6.0,nan
296,4.75e-04,0.7390,0.0000,0.0000,0.0000,0.0000,6.0,nan
297,4.75e-04,0.9005,0.0000,0.0000,0.0000,0.0000,6.4,nan
298,4.75e-04,0.9864,0.0000,0.0000,0.0000,0.0000,6.2,nan
299,4.75e-04,1.0499,0.0000,0.0000,0.0000,0.0000,6.3,nan
300,4.74e-04,0.9985,0.0000,0.0000,0.0000,0.0000,10.0,0.5911
301,4.74e-04,0.7703,0.0000,0.0000,0.0000,0.0000,6.1,nan
302,4.74e-04,0.9446,0.0000,0.0000,0.0000,0.0000,6.7,nan
303,4.74e-04,0.9470,0.0000,0.0000,0.0000,0.0000,6.1,nan
304,4.74e-04,0.7505,0.0000,0.0000,0.0000,0.0000,6.7,nan
305,4.73e-04,0.7275,0.0000,0.0000,0.0000,0.0000,6.2,nan
306,4.73e-04,0.7590,0.0000,0.0000,0.0000,0.0000,7.0,nan
307,4.73e-04,0.7494,0.0000,0.0000,0.0000,0.0000,6.8,nan
308,4.73e-04,0.9069,0.0000,0.0000,0.0000,0.0000,6.3,nan
309,4.73e-04,0.5619,0.0000,0.0000,0.0000,0.0000,6.6,nan
310,4.73e-04,0.8676,0.0000,0.0000,0.0000,0.0000,6.6,nan
311,4.72e-04,0.9780,0.0000,0.0000,0.0000,0.0000,6.3,nan
312,4.72e-04,0.6885,0.0000,0.0000,0.0000,0.0000,6.3,nan
313,4.72e-04,0.9105,0.0000,0.0000,0.0000,0.0000,6.4,nan
314,4.72e-04,0.8096,0.0000,0.0000,0.0000,0.0000,6.3,nan
315,4.72e-04,1.1402,0.0000,0.0000,0.0000,0.0000,6.2,nan
316,4.72e-04,1.1614,0.0000,0.0000,0.0000,0.0000,6.2,nan
317,4.71e-04,1.0985,0.0000,0.0000,0.0000,0.0000,6.6,nan
318,4.71e-04,0.5969,0.0000,0.0000,0.0000,0.0000,6.2,nan
319,4.71e-04,1.0131,0.0000,0.0000,0.0000,0.0000,6.5,nan
320,4.71e-04,0.7250,0.0000,0.0000,0.0000,0.0000,10.5,0.5678
321,4.71e-04,1.3067,0.0000,0.0000,0.0000,0.0000,6.0,nan
322,4.70e-04,0.8490,0.0000,0.0000,0.0000,0.0000,6.2,nan
323,4.70e-04,0.6189,0.0000,0.0000,0.0000,0.0000,6.1,nan
324,4.70e-04,0.8433,0.0000,0.0000,0.0000,0.0000,5.7,nan
325,4.70e-04,0.6876,0.0000,0.0000,0.0000,0.0000,6.5,nan
326,4.70e-04,1.1298,0.0000,0.0000,0.0000,0.0000,6.4,nan
327,4.69e-04,0.6382,0.0000,0.0000,0.0000,0.0000,6.4,nan
328,4.69e-04,0.8771,0.0000,0.0000,0.0000,0.0000,6.6,nan
329,4.69e-04,0.9116,0.0000,0.0000,0.0000,0.0000,6.9,nan
330,4.69e-04,0.5476,0.0000,0.0000,0.0000,0.0000,6.6,nan
331,4.69e-04,0.8593,0.0000,0.0000,0.0000,0.0000,6.6,nan
332,4.69e-04,0.9959,0.0000,0.0000,0.0000,0.0000,6.8,nan
333,4.68e-04,0.8061,0.0000,0.0000,0.0000,0.0000,7.1,nan
334,4.68e-04,0.7221,0.0000,0.0000,0.0000,0.0000,6.8,nan
335,4.68e-04,0.8049,0.0000,0.0000,0.0000,0.0000,6.5,nan
336,4.68e-04,1.1753,0.0000,0.0000,0.0000,0.0000,6.1,nan
337,4.68e-04,0.7433,0.0000,0.0000,0.0000,0.0000,6.2,nan
338,4.67e-04,1.2303,0.0000,0.0000,0.0000,0.0000,6.3,nan
339,4.67e-04,0.6869,0.0000,0.0000,0.0000,0.0000,6.3,nan
340,4.67e-04,0.6081,0.0000,0.0000,0.0000,0.0000,9.7,0.5932
341,4.67e-04,1.2187,0.0000,0.0000,0.0000,0.0000,6.1,nan
342,4.67e-04,1.0260,0.0000,0.0000,0.0000,0.0000,6.2,nan
343,4.66e-04,0.5333,0.0000,0.0000,0.0000,0.0000,6.4,nan
344,4.66e-04,0.5154,0.0000,0.0000,0.0000,0.0000,5.9,nan
345,4.66e-04,0.7165,0.0000,0.0000,0.0000,0.0000,6.6,nan
346,4.66e-04,1.0291,0.0000,0.0000,0.0000,0.0000,6.0,nan
347,4.66e-04,0.7134,0.0000,0.0000,0.0000,0.0000,6.2,nan
348,4.65e-04,0.7971,0.0000,0.0000,0.0000,0.0000,6.8,nan
349,4.65e-04,0.6694,0.0000,0.0000,0.0000,0.0000,6.2,nan
350,4.65e-04,0.7898,0.0000,0.0000,0.0000,0.0000,6.1,nan
351,4.65e-04,0.9663,0.0000,0.0000,0.0000,0.0000,6.2,nan
352,4.65e-04,0.6472,0.0000,0.0000,0.0000,0.0000,6.2,nan
353,4.64e-04,0.6511,0.0000,0.0000,0.0000,0.0000,6.2,nan
354,4.64e-04,0.8903,0.0000,0.0000,0.0000,0.0000,6.5,nan
355,4.64e-04,0.7062,0.0000,0.0000,0.0000,0.0000,6.6,nan
356,4.64e-04,0.8423,0.0000,0.0000,0.0000,0.0000,6.1,nan
357,4.64e-04,0.9879,0.0000,0.0000,0.0000,0.0000,6.2,nan
358,4.63e-04,0.6224,0.0000,0.0000,0.0000,0.0000,6.3,nan
359,4.63e-04,0.6590,0.0000,0.0000,0.0000,0.0000,6.3,nan
360,4.63e-04,0.8809,0.0000,0.0000,0.0000,0.0000,10.1,0.5233
361,4.63e-04,1.3064,0.0000,0.0000,0.0000,0.0000,6.3,nan
362,4.63e-04,0.6879,0.0000,0.0000,0.0000,0.0000,6.5,nan
363,4.62e-04,0.8710,0.0000,0.0000,0.0000,0.0000,6.4,nan
364,4.62e-04,0.9082,0.0000,0.0000,0.0000,0.0000,6.1,nan
365,4.62e-04,0.9433,0.0000,0.0000,0.0000,0.0000,6.3,nan
366,4.62e-04,0.7541,0.0000,0.0000,0.0000,0.0000,6.5,nan
367,4.62e-04,0.8061,0.0000,0.0000,0.0000,0.0000,6.1,nan
368,4.61e-04,0.9912,0.0000,0.0000,0.0000,0.0000,6.2,nan
369,4.61e-04,0.7257,0.0000,0.0000,0.0000,0.0000,6.4,nan
370,4.61e-04,0.5116,0.0000,0.0000,0.0000,0.0000,6.9,nan
371,4.61e-04,0.7552,0.0000,0.0000,0.0000,0.0000,6.2,nan
372,4.60e-04,0.6521,0.0000,0.0000,0.0000,0.0000,6.4,nan
373,4.60e-04,0.6747,0.0000,0.0000,0.0000,0.0000,6.0,nan
374,4.60e-04,1.0627,0.0000,0.0000,0.0000,0.0000,6.2,nan
375,4.60e-04,1.2226,0.0000,0.0000,0.0000,0.0000,6.1,nan
376,4.60e-04,0.7423,0.0000,0.0000,0.0000,0.0000,5.9,nan
377,4.59e-04,0.8403,0.0000,0.0000,0.0000,0.0000,6.1,nan
378,4.59e-04,0.7044,0.0000,0.0000,0.0000,0.0000,5.7,nan
379,4.59e-04,0.8299,0.0000,0.0000,0.0000,0.0000,6.5,nan
380,4.59e-04,0.6578,0.0000,0.0000,0.0000,0.0000,10.6,0.6081
381,4.59e-04,1.1485,0.0000,0.0000,0.0000,0.0000,6.9,nan
382,4.58e-04,1.0211,0.0000,0.0000,0.0000,0.0000,6.8,nan
383,4.58e-04,0.7130,0.0000,0.0000,0.0000,0.0000,6.9,nan
384,4.58e-04,0.7750,0.0000,0.0000,0.0000,0.0000,7.1,nan
385,4.58e-04,0.7356,0.0000,0.0000,0.0000,0.0000,6.2,nan
386,4.57e-04,0.8917,0.0000,0.0000,0.0000,0.0000,6.0,nan
387,4.57e-04,0.9845,0.0000,0.0000,0.0000,0.0000,6.4,nan
388,4.57e-04,0.6185,0.0000,0.0000,0.0000,0.0000,6.2,nan
389,4.57e-04,0.6088,0.0000,0.0000,0.0000,0.0000,6.3,nan
390,4.57e-04,0.7567,0.0000,0.0000,0.0000,0.0000,6.1,nan
391,4.56e-04,0.7043,0.0000,0.0000,0.0000,0.0000,6.3,nan
392,4.56e-04,0.6305,0.0000,0.0000,0.0000,0.0000,6.2,nan
393,4.56e-04,0.9866,0.0000,0.0000,0.0000,0.0000,6.2,nan
394,4.56e-04,0.6985,0.0000,0.0000,0.0000,0.0000,6.1,nan
395,4.55e-04,0.7456,0.0000,0.0000,0.0000,0.0000,5.7,nan
396,4.55e-04,0.8149,0.0000,0.0000,0.0000,0.0000,6.2,nan
397,4.55e-04,0.9100,0.0000,0.0000,0.0000,0.0000,5.9,nan
398,4.55e-04,0.5220,0.0000,0.0000,0.0000,0.0000,6.0,nan
399,4.55e-04,0.8289,0.0000,0.0000,0.0000,0.0000,5.8,nan
400,4.54e-04,0.8054,0.0000,0.0000,0.0000,0.0000,9.9,0.5466
401,4.54e-04,0.7706,0.0000,0.0000,0.0000,0.0000,6.1,nan
402,4.54e-04,0.7727,0.0000,0.0000,0.0000,0.0000,5.6,nan
403,4.54e-04,0.7505,0.0000,0.0000,0.0000,0.0000,5.9,nan
404,4.53e-04,0.5956,0.0000,0.0000,0.0000,0.0000,6.1,nan
405,4.53e-04,0.5359,0.0000,0.0000,0.0000,0.0000,6.2,nan
406,4.53e-04,0.6309,0.0000,0.0000,0.0000,0.0000,6.1,nan
407,4.53e-04,0.8700,0.0000,0.0000,0.0000,0.0000,6.1,nan
408,4.53e-04,1.1364,0.0000,0.0000,0.0000,0.0000,6.1,nan
409,4.52e-04,0.4943,0.0000,0.0000,0.0000,0.0000,6.2,nan
410,4.52e-04,0.8250,0.0000,0.0000,0.0000,0.0000,6.1,nan
411,4.52e-04,0.5518,0.0000,0.0000,0.0000,0.0000,6.0,nan
412,4.52e-04,0.6902,0.0000,0.0000,0.0000,0.0000,6.0,nan
413,4.51e-04,0.6046,0.0000,0.0000,0.0000,0.0000,6.2,nan
414,4.51e-04,0.7624,0.0000,0.0000,0.0000,0.0000,6.0,nan
415,4.51e-04,0.7939,0.0000,0.0000,0.0000,0.0000,5.9,nan
416,4.51e-04,0.9857,0.0000,0.0000,0.0000,0.0000,6.2,nan
417,4.50e-04,0.6457,0.0000,0.0000,0.0000,0.0000,6.0,nan
418,4.50e-04,1.2251,0.0000,0.0000,0.0000,0.0000,6.1,nan
419,4.50e-04,0.6823,0.0000,0.0000,0.0000,0.0000,5.8,nan
420,4.50e-04,0.8284,0.0000,0.0000,0.0000,0.0000,9.9,0.5911
421,4.49e-04,0.7044,0.0000,0.0000,0.0000,0.0000,5.9,nan
422,4.49e-04,0.5655,0.0000,0.0000,0.0000,0.0000,6.0,nan
423,4.49e-04,0.6394,0.0000,0.0000,0.0000,0.0000,6.1,nan
424,4.49e-04,0.5693,0.0000,0.0000,0.0000,0.0000,6.1,nan
425,4.49e-04,1.0041,0.0000,0.0000,0.0000,0.0000,5.8,nan
426,4.48e-04,0.6095,0.0000,0.0000,0.0000,0.0000,6.0,nan
427,4.48e-04,0.6269,0.0000,0.0000,0.0000,0.0000,6.1,nan
428,4.48e-04,0.9113,0.0000,0.0000,0.0000,0.0000,6.1,nan
429,4.48e-04,0.7882,0.0000,0.0000,0.0000,0.0000,6.2,nan
430,4.47e-04,0.6114,0.0000,0.0000,0.0000,0.0000,6.2,nan
431,4.47e-04,0.9539,0.0000,0.0000,0.0000,0.0000,6.1,nan
432,4.47e-04,0.7203,0.0000,0.0000,0.0000,0.0000,6.3,nan
433,4.47e-04,0.7278,0.0000,0.0000,0.0000,0.0000,5.9,nan
434,4.46e-04,0.7630,0.0000,0.0000,0.0000,0.0000,5.9,nan
435,4.46e-04,0.9100,0.0000,0.0000,0.0000,0.0000,6.0,nan
436,4.46e-04,0.7256,0.0000,0.0000,0.0000,0.0000,6.3,nan
437,4.46e-04,1.3912,0.0000,0.0000,0.0000,0.0000,5.9,nan
438,4.45e-04,0.6289,0.0000,0.0000,0.0000,0.0000,5.9,nan
439,4.45e-04,0.8408,0.0000,0.0000,0.0000,0.0000,6.2,nan
440,4.45e-04,0.8164,0.0000,0.0000,0.0000,0.0000,9.5,0.6462
441,4.45e-04,1.1000,0.0000,0.0000,0.0000,0.0000,6.2,nan
442,4.44e-04,1.0442,0.0000,0.0000,0.0000,0.0000,6.2,nan
443,4.44e-04,0.6528,0.0000,0.0000,0.0000,0.0000,5.9,nan
444,4.44e-04,0.8027,0.0000,0.0000,0.0000,0.0000,6.0,nan
445,4.44e-04,1.0573,0.0000,0.0000,0.0000,0.0000,6.2,nan
446,4.43e-04,0.9449,0.0000,0.0000,0.0000,0.0000,6.0,nan
447,4.43e-04,0.7945,0.0000,0.0000,0.0000,0.0000,5.8,nan
448,4.43e-04,0.9119,0.0000,0.0000,0.0000,0.0000,5.7,nan
449,4.43e-04,0.7565,0.0000,0.0000,0.0000,0.0000,6.0,nan
450,4.42e-04,0.3815,0.0000,0.0000,0.0000,0.0000,5.8,nan
451,4.42e-04,0.6462,0.0000,0.0000,0.0000,0.0000,6.0,nan
452,4.42e-04,0.5905,0.0000,0.0000,0.0000,0.0000,6.0,nan
453,4.42e-04,0.9618,0.0000,0.0000,0.0000,0.0000,6.1,nan
454,4.41e-04,0.6893,0.0000,0.0000,0.0000,0.0000,5.9,nan
455,4.41e-04,0.7101,0.0000,0.0000,0.0000,0.0000,6.3,nan
456,4.41e-04,0.6922,0.0000,0.0000,0.0000,0.0000,6.0,nan
457,4.41e-04,0.4031,0.0000,0.0000,0.0000,0.0000,6.0,nan
458,4.40e-04,0.7323,0.0000,0.0000,0.0000,0.0000,5.9,nan
459,4.40e-04,0.9018,0.0000,0.0000,0.0000,0.0000,7.4,nan
460,4.40e-04,0.9844,0.0000,0.0000,0.0000,0.0000,10.7,0.6038
461,4.40e-04,0.5314,0.0000,0.0000,0.0000,0.0000,6.0,nan
462,4.39e-04,0.8344,0.0000,0.0000,0.0000,0.0000,5.9,nan
463,4.39e-04,0.7920,0.0000,0.0000,0.0000,0.0000,6.0,nan
464,4.39e-04,0.9792,0.0000,0.0000,0.0000,0.0000,6.2,nan
465,4.39e-04,0.7622,0.0000,0.0000,0.0000,0.0000,6.8,nan
466,4.38e-04,0.5703,0.0000,0.0000,0.0000,0.0000,6.6,nan
467,4.38e-04,0.5492,0.0000,0.0000,0.0000,0.0000,7.2,nan
468,4.38e-04,0.9872,0.0000,0.0000,0.0000,0.0000,6.9,nan
469,4.38e-04,1.0808,0.0000,0.0000,0.0000,0.0000,7.1,nan
470,4.37e-04,0.9977,0.0000,0.0000,0.0000,0.0000,6.0,nan
471,4.37e-04,0.6840,0.0000,0.0000,0.0000,0.0000,6.3,nan
472,4.37e-04,0.9368,0.0000,0.0000,0.0000,0.0000,6.2,nan
473,4.37e-04,0.7961,0.0000,0.0000,0.0000,0.0000,6.3,nan
474,4.36e-04,0.4757,0.0000,0.0000,0.0000,0.0000,6.2,nan
475,4.36e-04,0.8732,0.0000,0.0000,0.0000,0.0000,6.4,nan
476,4.36e-04,0.5410,0.0000,0.0000,0.0000,0.0000,6.3,nan
477,4.35e-04,0.9747,0.0000,0.0000,0.0000,0.0000,6.1,nan
478,4.35e-04,0.7329,0.0000,0.0000,0.0000,0.0000,6.5,nan
479,4.35e-04,0.5373,0.0000,0.0000,0.0000,0.0000,6.9,nan
480,4.35e-04,0.8086,0.0000,0.0000,0.0000,0.0000,10.9,0.5403
481,4.34e-04,0.5036,0.0000,0.0000,0.0000,0.0000,6.2,nan
482,4.34e-04,0.9741,0.0000,0.0000,0.0000,0.0000,6.4,nan
483,4.34e-04,0.9421,0.0000,0.0000,0.0000,0.0000,6.8,nan
484,4.34e-04,0.9372,0.0000,0.0000,0.0000,0.0000,6.6,nan
485,4.33e-04,0.9968,0.0000,0.0000,0.0000,0.0000,6.6,nan
486,4.33e-04,0.6419,0.0000,0.0000,0.0000,0.0000,6.5,nan
487,4.33e-04,1.3290,0.0000,0.0000,0.0000,0.0000,6.2,nan
488,4.33e-04,1.2086,0.0000,0.0000,0.0000,0.0000,6.5,nan
489,4.32e-04,0.7423,0.0000,0.0000,0.0000,0.0000,6.5,nan
490,4.32e-04,0.6441,0.0000,0.0000,0.0000,0.0000,6.1,nan
491,4.32e-04,0.7260,0.0000,0.0000,0.0000,0.0000,6.2,nan
492,4.32e-04,0.4966,0.0000,0.0000,0.0000,0.0000,6.5,nan
493,4.31e-04,0.6726,0.0000,0.0000,0.0000,0.0000,7.0,nan
494,4.31e-04,0.8588,0.0000,0.0000,0.0000,0.0000,6.4,nan
495,4.31e-04,1.0166,0.0000,0.0000,0.0000,0.0000,6.4,nan
496,4.30e-04,1.4159,0.0000,0.0000,0.0000,0.0000,5.8,nan
497,4.30e-04,0.6232,0.0000,0.0000,0.0000,0.0000,6.0,nan
498,4.30e-04,0.8883,0.0000,0.0000,0.0000,0.0000,5.6,nan
499,4.30e-04,0.8356,0.0000,0.0000,0.0000,0.0000,6.5,nan
500,4.29e-04,0.9032,0.0000,0.0000,0.0000,0.0000,10.6,0.6356
501,4.29e-04,0.8921,0.0000,0.0000,0.0000,0.0000,6.2,nan
502,4.29e-04,0.8818,0.0000,0.0000,0.0000,0.0000,6.9,nan
503,4.29e-04,0.9103,0.0000,0.0000,0.0000,0.0000,6.9,nan
504,4.28e-04,1.0939,0.0000,0.0000,0.0000,0.0000,6.3,nan
505,4.28e-04,0.8923,0.0000,0.0000,0.0000,0.0000,6.1,nan
506,4.28e-04,0.9890,0.0000,0.0000,0.0000,0.0000,6.3,nan
507,4.27e-04,0.6147,0.0000,0.0000,0.0000,0.0000,6.3,nan
508,4.27e-04,0.8001,0.0000,0.0000,0.0000,0.0000,6.2,nan
509,4.27e-04,1.0506,0.0000,0.0000,0.0000,0.0000,6.3,nan
510,4.27e-04,0.7660,0.0000,0.0000,0.0000,0.0000,7.0,nan
511,4.26e-04,1.0331,0.0000,0.0000,0.0000,0.0000,7.4,nan
512,4.26e-04,0.6682,0.0000,0.0000,0.0000,0.0000,6.4,nan
513,4.26e-04,0.7980,0.0000,0.0000,0.0000,0.0000,6.3,nan
514,4.25e-04,0.9482,0.0000,0.0000,0.0000,0.0000,6.1,nan
515,4.25e-04,0.7869,0.0000,0.0000,0.0000,0.0000,6.1,nan
516,4.25e-04,0.9482,0.0000,0.0000,0.0000,0.0000,6.2,nan
517,4.25e-04,0.7267,0.0000,0.0000,0.0000,0.0000,6.1,nan
518,4.24e-04,0.6047,0.0000,0.0000,0.0000,0.0000,5.9,nan
519,4.24e-04,0.8665,0.0000,0.0000,0.0000,0.0000,6.3,nan
520,4.24e-04,1.0471,0.0000,0.0000,0.0000,0.0000,10.5,0.5657
521,4.23e-04,0.7377,0.0000,0.0000,0.0000,0.0000,7.2,nan
522,4.23e-04,0.3486,0.0000,0.0000,0.0000,0.0000,5.8,nan
523,4.23e-04,1.0841,0.0000,0.0000,0.0000,0.0000,5.9,nan
524,4.23e-04,0.7022,0.0000,0.0000,0.0000,0.0000,6.1,nan
525,4.22e-04,1.0532,0.0000,0.0000,0.0000,0.0000,6.0,nan
526,4.22e-04,0.7124,0.0000,0.0000,0.0000,0.0000,6.0,nan
527,4.22e-04,0.8269,0.0000,0.0000,0.0000,0.0000,5.9,nan
528,4.22e-04,0.6756,0.0000,0.0000,0.0000,0.0000,5.8,nan
529,4.21e-04,1.0128,0.0000,0.0000,0.0000,0.0000,5.8,nan
530,4.21e-04,0.8832,0.0000,0.0000,0.0000,0.0000,5.8,nan
531,4.21e-04,0.6571,0.0000,0.0000,0.0000,0.0000,6.0,nan
532,4.20e-04,0.9542,0.0000,0.0000,0.0000,0.0000,6.1,nan
533,4.20e-04,0.5074,0.0000,0.0000,0.0000,0.0000,6.1,nan
534,4.20e-04,0.9227,0.0000,0.0000,0.0000,0.0000,6.1,nan
535,4.19e-04,0.8769,0.0000,0.0000,0.0000,0.0000,6.1,nan
536,4.19e-04,0.9148,0.0000,0.0000,0.0000,0.0000,5.8,nan
537,4.19e-04,0.6179,0.0000,0.0000,0.0000,0.0000,6.1,nan
538,4.19e-04,0.4910,0.0000,0.0000,0.0000,0.0000,6.1,nan
539,4.18e-04,0.9548,0.0000,0.0000,0.0000,0.0000,6.7,nan
540,4.18e-04,0.4904,0.0000,0.0000,0.0000,0.0000,10.7,0.6250
541,4.18e-04,0.7286,0.0000,0.0000,0.0000,0.0000,6.0,nan
542,4.17e-04,0.9620,0.0000,0.0000,0.0000,0.0000,6.3,nan
543,4.17e-04,0.4703,0.0000,0.0000,0.0000,0.0000,6.6,nan
544,4.17e-04,0.7677,0.0000,0.0000,0.0000,0.0000,6.8,nan
545,4.17e-04,0.5893,0.0000,0.0000,0.0000,0.0000,6.7,nan
546,4.16e-04,0.7865,0.0000,0.0000,0.0000,0.0000,6.4,nan
547,4.16e-04,0.7141,0.0000,0.0000,0.0000,0.0000,6.3,nan
548,4.16e-04,0.9644,0.0000,0.0000,0.0000,0.0000,5.9,nan
549,4.15e-04,0.6891,0.0000,0.0000,0.0000,0.0000,6.0,nan
550,4.15e-04,0.5330,0.0000,0.0000,0.0000,0.0000,6.1,nan
551,4.15e-04,0.7416,0.0000,0.0000,0.0000,0.0000,6.3,nan
552,4.15e-04,0.6594,0.0000,0.0000,0.0000,0.0000,6.0,nan
553,4.14e-04,0.8355,0.0000,0.0000,0.0000,0.0000,6.5,nan
554,4.14e-04,0.9330,0.0000,0.0000,0.0000,0.0000,6.0,nan
555,4.14e-04,0.8777,0.0000,0.0000,0.0000,0.0000,6.4,nan
556,4.13e-04,0.4817,0.0000,0.0000,0.0000,0.0000,6.2,nan
557,4.13e-04,0.8685,0.0000,0.0000,0.0000,0.0000,6.1,nan
558,4.13e-04,0.6287,0.0000,0.0000,0.0000,0.0000,6.0,nan
559,4.12e-04,0.9077,0.0000,0.0000,0.0000,0.0000,6.5,nan
560,4.12e-04,0.6738,0.0000,0.0000,0.0000,0.0000,10.7,0.5953
561,4.12e-04,0.8751,0.0000,0.0000,0.0000,0.0000,5.7,nan
562,4.12e-04,0.9444,0.0000,0.0000,0.0000,0.0000,5.4,nan
563,4.11e-04,1.1428,0.0000,0.0000,0.0000,0.0000,5.7,nan
564,4.11e-04,0.6106,0.0000,0.0000,0.0000,0.0000,5.8,nan
565,4.11e-04,0.9538,0.0000,0.0000,0.0000,0.0000,5.8,nan
566,4.10e-04,0.7622,0.0000,0.0000,0.0000,0.0000,5.6,nan
567,4.10e-04,0.5920,0.0000,0.0000,0.0000,0.0000,5.6,nan
568,4.10e-04,1.0874,0.0000,0.0000,0.0000,0.0000,5.9,nan
569,4.09e-04,0.7193,0.0000,0.0000,0.0000,0.0000,5.6,nan
570,4.09e-04,0.5196,0.0000,0.0000,0.0000,0.0000,5.8,nan
571,4.09e-04,0.3535,0.0000,0.0000,0.0000,0.0000,6.0,nan
572,4.09e-04,0.5851,0.0000,0.0000,0.0000,0.0000,5.9,nan
573,4.08e-04,0.8810,0.0000,0.0000,0.0000,0.0000,6.1,nan
574,4.08e-04,0.8786,0.0000,0.0000,0.0000,0.0000,6.1,nan
575,4.08e-04,0.9330,0.0000,0.0000,0.0000,0.0000,5.8,nan
576,4.07e-04,0.4096,0.0000,0.0000,0.0000,0.0000,5.7,nan
577,4.07e-04,0.8680,0.0000,0.0000,0.0000,0.0000,5.8,nan
578,4.07e-04,0.8501,0.0000,0.0000,0.0000,0.0000,6.0,nan
579,4.06e-04,0.9810,0.0000,0.0000,0.0000,0.0000,5.9,nan
580,4.06e-04,0.8054,0.0000,0.0000,0.0000,0.0000,9.7,0.6165
581,4.06e-04,0.9380,0.0000,0.0000,0.0000,0.0000,6.3,nan
582,4.05e-04,0.9479,0.0000,0.0000,0.0000,0.0000,6.0,nan
583,4.05e-04,1.0280,0.0000,0.0000,0.0000,0.0000,6.4,nan
584,4.05e-04,0.9644,0.0000,0.0000,0.0000,0.0000,6.4,nan
585,4.05e-04,0.7257,0.0000,0.0000,0.0000,0.0000,6.2,nan
586,4.04e-04,0.6740,0.0000,0.0000,0.0000,0.0000,6.3,nan
587,4.04e-04,0.7230,0.0000,0.0000,0.0000,0.0000,6.5,nan
588,4.04e-04,0.6151,0.0000,0.0000,0.0000,0.0000,6.5,nan
589,4.03e-04,0.6711,0.0000,0.0000,0.0000,0.0000,6.5,nan
590,4.03e-04,1.5794,0.0000,0.0000,0.0000,0.0000,6.7,nan
591,4.03e-04,0.6486,0.0000,0.0000,0.0000,0.0000,5.7,nan
592,4.02e-04,0.8810,0.0000,0.0000,0.0000,0.0000,5.4,nan
593,4.02e-04,0.8172,0.0000,0.0000,0.0000,0.0000,5.6,nan
594,4.02e-04,0.7931,0.0000,0.0000,0.0000,0.0000,5.3,nan
595,4.01e-04,0.6570,0.0000,0.0000,0.0000,0.0000,5.9,nan
596,4.01e-04,0.7049,0.0000,0.0000,0.0000,0.0000,5.3,nan
597,4.01e-04,0.9046,0.0000,0.0000,0.0000,0.0000,5.0,nan
598,4.01e-04,0.7880,0.0000,0.0000,0.0000,0.0000,5.0,nan
599,4.00e-04,0.6970,0.0000,0.0000,0.0000,0.0000,5.2,nan
600,4.00e-04,0.6322,0.0000,0.0000,0.0000,0.0000,8.4,0.6059
601,4.00e-04,0.5465,0.0000,0.0000,0.0000,0.0000,5.2,nan
602,3.99e-04,0.7202,0.0000,0.0000,0.0000,0.0000,4.9,nan
603,3.99e-04,1.0145,0.0000,0.0000,0.0000,0.0000,5.2,nan
604,3.99e-04,1.0151,0.0000,0.0000,0.0000,0.0000,5.0,nan
605,3.98e-04,0.5724,0.0000,0.0000,0.0000,0.0000,5.1,nan
606,3.98e-04,0.5812,0.0000,0.0000,0.0000,0.0000,5.1,nan
607,3.98e-04,0.6920,0.0000,0.0000,0.0000,0.0000,5.0,nan
608,3.97e-04,0.9488,0.0000,0.0000,0.0000,0.0000,5.0,nan
609,3.97e-04,0.5973,0.0000,0.0000,0.0000,0.0000,5.2,nan
610,3.97e-04,1.1297,0.0000,0.0000,0.0000,0.0000,5.3,nan
611,3.96e-04,0.8022,0.0000,0.0000,0.0000,0.0000,5.4,nan
612,3.96e-04,0.7718,0.0000,0.0000,0.0000,0.0000,5.3,nan
613,3.96e-04,0.9307,0.0000,0.0000,0.0000,0.0000,5.2,nan
614,3.95e-04,0.6311,0.0000,0.0000,0.0000,0.0000,5.1,nan
615,3.95e-04,0.7439,0.0000,0.0000,0.0000,0.0000,5.2,nan
616,3.95e-04,0.7303,0.0000,0.0000,0.0000,0.0000,5.2,nan
617,3.95e-04,0.8563,0.0000,0.0000,0.0000,0.0000,5.1,nan
618,3.94e-04,0.8960,0.0000,0.0000,0.0000,0.0000,5.4,nan
619,3.94e-04,0.6287,0.0000,0.0000,0.0000,0.0000,5.1,nan
620,3.94e-04,0.7328,0.0000,0.0000,0.0000,0.0000,8.6,0.5763
621,3.93e-04,1.2205,0.0000,0.0000,0.0000,0.0000,5.2,nan
622,3.93e-04,0.7981,0.0000,0.0000,0.0000,0.0000,5.3,nan
623,3.93e-04,0.8368,0.0000,0.0000,0.0000,0.0000,5.1,nan
624,3.92e-04,0.8297,0.0000,0.0000,0.0000,0.0000,5.0,nan
625,3.92e-04,0.8286,0.0000,0.0000,0.0000,0.0000,5.2,nan
626,3.92e-04,0.6634,0.0000,0.0000,0.0000,0.0000,5.1,nan
627,3.91e-04,0.7402,0.0000,0.0000,0.0000,0.0000,5.1,nan
628,3.91e-04,0.8360,0.0000,0.0000,0.0000,0.0000,5.1,nan
629,3.91e-04,0.7230,0.0000,0.0000,0.0000,0.0000,5.1,nan
630,3.90e-04,0.9347,0.0000,0.0000,0.0000,0.0000,5.1,nan
631,3.90e-04,0.6438,0.0000,0.0000,0.0000,0.0000,4.8,nan
632,3.90e-04,0.8070,0.0000,0.0000,0.0000,0.0000,5.4,nan
633,3.89e-04,0.7197,0.0000,0.0000,0.0000,0.0000,5.3,nan
634,3.89e-04,1.1151,0.0000,0.0000,0.0000,0.0000,5.1,nan
635,3.89e-04,0.5767,0.0000,0.0000,0.0000,0.0000,5.2,nan
636,3.88e-04,0.6938,0.0000,0.0000,0.0000,0.0000,5.0,nan
637,3.88e-04,0.7969,0.0000,0.0000,0.0000,0.0000,5.2,nan
638,3.88e-04,1.2008,0.0000,0.0000,0.0000,0.0000,5.3,nan
639,3.87e-04,0.8934,0.0000,0.0000,0.0000,0.0000,5.0,nan
640,3.87e-04,0.7777,0.0000,0.0000,0.0000,0.0000,8.8,0.6059
641,3.87e-04,0.7251,0.0000,0.0000,0.0000,0.0000,5.3,nan
642,3.86e-04,0.7623,0.0000,0.0000,0.0000,0.0000,5.7,nan
643,3.86e-04,0.5247,0.0000,0.0000,0.0000,0.0000,5.3,nan
644,3.86e-04,0.9069,0.0000,0.0000,0.0000,0.0000,5.4,nan
645,3.85e-04,1.0291,0.0000,0.0000,0.0000,0.0000,5.6,nan
646,3.85e-04,0.8809,0.0000,0.0000,0.0000,0.0000,5.6,nan
647,3.85e-04,0.5561,0.0000,0.0000,0.0000,0.0000,5.3,nan
648,3.84e-04,0.7288,0.0000,0.0000,0.0000,0.0000,5.5,nan
649,3.84e-04,0.8894,0.0000,0.0000,0.0000,0.0000,5.1,nan
650,3.84e-04,1.0609,0.0000,0.0000,0.0000,0.0000,4.9,nan
651,3.83e-04,0.9370,0.0000,0.0000,0.0000,0.0000,5.0,nan
652,3.83e-04,0.6794,0.0000,0.0000,0.0000,0.0000,5.0,nan
653,3.83e-04,0.6692,0.0000,0.0000,0.0000,0.0000,5.0,nan
654,3.82e-04,0.4590,0.0000,0.0000,0.0000,0.0000,5.4,nan
655,3.82e-04,0.4540,0.0000,0.0000,0.0000,0.0000,5.2,nan
656,3.82e-04,0.8605,0.0000,0.0000,0.0000,0.0000,5.2,nan
657,3.81e-04,0.9048,0.0000,0.0000,0.0000,0.0000,5.0,nan
658,3.81e-04,0.9034,0.0000,0.0000,0.0000,0.0000,4.8,nan
659,3.81e-04,1.4105,0.0000,0.0000,0.0000,0.0000,5.1,nan
660,3.80e-04,0.7058,0.0000,0.0000,0.0000,0.0000,8.3,0.5953
661,3.80e-04,1.1260,0.0000,0.0000,0.0000,0.0000,5.3,nan
662,3.80e-04,0.6026,0.0000,0.0000,0.0000,0.0000,5.1,nan
663,3.79e-04,0.6337,0.0000,0.0000,0.0000,0.0000,5.0,nan
664,3.79e-04,0.6228,0.0000,0.0000,0.0000,0.0000,5.0,nan
665,3.79e-04,0.4812,0.0000,0.0000,0.0000,0.0000,5.3,nan
666,3.78e-04,1.1832,0.0000,0.0000,0.0000,0.0000,5.1,nan
667,3.78e-04,0.3217,0.0000,0.0000,0.0000,0.0000,5.3,nan
668,3.78e-04,0.6137,0.0000,0.0000,0.0000,0.0000,5.2,nan
669,3.77e-04,0.7553,0.0000,0.0000,0.0000,0.0000,5.1,nan
670,3.77e-04,0.8945,0.0000,0.0000,0.0000,0.0000,5.0,nan
671,3.77e-04,1.1103,0.0000,0.0000,0.0000,0.0000,4.8,nan
672,3.76e-04,0.6787,0.0000,0.0000,0.0000,0.0000,5.0,nan
673,3.76e-04,0.8912,0.0000,0.0000,0.0000,0.0000,5.3,nan
674,3.76e-04,0.5901,0.0000,0.0000,0.0000,0.0000,5.4,nan
675,3.75e-04,0.6384,0.0000,0.0000,0.0000,0.0000,5.2,nan
676,3.75e-04,0.8438,0.0000,0.0000,0.0000,0.0000,5.2,nan
677,3.75e-04,0.8632,0.0000,0.0000,0.0000,0.0000,5.3,nan
678,3.74e-04,0.9870,0.0000,0.0000,0.0000,0.0000,5.0,nan
679,3.74e-04,0.6098,0.0000,0.0000,0.0000,0.0000,4.9,nan
680,3.74e-04,0.6735,0.0000,0.0000,0.0000,0.0000,8.6,0.6038
681,3.73e-04,0.4900,0.0000,0.0000,0.0000,0.0000,4.9,nan
682,3.73e-04,0.5410,0.0000,0.0000,0.0000,0.0000,5.2,nan
683,3.73e-04,0.4962,0.0000,0.0000,0.0000,0.0000,5.0,nan
684,3.72e-04,0.7699,0.0000,0.0000,0.0000,0.0000,5.1,nan
685,3.72e-04,0.7803,0.0000,0.0000,0.0000,0.0000,5.2,nan
686,3.72e-04,0.6080,0.0000,0.0000,0.0000,0.0000,5.2,nan
687,3.71e-04,0.9805,0.0000,0.0000,0.0000,0.0000,5.0,nan
688,3.71e-04,0.4500,0.0000,0.0000,0.0000,0.0000,5.1,nan
689,3.71e-04,0.9511,0.0000,0.0000,0.0000,0.0000,5.0,nan
690,3.70e-04,0.8896,0.0000,0.0000,0.0000,0.0000,5.0,nan
691,3.70e-04,0.8140,0.0000,0.0000,0.0000,0.0000,5.0,nan
692,3.70e-04,1.1649,0.0000,0.0000,0.0000,0.0000,5.5,nan
693,3.69e-04,1.0673,0.0000,0.0000,0.0000,0.0000,5.1,nan
694,3.69e-04,0.9803,0.0000,0.0000,0.0000,0.0000,5.2,nan
695,3.69e-04,1.0294,0.0000,0.0000,0.0000,0.0000,5.2,nan
696,3.68e-04,0.8988,0.0000,0.0000,0.0000,0.0000,5.2,nan
697,3.68e-04,0.6573,0.0000,0.0000,0.0000,0.0000,5.4,nan
698,3.68e-04,0.9402,0.0000,0.0000,0.0000,0.0000,5.1,nan
699,3.67e-04,0.4536,0.0000,0.0000,0.0000,0.0000,5.1,nan
700,3.67e-04,0.3417,0.0000,0.0000,0.0000,0.0000,8.4,0.6229
701,3.66e-04,0.4917,0.0000,0.0000,0.0000,0.0000,5.0,nan
702,3.66e-04,1.1851,0.0000,0.0000,0.0000,0.0000,5.1,nan
703,3.66e-04,1.1043,0.0000,0.0000,0.0000,0.0000,5.1,nan
704,3.65e-04,0.9065,0.0000,0.0000,0.0000,0.0000,5.1,nan
705,3.65e-04,0.8085,0.0000,0.0000,0.0000,0.0000,4.9,nan
706,3.65e-04,0.6828,0.0000,0.0000,0.0000,0.0000,4.8,nan
707,3.64e-04,0.6401,0.0000,0.0000,0.0000,0.0000,5.1,nan
708,3.64e-04,0.4666,0.0000,0.0000,0.0000,0.0000,5.3,nan
709,3.64e-04,0.4949,0.0000,0.0000,0.0000,0.0000,5.1,nan
710,3.63e-04,0.5853,0.0000,0.0000,0.0000,0.0000,5.1,nan
711,3.63e-04,0.8785,0.0000,0.0000,0.0000,0.0000,5.3,nan
712,3.63e-04,0.5700,0.0000,0.0000,0.0000,0.0000,4.9,nan
713,3.62e-04,0.6178,0.0000,0.0000,0.0000,0.0000,5.1,nan
714,3.62e-04,0.6514,0.0000,0.0000,0.0000,0.0000,4.8,nan
715,3.62e-04,0.3464,0.0000,0.0000,0.0000,0.0000,5.1,nan
716,3.61e-04,0.8609,0.0000,0.0000,0.0000,0.0000,5.0,nan
717,3.61e-04,0.9669,0.0000,0.0000,0.0000,0.0000,5.0,nan
718,3.61e-04,0.8239,0.0000,0.0000,0.0000,0.0000,5.1,nan
719,3.60e-04,0.7435,0.0000,0.0000,0.0000,0.0000,5.0,nan
720,3.60e-04,0.8322,0.0000,0.0000,0.0000,0.0000,8.4,0.6017
721,3.59e-04,0.6197,0.0000,0.0000,0.0000,0.0000,4.9,nan
722,3.59e-04,0.6204,0.0000,0.0000,0.0000,0.0000,5.2,nan
723,3.59e-04,0.6280,0.0000,0.0000,0.0000,0.0000,5.1,nan
724,3.58e-04,0.9161,0.0000,0.0000,0.0000,0.0000,5.1,nan
725,3.58e-04,0.6446,0.0000,0.0000,0.0000,0.0000,5.1,nan
726,3.58e-04,0.4534,0.0000,0.0000,0.0000,0.0000,5.2,nan
727,3.57e-04,0.4129,0.0000,0.0000,0.0000,0.0000,5.2,nan
728,3.57e-04,0.6524,0.0000,0.0000,0.0000,0.0000,4.8,nan
729,3.57e-04,0.4913,0.0000,0.0000,0.0000,0.0000,5.2,nan
730,3.56e-04,0.7792,0.0000,0.0000,0.0000,0.0000,5.0,nan
731,3.56e-04,0.5547,0.0000,0.0000,0.0000,0.0000,5.1,nan
732,3.56e-04,0.8586,0.0000,0.0000,0.0000,0.0000,5.3,nan
733,3.55e-04,0.6988,0.0000,0.0000,0.0000,0.0000,5.1,nan
734,3.55e-04,0.7471,0.0000,0.0000,0.0000,0.0000,5.2,nan
735,3.55e-04,0.8247,0.0000,0.0000,0.0000,0.0000,5.1,nan
736,3.54e-04,0.6883,0.0000,0.0000,0.0000,0.0000,4.9,nan
737,3.54e-04,1.1163,0.0000,0.0000,0.0000,0.0000,5.1,nan
738,3.53e-04,0.7405,0.0000,0.0000,0.0000,0.0000,5.1,nan
739,3.53e-04,0.5158,0.0000,0.0000,0.0000,0.0000,5.1,nan
740,3.53e-04,0.8250,0.0000,0.0000,0.0000,0.0000,8.3,0.5763
741,3.52e-04,0.6777,0.0000,0.0000,0.0000,0.0000,5.2,nan
742,3.52e-04,0.8483,0.0000,0.0000,0.0000,0.0000,5.0,nan
743,3.52e-04,0.6365,0.0000,0.0000,0.0000,0.0000,5.3,nan
744,3.51e-04,1.0261,0.0000,0.0000,0.0000,0.0000,5.1,nan
745,3.51e-04,0.5318,0.0000,0.0000,0.0000,0.0000,4.9,nan
746,3.51e-04,0.7911,0.0000,0.0000,0.0000,0.0000,5.0,nan
747,3.50e-04,0.4428,0.0000,0.0000,0.0000,0.0000,5.1,nan
748,3.50e-04,0.9787,0.0000,0.0000,0.0000,0.0000,5.2,nan
749,3.50e-04,0.8112,0.0000,0.0000,0.0000,0.0000,5.0,nan
750,3.49e-04,0.5306,0.0000,0.0000,0.0000,0.0000,4.9,nan
751,3.49e-04,0.6644,0.0000,0.0000,0.0000,0.0000,5.2,nan
752,3.48e-04,0.6889,0.0000,0.0000,0.0000,0.0000,5.0,nan
753,3.48e-04,1.0557,0.0000,0.0000,0.0000,0.0000,5.1,nan
754,3.48e-04,0.5086,0.0000,0.0000,0.0000,0.0000,5.2,nan
755,3.47e-04,0.9454,0.0000,0.0000,0.0000,0.0000,5.2,nan
756,3.47e-04,1.0340,0.0000,0.0000,0.0000,0.0000,4.9,nan
757,3.47e-04,0.7379,0.0000,0.0000,0.0000,0.0000,5.0,nan
758,3.46e-04,0.9316,0.0000,0.0000,0.0000,0.0000,5.0,nan
759,3.46e-04,0.7653,0.0000,0.0000,0.0000,0.0000,5.0,nan
760,3.46e-04,0.5938,0.0000,0.0000,0.0000,0.0000,8.4,0.5890
761,3.45e-04,0.8396,0.0000,0.0000,0.0000,0.0000,5.0,nan
762,3.45e-04,0.4744,0.0000,0.0000,0.0000,0.0000,5.0,nan
763,3.44e-04,0.7165,0.0000,0.0000,0.0000,0.0000,4.8,nan
764,3.44e-04,0.4222,0.0000,0.0000,0.0000,0.0000,5.2,nan
765,3.44e-04,0.6325,0.0000,0.0000,0.0000,0.0000,4.9,nan
766,3.43e-04,0.7742,0.0000,0.0000,0.0000,0.0000,5.3,nan
767,3.43e-04,0.8667,0.0000,0.0000,0.0000,0.0000,4.9,nan
768,3.43e-04,0.5553,0.0000,0.0000,0.0000,0.0000,5.0,nan
769,3.42e-04,0.5961,0.0000,0.0000,0.0000,0.0000,4.9,nan
770,3.42e-04,0.4700,0.0000,0.0000,0.0000,0.0000,4.9,nan
771,3.42e-04,0.9521,0.0000,0.0000,0.0000,0.0000,5.2,nan
772,3.41e-04,0.9380,0.0000,0.0000,0.0000,0.0000,5.1,nan
773,3.41e-04,0.5328,0.0000,0.0000,0.0000,0.0000,5.1,nan
774,3.40e-04,0.7353,0.0000,0.0000,0.0000,0.0000,5.1,nan
775,3.40e-04,0.6581,0.0000,0.0000,0.0000,0.0000,5.2,nan
776,3.40e-04,0.8310,0.0000,0.0000,0.0000,0.0000,5.0,nan
777,3.39e-04,0.7758,0.0000,0.0000,0.0000,0.0000,4.8,nan
778,3.39e-04,0.7865,0.0000,0.0000,0.0000,0.0000,5.1,nan
779,3.39e-04,1.0167,0.0000,0.0000,0.0000,0.0000,5.0,nan
780,3.38e-04,0.5858,0.0000,0.0000,0.0000,0.0000,8.3,0.5784
781,3.38e-04,0.7272,0.0000,0.0000,0.0000,0.0000,4.9,nan
782,3.38e-04,0.8392,0.0000,0.0000,0.0000,0.0000,5.0,nan
783,3.37e-04,0.8888,0.0000,0.0000,0.0000,0.0000,5.2,nan
784,3.37e-04,0.5046,0.0000,0.0000,0.0000,0.0000,4.9,nan
785,3.36e-04,0.7224,0.0000,0.0000,0.0000,0.0000,4.9,nan
786,3.36e-04,0.6897,0.0000,0.0000,0.0000,0.0000,4.9,nan
787,3.36e-04,0.9214,0.0000,0.0000,0.0000,0.0000,4.9,nan
788,3.35e-04,0.5906,0.0000,0.0000,0.0000,0.0000,5.1,nan
789,3.35e-04,1.0667,0.0000,0.0000,0.0000,0.0000,4.9,nan
790,3.35e-04,0.9379,0.0000,0.0000,0.0000,0.0000,5.2,nan
791,3.34e-04,1.0806,0.0000,0.0000,0.0000,0.0000,5.1,nan
792,3.34e-04,0.5813,0.0000,0.0000,0.0000,0.0000,5.2,nan
793,3.33e-04,0.5271,0.0000,0.0000,0.0000,0.0000,5.0,nan
794,3.33e-04,0.7322,0.0000,0.0000,0.0000,0.0000,5.2,nan
795,3.33e-04,0.5689,0.0000,0.0000,0.0000,0.0000,5.2,nan
796,3.32e-04,0.4058,0.0000,0.0000,0.0000,0.0000,5.0,nan
797,3.32e-04,0.6756,0.0000,0.0000,0.0000,0.0000,5.0,nan
798,3.32e-04,0.9362,0.0000,0.0000,0.0000,0.0000,5.0,nan
799,3.31e-04,0.8858,0.0000,0.0000,0.0000,0.0000,5.2,nan
800,3.31e-04,0.7258,0.0000,0.0000,0.0000,0.0000,8.7,0.6017
801,3.31e-04,0.8712,0.0000,0.0000,0.0000,0.0000,5.1,nan
802,3.30e-04,0.6258,0.0000,0.0000,0.0000,0.0000,5.0,nan
803,3.30e-04,0.6676,0.0000,0.0000,0.0000,0.0000,5.0,nan
804,3.29e-04,0.6886,0.0000,0.0000,0.0000,0.0000,5.7,nan
805,3.29e-04,0.9028,0.0000,0.0000,0.0000,0.0000,5.2,nan
806,3.29e-04,0.4758,0.0000,0.0000,0.0000,0.0000,5.6,nan
807,3.28e-04,0.4107,0.0000,0.0000,0.0000,0.0000,5.1,nan
808,3.28e-04,0.8295,0.0000,0.0000,0.0000,0.0000,5.0,nan
809,3.28e-04,0.5968,0.0000,0.0000,0.0000,0.0000,5.2,nan
810,3.27e-04,0.7053,0.0000,0.0000,0.0000,0.0000,5.1,nan
811,3.27e-04,0.7731,0.0000,0.0000,0.0000,0.0000,5.2,nan
812,3.26e-04,0.5468,0.0000,0.0000,0.0000,0.0000,5.3,nan
813,3.26e-04,1.1389,0.0000,0.0000,0.0000,0.0000,4.9,nan
814,3.26e-04,0.8210,0.0000,0.0000,0.0000,0.0000,5.1,nan
815,3.25e-04,1.1439,0.0000,0.0000,0.0000,0.0000,5.3,nan
816,3.25e-04,0.6434,0.0000,0.0000,0.0000,0.0000,5.1,nan
817,3.25e-04,0.6676,0.0000,0.0000,0.0000,0.0000,5.1,nan
818,3.24e-04,0.9163,0.0000,0.0000,0.0000,0.0000,5.0,nan
819,3.24e-04,0.8174,0.0000,0.0000,0.0000,0.0000,5.1,nan
820,3.23e-04,0.7980,0.0000,0.0000,0.0000,0.0000,8.2,0.5530
821,3.23e-04,0.8513,0.0000,0.0000,0.0000,0.0000,5.2,nan
822,3.23e-04,0.7736,0.0000,0.0000,0.0000,0.0000,5.1,nan
823,3.22e-04,0.7681,0.0000,0.0000,0.0000,0.0000,5.0,nan
824,3.22e-04,0.4926,0.0000,0.0000,0.0000,0.0000,5.0,nan
825,3.22e-04,0.7118,0.0000,0.0000,0.0000,0.0000,5.2,nan
826,3.21e-04,0.6845,0.0000,0.0000,0.0000,0.0000,5.1,nan
827,3.21e-04,0.4735,0.0000,0.0000,0.0000,0.0000,4.9,nan
828,3.20e-04,1.2085,0.0000,0.0000,0.0000,0.0000,5.1,nan
829,3.20e-04,1.1910,0.0000,0.0000,0.0000,0.0000,4.9,nan
830,3.20e-04,0.4547,0.0000,0.0000,0.0000,0.0000,5.4,nan
831,3.19e-04,0.9351,0.0000,0.0000,0.0000,0.0000,5.4,nan
832,3.19e-04,0.8757,0.0000,0.0000,0.0000,0.0000,5.2,nan
833,3.19e-04,0.6228,0.0000,0.0000,0.0000,0.0000,5.2,nan
834,3.18e-04,0.5680,0.0000,0.0000,0.0000,0.0000,5.2,nan
835,3.18e-04,0.6220,0.0000,0.0000,0.0000,0.0000,5.2,nan
836,3.17e-04,0.7605,0.0000,0.0000,0.0000,0.0000,5.0,nan
837,3.17e-04,0.6032,0.0000,0.0000,0.0000,0.0000,5.0,nan
838,3.17e-04,0.6747,0.0000,0.0000,0.0000,0.0000,5.1,nan
839,3.16e-04,1.1154,0.0000,0.0000,0.0000,0.0000,5.3,nan
840,3.16e-04,0.9199,0.0000,0.0000,0.0000,0.0000,8.5,0.6229
841,3.16e-04,0.8643,0.0000,0.0000,0.0000,0.0000,5.1,nan
842,3.15e-04,0.9312,0.0000,0.0000,0.0000,0.0000,4.8,nan
843,3.15e-04,0.7575,0.0000,0.0000,0.0000,0.0000,5.1,nan
844,3.14e-04,0.8946,0.0000,0.0000,0.0000,0.0000,4.9,nan
845,3.14e-04,0.7267,0.0000,0.0000,0.0000,0.0000,5.1,nan
846,3.14e-04,0.8404,0.0000,0.0000,0.0000,0.0000,4.9,nan
847,3.13e-04,0.3970,0.0000,0.0000,0.0000,0.0000,5.2,nan
848,3.13e-04,0.5710,0.0000,0.0000,0.0000,0.0000,5.0,nan
849,3.13e-04,0.6113,0.0000,0.0000,0.0000,0.0000,5.0,nan
850,3.12e-04,0.9952,0.0000,0.0000,0.0000,0.0000,4.9,nan
851,3.12e-04,1.1928,0.0000,0.0000,0.0000,0.0000,5.2,nan
852,3.11e-04,0.5133,0.0000,0.0000,0.0000,0.0000,5.2,nan
853,3.11e-04,0.8491,0.0000,0.0000,0.0000,0.0000,4.9,nan
854,3.11e-04,0.8518,0.0000,0.0000,0.0000,0.0000,5.3,nan
855,3.10e-04,0.5973,0.0000,0.0000,0.0000,0.0000,5.0,nan
856,3.10e-04,0.5727,0.0000,0.0000,0.0000,0.0000,4.9,nan
857,3.09e-04,0.7909,0.0000,0.0000,0.0000,0.0000,5.1,nan
858,3.09e-04,0.8414,0.0000,0.0000,0.0000,0.0000,5.3,nan
859,3.09e-04,0.5414,0.0000,0.0000,0.0000,0.0000,5.2,nan
860,3.08e-04,0.6919,0.0000,0.0000,0.0000,0.0000,8.4,0.6292
861,3.08e-04,0.9595,0.0000,0.0000,0.0000,0.0000,5.0,nan
862,3.08e-04,0.5380,0.0000,0.0000,0.0000,0.0000,5.2,nan
863,3.07e-04,0.8002,0.0000,0.0000,0.0000,0.0000,5.2,nan
864,3.07e-04,0.7348,0.0000,0.0000,0.0000,0.0000,5.3,nan
865,3.06e-04,0.8728,0.0000,0.0000,0.0000,0.0000,5.3,nan
866,3.06e-04,0.7355,0.0000,0.0000,0.0000,0.0000,5.2,nan
867,3.06e-04,0.4317,0.0000,0.0000,0.0000,0.0000,5.0,nan
868,3.05e-04,0.7986,0.0000,0.0000,0.0000,0.0000,5.3,nan
869,3.05e-04,0.6216,0.0000,0.0000,0.0000,0.0000,5.3,nan
870,3.05e-04,0.6509,0.0000,0.0000,0.0000,0.0000,5.0,nan
871,3.04e-04,0.7990,0.0000,0.0000,0.0000,0.0000,5.1,nan
872,3.04e-04,0.6718,0.0000,0.0000,0.0000,0.0000,5.1,nan
873,3.03e-04,0.6679,0.0000,0.0000,0.0000,0.0000,5.1,nan
874,3.03e-04,0.9449,0.0000,0.0000,0.0000,0.0000,5.0,nan
875,3.03e-04,0.5385,0.0000,0.0000,0.0000,0.0000,5.3,nan
876,3.02e-04,0.5063,0.0000,0.0000,0.0000,0.0000,5.2,nan
877,3.02e-04,0.8088,0.0000,0.0000,0.0000,0.0000,4.8,nan
878,3.01e-04,0.4578,0.0000,0.0000,0.0000,0.0000,5.2,nan
879,3.01e-04,0.4614,0.0000,0.0000,0.0000,0.0000,5.0,nan
880,3.01e-04,0.8687,0.0000,0.0000,0.0000,0.0000,8.2,0.6356
881,3.00e-04,0.4967,0.0000,0.0000,0.0000,0.0000,5.2,nan
882,3.00e-04,0.7894,0.0000,0.0000,0.0000,0.0000,5.2,nan
883,3.00e-04,1.1207,0.0000,0.0000,0.0000,0.0000,5.2,nan
884,2.99e-04,0.6307,0.0000,0.0000,0.0000,0.0000,5.1,nan
885,2.99e-04,0.7542,0.0000,0.0000,0.0000,0.0000,5.1,nan
886,2.98e-04,1.0490,0.0000,0.0000,0.0000,0.0000,5.2,nan
887,2.98e-04,1.3331,0.0000,0.0000,0.0000,0.0000,5.2,nan
888,2.98e-04,0.8694,0.0000,0.0000,0.0000,0.0000,5.0,nan
889,2.97e-04,1.0586,0.0000,0.0000,0.0000,0.0000,5.1,nan
890,2.97e-04,0.5193,0.0000,0.0000,0.0000,0.0000,5.0,nan
891,2.96e-04,0.7130,0.0000,0.0000,0.0000,0.0000,5.2,nan
892,2.96e-04,1.3311,0.0000,0.0000,0.0000,0.0000,5.3,nan
893,2.96e-04,0.5272,0.0000,0.0000,0.0000,0.0000,5.1,nan
894,2.95e-04,0.7250,0.0000,0.0000,0.0000,0.0000,5.3,nan
895,2.95e-04,1.1395,0.0000,0.0000,0.0000,0.0000,5.0,nan
896,2.95e-04,0.8558,0.0000,0.0000,0.0000,0.0000,4.9,nan
897,2.94e-04,0.7582,0.0000,0.0000,0.0000,0.0000,5.3,nan
898,2.94e-04,0.6579,0.0000,0.0000,0.0000,0.0000,5.2,nan
899,2.93e-04,0.8342,0.0000,0.0000,0.0000,0.0000,5.2,nan
900,2.93e-04,0.7805,0.0000,0.0000,0.0000,0.0000,8.3,0.5593
901,2.93e-04,0.7287,0.0000,0.0000,0.0000,0.0000,5.0,nan
902,2.92e-04,0.8255,0.0000,0.0000,0.0000,0.0000,5.1,nan
903,2.92e-04,0.6547,0.0000,0.0000,0.0000,0.0000,4.9,nan
904,2.91e-04,0.6718,0.0000,0.0000,0.0000,0.0000,4.9,nan
905,2.91e-04,0.5661,0.0000,0.0000,0.0000,0.0000,5.1,nan
906,2.91e-04,0.9700,0.0000,0.0000,0.0000,0.0000,5.0,nan
907,2.90e-04,0.5389,0.0000,0.0000,0.0000,0.0000,5.1,nan
908,2.90e-04,0.5359,0.0000,0.0000,0.0000,0.0000,5.0,nan
909,2.90e-04,0.7070,0.0000,0.0000,0.0000,0.0000,5.0,nan
910,2.89e-04,0.7294,0.0000,0.0000,0.0000,0.0000,5.2,nan
911,2.89e-04,0.9953,0.0000,0.0000,0.0000,0.0000,5.2,nan
912,2.88e-04,0.5972,0.0000,0.0000,0.0000,0.0000,5.1,nan
913,2.88e-04,0.6686,0.0000,0.0000,0.0000,0.0000,5.4,nan
914,2.88e-04,0.4679,0.0000,0.0000,0.0000,0.0000,5.0,nan
915,2.87e-04,0.8003,0.0000,0.0000,0.0000,0.0000,4.9,nan
916,2.87e-04,0.8201,0.0000,0.0000,0.0000,0.0000,5.3,nan
917,2.86e-04,0.6481,0.0000,0.0000,0.0000,0.0000,4.9,nan
918,2.86e-04,0.5799,0.0000,0.0000,0.0000,0.0000,5.0,nan
919,2.86e-04,0.5810,0.0000,0.0000,0.0000,0.0000,5.2,nan
920,2.85e-04,0.7444,0.0000,0.0000,0.0000,0.0000,9.0,0.6229
921,2.85e-04,0.6278,0.0000,0.0000,0.0000,0.0000,5.1,nan
922,2.84e-04,0.6940,0.0000,0.0000,0.0000,0.0000,5.1,nan
923,2.84e-04,1.0299,0.0000,0.0000,0.0000,0.0000,5.2,nan
924,2.84e-04,0.9017,0.0000,0.0000,0.0000,0.0000,5.3,nan
925,2.83e-04,0.7810,0.0000,0.0000,0.0000,0.0000,5.4,nan
926,2.83e-04,0.5930,0.0000,0.0000,0.0000,0.0000,5.0,nan
927,2.83e-04,0.7551,0.0000,0.0000,0.0000,0.0000,5.2,nan
928,2.82e-04,0.5146,0.0000,0.0000,0.0000,0.0000,5.1,nan
929,2.82e-04,0.6935,0.0000,0.0000,0.0000,0.0000,5.0,nan
930,2.81e-04,1.1099,0.0000,0.0000,0.0000,0.0000,5.0,nan
931,2.81e-04,0.7651,0.0000,0.0000,0.0000,0.0000,4.9,nan
932,2.81e-04,0.6385,0.0000,0.0000,0.0000,0.0000,5.1,nan
933,2.80e-04,0.6506,0.0000,0.0000,0.0000,0.0000,5.0,nan
934,2.80e-04,0.4541,0.0000,0.0000,0.0000,0.0000,5.5,nan
935,2.79e-04,0.8108,0.0000,0.0000,0.0000,0.0000,5.5,nan
936,2.79e-04,0.8387,0.0000,0.0000,0.0000,0.0000,5.2,nan
937,2.79e-04,0.7268,0.0000,0.0000,0.0000,0.0000,5.0,nan
938,2.78e-04,0.6706,0.0000,0.0000,0.0000,0.0000,5.1,nan
939,2.78e-04,0.6575,0.0000,0.0000,0.0000,0.0000,5.2,nan
940,2.78e-04,0.9158,0.0000,0.0000,0.0000,0.0000,8.4,0.5593
941,2.77e-04,0.5307,0.0000,0.0000,0.0000,0.0000,5.3,nan
942,2.77e-04,0.9831,0.0000,0.0000,0.0000,0.0000,5.2,nan
943,2.76e-04,0.5701,0.0000,0.0000,0.0000,0.0000,5.2,nan
944,2.76e-04,0.4444,0.0000,0.0000,0.0000,0.0000,5.1,nan
945,2.76e-04,0.7307,0.0000,0.0000,0.0000,0.0000,5.3,nan
946,2.75e-04,0.7160,0.0000,0.0000,0.0000,0.0000,5.0,nan
947,2.75e-04,0.6411,0.0000,0.0000,0.0000,0.0000,5.1,nan
948,2.74e-04,1.1133,0.0000,0.0000,0.0000,0.0000,5.1,nan
949,2.74e-04,0.9289,0.0000,0.0000,0.0000,0.0000,5.3,nan
950,2.74e-04,0.7140,0.0000,0.0000,0.0000,0.0000,5.1,nan
951,2.73e-04,0.8474,0.0000,0.0000,0.0000,0.0000,5.2,nan
952,2.73e-04,0.6000,0.0000,0.0000,0.0000,0.0000,4.9,nan
953,2.72e-04,0.5927,0.0000,0.0000,0.0000,0.0000,5.2,nan
954,2.72e-04,0.5400,0.0000,0.0000,0.0000,0.0000,5.2,nan
955,2.72e-04,0.6084,0.0000,0.0000,0.0000,0.0000,5.4,nan
956,2.71e-04,0.7073,0.0000,0.0000,0.0000,0.0000,5.1,nan
957,2.71e-04,0.4563,0.0000,0.0000,0.0000,0.0000,5.1,nan
958,2.71e-04,0.5890,0.0000,0.0000,0.0000,0.0000,5.2,nan
959,2.70e-04,0.8467,0.0000,0.0000,0.0000,0.0000,5.2,nan
960,2.70e-04,0.6659,0.0000,0.0000,0.0000,0.0000,8.4,0.6017
961,2.69e-04,0.6323,0.0000,0.0000,0.0000,0.0000,5.0,nan
962,2.69e-04,0.7589,0.0000,0.0000,0.0000,0.0000,5.2,nan
963,2.69e-04,0.5976,0.0000,0.0000,0.0000,0.0000,5.0,nan
964,2.68e-04,0.4677,0.0000,0.0000,0.0000,0.0000,5.0,nan
965,2.68e-04,1.1089,0.0000,0.0000,0.0000,0.0000,5.1,nan
966,2.67e-04,0.7074,0.0000,0.0000,0.0000,0.0000,5.1,nan
967,2.67e-04,0.7113,0.0000,0.0000,0.0000,0.0000,5.1,nan
968,2.67e-04,0.9377,0.0000,0.0000,0.0000,0.0000,4.9,nan
969,2.66e-04,0.5745,0.0000,0.0000,0.0000,0.0000,5.2,nan
970,2.66e-04,0.5622,0.0000,0.0000,0.0000,0.0000,5.2,nan
971,2.65e-04,0.6030,0.0000,0.0000,0.0000,0.0000,5.0,nan
972,2.65e-04,0.7576,0.0000,0.0000,0.0000,0.0000,5.0,nan
973,2.65e-04,0.5568,0.0000,0.0000,0.0000,0.0000,5.1,nan
974,2.64e-04,0.6965,0.0000,0.0000,0.0000,0.0000,5.2,nan
975,2.64e-04,0.7724,0.0000,0.0000,0.0000,0.0000,5.1,nan
976,2.63e-04,0.8956,0.0000,0.0000,0.0000,0.0000,5.2,nan
977,2.63e-04,0.5985,0.0000,0.0000,0.0000,0.0000,5.2,nan
978,2.63e-04,0.8655,0.0000,0.0000,0.0000,0.0000,5.3,nan
979,2.62e-04,0.7544,0.0000,0.0000,0.0000,0.0000,4.9,nan
980,2.62e-04,0.7433,0.0000,0.0000,0.0000,0.0000,8.2,0.6271
981,2.62e-04,0.5180,0.0000,0.0000,0.0000,0.0000,5.2,nan
982,2.61e-04,0.8837,0.0000,0.0000,0.0000,0.0000,5.5,nan
983,2.61e-04,0.5280,0.0000,0.0000,0.0000,0.0000,5.1,nan
984,2.60e-04,0.6918,0.0000,0.0000,0.0000,0.0000,5.2,nan
985,2.60e-04,0.7685,0.0000,0.0000,0.0000,0.0000,4.9,nan
986,2.60e-04,0.7287,0.0000,0.0000,0.0000,0.0000,5.3,nan
987,2.59e-04,0.9735,0.0000,0.0000,0.0000,0.0000,5.1,nan
988,2.59e-04,0.9078,0.0000,0.0000,0.0000,0.0000,5.0,nan
989,2.58e-04,1.3350,0.0000,0.0000,0.0000,0.0000,5.2,nan
990,2.58e-04,0.5979,0.0000,0.0000,0.0000,0.0000,5.1,nan
991,2.58e-04,0.8164,0.0000,0.0000,0.0000,0.0000,5.1,nan
992,2.57e-04,0.3799,0.0000,0.0000,0.0000,0.0000,5.1,nan
993,2.57e-04,0.5519,0.0000,0.0000,0.0000,0.0000,5.0,nan
994,2.56e-04,0.7747,0.0000,0.0000,0.0000,0.0000,5.0,nan
995,2.56e-04,0.6243,0.0000,0.0000,0.0000,0.0000,5.2,nan
996,2.56e-04,0.6338,0.0000,0.0000,0.0000,0.0000,5.0,nan
997,2.55e-04,0.3815,0.0000,0.0000,0.0000,0.0000,5.1,nan
998,2.55e-04,0.6124,0.0000,0.0000,0.0000,0.0000,4.9,nan
999,2.55e-04,0.5088,0.0000,0.0000,0.0000,0.0000,5.2,nan
1000,2.54e-04,0.7059,0.0000,0.0000,0.0000,0.0000,8.5,0.6229
1001,2.54e-04,0.5821,0.0000,0.0000,0.0000,0.0000,5.1,nan
1002,2.53e-04,0.7445,0.0000,0.0000,0.0000,0.0000,5.1,nan
1003,2.53e-04,0.7027,0.0000,0.0000,0.0000,0.0000,5.0,nan
1004,2.53e-04,0.7596,0.0000,0.0000,0.0000,0.0000,5.0,nan
1005,2.52e-04,0.9310,0.0000,0.0000,0.0000,0.0000,5.0,nan
1006,2.52e-04,0.5292,0.0000,0.0000,0.0000,0.0000,5.1,nan
1007,2.51e-04,0.4206,0.0000,0.0000,0.0000,0.0000,5.2,nan
1008,2.51e-04,0.8625,0.0000,0.0000,0.0000,0.0000,5.4,nan
1009,2.51e-04,0.7151,0.0000,0.0000,0.0000,0.0000,5.1,nan
1010,2.50e-04,0.9124,0.0000,0.0000,0.0000,0.0000,5.2,nan
1011,2.50e-04,0.8773,0.0000,0.0000,0.0000,0.0000,5.0,nan
1012,2.49e-04,0.7774,0.0000,0.0000,0.0000,0.0000,5.2,nan
1013,2.49e-04,0.4675,0.0000,0.0000,0.0000,0.0000,5.4,nan
1014,2.49e-04,0.4417,0.0000,0.0000,0.0000,0.0000,5.0,nan
1015,2.48e-04,0.4329,0.0000,0.0000,0.0000,0.0000,5.2,nan
1016,2.48e-04,0.4346,0.0000,0.0000,0.0000,0.0000,5.1,nan
1017,2.47e-04,0.7391,0.0000,0.0000,0.0000,0.0000,5.1,nan
1018,2.47e-04,0.5297,0.0000,0.0000,0.0000,0.0000,5.6,nan
1019,2.47e-04,0.5221,0.0000,0.0000,0.0000,0.0000,5.5,nan
1020,2.46e-04,0.7221,0.0000,0.0000,0.0000,0.0000,8.6,0.5911
1021,2.46e-04,0.7549,0.0000,0.0000,0.0000,0.0000,5.3,nan
1022,2.46e-04,0.9291,0.0000,0.0000,0.0000,0.0000,5.0,nan
1023,2.45e-04,0.5991,0.0000,0.0000,0.0000,0.0000,5.0,nan
1024,2.45e-04,0.5963,0.0000,0.0000,0.0000,0.0000,5.1,nan
1025,2.44e-04,0.6559,0.0000,0.0000,0.0000,0.0000,5.2,nan
1026,2.44e-04,0.6275,0.0000,0.0000,0.0000,0.0000,5.1,nan
1027,2.44e-04,0.5919,0.0000,0.0000,0.0000,0.0000,5.1,nan
1028,2.43e-04,0.4242,0.0000,0.0000,0.0000,0.0000,5.0,nan
1029,2.43e-04,0.4662,0.0000,0.0000,0.0000,0.0000,5.2,nan
1030,2.42e-04,0.8271,0.0000,0.0000,0.0000,0.0000,5.4,nan
1031,2.42e-04,0.7278,0.0000,0.0000,0.0000,0.0000,5.0,nan
1032,2.42e-04,0.9592,0.0000,0.0000,0.0000,0.0000,5.3,nan
1033,2.41e-04,1.1935,0.0000,0.0000,0.0000,0.0000,5.1,nan
1034,2.41e-04,0.6593,0.0000,0.0000,0.0000,0.0000,5.3,nan
1035,2.40e-04,0.7393,0.0000,0.0000,0.0000,0.0000,5.0,nan
1036,2.40e-04,0.7214,0.0000,0.0000,0.0000,0.0000,5.2,nan
1037,2.40e-04,0.6604,0.0000,0.0000,0.0000,0.0000,5.2,nan
1038,2.39e-04,0.8451,0.0000,0.0000,0.0000,0.0000,5.3,nan
1039,2.39e-04,0.5869,0.0000,0.0000,0.0000,0.0000,4.9,nan
1040,2.38e-04,0.5790,0.0000,0.0000,0.0000,0.0000,8.9,0.6081
1041,2.38e-04,0.8917,0.0000,0.0000,0.0000,0.0000,5.8,nan
1042,2.38e-04,1.0817,0.0000,0.0000,0.0000,0.0000,5.9,nan
1043,2.37e-04,0.4232,0.0000,0.0000,0.0000,0.0000,5.9,nan
1044,2.37e-04,0.3540,0.0000,0.0000,0.0000,0.0000,5.9,nan
1045,2.37e-04,0.6098,0.0000,0.0000,0.0000,0.0000,6.0,nan
1046,2.36e-04,0.6480,0.0000,0.0000,0.0000,0.0000,6.0,nan
1047,2.36e-04,0.8618,0.0000,0.0000,0.0000,0.0000,6.0,nan
1048,2.35e-04,0.6696,0.0000,0.0000,0.0000,0.0000,5.7,nan
1049,2.35e-04,0.3788,0.0000,0.0000,0.0000,0.0000,6.2,nan
1050,2.35e-04,0.7143,0.0000,0.0000,0.0000,0.0000,5.9,nan
1051,2.34e-04,0.5445,0.0000,0.0000,0.0000,0.0000,6.1,nan
1052,2.34e-04,0.7833,0.0000,0.0000,0.0000,0.0000,6.1,nan
1053,2.33e-04,0.4714,0.0000,0.0000,0.0000,0.0000,6.0,nan
1054,2.33e-04,0.8975,0.0000,0.0000,0.0000,0.0000,6.1,nan
1055,2.33e-04,0.7950,0.0000,0.0000,0.0000,0.0000,5.9,nan
1056,2.32e-04,0.8823,0.0000,0.0000,0.0000,0.0000,5.9,nan
1057,2.32e-04,0.6594,0.0000,0.0000,0.0000,0.0000,6.0,nan
1058,2.31e-04,0.6254,0.0000,0.0000,0.0000,0.0000,5.9,nan
1059,2.31e-04,0.6729,0.0000,0.0000,0.0000,0.0000,6.0,nan
1060,2.31e-04,0.9279,0.0000,0.0000,0.0000,0.0000,10.0,0.5614
1061,2.30e-04,0.5908,0.0000,0.0000,0.0000,0.0000,5.9,nan
1062,2.30e-04,0.5680,0.0000,0.0000,0.0000,0.0000,5.8,nan
1063,2.30e-04,0.7120,0.0000,0.0000,0.0000,0.0000,6.1,nan
1064,2.29e-04,0.8534,0.0000,0.0000,0.0000,0.0000,6.1,nan
1065,2.29e-04,0.5075,0.0000,0.0000,0.0000,0.0000,6.2,nan
1066,2.28e-04,0.8293,0.0000,0.0000,0.0000,0.0000,6.0,nan
1067,2.28e-04,0.5359,0.0000,0.0000,0.0000,0.0000,6.3,nan
1068,2.28e-04,0.9446,0.0000,0.0000,0.0000,0.0000,6.0,nan
1069,2.27e-04,0.9904,0.0000,0.0000,0.0000,0.0000,5.9,nan
1070,2.27e-04,0.6931,0.0000,0.0000,0.0000,0.0000,6.0,nan
1071,2.26e-04,0.6530,0.0000,0.0000,0.0000,0.0000,6.1,nan
1072,2.26e-04,0.6783,0.0000,0.0000,0.0000,0.0000,5.9,nan
1073,2.26e-04,0.8696,0.0000,0.0000,0.0000,0.0000,6.2,nan
1074,2.25e-04,0.5800,0.0000,0.0000,0.0000,0.0000,5.9,nan
1075,2.25e-04,0.6924,0.0000,0.0000,0.0000,0.0000,6.0,nan
1076,2.24e-04,0.4705,0.0000,0.0000,0.0000,0.0000,5.8,nan
1077,2.24e-04,0.7499,0.0000,0.0000,0.0000,0.0000,6.0,nan
1078,2.24e-04,0.8981,0.0000,0.0000,0.0000,0.0000,5.9,nan
1079,2.23e-04,0.5990,0.0000,0.0000,0.0000,0.0000,6.0,nan
1080,2.23e-04,0.7491,0.0000,0.0000,0.0000,0.0000,9.8,0.5890
1081,2.23e-04,0.6014,0.0000,0.0000,0.0000,0.0000,6.0,nan
1082,2.22e-04,0.9375,0.0000,0.0000,0.0000,0.0000,6.1,nan
1083,2.22e-04,1.1208,0.0000,0.0000,0.0000,0.0000,6.1,nan
1084,2.21e-04,0.7500,0.0000,0.0000,0.0000,0.0000,5.9,nan
1085,2.21e-04,0.5542,0.0000,0.0000,0.0000,0.0000,6.0,nan
1086,2.21e-04,0.6387,0.0000,0.0000,0.0000,0.0000,6.2,nan
1087,2.20e-04,0.5718,0.0000,0.0000,0.0000,0.0000,6.0,nan
1088,2.20e-04,0.4899,0.0000,0.0000,0.0000,0.0000,6.1,nan
1089,2.19e-04,0.7324,0.0000,0.0000,0.0000,0.0000,5.9,nan
1090,2.19e-04,0.3941,0.0000,0.0000,0.0000,0.0000,6.2,nan
1091,2.19e-04,1.0853,0.0000,0.0000,0.0000,0.0000,6.1,nan
1092,2.18e-04,0.6439,0.0000,0.0000,0.0000,0.0000,5.1,nan
1093,2.18e-04,0.7779,0.0000,0.0000,0.0000,0.0000,4.9,nan
1094,2.18e-04,0.6655,0.0000,0.0000,0.0000,0.0000,5.2,nan
1095,2.17e-04,0.6441,0.0000,0.0000,0.0000,0.0000,5.3,nan
1096,2.17e-04,0.5470,0.0000,0.0000,0.0000,0.0000,5.0,nan
1097,2.16e-04,0.6764,0.0000,0.0000,0.0000,0.0000,4.9,nan
1098,2.16e-04,1.1194,0.0000,0.0000,0.0000,0.0000,5.2,nan
1099,2.16e-04,0.4639,0.0000,0.0000,0.0000,0.0000,5.2,nan
1100,2.15e-04,0.8950,0.0000,0.0000,0.0000,0.0000,8.5,0.6038
1101,2.15e-04,1.0643,0.0000,0.0000,0.0000,0.0000,5.0,nan
1102,2.14e-04,0.9636,0.0000,0.0000,0.0000,0.0000,5.2,nan
1103,2.14e-04,0.9081,0.0000,0.0000,0.0000,0.0000,5.2,nan
1104,2.14e-04,0.6697,0.0000,0.0000,0.0000,0.0000,5.2,nan
1105,2.13e-04,0.4662,0.0000,0.0000,0.0000,0.0000,5.0,nan
1106,2.13e-04,0.5280,0.0000,0.0000,0.0000,0.0000,5.3,nan
1107,2.12e-04,0.6165,0.0000,0.0000,0.0000,0.0000,5.2,nan
1108,2.12e-04,0.7536,0.0000,0.0000,0.0000,0.0000,5.0,nan
1109,2.12e-04,0.4993,0.0000,0.0000,0.0000,0.0000,5.2,nan
1110,2.11e-04,0.4770,0.0000,0.0000,0.0000,0.0000,5.2,nan
1111,2.11e-04,0.4341,0.0000,0.0000,0.0000,0.0000,5.1,nan
1112,2.11e-04,0.7096,0.0000,0.0000,0.0000,0.0000,5.0,nan
1113,2.10e-04,1.0415,0.0000,0.0000,0.0000,0.0000,5.0,nan
1114,2.10e-04,0.3926,0.0000,0.0000,0.0000,0.0000,5.3,nan
1115,2.09e-04,0.8701,0.0000,0.0000,0.0000,0.0000,5.3,nan
1116,2.09e-04,0.7754,0.0000,0.0000,0.0000,0.0000,5.0,nan
1117,2.09e-04,0.7926,0.0000,0.0000,0.0000,0.0000,5.2,nan
1118,2.08e-04,0.9190,0.0000,0.0000,0.0000,0.0000,5.2,nan
1119,2.08e-04,0.6264,0.0000,0.0000,0.0000,0.0000,5.2,nan
1120,2.07e-04,0.7737,0.0000,0.0000,0.0000,0.0000,8.8,0.6186
1121,2.07e-04,0.8406,0.0000,0.0000,0.0000,0.0000,5.1,nan
1122,2.07e-04,0.4559,0.0000,0.0000,0.0000,0.0000,5.2,nan
1123,2.06e-04,0.7280,0.0000,0.0000,0.0000,0.0000,5.2,nan
1124,2.06e-04,0.5695,0.0000,0.0000,0.0000,0.0000,5.1,nan
1125,2.06e-04,0.8784,0.0000,0.0000,0.0000,0.0000,5.3,nan
1126,2.05e-04,0.7773,0.0000,0.0000,0.0000,0.0000,5.1,nan
1127,2.05e-04,0.7834,0.0000,0.0000,0.0000,0.0000,5.0,nan
1128,2.04e-04,0.6663,0.0000,0.0000,0.0000,0.0000,5.0,nan
1129,2.04e-04,0.8361,0.0000,0.0000,0.0000,0.0000,5.1,nan
1130,2.04e-04,0.5250,0.0000,0.0000,0.0000,0.0000,5.1,nan
1131,2.03e-04,0.5852,0.0000,0.0000,0.0000,0.0000,5.0,nan
1132,2.03e-04,0.6707,0.0000,0.0000,0.0000,0.0000,4.9,nan
1133,2.02e-04,0.6691,0.0000,0.0000,0.0000,0.0000,5.2,nan
1134,2.02e-04,0.6954,0.0000,0.0000,0.0000,0.0000,5.1,nan
1135,2.02e-04,0.6176,0.0000,0.0000,0.0000,0.0000,5.0,nan
1136,2.01e-04,0.5620,0.0000,0.0000,0.0000,0.0000,5.0,nan
1137,2.01e-04,0.4852,0.0000,0.0000,0.0000,0.0000,5.5,nan
1138,2.01e-04,0.6669,0.0000,0.0000,0.0000,0.0000,5.1,nan
1139,2.00e-04,1.0516,0.0000,0.0000,0.0000,0.0000,5.0,nan
1140,2.00e-04,0.7741,0.0000,0.0000,0.0000,0.0000,8.4,0.5953
1141,1.99e-04,1.1476,0.0000,0.0000,0.0000,0.0000,5.0,nan
1142,1.99e-04,0.8780,0.0000,0.0000,0.0000,0.0000,4.9,nan
1143,1.99e-04,1.0639,0.0000,0.0000,0.0000,0.0000,5.1,nan
1144,1.98e-04,0.6773,0.0000,0.0000,0.0000,0.0000,5.0,nan
1145,1.98e-04,0.6404,0.0000,0.0000,0.0000,0.0000,5.2,nan
1146,1.98e-04,0.7355,0.0000,0.0000,0.0000,0.0000,5.0,nan
1147,1.97e-04,0.5041,0.0000,0.0000,0.0000,0.0000,5.0,nan
1148,1.97e-04,0.6910,0.0000,0.0000,0.0000,0.0000,5.0,nan
1149,1.96e-04,0.9215,0.0000,0.0000,0.0000,0.0000,5.2,nan
1150,1.96e-04,0.4300,0.0000,0.0000,0.0000,0.0000,5.0,nan
1151,1.96e-04,0.8105,0.0000,0.0000,0.0000,0.0000,5.1,nan
1152,1.95e-04,0.8290,0.0000,0.0000,0.0000,0.0000,5.0,nan
1153,1.95e-04,0.6747,0.0000,0.0000,0.0000,0.0000,5.0,nan
1154,1.94e-04,0.5577,0.0000,0.0000,0.0000,0.0000,5.3,nan
1155,1.94e-04,0.8491,0.0000,0.0000,0.0000,0.0000,5.1,nan
1156,1.94e-04,0.7963,0.0000,0.0000,0.0000,0.0000,5.2,nan
1157,1.93e-04,0.6777,0.0000,0.0000,0.0000,0.0000,5.0,nan
1158,1.93e-04,0.6362,0.0000,0.0000,0.0000,0.0000,5.1,nan
1159,1.93e-04,0.7930,0.0000,0.0000,0.0000,0.0000,5.0,nan
1160,1.92e-04,0.6865,0.0000,0.0000,0.0000,0.0000,8.5,0.6186
1161,1.92e-04,0.5178,0.0000,0.0000,0.0000,0.0000,5.2,nan
1162,1.91e-04,0.5199,0.0000,0.0000,0.0000,0.0000,5.3,nan
1163,1.91e-04,0.7353,0.0000,0.0000,0.0000,0.0000,5.2,nan
1164,1.91e-04,0.7480,0.0000,0.0000,0.0000,0.0000,5.1,nan
1165,1.90e-04,0.6759,0.0000,0.0000,0.0000,0.0000,4.9,nan
1166,1.90e-04,0.5302,0.0000,0.0000,0.0000,0.0000,5.1,nan
1167,1.90e-04,0.5481,0.0000,0.0000,0.0000,0.0000,5.2,nan
1168,1.89e-04,0.7753,0.0000,0.0000,0.0000,0.0000,5.1,nan
1169,1.89e-04,0.6586,0.0000,0.0000,0.0000,0.0000,5.0,nan
1170,1.88e-04,0.7742,0.0000,0.0000,0.0000,0.0000,5.3,nan
1171,1.88e-04,0.8050,0.0000,0.0000,0.0000,0.0000,6.6,nan
1172,1.88e-04,0.7587,0.0000,0.0000,0.0000,0.0000,5.2,nan
1173,1.87e-04,0.5754,0.0000,0.0000,0.0000,0.0000,5.3,nan
1174,1.87e-04,0.5822,0.0000,0.0000,0.0000,0.0000,4.9,nan
1175,1.87e-04,0.8856,0.0000,0.0000,0.0000,0.0000,5.2,nan
1176,1.86e-04,0.6605,0.0000,0.0000,0.0000,0.0000,5.1,nan
1177,1.86e-04,1.1194,0.0000,0.0000,0.0000,0.0000,5.0,nan
1178,1.85e-04,0.8159,0.0000,0.0000,0.0000,0.0000,5.1,nan
1179,1.85e-04,0.8511,0.0000,0.0000,0.0000,0.0000,5.2,nan
1180,1.85e-04,0.5164,0.0000,0.0000,0.0000,0.0000,8.1,0.6229
1181,1.84e-04,0.7936,0.0000,0.0000,0.0000,0.0000,5.1,nan
1182,1.84e-04,0.6284,0.0000,0.0000,0.0000,0.0000,5.2,nan
1183,1.84e-04,0.6787,0.0000,0.0000,0.0000,0.0000,5.0,nan
1184,1.83e-04,0.6901,0.0000,0.0000,0.0000,0.0000,5.2,nan
1185,1.83e-04,0.7461,0.0000,0.0000,0.0000,0.0000,5.2,nan
1186,1.82e-04,0.6867,0.0000,0.0000,0.0000,0.0000,5.2,nan
1187,1.82e-04,0.8518,0.0000,0.0000,0.0000,0.0000,5.6,nan
1188,1.82e-04,0.8910,0.0000,0.0000,0.0000,0.0000,5.3,nan
1189,1.81e-04,0.9948,0.0000,0.0000,0.0000,0.0000,5.3,nan
1190,1.81e-04,0.6769,0.0000,0.0000,0.0000,0.0000,5.1,nan
1191,1.81e-04,0.4666,0.0000,0.0000,0.0000,0.0000,5.1,nan
1192,1.80e-04,0.7371,0.0000,0.0000,0.0000,0.0000,5.4,nan
1193,1.80e-04,0.7031,0.0000,0.0000,0.0000,0.0000,5.0,nan
1194,1.79e-04,0.5078,0.0000,0.0000,0.0000,0.0000,5.3,nan
1195,1.79e-04,0.9343,0.0000,0.0000,0.0000,0.0000,5.1,nan
1196,1.79e-04,0.8636,0.0000,0.0000,0.0000,0.0000,5.2,nan
1197,1.78e-04,0.4821,0.0000,0.0000,0.0000,0.0000,5.3,nan
1198,1.78e-04,0.6846,0.0000,0.0000,0.0000,0.0000,5.1,nan
1199,1.78e-04,0.5514,0.0000,0.0000,0.0000,0.0000,5.2,nan
1200,1.77e-04,0.6438,0.0000,0.0000,0.0000,0.0000,8.4,0.5911
1201,1.77e-04,0.4334,0.0000,0.0000,0.0000,0.0000,4.9,nan
1202,1.76e-04,0.7584,0.0000,0.0000,0.0000,0.0000,4.9,nan
1203,1.76e-04,0.7148,0.0000,0.0000,0.0000,0.0000,5.2,nan
1204,1.76e-04,0.9555,0.0000,0.0000,0.0000,0.0000,5.3,nan
1205,1.75e-04,0.8819,0.0000,0.0000,0.0000,0.0000,5.2,nan
1206,1.75e-04,0.6909,0.0000,0.0000,0.0000,0.0000,5.1,nan
1207,1.75e-04,0.5012,0.0000,0.0000,0.0000,0.0000,5.1,nan
1208,1.74e-04,1.0079,0.0000,0.0000,0.0000,0.0000,5.1,nan
1209,1.74e-04,0.6607,0.0000,0.0000,0.0000,0.0000,5.0,nan
1210,1.73e-04,0.9767,0.0000,0.0000,0.0000,0.0000,5.3,nan
1211,1.73e-04,0.8053,0.0000,0.0000,0.0000,0.0000,5.1,nan
1212,1.73e-04,0.5734,0.0000,0.0000,0.0000,0.0000,5.1,nan
1213,1.72e-04,0.6554,0.0000,0.0000,0.0000,0.0000,5.0,nan
1214,1.72e-04,0.5093,0.0000,0.0000,0.0000,0.0000,5.1,nan
1215,1.72e-04,0.8887,0.0000,0.0000,0.0000,0.0000,5.1,nan
1216,1.71e-04,0.7600,0.0000,0.0000,0.0000,0.0000,5.2,nan
1217,1.71e-04,0.5462,0.0000,0.0000,0.0000,0.0000,5.2,nan
1218,1.71e-04,0.8203,0.0000,0.0000,0.0000,0.0000,5.2,nan
1219,1.70e-04,0.6492,0.0000,0.0000,0.0000,0.0000,5.3,nan
1220,1.70e-04,0.4282,0.0000,0.0000,0.0000,0.0000,8.6,0.6250
1221,1.69e-04,0.7790,0.0000,0.0000,0.0000,0.0000,5.1,nan
1222,1.69e-04,0.6705,0.0000,0.0000,0.0000,0.0000,5.1,nan
1223,1.69e-04,0.6886,0.0000,0.0000,0.0000,0.0000,5.0,nan
1224,1.68e-04,0.6342,0.0000,0.0000,0.0000,0.0000,5.1,nan
1225,1.68e-04,0.5305,0.0000,0.0000,0.0000,0.0000,5.1,nan
1226,1.68e-04,0.8058,0.0000,0.0000,0.0000,0.0000,5.2,nan
1227,1.67e-04,0.8087,0.0000,0.0000,0.0000,0.0000,4.9,nan
1228,1.67e-04,0.5953,0.0000,0.0000,0.0000,0.0000,5.2,nan
1229,1.66e-04,0.5228,0.0000,0.0000,0.0000,0.0000,5.1,nan
1230,1.66e-04,0.8827,0.0000,0.0000,0.0000,0.0000,5.3,nan
1231,1.66e-04,0.4677,0.0000,0.0000,0.0000,0.0000,5.0,nan
1232,1.65e-04,0.6051,0.0000,0.0000,0.0000,0.0000,4.9,nan
1233,1.65e-04,0.7959,0.0000,0.0000,0.0000,0.0000,5.0,nan
1234,1.65e-04,0.8119,0.0000,0.0000,0.0000,0.0000,5.2,nan
1235,1.64e-04,0.3938,0.0000,0.0000,0.0000,0.0000,5.2,nan
1236,1.64e-04,0.5966,0.0000,0.0000,0.0000,0.0000,5.2,nan
1237,1.64e-04,0.6972,0.0000,0.0000,0.0000,0.0000,5.1,nan
1238,1.63e-04,0.6865,0.0000,0.0000,0.0000,0.0000,5.4,nan
1239,1.63e-04,0.5281,0.0000,0.0000,0.0000,0.0000,5.0,nan
1240,1.62e-04,0.9034,0.0000,0.0000,0.0000,0.0000,8.2,0.6144
1241,1.62e-04,0.5503,0.0000,0.0000,0.0000,0.0000,5.0,nan
1242,1.62e-04,0.6746,0.0000,0.0000,0.0000,0.0000,5.1,nan
1243,1.61e-04,0.6609,0.0000,0.0000,0.0000,0.0000,5.2,nan
1244,1.61e-04,0.5271,0.0000,0.0000,0.0000,0.0000,5.3,nan
1245,1.61e-04,0.9752,0.0000,0.0000,0.0000,0.0000,5.0,nan
1246,1.60e-04,0.5664,0.0000,0.0000,0.0000,0.0000,5.1,nan
1247,1.60e-04,0.7229,0.0000,0.0000,0.0000,0.0000,5.0,nan
1248,1.60e-04,0.6355,0.0000,0.0000,0.0000,0.0000,5.2,nan
1249,1.59e-04,0.3718,0.0000,0.0000,0.0000,0.0000,5.3,nan
1250,1.59e-04,0.5814,0.0000,0.0000,0.0000,0.0000,5.3,nan
1251,1.58e-04,0.9703,0.0000,0.0000,0.0000,0.0000,5.1,nan
1252,1.58e-04,0.7357,0.0000,0.0000,0.0000,0.0000,5.2,nan
1253,1.58e-04,0.6798,0.0000,0.0000,0.0000,0.0000,5.1,nan
1254,1.57e-04,1.0041,0.0000,0.0000,0.0000,0.0000,5.3,nan
1255,1.57e-04,0.5815,0.0000,0.0000,0.0000,0.0000,5.1,nan
1256,1.57e-04,0.6706,0.0000,0.0000,0.0000,0.0000,5.0,nan
1257,1.56e-04,0.4271,0.0000,0.0000,0.0000,0.0000,5.1,nan
1258,1.56e-04,0.8489,0.0000,0.0000,0.0000,0.0000,4.9,nan
1259,1.56e-04,0.5298,0.0000,0.0000,0.0000,0.0000,4.8,nan
1260,1.55e-04,0.8543,0.0000,0.0000,0.0000,0.0000,8.2,0.5720
1261,1.55e-04,0.6199,0.0000,0.0000,0.0000,0.0000,5.2,nan
1262,1.55e-04,0.5764,0.0000,0.0000,0.0000,0.0000,5.2,nan
1263,1.54e-04,0.9622,0.0000,0.0000,0.0000,0.0000,5.0,nan
1264,1.54e-04,0.7364,0.0000,0.0000,0.0000,0.0000,5.2,nan
1265,1.53e-04,0.6779,0.0000,0.0000,0.0000,0.0000,5.2,nan
1266,1.53e-04,0.4546,0.0000,0.0000,0.0000,0.0000,5.4,nan
1267,1.53e-04,0.5487,0.0000,0.0000,0.0000,0.0000,5.3,nan
1268,1.52e-04,0.6037,0.0000,0.0000,0.0000,0.0000,5.1,nan
1269,1.52e-04,0.7346,0.0000,0.0000,0.0000,0.0000,5.2,nan
1270,1.52e-04,0.5105,0.0000,0.0000,0.0000,0.0000,5.2,nan
1271,1.51e-04,0.8949,0.0000,0.0000,0.0000,0.0000,5.2,nan
1272,1.51e-04,0.6590,0.0000,0.0000,0.0000,0.0000,5.0,nan
1273,1.51e-04,0.5942,0.0000,0.0000,0.0000,0.0000,5.0,nan
1274,1.50e-04,0.5981,0.0000,0.0000,0.0000,0.0000,5.2,nan
1275,1.50e-04,0.6042,0.0000,0.0000,0.0000,0.0000,5.0,nan
1276,1.50e-04,0.6135,0.0000,0.0000,0.0000,0.0000,5.1,nan
1277,1.49e-04,1.0934,0.0000,0.0000,0.0000,0.0000,5.1,nan
1278,1.49e-04,0.6801,0.0000,0.0000,0.0000,0.0000,5.3,nan
1279,1.48e-04,0.7614,0.0000,0.0000,0.0000,0.0000,4.8,nan
1280,1.48e-04,0.6431,0.0000,0.0000,0.0000,0.0000,8.2,0.5869
1281,1.48e-04,0.9558,0.0000,0.0000,0.0000,0.0000,5.0,nan
1282,1.47e-04,0.4838,0.0000,0.0000,0.0000,0.0000,5.0,nan
1283,1.47e-04,0.6470,0.0000,0.0000,0.0000,0.0000,5.0,nan
1284,1.47e-04,0.5398,0.0000,0.0000,0.0000,0.0000,5.0,nan
1285,1.46e-04,0.8054,0.0000,0.0000,0.0000,0.0000,5.0,nan
1286,1.46e-04,0.6209,0.0000,0.0000,0.0000,0.0000,5.1,nan
1287,1.46e-04,0.6269,0.0000,0.0000,0.0000,0.0000,5.2,nan
1288,1.45e-04,0.7781,0.0000,0.0000,0.0000,0.0000,5.2,nan
1289,1.45e-04,0.6024,0.0000,0.0000,0.0000,0.0000,5.2,nan
1290,1.45e-04,0.6397,0.0000,0.0000,0.0000,0.0000,5.0,nan
1291,1.44e-04,0.6339,0.0000,0.0000,0.0000,0.0000,5.1,nan
1292,1.44e-04,0.6040,0.0000,0.0000,0.0000,0.0000,5.0,nan
1293,1.44e-04,0.7495,0.0000,0.0000,0.0000,0.0000,4.9,nan
1294,1.43e-04,0.6022,0.0000,0.0000,0.0000,0.0000,5.1,nan
1295,1.43e-04,0.6715,0.0000,0.0000,0.0000,0.0000,5.1,nan
1296,1.42e-04,0.8201,0.0000,0.0000,0.0000,0.0000,5.1,nan
1297,1.42e-04,0.6966,0.0000,0.0000,0.0000,0.0000,5.1,nan
1298,1.42e-04,0.5367,0.0000,0.0000,0.0000,0.0000,5.2,nan
1299,1.41e-04,0.4642,0.0000,0.0000,0.0000,0.0000,5.2,nan
1300,1.41e-04,1.1957,0.0000,0.0000,0.0000,0.0000,8.5,0.6017
1301,1.41e-04,0.8138,0.0000,0.0000,0.0000,0.0000,5.2,nan
1302,1.40e-04,0.7780,0.0000,0.0000,0.0000,0.0000,5.3,nan
1303,1.40e-04,0.6830,0.0000,0.0000,0.0000,0.0000,5.3,nan
1304,1.40e-04,0.7214,0.0000,0.0000,0.0000,0.0000,5.0,nan
1305,1.39e-04,0.6743,0.0000,0.0000,0.0000,0.0000,5.3,nan
1306,1.39e-04,0.8877,0.0000,0.0000,0.0000,0.0000,4.9,nan
1307,1.39e-04,0.8750,0.0000,0.0000,0.0000,0.0000,5.2,nan
1308,1.38e-04,0.7417,0.0000,0.0000,0.0000,0.0000,5.1,nan
1309,1.38e-04,0.5192,0.0000,0.0000,0.0000,0.0000,5.2,nan
1310,1.38e-04,0.7178,0.0000,0.0000,0.0000,0.0000,5.3,nan
1311,1.37e-04,0.5022,0.0000,0.0000,0.0000,0.0000,5.5,nan
1312,1.37e-04,1.0137,0.0000,0.0000,0.0000,0.0000,5.1,nan
1313,1.37e-04,0.8625,0.0000,0.0000,0.0000,0.0000,5.1,nan
1314,1.36e-04,0.7161,0.0000,0.0000,0.0000,0.0000,5.2,nan
1315,1.36e-04,0.9208,0.0000,0.0000,0.0000,0.0000,5.4,nan
1316,1.36e-04,0.6893,0.0000,0.0000,0.0000,0.0000,5.1,nan
1317,1.35e-04,0.6980,0.0000,0.0000,0.0000,0.0000,5.2,nan
1318,1.35e-04,0.5542,0.0000,0.0000,0.0000,0.0000,5.2,nan
1319,1.34e-04,0.5777,0.0000,0.0000,0.0000,0.0000,5.2,nan
1320,1.34e-04,0.9094,0.0000,0.0000,0.0000,0.0000,8.4,0.6335
1321,1.34e-04,0.7650,0.0000,0.0000,0.0000,0.0000,5.3,nan
1322,1.33e-04,0.4976,0.0000,0.0000,0.0000,0.0000,5.3,nan
1323,1.33e-04,0.6279,0.0000,0.0000,0.0000,0.0000,5.1,nan
1324,1.33e-04,0.6044,0.0000,0.0000,0.0000,0.0000,5.3,nan
1325,1.32e-04,0.4101,0.0000,0.0000,0.0000,0.0000,5.2,nan
1326,1.32e-04,0.7183,0.0000,0.0000,0.0000,0.0000,5.0,nan
1327,1.32e-04,1.1096,0.0000,0.0000,0.0000,0.0000,5.3,nan
1328,1.31e-04,0.5152,0.0000,0.0000,0.0000,0.0000,4.9,nan
1329,1.31e-04,0.8958,0.0000,0.0000,0.0000,0.0000,4.8,nan
1330,1.31e-04,0.8336,0.0000,0.0000,0.0000,0.0000,5.2,nan
1331,1.30e-04,0.9606,0.0000,0.0000,0.0000,0.0000,5.1,nan
1332,1.30e-04,0.9893,0.0000,0.0000,0.0000,0.0000,4.9,nan
1333,1.30e-04,0.6151,0.0000,0.0000,0.0000,0.0000,5.3,nan
1334,1.29e-04,0.6623,0.0000,0.0000,0.0000,0.0000,5.2,nan
1335,1.29e-04,0.7344,0.0000,0.0000,0.0000,0.0000,5.2,nan
1336,1.29e-04,0.6736,0.0000,0.0000,0.0000,0.0000,5.1,nan
1337,1.28e-04,0.4563,0.0000,0.0000,0.0000,0.0000,5.1,nan
1338,1.28e-04,0.7558,0.0000,0.0000,0.0000,0.0000,5.2,nan
1339,1.28e-04,0.5287,0.0000,0.0000,0.0000,0.0000,5.1,nan
1340,1.27e-04,0.5610,0.0000,0.0000,0.0000,0.0000,8.7,0.5975
1341,1.27e-04,0.8372,0.0000,0.0000,0.0000,0.0000,5.3,nan
1342,1.27e-04,0.5222,0.0000,0.0000,0.0000,0.0000,5.4,nan
1343,1.26e-04,0.7369,0.0000,0.0000,0.0000,0.0000,5.0,nan
1344,1.26e-04,0.4750,0.0000,0.0000,0.0000,0.0000,5.2,nan
1345,1.26e-04,0.9567,0.0000,0.0000,0.0000,0.0000,5.0,nan
1346,1.25e-04,0.7471,0.0000,0.0000,0.0000,0.0000,5.2,nan
1347,1.25e-04,0.8018,0.0000,0.0000,0.0000,0.0000,5.3,nan
1348,1.25e-04,0.8120,0.0000,0.0000,0.0000,0.0000,5.3,nan
1349,1.24e-04,0.8958,0.0000,0.0000,0.0000,0.0000,5.0,nan
1350,1.24e-04,0.5009,0.0000,0.0000,0.0000,0.0000,5.2,nan
1351,1.24e-04,0.8804,0.0000,0.0000,0.0000,0.0000,5.1,nan
1352,1.23e-04,0.9445,0.0000,0.0000,0.0000,0.0000,5.1,nan
1353,1.23e-04,0.4951,0.0000,0.0000,0.0000,0.0000,5.0,nan
1354,1.23e-04,0.4837,0.0000,0.0000,0.0000,0.0000,5.2,nan
1355,1.22e-04,0.6332,0.0000,0.0000,0.0000,0.0000,5.2,nan
1356,1.22e-04,0.6128,0.0000,0.0000,0.0000,0.0000,4.9,nan
1357,1.22e-04,1.0116,0.0000,0.0000,0.0000,0.0000,4.9,nan
1358,1.21e-04,0.7341,0.0000,0.0000,0.0000,0.0000,5.2,nan
1359,1.21e-04,0.8096,0.0000,0.0000,0.0000,0.0000,4.9,nan
1360,1.21e-04,0.6494,0.0000,0.0000,0.0000,0.0000,8.3,0.6356
1361,1.20e-04,0.8314,0.0000,0.0000,0.0000,0.0000,5.2,nan
1362,1.20e-04,0.7063,0.0000,0.0000,0.0000,0.0000,5.5,nan
1363,1.20e-04,0.6378,0.0000,0.0000,0.0000,0.0000,5.2,nan
1364,1.19e-04,0.6392,0.0000,0.0000,0.0000,0.0000,5.1,nan
1365,1.19e-04,1.0107,0.0000,0.0000,0.0000,0.0000,5.2,nan
1366,1.19e-04,0.5737,0.0000,0.0000,0.0000,0.0000,5.1,nan
1367,1.18e-04,0.5433,0.0000,0.0000,0.0000,0.0000,5.1,nan
1368,1.18e-04,0.6948,0.0000,0.0000,0.0000,0.0000,5.2,nan
1369,1.18e-04,0.6037,0.0000,0.0000,0.0000,0.0000,5.1,nan
1370,1.17e-04,0.8631,0.0000,0.0000,0.0000,0.0000,5.3,nan
1371,1.17e-04,0.3712,0.0000,0.0000,0.0000,0.0000,5.1,nan
1372,1.17e-04,0.8542,0.0000,0.0000,0.0000,0.0000,5.2,nan
1373,1.16e-04,0.5365,0.0000,0.0000,0.0000,0.0000,5.0,nan
1374,1.16e-04,0.5766,0.0000,0.0000,0.0000,0.0000,5.0,nan
1375,1.16e-04,0.5257,0.0000,0.0000,0.0000,0.0000,4.9,nan
1376,1.15e-04,0.8954,0.0000,0.0000,0.0000,0.0000,5.1,nan
1377,1.15e-04,0.4422,0.0000,0.0000,0.0000,0.0000,5.2,nan
1378,1.15e-04,0.4458,0.0000,0.0000,0.0000,0.0000,5.3,nan
1379,1.14e-04,0.8515,0.0000,0.0000,0.0000,0.0000,5.0,nan
1380,1.14e-04,0.6073,0.0000,0.0000,0.0000,0.0000,8.4,0.5614
1381,1.14e-04,0.5302,0.0000,0.0000,0.0000,0.0000,5.1,nan
1382,1.13e-04,0.4834,0.0000,0.0000,0.0000,0.0000,5.2,nan
1383,1.13e-04,0.6212,0.0000,0.0000,0.0000,0.0000,5.1,nan
1384,1.13e-04,0.7060,0.0000,0.0000,0.0000,0.0000,4.9,nan
1385,1.12e-04,0.9454,0.0000,0.0000,0.0000,0.0000,5.2,nan
1386,1.12e-04,0.5109,0.0000,0.0000,0.0000,0.0000,5.0,nan
1387,1.12e-04,0.7256,0.0000,0.0000,0.0000,0.0000,4.9,nan
1388,1.12e-04,0.8612,0.0000,0.0000,0.0000,0.0000,4.9,nan
1389,1.11e-04,0.4912,0.0000,0.0000,0.0000,0.0000,5.1,nan
1390,1.11e-04,0.7966,0.0000,0.0000,0.0000,0.0000,4.7,nan
1391,1.11e-04,0.6643,0.0000,0.0000,0.0000,0.0000,5.1,nan
1392,1.10e-04,0.8293,0.0000,0.0000,0.0000,0.0000,4.9,nan
1393,1.10e-04,0.8861,0.0000,0.0000,0.0000,0.0000,5.1,nan
1394,1.10e-04,0.4975,0.0000,0.0000,0.0000,0.0000,5.0,nan
1395,1.09e-04,0.7886,0.0000,0.0000,0.0000,0.0000,4.9,nan
1396,1.09e-04,0.6304,0.0000,0.0000,0.0000,0.0000,5.1,nan
1397,1.09e-04,0.6040,0.0000,0.0000,0.0000,0.0000,5.1,nan
1398,1.08e-04,0.6713,0.0000,0.0000,0.0000,0.0000,5.2,nan
1399,1.08e-04,0.8178,0.0000,0.0000,0.0000,0.0000,4.9,nan
1400,1.08e-04,0.7225,0.0000,0.0000,0.0000,0.0000,8.6,0.6250
1401,1.07e-04,0.6983,0.0000,0.0000,0.0000,0.0000,5.4,nan
1402,1.07e-04,0.9772,0.0000,0.0000,0.0000,0.0000,5.0,nan
1403,1.07e-04,0.5636,0.0000,0.0000,0.0000,0.0000,5.2,nan
1404,1.06e-04,0.7708,0.0000,0.0000,0.0000,0.0000,5.2,nan
1405,1.06e-04,0.5268,0.0000,0.0000,0.0000,0.0000,5.0,nan
1406,1.06e-04,0.4937,0.0000,0.0000,0.0000,0.0000,5.1,nan
1407,1.05e-04,1.0243,0.0000,0.0000,0.0000,0.0000,5.2,nan
1408,1.05e-04,0.4939,0.0000,0.0000,0.0000,0.0000,5.3,nan
1409,1.05e-04,0.6320,0.0000,0.0000,0.0000,0.0000,5.1,nan
1410,1.05e-04,0.4634,0.0000,0.0000,0.0000,0.0000,5.0,nan
1411,1.04e-04,0.8522,0.0000,0.0000,0.0000,0.0000,5.1,nan
1412,1.04e-04,0.7076,0.0000,0.0000,0.0000,0.0000,5.2,nan
1413,1.04e-04,0.6362,0.0000,0.0000,0.0000,0.0000,5.2,nan
1414,1.03e-04,0.7314,0.0000,0.0000,0.0000,0.0000,5.2,nan
1415,1.03e-04,0.5656,0.0000,0.0000,0.0000,0.0000,5.1,nan
1416,1.03e-04,0.3486,0.0000,0.0000,0.0000,0.0000,5.2,nan
1417,1.02e-04,0.7546,0.0000,0.0000,0.0000,0.0000,5.2,nan
1418,1.02e-04,0.6338,0.0000,0.0000,0.0000,0.0000,5.1,nan
1419,1.02e-04,0.8156,0.0000,0.0000,0.0000,0.0000,5.2,nan
1420,1.01e-04,0.9285,0.0000,0.0000,0.0000,0.0000,8.6,0.6377
1421,1.01e-04,0.6458,0.0000,0.0000,0.0000,0.0000,5.1,nan
1422,1.01e-04,0.7611,0.0000,0.0000,0.0000,0.0000,4.9,nan
1423,1.01e-04,0.5487,0.0000,0.0000,0.0000,0.0000,5.3,nan
1424,1.00e-04,1.0240,0.0000,0.0000,0.0000,0.0000,5.2,nan
1425,9.99e-05,0.7812,0.0000,0.0000,0.0000,0.0000,5.1,nan
1426,9.96e-05,0.5294,0.0000,0.0000,0.0000,0.0000,5.3,nan
1427,9.93e-05,0.8498,0.0000,0.0000,0.0000,0.0000,5.0,nan
1428,9.90e-05,0.7278,0.0000,0.0000,0.0000,0.0000,5.2,nan
1429,9.87e-05,0.7161,0.0000,0.0000,0.0000,0.0000,5.0,nan
1430,9.84e-05,0.6593,0.0000,0.0000,0.0000,0.0000,5.1,nan
1431,9.80e-05,0.7364,0.0000,0.0000,0.0000,0.0000,5.0,nan
1432,9.77e-05,0.6240,0.0000,0.0000,0.0000,0.0000,5.0,nan
1433,9.74e-05,0.7765,0.0000,0.0000,0.0000,0.0000,5.0,nan
1434,9.71e-05,0.6655,0.0000,0.0000,0.0000,0.0000,5.2,nan
1435,9.68e-05,0.4903,0.0000,0.0000,0.0000,0.0000,5.2,nan
1436,9.65e-05,0.6607,0.0000,0.0000,0.0000,0.0000,5.2,nan
1437,9.62e-05,0.2410,0.0000,0.0000,0.0000,0.0000,5.1,nan
1438,9.59e-05,0.4185,0.0000,0.0000,0.0000,0.0000,4.9,nan
1439,9.56e-05,0.7324,0.0000,0.0000,0.0000,0.0000,5.1,nan
1440,9.53e-05,0.8674,0.0000,0.0000,0.0000,0.0000,8.3,0.6186
1441,9.50e-05,1.0097,0.0000,0.0000,0.0000,0.0000,5.1,nan
1442,9.47e-05,0.8188,0.0000,0.0000,0.0000,0.0000,5.1,nan
1443,9.44e-05,0.8125,0.0000,0.0000,0.0000,0.0000,5.0,nan
1444,9.41e-05,0.5002,0.0000,0.0000,0.0000,0.0000,5.1,nan
1445,9.38e-05,0.4969,0.0000,0.0000,0.0000,0.0000,5.1,nan
1446,9.35e-05,0.8011,0.0000,0.0000,0.0000,0.0000,5.2,nan
1447,9.32e-05,0.6809,0.0000,0.0000,0.0000,0.0000,5.0,nan
1448,9.29e-05,0.5092,0.0000,0.0000,0.0000,0.0000,5.2,nan
1449,9.26e-05,0.8025,0.0000,0.0000,0.0000,0.0000,5.0,nan
1450,9.23e-05,0.7557,0.0000,0.0000,0.0000,0.0000,5.1,nan
1451,9.20e-05,0.8459,0.0000,0.0000,0.0000,0.0000,5.2,nan
1452,9.17e-05,0.3333,0.0000,0.0000,0.0000,0.0000,5.3,nan
1453,9.14e-05,0.6317,0.0000,0.0000,0.0000,0.0000,5.1,nan
1454,9.11e-05,0.5523,0.0000,0.0000,0.0000,0.0000,5.0,nan
1455,9.08e-05,0.6581,0.0000,0.0000,0.0000,0.0000,5.3,nan
1456,9.05e-05,0.8316,0.0000,0.0000,0.0000,0.0000,5.1,nan
1457,9.02e-05,0.5519,0.0000,0.0000,0.0000,0.0000,5.1,nan
1458,8.99e-05,0.3661,0.0000,0.0000,0.0000,0.0000,5.0,nan
1459,8.97e-05,0.8464,0.0000,0.0000,0.0000,0.0000,4.9,nan
1460,8.94e-05,0.5177,0.0000,0.0000,0.0000,0.0000,8.4,0.6229
1461,8.91e-05,0.8160,0.0000,0.0000,0.0000,0.0000,5.1,nan
1462,8.88e-05,0.6015,0.0000,0.0000,0.0000,0.0000,5.2,nan
1463,8.85e-05,0.8722,0.0000,0.0000,0.0000,0.0000,5.1,nan
1464,8.82e-05,0.7652,0.0000,0.0000,0.0000,0.0000,5.4,nan
1465,8.79e-05,0.7108,0.0000,0.0000,0.0000,0.0000,5.1,nan
1466,8.76e-05,0.4181,0.0000,0.0000,0.0000,0.0000,5.2,nan
1467,8.73e-05,0.5484,0.0000,0.0000,0.0000,0.0000,5.1,nan
1468,8.70e-05,0.7259,0.0000,0.0000,0.0000,0.0000,5.1,nan
1469,8.67e-05,0.7174,0.0000,0.0000,0.0000,0.0000,5.3,nan
1470,8.64e-05,0.5814,0.0000,0.0000,0.0000,0.0000,5.4,nan
1471,8.62e-05,0.6589,0.0000,0.0000,0.0000,0.0000,5.1,nan
1472,8.59e-05,0.8793,0.0000,0.0000,0.0000,0.0000,5.9,nan
1473,8.56e-05,0.5205,0.0000,0.0000,0.0000,0.0000,5.9,nan
1474,8.53e-05,0.9287,0.0000,0.0000,0.0000,0.0000,5.2,nan
1475,8.50e-05,0.5523,0.0000,0.0000,0.0000,0.0000,5.2,nan
1476,8.47e-05,0.5100,0.0000,0.0000,0.0000,0.0000,5.4,nan
1477,8.44e-05,0.7202,0.0000,0.0000,0.0000,0.0000,5.1,nan
1478,8.41e-05,0.7351,0.0000,0.0000,0.0000,0.0000,5.1,nan
1479,8.39e-05,0.7115,0.0000,0.0000,0.0000,0.0000,5.4,nan
1480,8.36e-05,0.9137,0.0000,0.0000,0.0000,0.0000,9.0,0.6250
1481,8.33e-05,0.7607,0.0000,0.0000,0.0000,0.0000,5.2,nan
1482,8.30e-05,0.9501,0.0000,0.0000,0.0000,0.0000,5.2,nan
1483,8.27e-05,0.5976,0.0000,0.0000,0.0000,0.0000,5.4,nan
1484,8.24e-05,0.8496,0.0000,0.0000,0.0000,0.0000,5.3,nan
1485,8.21e-05,0.4297,0.0000,0.0000,0.0000,0.0000,5.4,nan
1486,8.19e-05,0.5803,0.0000,0.0000,0.0000,0.0000,5.2,nan
1487,8.16e-05,0.6360,0.0000,0.0000,0.0000,0.0000,5.3,nan
1488,8.13e-05,0.6432,0.0000,0.0000,0.0000,0.0000,5.1,nan
1489,8.10e-05,0.8005,0.0000,0.0000,0.0000,0.0000,5.2,nan
1490,8.07e-05,0.5681,0.0000,0.0000,0.0000,0.0000,5.5,nan
1491,8.05e-05,0.5451,0.0000,0.0000,0.0000,0.0000,5.3,nan
1492,8.02e-05,0.6959,0.0000,0.0000,0.0000,0.0000,5.3,nan
1493,7.99e-05,0.5027,0.0000,0.0000,0.0000,0.0000,5.1,nan
1494,7.96e-05,1.0093,0.0000,0.0000,0.0000,0.0000,5.4,nan
1495,7.93e-05,0.7460,0.0000,0.0000,0.0000,0.0000,5.4,nan
1496,7.91e-05,0.5708,0.0000,0.0000,0.0000,0.0000,5.0,nan
1497,7.88e-05,0.5828,0.0000,0.0000,0.0000,0.0000,5.1,nan
1498,7.85e-05,0.4347,0.0000,0.0000,0.0000,0.0000,5.4,nan
1499,7.82e-05,0.6254,0.0000,0.0000,0.0000,0.0000,5.2,nan
1500,7.79e-05,0.4498,0.0000,0.0000,0.0000,0.0000,8.7,0.5953
1501,7.77e-05,0.6931,0.0000,0.0000,0.0000,0.0000,5.4,nan
1502,7.74e-05,0.6916,0.0000,0.0000,0.0000,0.0000,6.2,nan
1503,7.71e-05,0.6611,0.0000,0.0000,0.0000,0.0000,5.3,nan
1504,7.68e-05,0.8450,0.0000,0.0000,0.0000,0.0000,5.1,nan
1505,7.66e-05,0.5789,0.0000,0.0000,0.0000,0.0000,5.2,nan
1506,7.63e-05,0.8065,0.0000,0.0000,0.0000,0.0000,5.2,nan
1507,7.60e-05,0.3743,0.0000,0.0000,0.0000,0.0000,4.9,nan
1508,7.57e-05,0.5231,0.0000,0.0000,0.0000,0.0000,4.9,nan
1509,7.55e-05,0.8360,0.0000,0.0000,0.0000,0.0000,4.8,nan
1510,7.52e-05,0.7335,0.0000,0.0000,0.0000,0.0000,5.0,nan
1511,7.49e-05,0.7005,0.0000,0.0000,0.0000,0.0000,4.8,nan
1512,7.46e-05,0.9787,0.0000,0.0000,0.0000,0.0000,5.0,nan
1513,7.44e-05,0.5054,0.0000,0.0000,0.0000,0.0000,5.0,nan
1514,7.41e-05,0.5786,0.0000,0.0000,0.0000,0.0000,5.0,nan
1515,7.38e-05,0.6144,0.0000,0.0000,0.0000,0.0000,5.0,nan
1516,7.36e-05,0.9318,0.0000,0.0000,0.0000,0.0000,4.8,nan
1517,7.33e-05,0.6609,0.0000,0.0000,0.0000,0.0000,5.0,nan
1518,7.30e-05,0.3831,0.0000,0.0000,0.0000,0.0000,5.0,nan
1519,7.28e-05,0.8588,0.0000,0.0000,0.0000,0.0000,5.1,nan
1520,7.25e-05,0.8529,0.0000,0.0000,0.0000,0.0000,8.0,0.5953
1521,7.22e-05,0.7864,0.0000,0.0000,0.0000,0.0000,5.0,nan
1522,7.20e-05,0.5768,0.0000,0.0000,0.0000,0.0000,4.8,nan
1523,7.17e-05,0.4756,0.0000,0.0000,0.0000,0.0000,4.8,nan
1524,7.14e-05,0.6025,0.0000,0.0000,0.0000,0.0000,4.9,nan
1525,7.12e-05,0.4919,0.0000,0.0000,0.0000,0.0000,5.0,nan
1526,7.09e-05,0.4771,0.0000,0.0000,0.0000,0.0000,5.0,nan
1527,7.06e-05,0.3080,0.0000,0.0000,0.0000,0.0000,5.0,nan
1528,7.04e-05,0.6826,0.0000,0.0000,0.0000,0.0000,5.0,nan
1529,7.01e-05,0.4428,0.0000,0.0000,0.0000,0.0000,4.8,nan
1530,6.98e-05,0.6945,0.0000,0.0000,0.0000,0.0000,4.8,nan
1531,6.96e-05,0.5768,0.0000,0.0000,0.0000,0.0000,5.0,nan
1532,6.93e-05,0.8736,0.0000,0.0000,0.0000,0.0000,4.8,nan
1533,6.90e-05,0.7523,0.0000,0.0000,0.0000,0.0000,5.1,nan
1534,6.88e-05,0.7293,0.0000,0.0000,0.0000,0.0000,5.0,nan
1535,6.85e-05,0.7009,0.0000,0.0000,0.0000,0.0000,4.9,nan
1536,6.83e-05,0.8090,0.0000,0.0000,0.0000,0.0000,4.8,nan
1537,6.80e-05,0.6228,0.0000,0.0000,0.0000,0.0000,5.0,nan
1538,6.77e-05,0.7189,0.0000,0.0000,0.0000,0.0000,5.0,nan
1539,6.75e-05,0.7731,0.0000,0.0000,0.0000,0.0000,5.0,nan
1540,6.72e-05,0.6392,0.0000,0.0000,0.0000,0.0000,8.1,0.5953
1541,6.70e-05,0.5758,0.0000,0.0000,0.0000,0.0000,5.0,nan
1542,6.67e-05,0.9591,0.0000,0.0000,0.0000,0.0000,4.9,nan
1543,6.64e-05,0.7978,0.0000,0.0000,0.0000,0.0000,4.8,nan
1544,6.62e-05,0.5252,0.0000,0.0000,0.0000,0.0000,4.8,nan
1545,6.59e-05,0.5763,0.0000,0.0000,0.0000,0.0000,4.9,nan
1546,6.57e-05,0.4947,0.0000,0.0000,0.0000,0.0000,4.5,nan
1547,6.54e-05,0.7101,0.0000,0.0000,0.0000,0.0000,4.4,nan
1548,6.52e-05,0.6650,0.0000,0.0000,0.0000,0.0000,4.3,nan
1549,6.49e-05,0.6466,0.0000,0.0000,0.0000,0.0000,4.5,nan
1550,6.46e-05,0.4360,0.0000,0.0000,0.0000,0.0000,4.4,nan
1551,6.44e-05,0.8270,0.0000,0.0000,0.0000,0.0000,4.3,nan
1552,6.41e-05,0.7146,0.0000,0.0000,0.0000,0.0000,4.3,nan
1553,6.39e-05,0.6538,0.0000,0.0000,0.0000,0.0000,4.4,nan
1554,6.36e-05,0.4586,0.0000,0.0000,0.0000,0.0000,4.2,nan
1555,6.34e-05,0.6944,0.0000,0.0000,0.0000,0.0000,4.3,nan
1556,6.31e-05,0.4969,0.0000,0.0000,0.0000,0.0000,4.2,nan
1557,6.29e-05,0.6055,0.0000,0.0000,0.0000,0.0000,4.2,nan
1558,6.26e-05,0.8366,0.0000,0.0000,0.0000,0.0000,4.2,nan
1559,6.24e-05,0.5851,0.0000,0.0000,0.0000,0.0000,4.2,nan
1560,6.21e-05,0.8939,0.0000,0.0000,0.0000,0.0000,7.3,0.5890
1561,6.19e-05,0.7352,0.0000,0.0000,0.0000,0.0000,4.4,nan
1562,6.16e-05,0.6566,0.0000,0.0000,0.0000,0.0000,4.5,nan
1563,6.14e-05,0.5920,0.0000,0.0000,0.0000,0.0000,4.3,nan
1564,6.11e-05,0.7028,0.0000,0.0000,0.0000,0.0000,4.4,nan
1565,6.09e-05,0.8661,0.0000,0.0000,0.0000,0.0000,4.7,nan
1566,6.06e-05,0.7768,0.0000,0.0000,0.0000,0.0000,5.2,nan
1567,6.04e-05,0.4776,0.0000,0.0000,0.0000,0.0000,5.1,nan
1568,6.01e-05,0.8405,0.0000,0.0000,0.0000,0.0000,5.0,nan
1569,5.99e-05,0.7605,0.0000,0.0000,0.0000,0.0000,5.0,nan
1570,5.97e-05,0.9136,0.0000,0.0000,0.0000,0.0000,5.0,nan
1571,5.94e-05,0.6624,0.0000,0.0000,0.0000,0.0000,5.3,nan
1572,5.92e-05,0.5727,0.0000,0.0000,0.0000,0.0000,5.0,nan
1573,5.89e-05,0.6878,0.0000,0.0000,0.0000,0.0000,5.3,nan
1574,5.87e-05,0.5070,0.0000,0.0000,0.0000,0.0000,5.0,nan
1575,5.84e-05,0.6295,0.0000,0.0000,0.0000,0.0000,5.1,nan
1576,5.82e-05,0.6938,0.0000,0.0000,0.0000,0.0000,5.1,nan
1577,5.80e-05,0.7970,0.0000,0.0000,0.0000,0.0000,5.1,nan
1578,5.77e-05,0.6463,0.0000,0.0000,0.0000,0.0000,4.9,nan
1579,5.75e-05,0.7365,0.0000,0.0000,0.0000,0.0000,5.2,nan
1580,5.72e-05,0.8683,0.0000,0.0000,0.0000,0.0000,8.3,0.5784
1581,5.70e-05,0.8464,0.0000,0.0000,0.0000,0.0000,5.2,nan
1582,5.68e-05,0.8972,0.0000,0.0000,0.0000,0.0000,5.0,nan
1583,5.65e-05,0.3677,0.0000,0.0000,0.0000,0.0000,5.1,nan
1584,5.63e-05,0.3254,0.0000,0.0000,0.0000,0.0000,5.1,nan
1585,5.60e-05,0.7478,0.0000,0.0000,0.0000,0.0000,5.0,nan
1586,5.58e-05,0.5735,0.0000,0.0000,0.0000,0.0000,5.2,nan
1587,5.56e-05,0.4104,0.0000,0.0000,0.0000,0.0000,5.0,nan
1588,5.53e-05,0.4306,0.0000,0.0000,0.0000,0.0000,5.1,nan
1589,5.51e-05,0.8028,0.0000,0.0000,0.0000,0.0000,5.2,nan
1590,5.49e-05,0.9995,0.0000,0.0000,0.0000,0.0000,5.2,nan
1591,5.46e-05,0.7545,0.0000,0.0000,0.0000,0.0000,5.1,nan
1592,5.44e-05,1.0622,0.0000,0.0000,0.0000,0.0000,5.5,nan
1593,5.42e-05,0.7849,0.0000,0.0000,0.0000,0.0000,5.2,nan
1594,5.39e-05,0.7491,0.0000,0.0000,0.0000,0.0000,5.2,nan
1595,5.37e-05,0.4747,0.0000,0.0000,0.0000,0.0000,5.1,nan
1596,5.35e-05,1.0217,0.0000,0.0000,0.0000,0.0000,5.0,nan
1597,5.32e-05,0.5338,0.0000,0.0000,0.0000,0.0000,4.9,nan
1598,5.30e-05,0.8044,0.0000,0.0000,0.0000,0.0000,5.2,nan
1599,5.28e-05,0.7790,0.0000,0.0000,0.0000,0.0000,5.0,nan
1600,5.25e-05,0.4755,0.0000,0.0000,0.0000,0.0000,8.5,0.5996
1601,5.23e-05,0.5253,0.0000,0.0000,0.0000,0.0000,5.1,nan
1602,5.21e-05,0.8307,0.0000,0.0000,0.0000,0.0000,5.0,nan
1603,5.18e-05,0.9061,0.0000,0.0000,0.0000,0.0000,5.1,nan
1604,5.16e-05,0.8261,0.0000,0.0000,0.0000,0.0000,5.1,nan
1605,5.14e-05,0.4297,0.0000,0.0000,0.0000,0.0000,5.2,nan
1606,5.12e-05,0.8634,0.0000,0.0000,0.0000,0.0000,5.1,nan
1607,5.09e-05,0.6957,0.0000,0.0000,0.0000,0.0000,5.4,nan
1608,5.07e-05,0.7189,0.0000,0.0000,0.0000,0.0000,5.2,nan
1609,5.05e-05,0.5877,0.0000,0.0000,0.0000,0.0000,5.1,nan
1610,5.02e-05,0.6693,0.0000,0.0000,0.0000,0.0000,5.2,nan
1611,5.00e-05,0.3933,0.0000,0.0000,0.0000,0.0000,5.2,nan
1612,4.98e-05,0.8547,0.0000,0.0000,0.0000,0.0000,5.2,nan
1613,4.96e-05,0.6242,0.0000,0.0000,0.0000,0.0000,5.1,nan
1614,4.94e-05,0.4712,0.0000,0.0000,0.0000,0.0000,5.2,nan
1615,4.91e-05,0.6421,0.0000,0.0000,0.0000,0.0000,4.9,nan
1616,4.89e-05,0.6280,0.0000,0.0000,0.0000,0.0000,5.1,nan
1617,4.87e-05,0.7227,0.0000,0.0000,0.0000,0.0000,5.2,nan
1618,4.85e-05,0.5063,0.0000,0.0000,0.0000,0.0000,5.0,nan
1619,4.82e-05,0.8169,0.0000,0.0000,0.0000,0.0000,5.0,nan
1620,4.80e-05,0.6259,0.0000,0.0000,0.0000,0.0000,8.1,0.5826
1621,4.78e-05,0.8269,0.0000,0.0000,0.0000,0.0000,5.0,nan
1622,4.76e-05,0.4139,0.0000,0.0000,0.0000,0.0000,5.2,nan
1623,4.74e-05,0.5070,0.0000,0.0000,0.0000,0.0000,5.0,nan
1624,4.71e-05,0.7656,0.0000,0.0000,0.0000,0.0000,4.8,nan
1625,4.69e-05,0.8483,0.0000,0.0000,0.0000,0.0000,5.1,nan
1626,4.67e-05,0.7451,0.0000,0.0000,0.0000,0.0000,5.0,nan
1627,4.65e-05,0.7993,0.0000,0.0000,0.0000,0.0000,5.1,nan
1628,4.63e-05,0.7541,0.0000,0.0000,0.0000,0.0000,5.0,nan
1629,4.61e-05,0.7340,0.0000,0.0000,0.0000,0.0000,5.3,nan
1630,4.58e-05,0.5301,0.0000,0.0000,0.0000,0.0000,5.0,nan
1631,4.56e-05,0.6545,0.0000,0.0000,0.0000,0.0000,5.1,nan
1632,4.54e-05,0.5757,0.0000,0.0000,0.0000,0.0000,5.0,nan
1633,4.52e-05,0.5842,0.0000,0.0000,0.0000,0.0000,5.0,nan
1634,4.50e-05,1.0317,0.0000,0.0000,0.0000,0.0000,5.2,nan
1635,4.48e-05,0.5553,0.0000,0.0000,0.0000,0.0000,5.2,nan
1636,4.46e-05,0.5029,0.0000,0.0000,0.0000,0.0000,5.0,nan
1637,4.44e-05,0.4884,0.0000,0.0000,0.0000,0.0000,5.1,nan
1638,4.41e-05,0.6467,0.0000,0.0000,0.0000,0.0000,5.1,nan
1639,4.39e-05,0.8881,0.0000,0.0000,0.0000,0.0000,5.2,nan
1640,4.37e-05,0.6668,0.0000,0.0000,0.0000,0.0000,8.5,0.6017
1641,4.35e-05,0.6846,0.0000,0.0000,0.0000,0.0000,5.1,nan
1642,4.33e-05,0.6283,0.0000,0.0000,0.0000,0.0000,4.9,nan
1643,4.31e-05,0.8402,0.0000,0.0000,0.0000,0.0000,5.1,nan
1644,4.29e-05,0.4214,0.0000,0.0000,0.0000,0.0000,5.2,nan
1645,4.27e-05,0.5675,0.0000,0.0000,0.0000,0.0000,5.0,nan
1646,4.25e-05,0.6584,0.0000,0.0000,0.0000,0.0000,5.0,nan
1647,4.23e-05,0.9422,0.0000,0.0000,0.0000,0.0000,5.1,nan
1648,4.21e-05,0.7832,0.0000,0.0000,0.0000,0.0000,5.1,nan
1649,4.19e-05,0.6208,0.0000,0.0000,0.0000,0.0000,5.1,nan
1650,4.17e-05,0.5862,0.0000,0.0000,0.0000,0.0000,5.1,nan
1651,4.14e-05,0.6740,0.0000,0.0000,0.0000,0.0000,5.0,nan
1652,4.12e-05,0.5609,0.0000,0.0000,0.0000,0.0000,5.2,nan
1653,4.10e-05,0.6979,0.0000,0.0000,0.0000,0.0000,5.3,nan
1654,4.08e-05,0.6196,0.0000,0.0000,0.0000,0.0000,5.1,nan
1655,4.06e-05,0.7673,0.0000,0.0000,0.0000,0.0000,5.1,nan
1656,4.04e-05,0.5643,0.0000,0.0000,0.0000,0.0000,5.1,nan
1657,4.02e-05,0.5216,0.0000,0.0000,0.0000,0.0000,5.0,nan
1658,4.00e-05,0.7784,0.0000,0.0000,0.0000,0.0000,5.2,nan
1659,3.98e-05,0.5002,0.0000,0.0000,0.0000,0.0000,5.0,nan
1660,3.96e-05,0.5460,0.0000,0.0000,0.0000,0.0000,8.4,0.6271
1661,3.94e-05,0.8044,0.0000,0.0000,0.0000,0.0000,5.2,nan
1662,3.92e-05,0.5063,0.0000,0.0000,0.0000,0.0000,4.9,nan
1663,3.90e-05,0.5199,0.0000,0.0000,0.0000,0.0000,5.2,nan
1664,3.88e-05,0.3433,0.0000,0.0000,0.0000,0.0000,5.3,nan
1665,3.86e-05,0.7698,0.0000,0.0000,0.0000,0.0000,5.2,nan
1666,3.84e-05,0.9630,0.0000,0.0000,0.0000,0.0000,5.4,nan
1667,3.82e-05,0.5352,0.0000,0.0000,0.0000,0.0000,5.2,nan
1668,3.81e-05,0.7295,0.0000,0.0000,0.0000,0.0000,5.0,nan
1669,3.79e-05,0.5384,0.0000,0.0000,0.0000,0.0000,5.3,nan
1670,3.77e-05,0.6322,0.0000,0.0000,0.0000,0.0000,5.3,nan
1671,3.75e-05,0.8305,0.0000,0.0000,0.0000,0.0000,5.2,nan
1672,3.73e-05,0.7143,0.0000,0.0000,0.0000,0.0000,5.1,nan
1673,3.71e-05,0.7931,0.0000,0.0000,0.0000,0.0000,5.1,nan
1674,3.69e-05,0.8241,0.0000,0.0000,0.0000,0.0000,5.2,nan
1675,3.67e-05,0.9338,0.0000,0.0000,0.0000,0.0000,5.2,nan
1676,3.65e-05,0.4032,0.0000,0.0000,0.0000,0.0000,5.0,nan
1677,3.63e-05,0.6007,0.0000,0.0000,0.0000,0.0000,5.1,nan
1678,3.61e-05,0.7164,0.0000,0.0000,0.0000,0.0000,5.2,nan
1679,3.59e-05,0.5052,0.0000,0.0000,0.0000,0.0000,4.9,nan
1680,3.58e-05,1.0168,0.0000,0.0000,0.0000,0.0000,8.5,0.6356
1681,3.56e-05,0.9397,0.0000,0.0000,0.0000,0.0000,5.2,nan
1682,3.54e-05,0.6058,0.0000,0.0000,0.0000,0.0000,4.9,nan
1683,3.52e-05,0.7794,0.0000,0.0000,0.0000,0.0000,4.9,nan
1684,3.50e-05,0.8929,0.0000,0.0000,0.0000,0.0000,5.4,nan
1685,3.48e-05,0.6870,0.0000,0.0000,0.0000,0.0000,5.2,nan
1686,3.46e-05,0.8573,0.0000,0.0000,0.0000,0.0000,5.1,nan
1687,3.44e-05,0.7701,0.0000,0.0000,0.0000,0.0000,5.0,nan
1688,3.43e-05,0.8560,0.0000,0.0000,0.0000,0.0000,5.2,nan
1689,3.41e-05,0.5790,0.0000,0.0000,0.0000,0.0000,5.2,nan
1690,3.39e-05,0.6347,0.0000,0.0000,0.0000,0.0000,5.0,nan
1691,3.37e-05,0.6517,0.0000,0.0000,0.0000,0.0000,5.0,nan
1692,3.35e-05,0.5384,0.0000,0.0000,0.0000,0.0000,5.0,nan
1693,3.33e-05,0.4788,0.0000,0.0000,0.0000,0.0000,5.0,nan
1694,3.32e-05,0.8524,0.0000,0.0000,0.0000,0.0000,5.0,nan
1695,3.30e-05,0.7252,0.0000,0.0000,0.0000,0.0000,5.3,nan
1696,3.28e-05,0.6900,0.0000,0.0000,0.0000,0.0000,4.9,nan
1697,3.26e-05,1.0737,0.0000,0.0000,0.0000,0.0000,5.2,nan
1698,3.24e-05,0.6199,0.0000,0.0000,0.0000,0.0000,5.1,nan
1699,3.23e-05,0.6087,0.0000,0.0000,0.0000,0.0000,5.2,nan
1700,3.21e-05,0.5537,0.0000,0.0000,0.0000,0.0000,8.7,0.6017
1701,3.19e-05,0.7113,0.0000,0.0000,0.0000,0.0000,5.0,nan
1702,3.17e-05,0.4866,0.0000,0.0000,0.0000,0.0000,5.2,nan
1703,3.16e-05,0.7799,0.0000,0.0000,0.0000,0.0000,4.9,nan
1704,3.14e-05,0.6258,0.0000,0.0000,0.0000,0.0000,5.1,nan
1705,3.12e-05,0.4295,0.0000,0.0000,0.0000,0.0000,5.3,nan
1706,3.10e-05,0.3708,0.0000,0.0000,0.0000,0.0000,5.3,nan
1707,3.09e-05,0.6818,0.0000,0.0000,0.0000,0.0000,5.0,nan
1708,3.07e-05,0.9829,0.0000,0.0000,0.0000,0.0000,5.0,nan
1709,3.05e-05,0.4171,0.0000,0.0000,0.0000,0.0000,5.0,nan
1710,3.03e-05,0.6872,0.0000,0.0000,0.0000,0.0000,4.8,nan
1711,3.02e-05,0.6563,0.0000,0.0000,0.0000,0.0000,5.2,nan
1712,3.00e-05,0.3893,0.0000,0.0000,0.0000,0.0000,5.0,nan
1713,2.98e-05,0.6167,0.0000,0.0000,0.0000,0.0000,5.0,nan
1714,2.97e-05,0.4137,0.0000,0.0000,0.0000,0.0000,5.1,nan
1715,2.95e-05,0.5619,0.0000,0.0000,0.0000,0.0000,5.3,nan
1716,2.93e-05,0.6602,0.0000,0.0000,0.0000,0.0000,5.2,nan
1717,2.91e-05,0.6516,0.0000,0.0000,0.0000,0.0000,4.9,nan
1718,2.90e-05,0.5380,0.0000,0.0000,0.0000,0.0000,5.3,nan
1719,2.88e-05,1.0495,0.0000,0.0000,0.0000,0.0000,5.2,nan
1720,2.86e-05,0.7812,0.0000,0.0000,0.0000,0.0000,8.5,0.5953
1721,2.85e-05,0.7130,0.0000,0.0000,0.0000,0.0000,5.1,nan
1722,2.83e-05,0.6455,0.0000,0.0000,0.0000,0.0000,5.2,nan
1723,2.81e-05,0.9395,0.0000,0.0000,0.0000,0.0000,5.3,nan
1724,2.80e-05,1.0890,0.0000,0.0000,0.0000,0.0000,5.3,nan
1725,2.78e-05,0.6383,0.0000,0.0000,0.0000,0.0000,5.1,nan
1726,2.77e-05,0.6690,0.0000,0.0000,0.0000,0.0000,5.2,nan
1727,2.75e-05,0.4892,0.0000,0.0000,0.0000,0.0000,5.1,nan
1728,2.73e-05,0.4888,0.0000,0.0000,0.0000,0.0000,5.3,nan
1729,2.72e-05,0.6280,0.0000,0.0000,0.0000,0.0000,5.1,nan
1730,2.70e-05,0.5910,0.0000,0.0000,0.0000,0.0000,5.0,nan
1731,2.68e-05,0.6676,0.0000,0.0000,0.0000,0.0000,5.1,nan
1732,2.67e-05,0.7498,0.0000,0.0000,0.0000,0.0000,5.2,nan
1733,2.65e-05,1.0152,0.0000,0.0000,0.0000,0.0000,5.2,nan
1734,2.64e-05,0.7803,0.0000,0.0000,0.0000,0.0000,5.2,nan
1735,2.62e-05,0.6582,0.0000,0.0000,0.0000,0.0000,5.2,nan
1736,2.60e-05,0.6733,0.0000,0.0000,0.0000,0.0000,5.0,nan
1737,2.59e-05,0.5324,0.0000,0.0000,0.0000,0.0000,5.1,nan
1738,2.57e-05,0.5827,0.0000,0.0000,0.0000,0.0000,5.1,nan
1739,2.56e-05,0.7331,0.0000,0.0000,0.0000,0.0000,5.2,nan
1740,2.54e-05,0.8092,0.0000,0.0000,0.0000,0.0000,8.2,0.6059
1741,2.53e-05,1.0126,0.0000,0.0000,0.0000,0.0000,5.3,nan
1742,2.51e-05,0.7152,0.0000,0.0000,0.0000,0.0000,5.2,nan
1743,2.50e-05,0.6105,0.0000,0.0000,0.0000,0.0000,5.3,nan
1744,2.48e-05,0.9392,0.0000,0.0000,0.0000,0.0000,5.1,nan
1745,2.47e-05,0.5751,0.0000,0.0000,0.0000,0.0000,5.1,nan
1746,2.45e-05,0.5357,0.0000,0.0000,0.0000,0.0000,5.2,nan
1747,2.43e-05,0.8287,0.0000,0.0000,0.0000,0.0000,5.3,nan
1748,2.42e-05,0.4935,0.0000,0.0000,0.0000,0.0000,5.3,nan
1749,2.40e-05,0.6891,0.0000,0.0000,0.0000,0.0000,5.1,nan
1750,2.39e-05,0.9773,0.0000,0.0000,0.0000,0.0000,4.9,nan
1751,2.37e-05,0.6143,0.0000,0.0000,0.0000,0.0000,5.1,nan
1752,2.36e-05,0.4750,0.0000,0.0000,0.0000,0.0000,5.1,nan
1753,2.34e-05,0.4754,0.0000,0.0000,0.0000,0.0000,5.3,nan
1754,2.33e-05,0.5674,0.0000,0.0000,0.0000,0.0000,5.2,nan
1755,2.32e-05,0.8386,0.0000,0.0000,0.0000,0.0000,5.1,nan
1756,2.30e-05,0.4687,0.0000,0.0000,0.0000,0.0000,4.8,nan
1757,2.29e-05,0.5892,0.0000,0.0000,0.0000,0.0000,5.1,nan
1758,2.27e-05,0.6079,0.0000,0.0000,0.0000,0.0000,5.3,nan
1759,2.26e-05,0.6310,0.0000,0.0000,0.0000,0.0000,5.3,nan
1760,2.24e-05,0.5916,0.0000,0.0000,0.0000,0.0000,8.4,0.6144
1761,2.23e-05,0.9411,0.0000,0.0000,0.0000,0.0000,5.2,nan
1762,2.21e-05,0.6390,0.0000,0.0000,0.0000,0.0000,5.1,nan
1763,2.20e-05,0.5905,0.0000,0.0000,0.0000,0.0000,4.9,nan
1764,2.19e-05,0.3776,0.0000,0.0000,0.0000,0.0000,4.8,nan
1765,2.17e-05,0.8416,0.0000,0.0000,0.0000,0.0000,5.1,nan
1766,2.16e-05,0.4154,0.0000,0.0000,0.0000,0.0000,5.1,nan
1767,2.14e-05,0.4595,0.0000,0.0000,0.0000,0.0000,5.0,nan
1768,2.13e-05,0.6624,0.0000,0.0000,0.0000,0.0000,5.2,nan
1769,2.12e-05,0.6027,0.0000,0.0000,0.0000,0.0000,5.0,nan
1770,2.10e-05,0.4861,0.0000,0.0000,0.0000,0.0000,5.2,nan
1771,2.09e-05,0.5970,0.0000,0.0000,0.0000,0.0000,5.2,nan
1772,2.07e-05,0.8343,0.0000,0.0000,0.0000,0.0000,5.2,nan
1773,2.06e-05,0.6807,0.0000,0.0000,0.0000,0.0000,5.1,nan
1774,2.05e-05,0.9286,0.0000,0.0000,0.0000,0.0000,5.3,nan
1775,2.03e-05,0.5398,0.0000,0.0000,0.0000,0.0000,5.1,nan
1776,2.02e-05,0.6493,0.0000,0.0000,0.0000,0.0000,5.1,nan
1777,2.01e-05,0.5251,0.0000,0.0000,0.0000,0.0000,5.2,nan
1778,1.99e-05,0.6973,0.0000,0.0000,0.0000,0.0000,5.2,nan
1779,1.98e-05,0.6397,0.0000,0.0000,0.0000,0.0000,5.3,nan
1780,1.97e-05,0.5516,0.0000,0.0000,0.0000,0.0000,8.5,0.6186
1781,1.95e-05,0.4986,0.0000,0.0000,0.0000,0.0000,5.2,nan
1782,1.94e-05,0.5658,0.0000,0.0000,0.0000,0.0000,5.3,nan
1783,1.93e-05,0.7862,0.0000,0.0000,0.0000,0.0000,5.0,nan
1784,1.91e-05,0.5500,0.0000,0.0000,0.0000,0.0000,5.1,nan
1785,1.90e-05,0.5779,0.0000,0.0000,0.0000,0.0000,5.1,nan
1786,1.89e-05,0.6948,0.0000,0.0000,0.0000,0.0000,5.0,nan
1787,1.87e-05,0.6762,0.0000,0.0000,0.0000,0.0000,5.2,nan
1788,1.86e-05,0.7256,0.0000,0.0000,0.0000,0.0000,5.1,nan
1789,1.85e-05,0.6203,0.0000,0.0000,0.0000,0.0000,5.3,nan
1790,1.84e-05,0.4607,0.0000,0.0000,0.0000,0.0000,5.1,nan
1791,1.82e-05,0.6574,0.0000,0.0000,0.0000,0.0000,5.1,nan
1792,1.81e-05,0.8936,0.0000,0.0000,0.0000,0.0000,5.2,nan
1793,1.80e-05,0.5775,0.0000,0.0000,0.0000,0.0000,5.5,nan
1794,1.79e-05,0.4089,0.0000,0.0000,0.0000,0.0000,5.3,nan
1795,1.77e-05,0.5434,0.0000,0.0000,0.0000,0.0000,5.1,nan
1796,1.76e-05,0.7467,0.0000,0.0000,0.0000,0.0000,5.2,nan
1797,1.75e-05,0.5527,0.0000,0.0000,0.0000,0.0000,5.1,nan
1798,1.74e-05,0.6751,0.0000,0.0000,0.0000,0.0000,5.3,nan
1799,1.72e-05,0.6985,0.0000,0.0000,0.0000,0.0000,5.0,nan
1800,1.71e-05,0.4268,0.0000,0.0000,0.0000,0.0000,8.4,0.6208
1801,1.70e-05,0.5097,0.0000,0.0000,0.0000,0.0000,5.1,nan
1802,1.69e-05,0.5922,0.0000,0.0000,0.0000,0.0000,5.2,nan
1803,1.68e-05,0.8655,0.0000,0.0000,0.0000,0.0000,5.1,nan
1804,1.67e-05,0.7401,0.0000,0.0000,0.0000,0.0000,5.1,nan
1805,1.65e-05,0.7991,0.0000,0.0000,0.0000,0.0000,5.2,nan
1806,1.64e-05,0.5777,0.0000,0.0000,0.0000,0.0000,5.2,nan
1807,1.63e-05,0.4389,0.0000,0.0000,0.0000,0.0000,5.2,nan
1808,1.62e-05,0.5850,0.0000,0.0000,0.0000,0.0000,5.0,nan
1809,1.61e-05,0.5364,0.0000,0.0000,0.0000,0.0000,4.9,nan
1810,1.59e-05,0.5767,0.0000,0.0000,0.0000,0.0000,5.2,nan
1811,1.58e-05,0.7623,0.0000,0.0000,0.0000,0.0000,5.1,nan
1812,1.57e-05,0.6599,0.0000,0.0000,0.0000,0.0000,5.2,nan
1813,1.56e-05,1.1215,0.0000,0.0000,0.0000,0.0000,5.2,nan
1814,1.55e-05,0.6900,0.0000,0.0000,0.0000,0.0000,5.1,nan
1815,1.54e-05,0.9890,0.0000,0.0000,0.0000,0.0000,4.9,nan
1816,1.53e-05,0.3535,0.0000,0.0000,0.0000,0.0000,5.5,nan
1817,1.52e-05,0.8184,0.0000,0.0000,0.0000,0.0000,4.9,nan
1818,1.50e-05,0.8770,0.0000,0.0000,0.0000,0.0000,5.5,nan
1819,1.49e-05,0.4758,0.0000,0.0000,0.0000,0.0000,5.1,nan
1820,1.48e-05,0.7457,0.0000,0.0000,0.0000,0.0000,8.4,0.6017
1821,1.47e-05,0.7613,0.0000,0.0000,0.0000,0.0000,5.0,nan
1822,1.46e-05,0.8645,0.0000,0.0000,0.0000,0.0000,5.1,nan
1823,1.45e-05,0.8219,0.0000,0.0000,0.0000,0.0000,5.2,nan
1824,1.44e-05,0.8453,0.0000,0.0000,0.0000,0.0000,5.3,nan
1825,1.43e-05,0.8442,0.0000,0.0000,0.0000,0.0000,5.1,nan
1826,1.42e-05,0.5150,0.0000,0.0000,0.0000,0.0000,5.1,nan
1827,1.41e-05,0.6690,0.0000,0.0000,0.0000,0.0000,5.1,nan
1828,1.40e-05,0.8335,0.0000,0.0000,0.0000,0.0000,5.2,nan
1829,1.39e-05,0.5408,0.0000,0.0000,0.0000,0.0000,5.3,nan
1830,1.38e-05,0.5118,0.0000,0.0000,0.0000,0.0000,5.1,nan
1831,1.37e-05,0.5815,0.0000,0.0000,0.0000,0.0000,5.1,nan
1832,1.36e-05,0.8422,0.0000,0.0000,0.0000,0.0000,5.3,nan
1833,1.35e-05,0.8507,0.0000,0.0000,0.0000,0.0000,4.9,nan
1834,1.34e-05,0.5586,0.0000,0.0000,0.0000,0.0000,5.2,nan
1835,1.33e-05,0.6286,0.0000,0.0000,0.0000,0.0000,5.4,nan
1836,1.32e-05,0.6414,0.0000,0.0000,0.0000,0.0000,5.1,nan
1837,1.31e-05,0.7780,0.0000,0.0000,0.0000,0.0000,5.2,nan
1838,1.30e-05,0.7633,0.0000,0.0000,0.0000,0.0000,5.0,nan
1839,1.29e-05,0.9420,0.0000,0.0000,0.0000,0.0000,5.2,nan
1840,1.28e-05,0.6079,0.0000,0.0000,0.0000,0.0000,8.4,0.6123
1841,1.27e-05,0.5634,0.0000,0.0000,0.0000,0.0000,5.2,nan
1842,1.26e-05,0.6206,0.0000,0.0000,0.0000,0.0000,5.1,nan
1843,1.25e-05,0.6280,0.0000,0.0000,0.0000,0.0000,5.2,nan
1844,1.24e-05,0.4405,0.0000,0.0000,0.0000,0.0000,5.0,nan
1845,1.23e-05,0.5360,0.0000,0.0000,0.0000,0.0000,5.3,nan
1846,1.22e-05,0.7793,0.0000,0.0000,0.0000,0.0000,5.3,nan
1847,1.21e-05,0.8347,0.0000,0.0000,0.0000,0.0000,5.3,nan
1848,1.20e-05,0.6272,0.0000,0.0000,0.0000,0.0000,5.2,nan
1849,1.19e-05,0.4816,0.0000,0.0000,0.0000,0.0000,5.1,nan
1850,1.18e-05,0.6598,0.0000,0.0000,0.0000,0.0000,5.0,nan
1851,1.17e-05,0.5551,0.0000,0.0000,0.0000,0.0000,5.3,nan
1852,1.16e-05,0.6172,0.0000,0.0000,0.0000,0.0000,5.2,nan
1853,1.16e-05,0.8513,0.0000,0.0000,0.0000,0.0000,5.3,nan
1854,1.15e-05,0.6805,0.0000,0.0000,0.0000,0.0000,5.1,nan
1855,1.14e-05,0.2006,0.0000,0.0000,0.0000,0.0000,5.2,nan
1856,1.13e-05,0.6652,0.0000,0.0000,0.0000,0.0000,5.0,nan
1857,1.12e-05,0.7347,0.0000,0.0000,0.0000,0.0000,5.0,nan
1858,1.11e-05,0.5694,0.0000,0.0000,0.0000,0.0000,5.3,nan
1859,1.10e-05,0.7284,0.0000,0.0000,0.0000,0.0000,4.9,nan
1860,1.09e-05,0.5324,0.0000,0.0000,0.0000,0.0000,8.5,0.6229
1861,1.09e-05,0.8044,0.0000,0.0000,0.0000,0.0000,5.3,nan
1862,1.08e-05,0.6427,0.0000,0.0000,0.0000,0.0000,5.1,nan
1863,1.07e-05,0.5240,0.0000,0.0000,0.0000,0.0000,5.1,nan
1864,1.06e-05,0.7494,0.0000,0.0000,0.0000,0.0000,5.0,nan
1865,1.05e-05,0.8316,0.0000,0.0000,0.0000,0.0000,5.0,nan
1866,1.04e-05,0.9031,0.0000,0.0000,0.0000,0.0000,4.9,nan
1867,1.04e-05,0.6068,0.0000,0.0000,0.0000,0.0000,5.2,nan
1868,1.03e-05,0.5760,0.0000,0.0000,0.0000,0.0000,5.3,nan
1869,1.02e-05,0.4640,0.0000,0.0000,0.0000,0.0000,5.4,nan
1870,1.01e-05,0.7631,0.0000,0.0000,0.0000,0.0000,5.1,nan
1871,1.00e-05,0.7595,0.0000,0.0000,0.0000,0.0000,5.2,nan
1872,9.97e-06,0.5001,0.0000,0.0000,0.0000,0.0000,5.0,nan
1873,9.89e-06,0.8276,0.0000,0.0000,0.0000,0.0000,5.0,nan
1874,9.81e-06,0.5241,0.0000,0.0000,0.0000,0.0000,5.0,nan
1875,9.74e-06,0.7491,0.0000,0.0000,0.0000,0.0000,4.8,nan
1876,9.66e-06,0.8988,0.0000,0.0000,0.0000,0.0000,5.1,nan
1877,9.59e-06,0.8506,0.0000,0.0000,0.0000,0.0000,5.1,nan
1878,9.51e-06,0.5074,0.0000,0.0000,0.0000,0.0000,5.0,nan
1879,9.44e-06,0.7993,0.0000,0.0000,0.0000,0.0000,5.1,nan
1880,9.36e-06,0.6457,0.0000,0.0000,0.0000,0.0000,8.4,0.6081
1881,9.29e-06,0.4118,0.0000,0.0000,0.0000,0.0000,5.1,nan
1882,9.22e-06,0.4120,0.0000,0.0000,0.0000,0.0000,4.9,nan
1883,9.15e-06,0.4901,0.0000,0.0000,0.0000,0.0000,4.9,nan
1884,9.08e-06,0.5252,0.0000,0.0000,0.0000,0.0000,5.2,nan
1885,9.01e-06,0.9664,0.0000,0.0000,0.0000,0.0000,4.9,nan
1886,8.94e-06,0.8050,0.0000,0.0000,0.0000,0.0000,5.0,nan
1887,8.87e-06,0.6581,0.0000,0.0000,0.0000,0.0000,5.2,nan
1888,8.80e-06,0.7580,0.0000,0.0000,0.0000,0.0000,5.2,nan
1889,8.73e-06,0.4073,0.0000,0.0000,0.0000,0.0000,5.0,nan
1890,8.66e-06,0.7840,0.0000,0.0000,0.0000,0.0000,5.3,nan
1891,8.60e-06,0.7505,0.0000,0.0000,0.0000,0.0000,5.1,nan
1892,8.53e-06,0.6500,0.0000,0.0000,0.0000,0.0000,5.0,nan
1893,8.47e-06,0.7152,0.0000,0.0000,0.0000,0.0000,5.1,nan
1894,8.40e-06,0.8626,0.0000,0.0000,0.0000,0.0000,4.9,nan
1895,8.34e-06,0.7776,0.0000,0.0000,0.0000,0.0000,5.1,nan
1896,8.27e-06,0.5452,0.0000,0.0000,0.0000,0.0000,5.2,nan
1897,8.21e-06,0.5369,0.0000,0.0000,0.0000,0.0000,5.2,nan
1898,8.15e-06,0.2652,0.0000,0.0000,0.0000,0.0000,5.3,nan
1899,8.09e-06,0.6738,0.0000,0.0000,0.0000,0.0000,5.0,nan
1900,8.02e-06,0.6114,0.0000,0.0000,0.0000,0.0000,8.1,0.6102
1901,7.96e-06,0.5308,0.0000,0.0000,0.0000,0.0000,5.2,nan
1902,7.90e-06,0.7508,0.0000,0.0000,0.0000,0.0000,5.2,nan
1903,7.84e-06,1.0073,0.0000,0.0000,0.0000,0.0000,5.2,nan
1904,7.79e-06,0.5455,0.0000,0.0000,0.0000,0.0000,5.0,nan
1905,7.73e-06,0.6502,0.0000,0.0000,0.0000,0.0000,4.8,nan
1906,7.67e-06,0.4704,0.0000,0.0000,0.0000,0.0000,4.8,nan
1907,7.61e-06,0.7138,0.0000,0.0000,0.0000,0.0000,5.1,nan
1908,7.56e-06,0.6881,0.0000,0.0000,0.0000,0.0000,5.1,nan
1909,7.50e-06,0.3628,0.0000,0.0000,0.0000,0.0000,5.0,nan
1910,7.45e-06,0.5257,0.0000,0.0000,0.0000,0.0000,5.1,nan
1911,7.39e-06,0.6729,0.0000,0.0000,0.0000,0.0000,4.9,nan
1912,7.34e-06,0.7902,0.0000,0.0000,0.0000,0.0000,5.2,nan
1913,7.28e-06,0.8413,0.0000,0.0000,0.0000,0.0000,5.2,nan
1914,7.23e-06,0.6420,0.0000,0.0000,0.0000,0.0000,5.2,nan
1915,7.18e-06,0.6556,0.0000,0.0000,0.0000,0.0000,5.1,nan
1916,7.13e-06,0.7375,0.0000,0.0000,0.0000,0.0000,5.2,nan
1917,7.08e-06,0.4298,0.0000,0.0000,0.0000,0.0000,5.0,nan
1918,7.03e-06,0.6141,0.0000,0.0000,0.0000,0.0000,5.1,nan
1919,6.98e-06,0.6002,0.0000,0.0000,0.0000,0.0000,4.9,nan
1920,6.93e-06,0.8923,0.0000,0.0000,0.0000,0.0000,8.7,0.5932
1921,6.88e-06,0.7082,0.0000,0.0000,0.0000,0.0000,5.0,nan
1922,6.83e-06,0.7440,0.0000,0.0000,0.0000,0.0000,4.8,nan
1923,6.79e-06,0.8128,0.0000,0.0000,0.0000,0.0000,5.0,nan
1924,6.74e-06,0.9661,0.0000,0.0000,0.0000,0.0000,5.0,nan
1925,6.69e-06,0.5702,0.0000,0.0000,0.0000,0.0000,5.2,nan
1926,6.65e-06,0.7113,0.0000,0.0000,0.0000,0.0000,5.1,nan
1927,6.60e-06,0.4116,0.0000,0.0000,0.0000,0.0000,5.2,nan
1928,6.56e-06,0.6913,0.0000,0.0000,0.0000,0.0000,5.0,nan
1929,6.52e-06,0.8623,0.0000,0.0000,0.0000,0.0000,5.0,nan
1930,6.47e-06,0.4240,0.0000,0.0000,0.0000,0.0000,5.2,nan
1931,6.43e-06,0.6367,0.0000,0.0000,0.0000,0.0000,5.2,nan
1932,6.39e-06,0.8662,0.0000,0.0000,0.0000,0.0000,5.6,nan
1933,6.35e-06,0.5208,0.0000,0.0000,0.0000,0.0000,4.9,nan
1934,6.31e-06,0.4707,0.0000,0.0000,0.0000,0.0000,5.1,nan
1935,6.27e-06,0.8303,0.0000,0.0000,0.0000,0.0000,4.9,nan
1936,6.23e-06,0.3140,0.0000,0.0000,0.0000,0.0000,5.2,nan
1937,6.19e-06,0.7255,0.0000,0.0000,0.0000,0.0000,5.1,nan
1938,6.15e-06,0.7061,0.0000,0.0000,0.0000,0.0000,5.1,nan
1939,6.11e-06,0.8764,0.0000,0.0000,0.0000,0.0000,5.2,nan
1940,6.08e-06,0.4926,0.0000,0.0000,0.0000,0.0000,8.7,0.6038
1941,6.04e-06,0.5885,0.0000,0.0000,0.0000,0.0000,4.9,nan
1942,6.01e-06,0.4292,0.0000,0.0000,0.0000,0.0000,5.4,nan
1943,5.97e-06,0.6438,0.0000,0.0000,0.0000,0.0000,5.3,nan
1944,5.94e-06,0.5950,0.0000,0.0000,0.0000,0.0000,5.4,nan
1945,5.90e-06,0.7326,0.0000,0.0000,0.0000,0.0000,5.2,nan
1946,5.87e-06,0.5177,0.0000,0.0000,0.0000,0.0000,5.0,nan
1947,5.84e-06,0.9525,0.0000,0.0000,0.0000,0.0000,5.1,nan
1948,5.81e-06,0.5573,0.0000,0.0000,0.0000,0.0000,5.3,nan
1949,5.77e-06,0.7823,0.0000,0.0000,0.0000,0.0000,5.4,nan
1950,5.74e-06,0.7070,0.0000,0.0000,0.0000,0.0000,5.2,nan
1951,5.71e-06,0.9003,0.0000,0.0000,0.0000,0.0000,5.0,nan
1952,5.68e-06,0.7806,0.0000,0.0000,0.0000,0.0000,4.9,nan
1953,5.66e-06,0.6861,0.0000,0.0000,0.0000,0.0000,5.0,nan
1954,5.63e-06,0.6473,0.0000,0.0000,0.0000,0.0000,5.0,nan
1955,5.60e-06,0.8336,0.0000,0.0000,0.0000,0.0000,5.2,nan
1956,5.57e-06,0.5518,0.0000,0.0000,0.0000,0.0000,5.3,nan
1957,5.55e-06,0.5850,0.0000,0.0000,0.0000,0.0000,5.1,nan
1958,5.52e-06,0.7342,0.0000,0.0000,0.0000,0.0000,5.1,nan
1959,5.50e-06,0.5689,0.0000,0.0000,0.0000,0.0000,4.8,nan
1960,5.47e-06,0.6884,0.0000,0.0000,0.0000,0.0000,8.2,0.6123
1961,5.45e-06,0.6249,0.0000,0.0000,0.0000,0.0000,5.3,nan
1962,5.42e-06,0.7269,0.0000,0.0000,0.0000,0.0000,5.2,nan
1963,5.40e-06,0.8182,0.0000,0.0000,0.0000,0.0000,5.2,nan
1964,5.38e-06,0.5930,0.0000,0.0000,0.0000,0.0000,5.1,nan
1965,5.36e-06,0.6911,0.0000,0.0000,0.0000,0.0000,5.4,nan
1966,5.34e-06,0.6101,0.0000,0.0000,0.0000,0.0000,5.0,nan
1967,5.32e-06,0.6113,0.0000,0.0000,0.0000,0.0000,4.9,nan
1968,5.30e-06,0.8355,0.0000,0.0000,0.0000,0.0000,5.1,nan
1969,5.28e-06,0.6376,0.0000,0.0000,0.0000,0.0000,5.3,nan
1970,5.26e-06,0.6960,0.0000,0.0000,0.0000,0.0000,5.1,nan
1971,5.24e-06,0.6694,0.0000,0.0000,0.0000,0.0000,5.0,nan
1972,5.23e-06,0.5876,0.0000,0.0000,0.0000,0.0000,5.0,nan
1973,5.21e-06,0.7365,0.0000,0.0000,0.0000,0.0000,5.3,nan
1974,5.19e-06,0.5765,0.0000,0.0000,0.0000,0.0000,5.0,nan
1975,5.18e-06,0.8970,0.0000,0.0000,0.0000,0.0000,5.0,nan
1976,5.16e-06,0.8529,0.0000,0.0000,0.0000,0.0000,5.1,nan
1977,5.15e-06,0.7504,0.0000,0.0000,0.0000,0.0000,5.1,nan
1978,5.14e-06,0.5448,0.0000,0.0000,0.0000,0.0000,5.5,nan
1979,5.12e-06,0.8151,0.0000,0.0000,0.0000,0.0000,5.3,nan
1980,5.11e-06,0.6398,0.0000,0.0000,0.0000,0.0000,8.6,0.6059
1981,5.10e-06,0.8488,0.0000,0.0000,0.0000,0.0000,5.0,nan
1982,5.09e-06,0.4402,0.0000,0.0000,0.0000,0.0000,5.0,nan
1983,5.08e-06,0.4192,0.0000,0.0000,0.0000,0.0000,5.1,nan
1984,5.07e-06,0.8726,0.0000,0.0000,0.0000,0.0000,5.2,nan
1985,5.06e-06,0.8673,0.0000,0.0000,0.0000,0.0000,5.2,nan
1986,5.05e-06,0.3438,0.0000,0.0000,0.0000,0.0000,4.9,nan
1987,5.05e-06,0.6925,0.0000,0.0000,0.0000,0.0000,5.1,nan
1988,5.04e-06,0.5789,0.0000,0.0000,0.0000,0.0000,5.2,nan
1989,5.03e-06,0.6304,0.0000,0.0000,0.0000,0.0000,5.2,nan
1990,5.03e-06,0.4794,0.0000,0.0000,0.0000,0.0000,5.0,nan
1991,5.02e-06,0.7948,0.0000,0.0000,0.0000,0.0000,5.1,nan
1992,5.02e-06,0.3996,0.0000,0.0000,0.0000,0.0000,5.2,nan
1993,5.01e-06,0.5718,0.0000,0.0000,0.0000,0.0000,5.2,nan
1994,5.01e-06,0.6421,0.0000,0.0000,0.0000,0.0000,4.9,nan
1995,5.01e-06,0.6979,0.0000,0.0000,0.0000,0.0000,5.4,nan
1996,5.00e-06,0.8047,0.0000,0.0000,0.0000,0.0000,5.2,nan
1997,5.00e-06,0.4356,0.0000,0.0000,0.0000,0.0000,5.2,nan
1998,5.00e-06,0.9431,0.0000,0.0000,0.0000,0.0000,5.1,nan
1999,5.00e-06,0.6796,0.0000,0.0000,0.0000,0.0000,8.4,0.5911
