video_path,split
--7-rCNOiK0_1.mp4,train
-02y2VaVBmw.mp4,train
-03Dju3yPHE.mp4,train
-0Oo1kPonYQ.mp4,train
-0XujLX2_9I_2.mp4,train
-0gxfDidW6U.mp4,train
-1AseGWh7vU.mp4,train
-1aXmLMzHUI_1.mp4,train
-2_NUxX4PVA_2.mp4,train
-2iGhOnza38_1.mp4,train
-37kn1vV9gc_1.mp4,train
-3db5Hhn4mI_1.mp4,train
-4MbWP5T-cU.mp4,train
-5QTvDlGTcs_1.mp4,train
-5lgXJQG0EM_1.mp4,train
-65ryXubYjo.mp4,train
-7IkPH6iIQA.mp4,train
-8CjLUfRlbw_1.mp4,train
-A1P5WbuNo8.mp4,train
-AvE2V_2a-c_1.mp4,train
-DDBcacIfeA_1.mp4,train
-DHtnmdlaGk.mp4,train
-DsyH0Vd_7E.mp4,train
-E1n5hTjako_1.mp4,train
-EGNTwA_sEE_1.mp4,train
-Em79Yvwac4_1.mp4,train
-F7HjAaemJU.mp4,train
-HOXFEzH00I_1.mp4,train
-H_VzAnfyKk.mp4,train
-I0sjwzg0tY_2.mp4,train
-IInvCVJXas.mp4,train
-IKgn_mGZrw_2.mp4,train
-It9bwqowig.mp4,train
-JYukZxN6wQ_1.mp4,train
-JcpfOHc0nE.mp4,train
-Jr9EZz7Epo_1.mp4,train
-Lnou_Pop1o.mp4,train
-MS1EdYqs48.mp4,train
-MjxNEvHUFw.mp4,train
-N-gNuk_5PQ_1.mp4,train
-NAB02gnpgo.mp4,train
-NCwiz-skM0_1.mp4,train
-NIz596Y27Q.mp4,train
-NIz596Y27Q_1.mp4,train
-NQKa7Pmhx4.mp4,train
-NXGOOSb2sk.mp4,train
-NpA8OS_Oj0_1.mp4,train
-Oq_e89164c_1.mp4,train
-PFwmd8NQgI_1.mp4,train
-QF3_AuexYY.mp4,train
-R02rqkyxHc_1.mp4,train
-SVSp2VtfRw_1.mp4,train
-Sbg5dqo9cQ_1.mp4,train
-Tfg5XTzi0c_1.mp4,train
-UjDGBnJuQE.mp4,train
-V3IfRctpxQ_1.mp4,train
-VvuJx-TroA_1.mp4,train
-W13ICFg13E.mp4,train
-WuiIyEI6JU_1.mp4,train
-XHIq_olkt0.mp4,train
-ZJNHmctH-g_2.mp4,train
-_axtLgdFao_1.mp4,train
-_ecaCc5kEM_1.mp4,train
-_ozohdfbV0.mp4,train
-ayQ9-eEVPk.mp4,train
-bUi5WuO58M_1.mp4,train
-cw3ySwZG-0_1.mp4,train
-erR2LqPMDo_1.mp4,train
-i21y0g32n8.mp4,train
-i5XH3VNyZc_1.mp4,train
-j9UB4-TMdw.mp4,train
-js9xT4ze2M_1.mp4,train
-kAnMQUsNqY.mp4,train
-kNkN1zSAfc.mp4,train
-mGXVBz8pfs_1.mp4,train
-nITY8LhYgc.mp4,train
-ntsKq84BZI_2.mp4,train
-oJL0D3n2e0.mp4,train
-oLpcbfuNIc_2.mp4,train
-oy6L89CeWU_1.mp4,train
-p-Uj-p_Gso.mp4,train
-pH80nLq8FY.mp4,train
-pOaEEbLhEY_1.mp4,train
-pc9BOR8QtA.mp4,train
-qAGBp1JAh4_1.mp4,train
-qEvxlqG6xs_1.mp4,train
-qhN2FaYkUc.mp4,train
-qzWfnV26kw_1.mp4,train
-rahbCV2Pp4.mp4,train
-rwYVwVdHns_1.mp4,train
-s7h4Re7Atk_1.mp4,train
-syzD8b7Uog.mp4,train
-tXNpnzr08M.mp4,train
-vcgtHff_po.mp4,train
-wpVNpcGvFk.mp4,train
-x6DzWY7lmk.mp4,train
-x6oHEcUExQ.mp4,train
-xNmG6y1-9E.mp4,train
-y-dWznF2js_1.mp4,train
0-pxIcGvk3w.mp4,train
01THMylW6Mw.mp4,train
01UZKDp47Ao_1.mp4,train
039-5dIML0I_2.mp4,train
03N4I9dc3RQ_1.mp4,train
03UqtTd9opc.mp4,train
04qLwQo-2MM.mp4,train
06C4S0EBhBg_1.mp4,train
06FBQEEqthQ_1.mp4,train
06lnhzFJMgo.mp4,train
06tYXs9inPk_1.mp4,train
07jCt4FqQxY.mp4,train
08E4Dr0zyKk_2.mp4,train
08z_-ESgSP0.mp4,train
09G-3IZyKrI_1.mp4,train
09qovLrSjow_1.mp4,train
0AH93vop9YA_1.mp4,train
0AUmueBrflo.mp4,train
0AW9acHJhNI.mp4,train
0BC8wWXW_wc.mp4,train
0BOyMqB1KUQ_1.mp4,train
0C-nMsdpftw.mp4,train
0CUyYc1R3OA.mp4,train
0CvaaVM5mNs.mp4,train
0DYb-qL1t0A.mp4,train
0DYcaZmhlkY.mp4,train
0E2yd3OjjsU.mp4,train
0EQEGldp9YA_1.mp4,train
0ETSwMTLaac_2.mp4,train
0F7sYNf4uxU.mp4,train
0FHckg-WrEo.mp4,train
0F_szwrQs1g_2.mp4,train
0G7Xo4NN4fk.mp4,train
0GYeM3IGjn8_1.mp4,train
0HNvZZloffc_1.mp4,train
0IF3Nx6idPQ_1.mp4,train
0IQ02IKMzUk_1.mp4,train
0IhvPwnhGOg.mp4,train
0JIsxA88oss_2.mp4,train
0Kcn-1OPd84.mp4,train
0KeSJQiRAgo_1.mp4,train
0LXJqXx8dVU.mp4,train
0N47JPzl2Ow_1.mp4,train
0NMbSbEZ7G8_1.mp4,train
0NPpa4rNMoI_1.mp4,train
0NUyw07V03g.mp4,train
0O7xxbvMct0.mp4,train
0OMlCdUKFSg.mp4,train
0OxY1muGJhc.mp4,train
0PKQWh0-C8o.mp4,train
0PQM_cS1Jyg_1.mp4,train
0PwKF0pTwpg.mp4,train
0QITb6bNnHc.mp4,train
0Qk8-_ZEmHM_2.mp4,train
0R6qq874H4c.mp4,train
0REGTy6eqSc.mp4,train
0RIpHMSqV4c.mp4,train
0RiCicL3Zg8_1.mp4,train
0RlsG9iQ6rk_1.mp4,train
0TGJCFJv2iU.mp4,train
0ThvAhpHsDM.mp4,train
0UyMbBSxbM4.mp4,train
0VSRJo2xZfI.mp4,train
0VvmrIYSsR0_1.mp4,train
0Xhmme0IrvU.mp4,train
0YIk1iTjDVY_1.mp4,train
0ZMXZUybS9M_1.mp4,train
0_3gIUNTp8U.mp4,train
0_aBnLgwYuk.mp4,train
0_dU4pT_Ch4.mp4,train
0cLdo9cL7y4.mp4,train
0dz5Em9gsjk.mp4,train
0eCFVHc06YA_1.mp4,train
0eNooDbmED4.mp4,train
0egx6MUyz0w.mp4,train
0fKqgIRvg-8.mp4,train
0fO9xNyE9eU_1.mp4,train
0fdRLmUIlZE_2.mp4,train
0ggPraT35p0.mp4,train
0hEQ8ufcIQU.mp4,train
0hZluINun1Y.mp4,train
0hhs7A5uf3E.mp4,train
0hkuayZghpM_1.mp4,train
0i1qCUd3BdM_1.mp4,train
0ijcVXYEvY8_2.mp4,train
0klM2u7dV9M.mp4,train
0kr-oJWV_wI_2.mp4,train
0lrX7s_3ScY.mp4,train
0ly7tC51g_o_1.mp4,train
0msmxYxchSc.mp4,train
0nJrw8f2FLs_1.mp4,train
0nVI2GBhbUQ_1.mp4,train
0n_FeKAXjUI.mp4,train
0oJ_jMGRJCE.mp4,train
0oWHR36xnT8_1.mp4,train
0q7mwfrGneM_1.mp4,train
0qDR-9wAiXk.mp4,train
0rN_yoKLCRw_1.mp4,train
0sE5EMDNsDo.mp4,train
0tUzIPQ31n8_1.mp4,train
0uvuluJqqAM.mp4,train
0vbtRdb9zTI_2.mp4,train
0wB165T8JuA.mp4,train
0wY8TKOu5z0_1.mp4,train
0xVWH6F3Fz0.mp4,train
0xrgLBuhXG0.mp4,train
0xxg0V8sb3w_1.mp4,train
0ykPPmSC3Wk.mp4,train
0zTZkTkBAoU.mp4,train
0zqOg8HwQiM.mp4,train
1-Zz07NcsKM.mp4,train
1-wpwyfm1Mg_1.mp4,train
10KuxOH6cYM_1.mp4,train
11derBixy2I_1.mp4,train
12zIYqZt4m8_1.mp4,train
14AboByr9GE_1.mp4,train
14yNmnzY7X0_1.mp4,train
16P4ngMXeLM.mp4,train
17ar03dZ7bQ_1.mp4,train
17sdVu62Og4.mp4,train
181pBJw-eWg.mp4,train
18NS94mBGS4.mp4,train
18Os6IiQRes_2.mp4,train
18Wi03A6brU.mp4,train
18bO_HQbsF4_1.mp4,train
18f9RKQp4zw.mp4,train
18hKLmAVIMg_1.mp4,train
1AId61ylQL0.mp4,train
1B-XlHxT32g_1.mp4,train
1B3HK-qQTHI_1.mp4,train
1B_wGNSS-uY.mp4,train
1CVlY8md0JI_1.mp4,train
1DMSk1W0LSY_1.mp4,train
1EoEG8Pvc8Q.mp4,train
1F-Blrvtuos_2.mp4,train
1FXtTMWGzMY_1.mp4,train
1FirQ_71-j0.mp4,train
1FnNbApsiHg.mp4,train
1G3VZ_HWTWI.mp4,train
1GJkBoBf-S0_1.mp4,train
1HI4TKdLMOw.mp4,train
1IQ2ygYhtG0_1.mp4,train
1IZPvJn7an0.mp4,train
1Ih8aIET1t8.mp4,train
1KCDw7XLgU0.mp4,train
1L1W-NyiguQ_1.mp4,train
1MKJ9LGRot8_1.mp4,train
1MPaj2JcH1c.mp4,train
1Mh8DMTca88.mp4,train
1N2-vwG1gMs_1.mp4,train
1NNgGxZWunM_2.mp4,train
1NcamL3P63A.mp4,train
1NqEYBhtmZE.mp4,train
1O3tCXovrw8.mp4,train
1O9PueJaMDw_1.mp4,train
1OGWcDShnx4_1.mp4,train
1OPTSnDAImg.mp4,train
1OZTqBF7fFg.mp4,train
1PVMa5B3rMs.mp4,train
1QOS_slPJS4.mp4,train
1R3n6vTHqzs_1.mp4,train
1Rdm3h9voMQ_1.mp4,train
1RxiKpQqaJM.mp4,train
1SPhtgudjI4_1.mp4,train
1STccvjvCKQ.mp4,train
1SWHwkSeN5M.mp4,train
1SkZMNfDITQ.mp4,train
1T-rlcPbebo.mp4,train
1TZXeenr980_1.mp4,train
1TiirpYN_W8.mp4,train
1ULJICYKp4E.mp4,train
1VHhWnMU21Y.mp4,train
1VMQKUMCDqc.mp4,train
1VYE8MAF6yY_1.mp4,train
1XEZmymH4e4.mp4,train
1XFe7SCIQKw.mp4,train
1XGaQTl0iQs_1.mp4,train
1Xr-mIMAgvY.mp4,train
1Zy29R7mOcM.mp4,train
1_PI2OxnryQ_1.mp4,train
1aZYCh3HDZY.mp4,train
1d0uOp_sG00.mp4,train
1d6PKNBVh04.mp4,train
1dsbO78Qh5I.mp4,train
1dzqHHOtvXI.mp4,train
1eodwdZ3isc.mp4,train
1f6OchgCQrE.mp4,train
1gZ9QlblgGs_1.mp4,train
1h164VbpnFo_1.mp4,train
1hBXvK7TuNo_1.mp4,train
1hghU7py9HI_1.mp4,train
1hobNL7ofvg_2.mp4,train
1hzdxU-RztQ_1.mp4,train
1iCtgbRsFnE.mp4,train
1iZij0vXGiQ_1.mp4,train
1iqG_Rkp7f0.mp4,train
1js4OwpNYrc.mp4,train
1kJrmgJ0EMs.mp4,train
1kRjJqOY1q0_1.mp4,train
1kasuHeFIuw.mp4,train
1lGwbhBsuu4.mp4,train
1leH92mkoBI_1.mp4,train
1mWlliCFyxM.mp4,train
1nnXT-QVPpI_1.mp4,train
1p0Yw8NfadM_1.mp4,train
1pTz3GSNi6w_1.mp4,train
1qV27cyAjEY.mp4,train
1rPm_3Csg8M_1.mp4,train
1rjhkQSKHSI.mp4,train
1s1-9Ve6LN8_1.mp4,train
1s1kck3BMLM.mp4,train
1tA9YYn3oys.mp4,train
1tIRnOnG1LI_1.mp4,train
1tRmBdfaCwQ.mp4,train
1tst7-aazJo.mp4,train
1tyx9hWefCk.mp4,train
1uQyCwx-fEE_1.mp4,train
1uiUwkOZyis.mp4,train
1vIbJ1xeH6c_1.mp4,train
1vPiHLNlbBw.mp4,train
1vj0PwGPGss.mp4,train
1vjgq4r7OQs.mp4,train
1vpIZUFKZpQ.mp4,train
1wTikbR4vsE.mp4,train
1wVR6wsoIfw_2.mp4,train
1w_bYsmoFKA.mp4,train
1wmnjSPpUHs.mp4,train
1x9a9JTehm8.mp4,train
1xOrQM7AP9g.mp4,train
1xTATM3v8k4.mp4,train
1yVn9e5zDKU.mp4,train
1yd6Uo25Ge0_1.mp4,train
1yd8COXSRrg_2.mp4,train
1z5RuDOokzk.mp4,train
1zOTclxTpZ0_1.mp4,train
2-0sLH5bX0k.mp4,train
2-6FnMinc3U.mp4,train
2-VcJVXUBKw_1.mp4,train
2-YiNRKp7xI.mp4,train
2-oX2aeeV9M.mp4,train
203WGsHFjhI.mp4,train
20ZBNdEFT6c_1.mp4,train
21Y0f3QHoKo.mp4,train
23L4Zan3GuY.mp4,train
23kjqyecBwE.mp4,train
25Ju8FP3zV8.mp4,train
267RgFdcIM8_2.mp4,train
26vEFQYbzvc.mp4,train
27q3W_M38Ts_1.mp4,train
299nspHeeag_2.mp4,train
2AGfP7x3obk_1.mp4,train
2BI51rfBot0_1.mp4,train
2CbOSGxS80s.mp4,train
2Cf1btUy1NI.mp4,train
2CjHiFW898s.mp4,train
2CrAogKMFeo_1.mp4,train
2DAexoF0SsA_1.mp4,train
2DspG3QZfrU.mp4,train
2EgTWnIIS3Q_1.mp4,train
2GL0HkOQVmA.mp4,train
2GS4eJRYIi8.mp4,train
2GYl9B7mF4A_2.mp4,train
2HZkAQx4QXg_1.mp4,train
2Hp-Yy2Qwn0_1.mp4,train
2JY-9q3ehfY.mp4,train
2KrNWzeY_dU.mp4,train
2LLe-kRAu0o.mp4,train
2L_H8HYM5hE.mp4,train
2MlaLGpWk74.mp4,train
2MvrW4Vw7ZU.mp4,train
2NNiSDCb0ek_1.mp4,train
2OZj2Tt8dAA_1.mp4,train
2Os6w6jmxIg.mp4,train
2PcBSQ4A8XM.mp4,train
2QrMULTorPY.mp4,train
2R_HbT1AO0c.mp4,train
2SBugE72qbg_1.mp4,train
2U643_QFXA8_2.mp4,train
2UL2iPLFUTE.mp4,train
2VUCXrEllWo_1.mp4,train
2VssiV_sEIo.mp4,train
2WzVp7AncT4_2.mp4,train
2XbRuRKOfRE.mp4,train
2ZARB_EzwH4_1.mp4,train
2ZMZ0wFUmdI_1.mp4,train
2bDOqi4YXtI.mp4,train
2bxNtdmwWmo_1.mp4,train
2c8it0IZnyw_1.mp4,train
2cCGTlNYZCQ.mp4,train
2cDgDbxkXFE.mp4,train
2cNWWG800gc_1.mp4,train
2dd7JFwQPh0.mp4,train
2e5SUxTjVvI.mp4,train
2gAXTX3_db8_1.mp4,train
2iB4Rwtng94.mp4,train
2iWRUv6eMls.mp4,train
2ieSeOjAJZE.mp4,train
2kHyMlPqHpg_1.mp4,train
2kg98yjEHcE.mp4,train
2lX7iTDBWP8_1.mp4,train
2mKv8y9bYI0.mp4,train
2mZBDcRjP-Q_1.mp4,train
2nQwUc_jbRY_1.mp4,train
2oHjc0njDdo.mp4,train
2oYEEIt4HFs.mp4,train
2p00fwBvXEs_1.mp4,train
2pjUxRe91qU_1.mp4,train
2praG1zS_-c_1.mp4,train
2qRR4hQZAdA_1.mp4,train
2qV_PsuKKvE_1.mp4,train
2tX3eQTM1Lc_2.mp4,train
2tawxaYAZcA.mp4,train
2tp3AspW6TA.mp4,train
2u2aH81FDWM.mp4,train
2uRtqd5Mxmc.mp4,train
2vUvW-0XfUE.mp4,train
2vdw_PjA8FE.mp4,train
2vfL9h_KiJE_1.mp4,train
2w6c7g7ZPKo_1.mp4,train
2wA4J_9FFIc_1.mp4,train
2yARXoO8Nrg_2.mp4,train
2yDcFJQ3t8Y.mp4,train
2yJXBFhvqk0_1.mp4,train
2yqiuXXxZ3Y_1.mp4,train
2zv3MpREUNA.mp4,train
3-JaJnYcae8_1.mp4,train
30OIyeGhcQM.mp4,train
31IAr_rm054_1.mp4,train
31l98A8z-h4.mp4,train
32OshNWYUgE_1.mp4,train
32SWjSJrL0s_1.mp4,train
33mc9fTI8tE_1.mp4,train
33nznChivz8_1.mp4,train
34UjBeye-E0_1.mp4,train
34WMjwYFdsI.mp4,train
36-jdo8Gt4o.mp4,train
37KfHOkm_mM_1.mp4,train
37bLyyxKZKs.mp4,train
37i_Xt_w0Rs.mp4,train
37z5dnLqYms.mp4,train
380a54uCumQ.mp4,train
38_FvLAz4Lo_1.mp4,train
38hLbeCJAtA_1.mp4,train
39tZrKjvdQM.mp4,train
3Azhh428me8.mp4,train
3BJDzOlCGcc_1.mp4,train
3DOyNnKRg0c_1.mp4,train
3DSsRKPkiGI.mp4,train
3DVy0Znsfj0_1.mp4,train
3DeQ1zZ5pjo_1.mp4,train
3ETJPlFTcwk_1.mp4,train
3EU1DcenjJw.mp4,train
3Eq8FeSFJpY.mp4,train
3FY7bYQBJ8M.mp4,train
3FhNDV9UDzc.mp4,train
3FlXNEmG6h0.mp4,train
3GbJlbAKUy8_2.mp4,train
3GlZqV3RSp0.mp4,train
3HMUM-9pQj0.mp4,train
3I1fwIgGXv8.mp4,train
3I2-zG4Ymb4.mp4,train
3IHHaKspcfA.mp4,train
3KS9SiHwRVI.mp4,train
3L80qKk4daI_2.mp4,train
3MeFx_eYZK0_1.mp4,train
3MoTC6iB3xQ.mp4,train
3MxE482U2Ns.mp4,train
3NIFg2ExoMs.mp4,train
3NPxIy6OXzg_1.mp4,train
3NUcsb2W1OQ_1.mp4,train
3OHkLPutuYM.mp4,train
3R3KvYV43nQ_1.mp4,train
3RKj4XQRxkc_2.mp4,train
3Rn7sqmjgWo_2.mp4,train
3S1RLtVj7PE.mp4,train
3SBcHgw6wRM.mp4,train
3SIXJfwYlFw.mp4,train
3SRihi99gjc_1.mp4,train
3SS49K8MK1w.mp4,train
3Sct_ii1-yQ_1.mp4,train
3T5RJ1_NFrM_1.mp4,train
3TNpBwr-Cxo_2.mp4,train
3UYC9939yQw_1.mp4,train
3VP2rlxefJI.mp4,train
3VSNwJnUmdA.mp4,train
3WEkK4AaiV4.mp4,train
3X2TOqyDgv8.mp4,train
3X7DZIiH2ZQ.mp4,train
3XCX0YETmuk_1.mp4,train
3Y7KPnUv9kA.mp4,train
3aJtWIMsFx8.mp4,train
3bAW9KtLSXk.mp4,train
3bV2PgWlc7M.mp4,train
3cluYDK8u08_1.mp4,train
3cp85oNRRj8_1.mp4,train
3dJCO6ExmY0.mp4,train
3e4K5QbywVc.mp4,train
3fG2P5D8Jm0_1.mp4,train
3g-VyVR_iyU.mp4,train
3gymi4f7hps_1.mp4,train
3h4uBHZ4J2Q_1.mp4,train
3hIkQEZ923Q_1.mp4,train
3hTK036o_F4_1.mp4,train
3ir8Rnwx8TY.mp4,train
3jg1TpRzkGs.mp4,train
3kNaobravCU.mp4,train
3kbyPG13anw_1.mp4,train
3lMNHGXNQ3Q.mp4,train
3muHDD0neyo.mp4,train
3n8cKQOSZfM.mp4,train
3ncXcBiwveA.mp4,train
3pZp4IFQCuA.mp4,train
3ppf7DdzKvA.mp4,train
3pqDm0UKO14.mp4,train
3qKiJRMOzsc.mp4,train
3sX8OzIgyIc_2.mp4,train
3t63THdE5wM.mp4,train
3tFefLfXIn4_1.mp4,train
3uW2Y--Yd9U.mp4,train
3uyNF9yZCCw_1.mp4,train
3v5Id7dDttk.mp4,train
3vAxsFOJdVo.mp4,train
3vXJ605MFbU.mp4,train
3wKsYea6rfs_1.mp4,train
3wgPDtFtXWE_1.mp4,train
3xKJDf869EY.mp4,train
3y-nQO6e5iQ.mp4,train
3y4vcRJBNs0.mp4,train
3yRZjuvtEd0_1.mp4,train
3ymIgijDrC0.mp4,train
3zXseLcBn4A_1.mp4,train
3zbf5Y2id1U_2.mp4,train
4--6iRQ6-7A.mp4,train
4-LrYNRVVZk_1.mp4,train
4-d6EGJjZNk.mp4,train
40AA6WkT-Ys_2.mp4,train
413unEDKRXQ.mp4,train
41OGaqeAUMg.mp4,train
42CmhRt0ANs_2.mp4,train
42axCoiER4s.mp4,train
42cPzLjkVEs_1.mp4,train
44mCQaeKBVw.mp4,train
44ueVmAA5W4.mp4,train
46-lhzhJf78.mp4,train
461WaV7kRxw_1.mp4,train
46EMlBxuYAU.mp4,train
46eCCVvkyIc.mp4,train
46tD7Du6BNs.mp4,train
48ODiLP2VgA.mp4,train
49bdeG9jPdM.mp4,train
49c0qMhaE20.mp4,train
4AMULo6htKw.mp4,train
4ANEdd5HfAs.mp4,train
4BBTQpBwAXw_1.mp4,train
4BNqHj-lQaE.mp4,train
4C5snSNt79Q_1.mp4,train
4CrR5m-eSIs.mp4,train
4EihrPe_PfY.mp4,train
4FQuX9bwT2I.mp4,train
4FldxWjLykY.mp4,train
4GH0wBiRfX4_1.mp4,train
4HMKoVmJQ0E_1.mp4,train
4I-jm9Ng7YU_1.mp4,train
4ILXbXTUUp4.mp4,train
4IR40ptGTIU_1.mp4,train
4Irn82ukR2M_1.mp4,train
4J5r3KmJCPU_1.mp4,train
4JLkY7vGCHM_1.mp4,train
4JPQ0EUdcbg.mp4,train
4KOdh-2oe8Y.mp4,train
4KjtR4PwJVM_1.mp4,train
4KttVgLezuY_1.mp4,train
4LM1k8KifiY.mp4,train
4LndvMQ2dO0.mp4,train
4MB7jUMQvac.mp4,train
4MDuw5Pj-94_1.mp4,train
4NzoLuGTigs.mp4,train
4OMY6uJx-O4_1.mp4,train
4Os2Hh06GPc_1.mp4,train
4P7EFM3C4MM.mp4,train
4Q0ANLHhzwk_1.mp4,train
4QdYqEbZu8Q.mp4,train
4QkxfvOC3go_1.mp4,train
4Qm7AgT_VKg_1.mp4,train
4RBAWNsG8Hk_1.mp4,train
4RNnYGS3E34_1.mp4,train
4RTN56hfFTM_2.mp4,train
4Ruem9NXrqw_1.mp4,train
4SRWa0Z5c8Q.mp4,train
4SlMtTeUkEE_1.mp4,train
4TLvls1tSgA_1.mp4,train
4TXbOxz60R4.mp4,train
4TubhVVN1ds_1.mp4,train
4TymgqvinvY.mp4,train
4UMMRCc0Iak.mp4,train
4UvD29cSe1U_1.mp4,train
4Vj5NM9KRzY.mp4,train
4WDhqg6s8lw_1.mp4,train
4WuV_HD-hZ0_1.mp4,train
4XFgnsejElI.mp4,train
4XYSXKlhpE0_1.mp4,train
4ZGhwybcIc0.mp4,train
4ZJOFmnUXOI_1.mp4,train
4ZhRcyVJKu4_1.mp4,train
4aB00bo7A5M_2.mp4,train
4accXsYqRnA.mp4,train
4aqQ1oxaHVU_1.mp4,train
4bEmX9n5WqQ.mp4,train
4bUNNgy6hOg_1.mp4,train
4bjLAMYZciw.mp4,train
4bzRDATIEGY.mp4,train
4ee_deI0hZA_1.mp4,train
4f7OqHEUjDs.mp4,train
4fOrzw3MpL4_1.mp4,train
4fPciu-8Bmw_1.mp4,train
4g99hQUlSd4_1.mp4,train
4gyV6cLT2o4_1.mp4,train
4gzoWw7xiig.mp4,train
4hI14OUpXoc.mp4,train
4i5RCrOMoZk_1.mp4,train
4iLJjksh3C8.mp4,train
4imVoSmU5vc.mp4,train
4iyCzQFjHV4.mp4,train
4jSr_zyFag0_2.mp4,train
4joUJiIztMI_1.mp4,train
4kKAKsQ5mGU_2.mp4,train
4lQ5qbaS0Gg_1.mp4,train
4m7m4ClAPJA.mp4,train
4mBsmsNlAco.mp4,train
4mzBkoNvj34.mp4,train
4nHooc3YAYI_1.mp4,train
4oV0XT2-nKE_2.mp4,train
4onhprzwUMw.mp4,train
4pCZtQ36l1k.mp4,train
4qH-OH2VhXk.mp4,train
4rK-NM-p-Fw_2.mp4,train
4rworePKeMo.mp4,train
4tKpSwmWzRc.mp4,train
4uvlneM9L7I.mp4,train
4w17tl-wULc_1.mp4,train
4w6FgMm-XfU_1.mp4,train
4wFoBAr9SJk.mp4,train
4xXU89_oMx0.mp4,train
4xoxfnCknFc.mp4,train
4xykTArwSSg.mp4,train
4yEYl3wJ-2g_1.mp4,train
4yJrFqyUKuA.mp4,train
4yr92W_JhD0_2.mp4,train
4zUppDrDP-Q_1.mp4,train
5-DDBSyDDqM_1.mp4,train
5-Twa3eHlf4.mp4,train
5-YpUXKTx2Q_1.mp4,train
5-vEsZ3vXPs.mp4,train
5-z6W_-oGLA.mp4,train
50A9vnIaQNE.mp4,train
50Age2AKB6g.mp4,train
50ifEC4lOTQ.mp4,train
50jD8JNDy1s.mp4,train
50rdgc3m1wM_1.mp4,train
51zM9pARAnY_1.mp4,train
52KfVYsiiXw.mp4,train
52PLBwiKgNs_1.mp4,train
52TTzIUKAAI.mp4,train
52a1sCV-74w_1.mp4,train
53Srb_Pjvt0_1.mp4,train
543L-qWLyCY_1.mp4,train
54Y12afDi_M_2.mp4,train
55QkR-ok9Wg_2.mp4,train
56068bo3XzU_2.mp4,train
562GxmYvvsg_1.mp4,train
56AJoGhwvLI_1.mp4,train
56SnemyXYDM_1.mp4,train
575bTm_lAtE.mp4,train
57wK5eB74gw.mp4,train
58CE934Cxk0_1.mp4,train
59fqI8xBVzw_1.mp4,train
59i-nVlaygI.mp4,train
5AqV_omHThc_1.mp4,train
5B0lLJXGREY_1.mp4,train
5BpSu2_wXqs_1.mp4,train
5BwB9bxmvGY_1.mp4,train
5C7Uj6oTrCI_2.mp4,train
5DK7JulpR9g_1.mp4,train
5DjHf74Wzyk.mp4,train
5Dmdenxy5PQ_1.mp4,train
5FInx5vD418.mp4,train
5FSC6Og1RBQ_2.mp4,train
5G6-x1aI0yI_1.mp4,train
5GWUar402WQ.mp4,train
5GbIspbaNZA_2.mp4,train
5HcRMHu5vNM.mp4,train
5ISUVe2dXX8_1.mp4,train
5J8efbi3d6A.mp4,train
5Joy5x30t6E.mp4,train
5Jr5AHU6DQI_1.mp4,train
5JrVqdElpw4.mp4,train
5MpBZLk82m8_1.mp4,train
5MtZYbYZhIo.mp4,train
5NZ2WDtePsU_1.mp4,train
5NwQvEmIQdY.mp4,train
5NyBQ0If_iA.mp4,train
5PHRpx9Lqzc.mp4,train
5PLTkywHZ50.mp4,train
5QEBvIx9U0w.mp4,train
5QIrV6DdCG0.mp4,train
5QOHsTpMPlM_1.mp4,train
5QnbWBcMSSA_2.mp4,train
5Qu6asXdlFs.mp4,train
5RD0XpWkclQ.mp4,train
5SkNxNsxu_E_1.mp4,train
5T4-x5twTKo_2.mp4,train
5TJpvP7Ksbk.mp4,train
5TWOGQz75xc.mp4,train
5TdjY77NHDE_1.mp4,train
5ToU3NVFX_Q.mp4,train
5U9kzmEMhoA.mp4,train
5Vs-9iTD6nA.mp4,train
5WFDWbMDynQ.mp4,train
5WjkSj17yjE_1.mp4,train
5YO6JToom0U.mp4,train
5YiMdn9qyYw.mp4,train
5Yw2lTDlGnY_1.mp4,train
5Z_Rm0W-HgE.mp4,train
5_XwDbt8TGc.mp4,train
5abyQsJRQIY.mp4,train
5anbkZmuIaQ.mp4,train
5at6UD4G24k_1.mp4,train
5b-82ujbB1g.mp4,train
5buFHMBPDy4.mp4,train
5bwdijeaEjE_1.mp4,train
5c0M_nkTsmg.mp4,train
5cQsAM_VpBw.mp4,train
5dKLdjBujo4_1.mp4,train
5dPJr4Pent8.mp4,train
5dvE8jj59zQ_1.mp4,train
5fAIyKZuqjs_1.mp4,train
5gyfQ4lGoao_1.mp4,train
5j6Yr6SF5fE_1.mp4,train
5jDsH5VpFBo.mp4,train
5johRx7KP7k.mp4,train
5js6qwxEL3Y.mp4,train
5ketMObfFu8_1.mp4,train
5kpV_69sODk_1.mp4,train
5lUAbnLn8YU_2.mp4,train
5luUUDnqHL0.mp4,train
5mMQLQbzvuU_1.mp4,train
5mRd9gulCKs.mp4,train
5n-rJGblvPA.mp4,train
5nM7nJBkrvA_2.mp4,train
5naqubp3l2I_1.mp4,train
5nlcoXAOqFQ.mp4,train
5oIuAvPIeUc_1.mp4,train
5oJk09B7YN4_2.mp4,train
5ov1E2nBePg_1.mp4,train
5oxAsvVFIqs.mp4,train
5p0_OOFy_NY.mp4,train
5p6D25oVSyI_1.mp4,train
5pRxQFocP7I.mp4,train
5pVbyAyMows_2.mp4,train
5pXM8FVyL7Y_2.mp4,train
5rAIznB2Sg0.mp4,train
5reXwGDh438.mp4,train
5sfiu9fyEt8.mp4,train
5smQtXAYAKM.mp4,train
5uBzL7htLvA_1.mp4,train
5udtEzoi0Lo.mp4,train
5ul1ArPWA-U_1.mp4,train
5uzypvZIzOI.mp4,train
5vSILe--brU_2.mp4,train
5vj022EoOLA.mp4,train
5vyTHPBq4Sg_1.mp4,train
5xLVmxL3p0k.mp4,train
5xpCpxYgLGg.mp4,train
5y3eMNykOsA.mp4,train
5y87G_irytQ.mp4,train
5yEAIUigL8o_2.mp4,train
5ye1yjh3Z20.mp4,train
5yfuRyFh-qs_1.mp4,train
5zBLuemgyH8.mp4,train
5zGzPqCNdn0_1.mp4,train
5zUlp2QmgiA_1.mp4,train
6-puAJsTDRQ.mp4,train
60gcpXhOpxg.mp4,train
614YmkupYl0_1.mp4,train
622-g3xXvgw_1.mp4,train
63BPw0sMbtQ_1.mp4,train
63ziYT2F6ps.mp4,train
64Cdgzetaxs.mp4,train
64cEWCYIWDo.mp4,train
655X55UP2HM_1.mp4,train
65N0VvcXr_Y.mp4,train
65whLEBzOCw.mp4,train
66XVsuuo9BA.mp4,train
672SUsSwn10.mp4,train
67RFKb9R-Rs.mp4,train
67rzuuIBt2A.mp4,train
690vMI8P9Zc_1.mp4,train
696laBQvzaA_2.mp4,train
6AZvFIaf6UU_1.mp4,train
6BHgvzr83E8.mp4,train
6BxN42ZQweM.mp4,train
6CF-GjN1qCs.mp4,train
6D-tRJn3T6E.mp4,train
6Dzj5-OjQzU.mp4,train
6E8c6WGZH_8_1.mp4,train
6EeXmMuxrQc_1.mp4,train
6GToY6IT_Pg_1.mp4,train
6J46Gkv1CzI.mp4,train
6JEcTQfX4yI_1.mp4,train
6Jc3GEN51ks.mp4,train
6KSKyvfyJGs.mp4,train
6M1rP2r672o_1.mp4,train
6MpvtbLWDbo.mp4,train
6MxUXd3IEfM_1.mp4,train
6N1X5V0C5d8.mp4,train
6NiPfrusu8E_1.mp4,train
6OIXmWk9mhY_1.mp4,train
6O_VhGkView_1.mp4,train
6P3Z2nkQD3c.mp4,train
6QAnPWF0rLk_2.mp4,train
6RB0s_hkY_o_1.mp4,train
6SG2o63BKdM_1.mp4,train
6SgubmEkZQM_1.mp4,train
6T7sRjrH2hU.mp4,train
6UUmcqXYDLA_1.mp4,train
6UkQusxL7SI_1.mp4,train
6X8mSzwuKWw_1.mp4,train
6Xyl6CNQ_f4.mp4,train
6YLxdNCHGpg.mp4,train
6YdDaQpd7-E_1.mp4,train
6ZWrFKv-PrI.mp4,train
6_vArDwgWLI_1.mp4,train
6adOKxf2hJY_2.mp4,train
6al4AYYeD6A.mp4,train
6aqON2kGdHA_1.mp4,train
6bb5IDbiyzw.mp4,train
6bhBP3kbyds.mp4,train
6buysVt7T14.mp4,train
6c8Zy5HvpQQ.mp4,train
6d6qF1tF1yk.mp4,train
6e0T9ObBi14_1.mp4,train
6eCbHVCJ9N0.mp4,train
6f0v-e468AI.mp4,train
6f5kXjfqcU0_1.mp4,train
6gXuMMAxOm0.mp4,train
6iHv9-pIldQ.mp4,train
6ij6_5cxcfk.mp4,train
6ivNgy-ppH8_1.mp4,train
6jQ0I8KDlHg_2.mp4,train
6kVsL2YCP7I.mp4,train
6l6GxuCUthA_2.mp4,train
6l8NQiTrf_M_1.mp4,train
6lJS7YqGLVU.mp4,train
6m-jzzkuyGM.mp4,train
6mdmCIxWWfo_1.mp4,train
6nKQbhX9QHo.mp4,train
6nV_USsOh4w_2.mp4,train
6oKB5PY2M64.mp4,train
6oic47Y6lcc_1.mp4,train
6pGyXMLfphA_1.mp4,train
6q-qrk-VdXw_1.mp4,train
6r8MMPO3o9w_1.mp4,train
6rTPgPHDnGU.mp4,train
6rot7kh6uZ8_1.mp4,train
6s4UdZ5D58o.mp4,train
6sMzCN4STPU_1.mp4,train
6sQeR9LXn-U_2.mp4,train
6t3agerx9rQ_2.mp4,train
6tAfiAYopfo_1.mp4,train
6u077PZEv0Y_1.mp4,train
6uCWIe3S0tI.mp4,train
6vWqgLivxJg_2.mp4,train
6wOOntcIJjE.mp4,train
6wXGUZtHp5w.mp4,train
6x41e1s898c_1.mp4,train
6xUFRFEzi4Y_2.mp4,train
6y6ylBP0yc8.mp4,train
6zIJ0xpo2xM_1.mp4,train
6zvOKDKmWRc_1.mp4,train
7-U7JLrcGHo.mp4,train
7-b8CgRyOtY_1.mp4,train
70EhU8eg6hQ.mp4,train
70hVqYWQIpc_1.mp4,train
70wTMPGmS-U.mp4,train
71ZZmuGbkO8_1.mp4,train
71zRPKBG0Sw.mp4,train
748qVYC4N1s.mp4,train
74CMVSgSmuQ_1.mp4,train
76BfFrybs0c.mp4,train
76nlaB0l3kk.mp4,train
779eNGeW_Fo.mp4,train
77A4jL_zT1I.mp4,train
77Mi-wPnSZQ.mp4,train
780_wVKvhts_1.mp4,train
78YXhG9tLvk_1.mp4,train
78hb7LPYmDU.mp4,train
7AvSjQ7GV3c_1.mp4,train
7BK0J1hZ7_Q.mp4,train
7BS16GXaOrY_2.mp4,train
7D-_Ilut5Ns.mp4,train
7DFNLpdTyc8_1.mp4,train
7EAhIFjcLPw_1.mp4,train
7EWF3Rsjn6Y.mp4,train
7Ef8k8x0ESQ_1.mp4,train
7EmJ9RQmT_w_1.mp4,train
7F5-fio5ipg.mp4,train
7FcFS0hXehs.mp4,train
7Fi1Cawh4YY_2.mp4,train
7FmS5KzjtL0_1.mp4,train
7FspuW_vgNc.mp4,train
7HFTUAIevO8.mp4,train
7HfVuSW5Alw_1.mp4,train
7Hpx20l91V8.mp4,train
7I3kECWTA4w.mp4,train
7JXTpPBaS8I.mp4,train
7JdpsRQl8eY.mp4,train
7KWNMKoNe8g.mp4,train
7LIiVsJI6W8_1.mp4,train
7LIrmOTBAok_1.mp4,train
7LMLwdCweAs.mp4,train
7LWzbtBSOi0_2.mp4,train
7LXVtTEP_IU_1.mp4,train
7Le7IfihZ0g.mp4,train
7MBisqj8VbE.mp4,train
7MItzb6gz2c_1.mp4,train
7OMdIhQ7zzM_1.mp4,train
7OSI0FK-ka8_1.mp4,train
7P34KxZ_KLE_1.mp4,train
7P9YL1tEnVs.mp4,train
7PKlEo-ZLME.mp4,train
7RjhIe4sKm0.mp4,train
7Rl3OaaGNkY.mp4,train
7Rq6uvvCPd0.mp4,train
7S1IJ8OrInU.mp4,train
7SZTGACgaMk_1.mp4,train
7TAkooD4Lyc.mp4,train
7VB_sLH5j4Q_1.mp4,train
7ViTNBqzX6o_2.mp4,train
7Vn056hXh9U_1.mp4,train
7W6zp8la1G4.mp4,train
7YQ0D3swwMk.mp4,train
7ZQ4WwqhthM.mp4,train
7_VrNljOvzI_1.mp4,train
7aIfkOrtlBM_1.mp4,train
7al_t9swbtA.mp4,train
7bb5Lg8QKIs_1.mp4,train
7bqtiz4KRnE.mp4,train
7c7A8VNHDg0.mp4,train
7ehztIhH_uA_2.mp4,train
7fO_vanzHOw_1.mp4,train
7fdPaEyfc9Y_1.mp4,train
7gX_v77CcuU_1.mp4,train
7ghzTv4t-MU_1.mp4,train
7gjYUfW4BEs_1.mp4,train
7h45o7GDrlo.mp4,train
7hICMJlI2hQ_2.mp4,train
7hQwjcb-qlU.mp4,train
7iPa6A1bwuE.mp4,train
7j8hKnkT0yw_1.mp4,train
7kEbmn2BWIA.mp4,train
7kHYT1bESao.mp4,train
7kHhJbwb-xg.mp4,train
7kqD46WoJWQ_1.mp4,train
7ktA4sMqKSo_1.mp4,train
7n50MsM5c7A.mp4,train
7nOhCp26zqo.mp4,train
7nTC398KiPM.mp4,train
7ob8md8RHzg_1.mp4,train
7poFsrrVPVk.mp4,train
7qLPwuH3tVw.mp4,train
7r-E5BNnbZU.mp4,train
7rmoeayLR8Y_1.mp4,train
7rvnsRkA5WU_2.mp4,train
7s75Cr5aSJI.mp4,train
7sR29KFzUog.mp4,train
7spvXhsm6k0.mp4,train
7tUKe_6Lxpk.mp4,train
7u54vvW1UKQ.mp4,train
7vVeFsNN7uA.mp4,train
7veKecqLRlM_1.mp4,train
7w2Aev6pww0.mp4,train
7xLp4cKj5eo_2.mp4,train
7xT3gRg4lpk_1.mp4,train
7zKiKasH-ec_2.mp4,train
7zYJmIUn870_1.mp4,train
8-KFF8qu6IY_1.mp4,train
8-ifVHALpCw_1.mp4,train
816BojVf1nk.mp4,train
81n3FI_Di84_1.mp4,train
82w5E_szSfs_2.mp4,train
83gKsBHpPOM.mp4,train
83vmd1I6Q4U.mp4,train
83zhg0Uf5jE.mp4,train
84G6by8Z7Ak.mp4,train
870f18p-XdE.mp4,train
88Uj27nX_f4_1.mp4,train
88cVTMvw2fw.mp4,train
890291gO6Io_1.mp4,train
8A3qKZoz1ik.mp4,train
8AKc3tUUqso.mp4,train
8CfsiPsHoQs_1.mp4,train
8CsqDF-3gGA.mp4,train
8D3_VYGa8Zk_1.mp4,train
8DJVQADbpd0_1.mp4,train
8Dx2cvy46lU.mp4,train
8EF9j5VqHzw.mp4,train
8FU08s4mBkI_1.mp4,train
8FkwA1OENww_1.mp4,train
8FuV0BKlSrc_1.mp4,train
8G5NgkTRK8s.mp4,train
8HEymPeiThc.mp4,train
8I__oqg4_eE.mp4,train
8JwPiK_tqTA.mp4,train
8K2LbLuX1_s_2.mp4,train
8KHW8o8XZb0_1.mp4,train
8L3-sQV1BmU.mp4,train
8NUflCsxZS0_1.mp4,train
8NqmODtSLgI_2.mp4,train
8O-mQYCFWoA.mp4,train
8ODE1njkZv0.mp4,train
8OS9z5a2VfI_1.mp4,train
8PEVM1nTgqg_1.mp4,train
8TKDYaZqEFA.mp4,train
8TXKaIN4emc_1.mp4,train
8Tsv4klWWuY.mp4,train
8UMcB8ZkgTk_1.mp4,train
8VeV3_Y6Olw_1.mp4,train
8W0rN_UGUDM.mp4,train
8WAJ_vejYOo.mp4,train
8WNV-TgaJTs_1.mp4,train
8WOkDhrU_Rg.mp4,train
8Z_T-zrBEr8.mp4,train
8_1PBGMAj9w_1.mp4,train
8aKZBVKWE5g_2.mp4,train
8arkJfd_jyQ.mp4,train
8axJ8fy9vI4_1.mp4,train
8bC_BlQw_eQ_1.mp4,train
8biyNZmIKsk.mp4,train
8c6jcLTId-8_1.mp4,train
8cHmxgUpFyM_2.mp4,train
8cz9vIAyOPE.mp4,train
8eae5jZQ1zo.mp4,train
8edWFVV1lo4.mp4,train
8fqQ2nm3B4Q.mp4,train
8fuKz0wYhWw_1.mp4,train
8gAE5cho4ck.mp4,train
8gOeGenGvfg_1.mp4,train
8gULClzsbQE.mp4,train
8gdHlsqexzI_1.mp4,train
8gg1c5ZzWQc_1.mp4,train
8gs46_Woylk_1.mp4,train
8hLvImVhOJM_1.mp4,train
8iMs1y81En0_1.mp4,train
8j0lxGLcgRo_2.mp4,train
8jmBwGIKPmg_1.mp4,train
8lbfynog1yQ_1.mp4,train
8m3p1BEhCUw.mp4,train
8mXwd_VuW1k_1.mp4,train
8m_WUuSGZHg.mp4,train
8m_cHzTpmeY_1.mp4,train
8mb_jgrFdeE_1.mp4,train
8pLSdUH-S5U.mp4,train
8pXV8kLacAI_2.mp4,train
8pfW3gmsue8.mp4,train
8r5QmLFv9Jc.mp4,train
8rbvjjFfIPQ_2.mp4,train
8snFGrMOv8c_2.mp4,train
8tC5fhomuPw.mp4,train
8tF644BWKNo_1.mp4,train
8tgBgXrOn6Y_1.mp4,train
8ucWkX-wRrk.mp4,train
8vtQX3cugYc_1.mp4,train
8w-jGg00BJ4_1.mp4,train
8wI11m_OvYo.mp4,train
8wgrPnyzpMw.mp4,train
8xNtPv0InYE.mp4,train
8yWcdPX31pM_1.mp4,train
8z32TzNwU7U_1.mp4,train
8zNQTYikGX0_1.mp4,train
8zVGtdn_NLc.mp4,train
91WkA3SEDpM.mp4,train
9200bHjUzac_1.mp4,train
922S3GXI7eI.mp4,train
92HuQ3Vr13Q_1.mp4,train
933fIHNLS9s.mp4,train
93GUaFv2z84_1.mp4,train
945eoq95GKM.mp4,train
94KSlCCbBf0_1.mp4,train
94r3k7n7oTs.mp4,train
94yey9jGdsE_1.mp4,train
95KlTHhKlmk.mp4,train
96JTPuAvmno.mp4,train
977nahhu-Zk.mp4,train
97UeCMhqWxw.mp4,train
98QpyN3f8ZU.mp4,train
98UHa9YGWMg_1.mp4,train
98wq5RZYq90_1.mp4,train
99N6O7wQL6o.mp4,train
9AR3EYXYTNk_1.mp4,train
9B91YNQuBTg_1.mp4,train
9BJ5ZQixW34.mp4,train
9BMHwqCSjag.mp4,train
9BvwAQ7c9-c.mp4,train
9D6zt9-uP88_1.mp4,train
9E_Rr4c5UUc_1.mp4,train
9FCa_zHS4-k.mp4,train
9GJUdPIquG4.mp4,train
9Gb8falrx1Q.mp4,train
9Gl6dhM-XAY.mp4,train
9GqUoFtKfNE.mp4,train
9HSEWDsdxgI_1.mp4,train
9HpOx_E5Q9Q_1.mp4,train
9IFKjY7Uuw0_1.mp4,train
9Iq8DWRoeJA_2.mp4,train
9JgVee1UGmI.mp4,train
9KMPc_T4bU8.mp4,train
9KZbTecPlh0_1.mp4,train
9LDQGtFRVhI.mp4,train
9LMQNfNdfRQ.mp4,train
9LWMsCmHhaQ.mp4,train
9LXAp02OXko_1.mp4,train
9LjYLI7ma7Y_1.mp4,train
9MUevtG3yYc_2.mp4,train
9NyNlhJnyng.mp4,train
9OWi_u40bd4_1.mp4,train
9QPvSQjo2oQ_1.mp4,train
9QYn422W2pU_1.mp4,train
9R8mO744RdM.mp4,train
9RdiJAmwOtw_1.mp4,train
9TAdXqb-qcs_2.mp4,train
9TcOdm_p8dc.mp4,train
9TzR_2DZEKk.mp4,train
9VYxltnFK9k.mp4,train
9VvSEg2LUHw_1.mp4,train
9WpI_sLgb00.mp4,train
9ZFVsuD_DOA_1.mp4,train
9ZaH5h9D4yI.mp4,train
9_PxbDV7BcU_1.mp4,train
9bDbETVM0r4.mp4,train
9bU0eltCrYQ.mp4,train
9bwbusx_8ik_1.mp4,train
9cFEgJEFFB8_1.mp4,train
9cRQJXVdE3I_1.mp4,train
9c_bONRs12w.mp4,train
9e62cz2TIdo_1.mp4,train
9e7G2jc3tso_1.mp4,train
9gZg_sd9G88.mp4,train
9h1DKNgyPZM.mp4,train
9hfrwKx2js8_1.mp4,train
9hyc0l2c7I4.mp4,train
9j49KqnHN3s.mp4,train
9jIu7tBsX70.mp4,train
9jYJjEHnKTw.mp4,train
9lETXfWFER8_1.mp4,train
9l_mPRyG3Lw_2.mp4,train
9nYAc6GEbNo_1.mp4,train
9oigD1xSV-g_1.mp4,train
9oo3hDRFIhM_1.mp4,train
9pEAebpmkS0.mp4,train
9pRb9SzUagk.mp4,train
9qIeBRYxhjI_1.mp4,train
9qLTvYXHLdU.mp4,train
9qhBPFXW-b0.mp4,train
9qlCI50wdzY_1.mp4,train
9r4aaMyWBvo_1.mp4,train
9r5BkbHQKg4.mp4,train
9rOnDWXhyaU.mp4,train
9sK2PFaxoHw.mp4,train
9tcU1uGTnFo.mp4,train
9tph00_pAf4.mp4,train
9uNB69GAxtk_1.mp4,train
9uSE_BJx1Po.mp4,train
9vvemJ0nr-E.mp4,train
9wsyF_yvjfQ.mp4,train
9xgeOH9Jl9U.mp4,train
9y_XoHypC2Q_1.mp4,train
9yuJzZDgPRw_1.mp4,train
9zh_TIspgro_1.mp4,train
A-DmE3OOAfU.mp4,train
A-OYsPfNlNA_2.mp4,train
A-XKL0nXLoA_2.mp4,train
A0JzS62h92w_1.mp4,train
A0fQyTZj4Mk_2.mp4,train
A131AL5rAPU_2.mp4,train
A2flwWtlgdQ.mp4,train
A2t3ucbTnzg_1.mp4,train
A3E7kL78NRs_1.mp4,train
A3QOVwivz4Q_1.mp4,train
A3v05__5wIs.mp4,train
A3vRjp3UwrE_1.mp4,train
A4RELg59BW8.mp4,train
A4WC9h-V7gg_2.mp4,train
A4s4g4tpDwQ_2.mp4,train
A6OkMmLkj50_1.mp4,train
A6f3QRzvHV0.mp4,train
A7GtKqvxPNA.mp4,train
A7Z8eaNDLGg.mp4,train
A8fPXgxSQ-k.mp4,train
AApcKicSfHU.mp4,train
ABHbs7wII44.mp4,train
ABSyPhV0SCw.mp4,train
ACJG5VeKrvQ.mp4,train
AD8RcVimCyw_1.mp4,train
ADOlYPfw_T8.mp4,train
ADgKP4UpMkg.mp4,train
ADtWeEnpLfY.mp4,train
AEfFAtmkt6o.mp4,train
AEjUapb4Iwc.mp4,train
AF8n5CAR0m0_1.mp4,train
AFV4rZ8HFUI_2.mp4,train
AGADAbFPPH4_1.mp4,train
AGSQnRV3FY8_1.mp4,train
AHrIksqU13s.mp4,train
AJ0UWA48X-g.mp4,train
AJ0hvy4jJXY_1.mp4,train
AJyoUbv1lzs.mp4,train
AKpYk0-0v8s_1.mp4,train
ALdikJXEJtc.mp4,train
ALw4b7WFOR4_1.mp4,train
AMSxEvyhESk.mp4,train
ANfL9O6wy4Y.mp4,train
ANgOOb951fE_1.mp4,train
ANxPvptCW6w_1.mp4,train
AO9vAsL-gXg.mp4,train
AQ_ba6r2-YM.mp4,train
ARS_u1Op3gw.mp4,train
ARSm5la19W4_1.mp4,train
AUnzt1FRoRk.mp4,train
AUqBZl760Lg_1.mp4,train
AV6KYwLsbfY.mp4,train
AVjyszuck8E.mp4,train
AW-lxiaveRY.mp4,train
AWMcypBB9WY_1.mp4,train
AX7RoHSCLPk_1.mp4,train
AXkvz_N39pg.mp4,train
AXzNbOMMZ6Y.mp4,train
AY5ZDfd57vc.mp4,train
AYTEzWH7BYY.mp4,train
AZ71WPBDNuM.mp4,train
AZBsekRB7zY_1.mp4,train
A_ghucv_daw.mp4,train
Aa8BKFLPRYs_1.mp4,train
AaHFB_q7AO0.mp4,train
AaHmdX-mi5s.mp4,train
Aahly6_Ya3w_1.mp4,train
AbYawF3ki0k_1.mp4,train
AcAbORUCKbM.mp4,train
AclEDgleQ6M.mp4,train
AdV7Zn6p0yg_1.mp4,train
Adn8_szuH5A.mp4,train
AectM0u3HLI_1.mp4,train
Aeq2jo3tSdA.mp4,train
AfzXlh8OgnI.mp4,train
AgAIB4T8Z04.mp4,train
AgB-ICcX7Fg.mp4,train
Ah8zB8BQYek.mp4,train
AhDjpH0xZAU.mp4,train
Ai8GHDxnOzE_2.mp4,train
AjSoS7r4qJI_1.mp4,train
AjWZkexuKVI_2.mp4,train
AkDOjtOtGGA_1.mp4,train
AkY2zmS18v0.mp4,train
AmbZ5vym81g_1.mp4,train
AnzLnEIXCI4_1.mp4,train
Ap36VoRZatU.mp4,train
ApkQwiV28bY.mp4,train
Aq_A-TmNfwk.mp4,train
ArXzUJR5Vic.mp4,train
ArcfZOVJyc4.mp4,train
ArrUPiaqzHA.mp4,train
AuCxXmjvztU.mp4,train
AuTgOkqjmKs.mp4,train
Aup_XGd3EqQ.mp4,train
AwsLVn18lwo_2.mp4,train
AygZ8ATgf_c.mp4,train
AzOpSq_iZCo_1.mp4,train
Azhplpvwi6Q.mp4,train
B0JKoyG_q0g.mp4,train
B0eoeNCs3RI_1.mp4,train
B0wM7GT2PKU_2.mp4,train
B1plqHKGoW4_1.mp4,train
B2JFlPUsxQY.mp4,train
B2eH7OwcKQ0.mp4,train
B34E37rWGWA_1.mp4,train
B34fwmoOvvI_1.mp4,train
B3ViGdozfp4.mp4,train
B4Anc1i1S1E.mp4,train
B4_sWGyQgrA.mp4,train
B5Qtp_-1gmo_1.mp4,train
B6UQh9WuYAY.mp4,train
B6XbxlOZXm4_1.mp4,train
B6dVHrpiFws.mp4,train
B71wV1k7n4M.mp4,train
B9gcbXjMQwg_1.mp4,train
BAuCEJ4uKgE.mp4,train
BCVSsSZSqm4.mp4,train
BD-PPGZahtU_1.mp4,train
BDSIilJRj-4.mp4,train
BDyD3b5IvEA_1.mp4,train
BEBfzPkE3EY.mp4,train
BEEOC2ZXhsg.mp4,train
BFYTOi2N1w8.mp4,train
BGIG-XfX4BI.mp4,train
BGfcBh4woVU_1.mp4,train
BGjmN9lRDH0.mp4,train
BI1IkyUrBT0.mp4,train
BI57SSk_cGU.mp4,train
BIO33uNK_pY_1.mp4,train
BJ_XRbrwsk0_1.mp4,train
BJgvTIe5avM.mp4,train
BLazXqvPnKk.mp4,train
BMKm42g0s08_2.mp4,train
BMsUiLpUFQQ_1.mp4,train
BMzjPIvzVfU.mp4,train
BN8N3UwtL00.mp4,train
BNNY7s6UnX4_1.mp4,train
BNnUgdUKtf0.mp4,train
BPC5XCxTQDE_1.mp4,train
BPWGQ-KcisU_1.mp4,train
BPXMuyXJai8_2.mp4,train
BQU7PK2GEw8.mp4,train
BSJyINZgfWY.mp4,train
BS_TcCb8q0s_1.mp4,train
BSezNX5k4dA_2.mp4,train
BSztT4FmVvg.mp4,train
BT9rDLe3e_8.mp4,train
BTWoG55D4ns_2.mp4,train
BU67b7LtyE0.mp4,train
BUOXpYbLzTI_1.mp4,train
BUdAJ_WWdxo_1.mp4,train
BUt4lIrC0E8_1.mp4,train
BUv48pwD90o.mp4,train
BVtBleg0HgA.mp4,train
BVyAGCPGC9I.mp4,train
BWKieNmLY2c.mp4,train
BWWtThOnwkE.mp4,train
BX15HPM6TzE.mp4,train
BYY1nIP7J-E.mp4,train
BYnUpQfk3Ts.mp4,train
BaDaIkw-dmQ.mp4,train
BaXoF_r5D4w.mp4,train
BauK2i6mmK4.mp4,train
Bc5uO2zRNJA.mp4,train
Bc_Km33uz74.mp4,train
BdQCN4niLds.mp4,train
BdxydPFxfAA.mp4,train
Bf2FG9YBics_1.mp4,train
Bh9e-exemes_1.mp4,train
BiqToLUGbec_2.mp4,train
Bir6ea5EZ1c.mp4,train
BkPmz2DBMEo.mp4,train
BlV_8p_hgLA_1.mp4,train
Bl_SheTtSt0.mp4,train
BmNYiO_-qFU_1.mp4,train
Bmq6b73OAQ4_1.mp4,train
BnIXdnAD2EA_2.mp4,train
BnRQjGF_dIc_1.mp4,train
BnTXPFA6gHA_1.mp4,train
Bo35LBOce64.mp4,train
BoTn3ZPqyjk_1.mp4,train
BpDvz3q-6pU_1.mp4,train
Bpg2wRBxGPI_1.mp4,train
BpheOwGP6ZE_2.mp4,train
BqgTzj7IeZ0.mp4,train
Bqq4Ir8T9Og_1.mp4,train
Br0rMI_5PzA_2.mp4,train
BrDv3nkZnCE_1.mp4,train
Brqv7-rpdTQ.mp4,train
BtseOFOQ9j8.mp4,train
Bw8_jmAk28w_1.mp4,train
BxxS_OuUUv4_1.mp4,train
BzQFZNqQVsc_1.mp4,train
BzgPNh4W3GI_1.mp4,train
C-rIgD-yIvg.mp4,train
C0UywICFPWw_1.mp4,train
C0znUIY2osY.mp4,train
C15CAFPqP9g_1.mp4,train
C201-UUFUDg.mp4,train
C2FMG7QWfCo.mp4,train
C34PxLKD8OM_1.mp4,train
C39QX6etLxw_1.mp4,train
C4B6Nezrmxw_2.mp4,train
C5DI23vAhYo_1.mp4,train
C5lKWeivlFY.mp4,train
C6Lf2U0ZDmQ_1.mp4,train
C6NYbD05HIo.mp4,train
C7tQarNFXJo_1.mp4,train
C7zW-Cuv3tU_1.mp4,train
C8NKSCbnodM_1.mp4,train
C9ZLmgNDV_Y.mp4,train
CAKl640s6UE.mp4,train
CBXCId8jHAA.mp4,train
CBdApLFUzYs_1.mp4,train
CBgYsD9T-uI_1.mp4,train
CCLHQe8fETs_2.mp4,train
CD7q4E7thng.mp4,train
CDd6olbtjWE.mp4,train
CEHCaHC8hK0.mp4,train
CELYbb3X9fk.mp4,train
CEiO3djH-zg_2.mp4,train
CEsvPmZQ7c4_1.mp4,train
CGNDUJWk96I_2.mp4,train
CGWUtV3bpgc_1.mp4,train
CH_cyrmtUd0_1.mp4,train
CHt94rpZVOI.mp4,train
CKCqZpXdLU4_1.mp4,train
CKRWnL9qBDo_1.mp4,train
CKkHv_YeHWU.mp4,train
CLjivq1wW6E.mp4,train
CLxxQFQiTic.mp4,train
CNL5igD7Z9U_1.mp4,train
CNfxuVjZuh4_1.mp4,train
CNnZQINfB8E.mp4,train
CO-YipjVoj4_1.mp4,train
COAl-bQOrFU_2.mp4,train
CPPp4bkc2M0.mp4,train
CPitVthnjH4.mp4,train
CPzNAqruek8.mp4,train
CR2NKbXEI-A.mp4,train
CRdSfDtdSj8_2.mp4,train
CSY_YI5A3uw_1.mp4,train
CTZLTOTcRtg_2.mp4,train
CU60FAVcxnc_1.mp4,train
CUNH7UOyYGI_1.mp4,train
CXEDTo1PXCg.mp4,train
CXLZ3svHfGc.mp4,train
CXOPG4pJxDI_1.mp4,train
CXzmFPBwjzs_2.mp4,train
CYE_fagx7yo_2.mp4,train
C_7MNhDkut4.mp4,train
C_H7DeMnOQ8.mp4,train
C_HK0uWAt8I.mp4,train
C_VE9wu76So.mp4,train
C_VIItfSFdU.mp4,train
C_pnntfY2qw.mp4,train
CbscRBBGtT8.mp4,train
Cc7VwcMMTqk.mp4,train
CcX4eD-UArI_2.mp4,train
CcsJ-D4YAMI_1.mp4,train
Cd0f7fvtGTg.mp4,train
Cdb8BFpFWqo.mp4,train
CeGVf78K8jg.mp4,train
CfFtNMRV6Y8_1.mp4,train
CfNlpbflIQU.mp4,train
CfRFZ0IFp3Y_2.mp4,train
CgJ5_Y60Uu0_2.mp4,train
CggX-rNVSxc_1.mp4,train
Cgk-fX-KFhw.mp4,train
Cgs1MibMXJ0.mp4,train
Ci-i1-FzGTU.mp4,train
CjL55F1EpNk.mp4,train
CjZKfMv3QsA_2.mp4,train
ClLC-JSUEq4.mp4,train
ClwPsyQ5iKQ_1.mp4,train
ClxK5dEsoZk_1.mp4,train
CmAtK2kV6GY.mp4,train
Cn1Q6q6XtMI.mp4,train
CoA255C3aAU_2.mp4,train
CoKtBDPhPbg.mp4,train
CoMoRzQiKm8_1.mp4,train
Codai31kUpE_1.mp4,train
CowXY9IdbxA_2.mp4,train
CoxdEUEw9Lw.mp4,train
CpYIKn7qaIY.mp4,train
CpbiUt_BR3U.mp4,train
CqOegR2Dg14.mp4,train
CqilPDcjxRc.mp4,train
Cqtgx6BSkRk.mp4,train
CrKUKDtOtSw.mp4,train
CsVqdOkFe4Y_1.mp4,train
Csudbq04CV0.mp4,train
CtWGmhj6scQ_1.mp4,train
Ctij9uzbRTU.mp4,train
Ctsn9y9OSCk.mp4,train
CuOhMZjaUS8_2.mp4,train
CujxTrMxQEw_1.mp4,train
CvB9G9rAoNY.mp4,train
CveKv8LNSOI_1.mp4,train
CvkYlSWEfL4_2.mp4,train
CvppYfpiXyM.mp4,train
Cw13fIyVSNA.mp4,train
CwdQO_zlNyE.mp4,train
CyV5-k-6JFk.mp4,train
CyY-qOh0k4U_1.mp4,train
Cyn1WPoqLHM_1.mp4,train
Cz3KCbolavI.mp4,train
D-6BxGJ0ru8_1.mp4,train
D-6KziM3_ac.mp4,train
D-DoLPV-QRg_1.mp4,train
D12hlBiVjck.mp4,train
D19X5MhzZcE.mp4,train
D1NuUfSrJq8_1.mp4,train
D2Ayu0l7M78.mp4,train
D2r4zIgoqkg.mp4,train
D2w1j6MXK-s_2.mp4,train
D3-jY-B3kFo.mp4,train
D38jZfxOtFs_1.mp4,train
D3MeXacclFw.mp4,train
D3USBJo5zLA_1.mp4,train
D4mWoGRHBYc_1.mp4,train
D5jXj8nf-Sg_1.mp4,train
D5ynpqL8HC4_1.mp4,train
D6MP5temHtg_1.mp4,train
D6jjiguTEmI_1.mp4,train
D7hi8QdSnq8.mp4,train
D9jI_HByl1Q.mp4,train
DA0Ma_9R3HU.mp4,train
DAgfV9RRVsw_1.mp4,train
DAhaM4E1wSM.mp4,train
DBMZ92qq6fY_1.mp4,train
DBUTlAHjWlI.mp4,train
DCH3d-S6BlI.mp4,train
DCRybq5sYAA_1.mp4,train
DCjd5dJLuF4.mp4,train
DCwA5BuGHa8_1.mp4,train
DD9K1ojKj_k.mp4,train
DDusbrXIyaA.mp4,train
DF_pD6nnqRk.mp4,train
DG2hfDpWdMQ_1.mp4,train
DHihi8AG0ck_1.mp4,train
DHr0LlZd0cs_2.mp4,train
DJzxcG2JLTA.mp4,train
DKuMCtyj8ik_2.mp4,train
DMDAXFRPJBs_1.mp4,train
DM_xL10khbo_1.mp4,train
DMaN0jUw3pU.mp4,train
DMxZHUZ7u88_1.mp4,train
DNF5QY7x2Lc_1.mp4,train
DNP9-5px_mA.mp4,train
DNVOzTx47ew.mp4,train
DNk0c1RwBJ0_1.mp4,train
DOHpEalcflo.mp4,train
DPFh6Vtj8nY.mp4,train
DPb0Ariw5Ic.mp4,train
DQZ8UEoRnUs_1.mp4,train
DQg2gfZHQ_0.mp4,train
DQstNLzwuNg.mp4,train
DRvjyDqrHq4_1.mp4,train
DSL5R_AGIiU.mp4,train
DSpymhe73eM_1.mp4,train
DSr0qd_JY8w.mp4,train
DTOsm_OuWLM.mp4,train
DTWS5Oy3kcY.mp4,train
DU-O8ssmBHg_2.mp4,train
DU-odPNLPio_1.mp4,train
DV2QK-flhpc.mp4,train
DVe5knz8gh8.mp4,train
DXj1A4BNsQg.mp4,train
DY9ZAVPwT8o.mp4,train
DZ55uUFJfTA_2.mp4,train
DZ6eHdrXGC8.mp4,train
DbQXU9hA1AA_1.mp4,train
DbWWsUmMXUA_1.mp4,train
DbfHSSkk3Ss.mp4,train
Dbt8wFNY5RI_1.mp4,train
Dbz-hAaPPvg.mp4,train
DcEY17TDRIw_1.mp4,train
DcJKQkC-JjY_1.mp4,train
DcRRjyNfFJs_1.mp4,train
DdEgmEhWnRA.mp4,train
Dg1FJhcTg2E_2.mp4,train
Dg95uOLJogg_1.mp4,train
DgF0m14DBG0.mp4,train
Dgq7SU6Khls_1.mp4,train
Dh69YPn9pzU.mp4,train
Dhg5hNpQxQU.mp4,train
DhydZXrTFJ4_2.mp4,train
DjEe79bR1M4.mp4,train
DkjjHEZzsHE_1.mp4,train
DlLsAg0WL68_1.mp4,train
DlTdx-rVtfo.mp4,train
DlyWuMwYeVc_2.mp4,train
Dom49pxvY-M_2.mp4,train
DpoUiyIlk2k.mp4,train
DqnTDIwMoFc.mp4,train
Dr99eNeltzU.mp4,train
Ds0rhfDqBrM_1.mp4,train
DsIehsrzx7o.mp4,train
DtVx1FUTYaA_2.mp4,train
DtZFOZG8tTQ.mp4,train
DtdeOvkYLo4_1.mp4,train
Dteba6UR1uY.mp4,train
Dvpc0R8CfI0.mp4,train
DwUajipOhHY.mp4,train
DwrOgyG1P7E_2.mp4,train
DxotcbkEnMY.mp4,train
Dy9J-D3RVDw_1.mp4,train
DyoiyeHahko_1.mp4,train
Dywl939W0wU.mp4,train
Dz2avlvSTYQ_1.mp4,train
Dz9dFM4Pg3g.mp4,train
DzL4k1Vy3gc.mp4,train
DzyfpdJYBwg.mp4,train
E1bMcpst-p8_1.mp4,train
E1g2vckJJek_1.mp4,train
E2-FY4q-Kbg.mp4,train
E2GOvDBZhdI_1.mp4,train
E2SKFVvnt0s.mp4,train
E3CEiwzCU94_1.mp4,train
E3IAqXfMjWA.mp4,train
E4A1ApJjUkE_1.mp4,train
E4Kp5d5orgA_1.mp4,train
E4_sAfIiflQ.mp4,train
E4hL5jUFwCk.mp4,train
E4rnCudFi8c.mp4,train
E5mWb7nGYmQ.mp4,train
E5teJWyr2rA.mp4,train
E6-Q2xXxUmc.mp4,train
E6XeodyBzYs_1.mp4,train
E6yxMBZEYhs.mp4,train
E7ASHBd0kDs.mp4,train
E7okhzFRINQ_1.mp4,train
E7upPuPpLIY_1.mp4,train
E8uf2VM3KCo.mp4,train
E91cfQBn8_4_1.mp4,train
E93MkvU8Hs8.mp4,train
E99L8qeeuVk_1.mp4,train
EBdRrVvw25g_2.mp4,train
ED7sE5v2jKE.mp4,train
EDDN3o-FX9Q.mp4,train
EDEbbnnbHeo_1.mp4,train
EDW7RoRvZOg_2.mp4,train
EDX7B93iM9k_1.mp4,train
ED_25-_F0MI.mp4,train
EDxRoZlrq5A_1.mp4,train
EE1cuwsn1IY.mp4,train
EE_BDdMNWTI_1.mp4,train
EEn5WhsNLfA.mp4,train
EF3PXbHGGUM_1.mp4,train
EFBQAgXgXEk_1.mp4,train
EFPl9sfDRkM.mp4,train
EFd9_rQVW6k.mp4,train
EGt1EA-YBNw.mp4,train
EHWONrQWsVE.mp4,train
EI3Z7yP6_JQ.mp4,train
EI4ConsbYws_2.mp4,train
EIS2HUEopZM_1.mp4,train
EI_dA2lZLds_1.mp4,train
EJ0UG10b714.mp4,train
EJF-HPyHiYE.mp4,train
EJo7NBj1Qx4.mp4,train
EK6tORg211g_1.mp4,train
EKWgFRGdMwU.mp4,train
EKZWNoQFQuw.mp4,train
EKp6wIukZRc.mp4,train
EKr1gGcQlXk_1.mp4,train
EL4UAMc2Kmc_2.mp4,train
ELCvZrWheyk.mp4,train
ELX_Ak3IKgE_1.mp4,train
ENY1YTTzKao_1.mp4,train
EPIpofZRHBY_1.mp4,train
EQ1yzB0YoPY.mp4,train
EQMR3agty8g_1.mp4,train
EQpjjm6rZTw.mp4,train
EQwPLL2v2bU.mp4,train
ERX99VRsSPA_1.mp4,train
EUJyZCB8UoE.mp4,train
EVLxRwi3cNY_2.mp4,train
EVNgPUE-tys_1.mp4,train
EVs45zQ6mTQ.mp4,train
EW6ZzbkYD9g_1.mp4,train
EWDMPkRnEHI.mp4,train
EWPzum2d02w_1.mp4,train
EWUNJsze6aE.mp4,train
EXEEDnScQ8g_1.mp4,train
EXSLF0azSNs_2.mp4,train
EXdh8IAeyUk_2.mp4,train
EXoZ4SeF5as_1.mp4,train
EYWI_5mkrbc_1.mp4,train
EYcuu4ETc4Y.mp4,train
EZ9S6g3CBzM.mp4,train
EZpZvb2wicY.mp4,train
EZtR1UdIiBE.mp4,train
E_bwQ8SGo8w.mp4,train
Eakl221Gpsg.mp4,train
Eakrhy1WezE.mp4,train
Eb1zmjEoyGQ.mp4,train
EcCzQVbFiwE.mp4,train
EdGBkBi0xQ4.mp4,train
EdGYkgo-nX0_1.mp4,train
EekMLY_SxPo_1.mp4,train
EfIcGuRmc84.mp4,train
Eg7eVi4c11k.mp4,train
EgYYB3nHbyU_1.mp4,train
EgeA95Yf9IQ.mp4,train
EgeuAsy-wmc_1.mp4,train
EgnE1hPwGRs.mp4,train
EhE2_Jd7F-o_2.mp4,train
EhErcUPHNgg_1.mp4,train
Ehm9mwSc-JU_2.mp4,train
Eic6GMcQ9Tc.mp4,train
EilGxC4fZ4g_1.mp4,train
Ejk3rD52uc0_1.mp4,train
EkK_DEi9vog.mp4,train
EkaFWDZrh2E.mp4,train
EkfwGwI4c6E.mp4,train
Ekmr93MXzCE.mp4,train
EktuCHkw7Ss.mp4,train
ElXP4DjT3H8_1.mp4,train
EmUsRBX9664_2.mp4,train
En8MHpUgipg_1.mp4,train
EnH0HaNPtsc_1.mp4,train
EnILR2WEkzc.mp4,train
EnNw43_8YjY_1.mp4,train
EnyO2ToSA20_1.mp4,train
EopinjD2-4I_1.mp4,train
Eoz8FUQDCKY_2.mp4,train
Ep_W1M6FWe0_1.mp4,train
EpxAKEtJbdI.mp4,train
EqGyUaKwRjg.mp4,train
EsvQpLP_28E.mp4,train
EuU5L4V0jsA.mp4,train
EvZvymz1nRo.mp4,train
Evw-przGUxo_2.mp4,train
EvwF_HCmPxY.mp4,train
EwbZoVWQ6II.mp4,train
EwcX2aXTmUQ.mp4,train
ExEPNAW_Zk4.mp4,train
Ey1sb2Mq-00_1.mp4,train
EyHkbtQEH4w_2.mp4,train
EzA7vpG_mnw.mp4,train
F-NlKJvZ17E_1.mp4,train
F-aZRY9C6HY_2.mp4,train
F-nZwpViPqM.mp4,train
F0Yx7_4Ox0c.mp4,train
F1AvK4jxMuA.mp4,train
F2SfSlbRkj0.mp4,train
F2oFyH9CkpI.mp4,train
F2qZXlYNo38_1.mp4,train
F3qQXP8EtRs.mp4,train
F6sn_h1Xea0.mp4,train
F7s5GtLbtGE.mp4,train
F7wUQReGNEw.mp4,train
F8ZmweysvHM.mp4,train
F9JOa0fXPI4.mp4,train
F9qYkNV06NE.mp4,train
F9v9eNr0daA_1.mp4,train
F9xcw575Q-A.mp4,train
FAOHczmX7Kc.mp4,train
FCHXqa0qVDo.mp4,train
FCMh8YKvD-8_1.mp4,train
FCNV_86edvI_1.mp4,train
FD8LpV-MqEM.mp4,train
FDV5iLDQiFs_1.mp4,train
FDpm4DIIUqI.mp4,train
FEi50jcTxxI_1.mp4,train
FFAd29BYBxs.mp4,train
FG0lFws-PWo_1.mp4,train
FGFEkUDv0Xs.mp4,train
FHJGiOwpmJ8_1.mp4,train
FHwjyQeLNuY.mp4,train
FIUecHseRiA.mp4,train
FIYZhJAQ3Qo.mp4,train
FIj5kYw23Og.mp4,train
FKzGaTqUqGY_1.mp4,train
FMNrbQN6pX0_1.mp4,train
FNM7gqdOCzQ_1.mp4,train
FNwSw0aI6yk.mp4,train
FOXxYHFHzto_2.mp4,train
FP83TXugYq4_1.mp4,train
FPuKLNX3uKI.mp4,train
FQYd1BVpZ54.mp4,train
FR_SoS24QTs_1.mp4,train
FSKTNkpTx5Q_1.mp4,train
FTNGNvDqp-g.mp4,train
FWGaBkksG7c.mp4,train
FX4qWqaO0aE_2.mp4,train
FXDVdq4xfbw_1.mp4,train
FXkWue_0HsY_1.mp4,train
FYU1yAIBMKk.mp4,train
FYxrZhkb5Zc_2.mp4,train
FZ5a1t1hKpw_1.mp4,train
FZFeKGTeQ5k_1.mp4,train
FZrTVPMOSTk_1.mp4,train
F_Bi2czPDcc.mp4,train
F_es2B9Sgo0.mp4,train
F_ssKRakSBs.mp4,train
F_zWSg0n04A_2.mp4,train
FathKZe6_LI.mp4,train
FdxGN0ru6F8.mp4,train
FeI5iTWw_6w_2.mp4,train
Fep0HNXm84k_1.mp4,train
FfuRz0AuxMs.mp4,train
FgId5lNxRyM_1.mp4,train
Fgkks8MEUi8_1.mp4,train
FhgAT_pNTIE.mp4,train
FhsR37rUlRo_1.mp4,train
FiEj2MNIRAs_1.mp4,train
Fjx9s0fJjEA_1.mp4,train
FkCaUqcqwpA.mp4,train
FkJ_uBF9n88_2.mp4,train
FlB4FQhBm5M.mp4,train
FlZ8Xekr-JA.mp4,train
FlaNoLJsw-s.mp4,train
Fls8pLxuhZs.mp4,train
FmDMlXXPl9c_1.mp4,train
FmR82ugp5Ug_1.mp4,train
FnSIbbCAQ3s.mp4,train
FnTehW6ik-Y_2.mp4,train
FogwGS1HzIQ.mp4,train
Fq1Pqke8_pE.mp4,train
FqtbCwFHFrw_1.mp4,train
FrcAMp9yi1k_1.mp4,train
Fty9TY6f37g_1.mp4,train
Fu11XkNRBis.mp4,train
Fu6JYe2kAkg_1.mp4,train
FuP3ROsNQoU.mp4,train
FuoBm8C2wRg_2.mp4,train
Fw0sNnw7Jd8.mp4,train
FxpR_7U84nQ.mp4,train
G-5rBFFWEIk_1.mp4,train
G-MJMctXHkY.mp4,train
G-xw6dwoiBc.mp4,train
G-zchviTHUI_1.mp4,train
G0Ii_arG_iA_1.mp4,train
G1M2g_Bp2iM.mp4,train
G1kA8fiQM3Q.mp4,train
G1v0EK67zuc_1.mp4,train
G2Lhs-1HRys.mp4,train
G3noibPzJ1w_1.mp4,train
G4VFlxK9srU.mp4,train
G6aKn9zvQ8g.mp4,train
G7LqVtoayeo.mp4,train
G9ClKgFVe4U.mp4,train
G9MUHd-IjF4_1.mp4,train
GA00BzF9EpE_2.mp4,train
GAP_IrJE0F0_1.mp4,train
GBvOlmOfz7s.mp4,train
GDbeg02GKjA_2.mp4,train
GE77ptzmP6g.mp4,train
GES06kpvMl4_1.mp4,train
GFWW1CO5rf0_1.mp4,train
GGBp_AxOgjE_2.mp4,train
GGK97cywvBc.mp4,train
GGV55DgjlHM.mp4,train
GGbmYniJ_EM.mp4,train
GH5LgcALHiM.mp4,train
GHDSqpqhyUo.mp4,train
GHEnNurHKWk_1.mp4,train
GHp2q1IoF6I.mp4,train
GIoPLi8lba4.mp4,train
GK1Zc8T40Yo.mp4,train
GKyaVPkBIvU.mp4,train
GLLwgmHVTGM_1.mp4,train
GM5YzHlNbtQ_1.mp4,train
GMAuU7yQo1k_1.mp4,train
GN8ge3CZFWE_2.mp4,train
GN8sm5YR2kg.mp4,train
GNOV9MdthUU_1.mp4,train
GNULrNz8c64.mp4,train
GOwke9T4QOU.mp4,train
GOxL9etVT9c_1.mp4,train
GPDJy25-tN8_2.mp4,train
GPntxbUpP8E.mp4,train
GRvD6_yvvdc_2.mp4,train
GSMQDwI83aI.mp4,train
GSeKuIBIGWs_1.mp4,train
GTNV1gmJDSk.mp4,train
GUA7UJE53Qc.mp4,train
GWE16XtuLOE_2.mp4,train
GWPzuYBtXA4_1.mp4,train
GWQ3h3xY7os.mp4,train
GWXw1ra-nu0_1.mp4,train
GWn73nB7NsA.mp4,train
GXhOBQRBsb4.mp4,train
GXpfHLOLU_4.mp4,train
GYVZ3VpzJRI.mp4,train
GZSpfYjY3lM.mp4,train
GZTuJ6NMvbw.mp4,train
GZagTSm_qhM.mp4,train
GZq28EIBmQs.mp4,train
GcR4QYxAdmY.mp4,train
Gch0TZZQ_90_1.mp4,train
Ge1eIkRgtJk.mp4,train
GeVnlqGHpEA.mp4,train
GeeCVBhDSKs.mp4,train
Gf-58Ft9qEA_1.mp4,train
Gf4_V9dRgZk_1.mp4,train
Gfmu5xPqDlI_1.mp4,train
GgsIWmqqgoU.mp4,train
Gh-mMyOy1UY.mp4,train
GhK-KsZ6mlo.mp4,train
GhYMzZZMMJw_1.mp4,train
GiOVSFEP2UQ.mp4,train
GjOTwnRW2RM.mp4,train
GjY2iudi9lM.mp4,train
GjqR1Zt5Yjw.mp4,train
GkpQNio4dSE.mp4,train
GktQpaPsNAk_2.mp4,train
GleVWSS5dmo.mp4,train
GlsK0Ejjyhg.mp4,train
Gm2HCSz7Jqg_1.mp4,train
GoDqsUZU5yk_1.mp4,train
GoO-VsRxG18.mp4,train
GogzZTi_jfM_1.mp4,train
Gpjn1Iun6CI.mp4,train
GppkFygxOyQ_1.mp4,train
GqCMtSaTMwQ_1.mp4,train
GrNwG3wnIsI_1.mp4,train
GsXkUJU2csA.mp4,train
Gsl-Lhf3-PQ_1.mp4,train
Gt1EHmS3kN0.mp4,train
GtNAGLonyLA_2.mp4,train
GtaZHYq-u_M_1.mp4,train
Gu2kSZvVPUs_1.mp4,train
Gv8Q72yX4Yk.mp4,train
GvXNaIt8FiA_1.mp4,train
GvfT7dP2zhk_2.mp4,train
Gvg-342aMWE_1.mp4,train
Gw8cGxVbFZY_1.mp4,train
GxT75TdGS5E_1.mp4,train
GxrEeXKP7mQ_2.mp4,train
Gy0xJk_gGZ8_1.mp4,train
GyQ1wh7tiaU_1.mp4,train
GybjWmdp4jM.mp4,train
GyhrF2L7s74.mp4,train
GzUACVmJWyc.mp4,train
H-PnLVGWrto_1.mp4,train
H-QyPKHdBpo_1.mp4,train
H-ZAN_q1XtI_1.mp4,train
H0G_jCcuCWU.mp4,train
H0k_c6twr-Y_1.mp4,train
H1BtHoJ_5gs_1.mp4,train
H1Zt1GDnh-8.mp4,train
H2RHQ43Nly4_1.mp4,train
H4L55c2xeMI_1.mp4,train
H4pn0Iqrg8A.mp4,train
H4ymr2I-3P4_1.mp4,train
H5vUC_UZZfQ_1.mp4,train
H6hAtqg32n8_2.mp4,train
H6zu3PFDwnc_1.mp4,train
H84q83Jmhhk.mp4,train
H90EE4ZyShY.mp4,train
H9nx2rpmH04.mp4,train
HB3JdzM5I8g_1.mp4,train
HBz_sjo1RHM.mp4,train
HCLav_Tthvk.mp4,train
HCpfu2Ud4GE.mp4,train
HDx7Jb5t5L0.mp4,train
HE1mqIDP_Ik.mp4,train
HE7cOw_O6cA.mp4,train
HG8PkQFk6po_1.mp4,train
HIZYnYZpipc.mp4,train
HJLgJ0K4-pk.mp4,train
HJVvCxf2J4Y.mp4,train
HK6mbwMGSew.mp4,train
HKlXMGJXHZs.mp4,train
HLCUp2wfqLg_1.mp4,train
HLHBZen5qdE.mp4,train
HLJXFFx-auI.mp4,train
HLLUUMdZkFk_1.mp4,train
HLngaK2mDAo.mp4,train
HMR5t5IGwCQ.mp4,train
HMd3blEQ8g4.mp4,train
HNF-z7j8p0A.mp4,train
HN_Fa-Ow650_1.mp4,train
HPhGTpO7cvc_1.mp4,train
HRUodmwylRw_1.mp4,train
HSEV-Y2g3A8.mp4,train
HSL4JTtYSXk_2.mp4,train
HSVMcyMhWvI_2.mp4,train
HSxlr1h3TyM.mp4,train
HTLUdvrsUTU.mp4,train
HT_22dYhzpI_1.mp4,train
HToUF5z-YGw_1.mp4,train
HTy7MUaROK8.mp4,train
HUax1aYesBo.mp4,train
HV7L78k5KeE.mp4,train
HWCGrOC9jmo_2.mp4,train
HWsnuUvNGuM_1.mp4,train
HYVbXUFLsno_1.mp4,train
HZDbJEL4RA4_1.mp4,train
HZJbA05pxEg_1.mp4,train
HZKmJZ3VpIg.mp4,train
HZkFyzvt5LA.mp4,train
HaYoTqtme1k_1.mp4,train
HahAjlg8Uxc_2.mp4,train
HbU2GkRlLb0.mp4,train
HbZjNSy4OHE_1.mp4,train
Hbj74PbhIzc.mp4,train
Hcp9WsOvexQ.mp4,train
Hdt6acHjd3I_1.mp4,train
HdtJulX0Koo_2.mp4,train
Hdvjnsplcx8_1.mp4,train
Hg3An9HPABQ.mp4,train
Hgv4G60B5Fc_2.mp4,train
Hh69480i03w.mp4,train
Hh7uTyKr5ck_1.mp4,train
Hi65fS8-pjc.mp4,train
HiKegjOx1kw.mp4,train
His11C0YFps.mp4,train
Hj28Cttz1Rs.mp4,train
Hj4QeQhtsdQ.mp4,train
HjBMp6eChiY.mp4,train
HjQ5ftX3H1c.mp4,train
Hk0qqXk8-nU.mp4,train
HkPXGBLKhKM.mp4,train
Hkv0JPEwiEE.mp4,train
HlY4I1V3Wn8.mp4,train
HnVaM3dWOO4_1.mp4,train
HnmeVz4t4Xk.mp4,train
HnmjmqSfmPs.mp4,train
HnydoJ4McR8.mp4,train
Ho8vUmQ7Y1s_1.mp4,train
Homd_Xpbpac_1.mp4,train
Hoyh1m0u62U.mp4,train
HpwU9tXDfpM.mp4,train
HqCWS-Gh9zY.mp4,train
HqEam06JRKo.mp4,train
HqsZI1n6pGU.mp4,train
HrYfUg6i8DY_2.mp4,train
HsgYLaLxP5o_1.mp4,train
Ht6fXw6roFc.mp4,train
HtG9j-D3n8c.mp4,train
HuPD22JS5QA.mp4,train
Hv3CUeYzFGk.mp4,train
HvwdD5t8Llo_2.mp4,train
HwgChfSHtlI.mp4,train
HyYH_y65nQs_1.mp4,train
HymdtSakcww.mp4,train
HyqvSSccYGM.mp4,train
Hz77BEDzZ-E_1.mp4,train
I1i5r5rd7vI_1.mp4,train
I1pC7URd7qM_1.mp4,train
I2q6piLBbPo_1.mp4,train
I2xOiEMrgM0_2.mp4,train
I3_S8sTuQT0.mp4,train
I3haAOluERo.mp4,train
I4ZsuU5C6aw.mp4,train
I4pibKfr0jU.mp4,train
I5A2blkb1T8_1.mp4,train
I5GA0QFoDos_1.mp4,train
I5Nw8MVpZt8.mp4,train
I6kZM0sKraQ.mp4,train
I77KHj-yyWQ.mp4,train
I8TH3Ef1yls_1.mp4,train
IA-RnnxesfI.mp4,train
IAd2idq-iPI_1.mp4,train
IAqSm0HcDDI_2.mp4,train
IB4I1T_sQxo.mp4,train
IBYqJ-C2FsA.mp4,train
ICWffEGAP5Q.mp4,train
ICiBChM7NL0_1.mp4,train
IER9rPq_O8o_1.mp4,train
IE_CEe3ZkCI_1.mp4,train
IGNLe81lZ-M.mp4,train
IGR8WsvfoXs.mp4,train
IGogDBcwAnU_1.mp4,train
IGsDuTIs2ZU.mp4,train
IGuFuS-aMpo.mp4,train
IH3kcXKQgt4.mp4,train
IIeXWQPIlqA_2.mp4,train
IIkkBf5KDmg.mp4,train
IItJ7hdAf_g.mp4,train
IL9zmsdJg5g.mp4,train
ILXJO86NsG8.mp4,train
ILinyrxnsEs.mp4,train
ILv9XMPLqoo.mp4,train
IMZb4D-ulNs.mp4,train
IMlXe5o44pc_1.mp4,train
IMzhNeb2ziQ_1.mp4,train
INYvz3YRvT4.mp4,train
INdSYgk8Ed0_1.mp4,train
IO-b4Lt249Y.mp4,train
IO0nQfhpxh8.mp4,train
IOUl-SHyP4Y_1.mp4,train
IOaZtwg1czk_1.mp4,train
IOcKAmXpVUA.mp4,train
IOp7Ml6b4sk.mp4,train
IOz0Yx8IpHU_1.mp4,train
IP9M9Q_sJlU_1.mp4,train
IPRNWTt4NDY_1.mp4,train
IPUJ9bHGQgM.mp4,train
IQS9ORLYumE_1.mp4,train
IQdo3niLRus_1.mp4,train
IRT4-x0KYrI_1.mp4,train
IRUYQfpLjhY.mp4,train
IRmlHHtW_Q0_1.mp4,train
IRpEcHFlSk0_1.mp4,train
ITV9-ymtK_M_1.mp4,train
ITnvvRnzDsI_1.mp4,train
ITtZaBbXqyE_1.mp4,train
IUj1aN_hzQ8_1.mp4,train
IUxURsL66jY.mp4,train
IVY4EYIVHMI.mp4,train
IWBVW-QyFEw.mp4,train
IWCiPFCUzI0.mp4,train
IWWZql-w610.mp4,train
IWxnrliK3Mk_1.mp4,train
IYf_zhHRbWw_1.mp4,train
IZ5P9dAvZ5A_1.mp4,train
I_TQyqgYvoA.mp4,train
Ic7hCwzP2PI_1.mp4,train
IctKxBrrjJI.mp4,train
IdF3Z-HI8QY_1.mp4,train
IdTIbvWgePA.mp4,train
Idb2wQQ85ho.mp4,train
Idc4ADhTayI.mp4,train
Idq3nOcunPw.mp4,train
IdrYzD-b0MU_1.mp4,train
IeGTCdw-lFQ_1.mp4,train
IfL2BoxCI_U_1.mp4,train
IghFboP-goM.mp4,train
IgilYoGrZlg.mp4,train
IhUPDOGqMaw.mp4,train
IhaMUrrY6yw_2.mp4,train
IhoXleQ5yy8_1.mp4,train
Ii2bgYmdoQo.mp4,train
IiAx8ef2Rwo.mp4,train
IihwJw1jkfA_1.mp4,train
IijA65GKXKc.mp4,train
IioAwnwu91s.mp4,train
Iiz4Zy_pAGA_2.mp4,train
IjJkyhtkX58.mp4,train
IjyH501MJjY_1.mp4,train
IkEVVymlfjk.mp4,train
Ika-iBJ4-Ns.mp4,train
IkmV2lTGHL8_1.mp4,train
Il9Z5pMnfDo.mp4,train
IlFz5jLv0HA.mp4,train
IlO3fdD1Ytk.mp4,train
IljBrnpRkLI.mp4,train
IommKlI9JqQ_1.mp4,train
IphLasWnRHk_1.mp4,train
Iplh792WyLM.mp4,train
Ipvw2kyzr_w_1.mp4,train
IqAQQves3xE.mp4,train
IqVx7zjG9s0_1.mp4,train
Iqjt_znBgeE.mp4,train
Ir-Qe2kkROw.mp4,train
IsvFw88fne8.mp4,train
ItV99Fhz1X8_1.mp4,train
ItvaPW9FnxE.mp4,train
Iu0WhShkyw0.mp4,train
Iu1aKegaeek.mp4,train
Iub1Yb-tOAI.mp4,train
IvHyCTGWTOc.mp4,train
IvWnYjnrMZg_1.mp4,train
IwjaiMCqRSk.mp4,train
IxDZyvc3cRM.mp4,train
IylKyQ_81Zo.mp4,train
Iz9sVAKjbMU_1.mp4,train
IzIT4zP2sTU.mp4,train
J06ynDbTJDY.mp4,train
J0D4SC4WJQQ_1.mp4,train
J0OaU0o7cL8.mp4,train
J0vgYiSZ0Zk_1.mp4,train
J36iHjTW6Jo.mp4,train
J3BJa0TWc8U_1.mp4,train
J4G3ltp807A.mp4,train
J6YkOCzKPpA_1.mp4,train
J79s05Z0NZ8.mp4,train
J7Bq-xjpcvs_1.mp4,train
J81k9pkL1tg.mp4,train
J84aAikfD88.mp4,train
J9ZYf-S-gNI.mp4,train
J9rhbSDTm4w_1.mp4,train
JAoQ3a0DIXQ.mp4,train
JAvrviPNIOI_1.mp4,train
JBO4vOeqQxs_1.mp4,train
JC80hJOObmg.mp4,train
JD1NFsUtYrg_1.mp4,train
JDFAUSbxIhk_2.mp4,train
JDvfWq3CAAU_1.mp4,train
JE_6hkeERgY.mp4,train
JFVB97UDh6o.mp4,train
JFrHbTIRXp0_1.mp4,train
JG9WnZMN5ZA_1.mp4,train
JGDj06htv-A_1.mp4,train
JGiAZZ8byeU_1.mp4,train
JGmPOUUxRzE.mp4,train
JHK7flaSzzM.mp4,train
JHh44ooGaY4.mp4,train
JHyzbf0wbL0.mp4,train
JIm7aysFevs_1.mp4,train
JJ2y6sfvlUA_1.mp4,train
JJ4iKa2vdoM_1.mp4,train
JJamPbb5o_A.mp4,train
JKKejwob7W8_1.mp4,train
JLwyU0Pd35Y.mp4,train
JMafDHZmr8s_1.mp4,train
JN0xDQF2NWs.mp4,train
JO6xA9yQgUA.mp4,train
JPGOxP4NRRw_1.mp4,train
JPvEO-Q1N08.mp4,train
JQ0W7D0nvlY.mp4,train
JRE6SRmb_yI_2.mp4,train
JSf7HjXTT78_1.mp4,train
JTfbRXxg4mU_1.mp4,train
JUMBB2W1Q94.mp4,train
JVplYs4HTtE.mp4,train
JW9yPJ2REK0_1.mp4,train
JWG3G2AfAO4_1.mp4,train
JWbMe5M36V8.mp4,train
JWsKWK1W9q4_1.mp4,train
JXkN1Nb0WmI_1.mp4,train
JXtbhw70wpY_1.mp4,train
JYvB-eiJP-I.mp4,train
JZLbNmS3Lu4_1.mp4,train
JZRAOigBYnM.mp4,train
JZtlpCJqR-M_1.mp4,train
J_iH6uAoAJM.mp4,train
JabTaO_zQ-M_2.mp4,train
Jarh1WMa868_1.mp4,train
Jaw_nTMEwzY_1.mp4,train
JbG_KfmEYm4_1.mp4,train
JckFhrO4KD0_1.mp4,train
Jd-pxhXGefA_1.mp4,train
Jd3to2MXy6s.mp4,train
Je-ZDJTfVsw_1.mp4,train
JeJLv2tM3nY_1.mp4,train
Jedn1-9fyXw.mp4,train
Jh4PPOr7tjo.mp4,train
JiPwL-4i6Uo_1.mp4,train
JjDVZDpPjbc.mp4,train
JjQDPdI82Tw_1.mp4,train
Jm23ZwhmPlQ.mp4,train
Jm2j6rZhGXo.mp4,train
Jm8OXSwWnCY.mp4,train
JmBmx8jNivk.mp4,train
JmPgvxIFzGE.mp4,train
JmsjCb19HB4_1.mp4,train
Jn9jwPcSKag.mp4,train
JqBJjFOxuLk.mp4,train
JqPK7r2pB_8_2.mp4,train
JqZFdQuy3QU.mp4,train
JqwXMlzSPoM.mp4,train
JsdNgRcC4wU_1.mp4,train
JtWmt2W6g-4_1.mp4,train
Jtk0QePDuds_1.mp4,train
JtykP_hFReg.mp4,train
JumxHKPgPsw.mp4,train
JvZwKXBG8sQ_1.mp4,train
JwE82vJ5lF4.mp4,train
JwvgzR8JBQw.mp4,train
JxEGnvLxNu4_2.mp4,train
JxiY9s8T8eg.mp4,train
JyAbrgrmXFQ.mp4,train
JybAScc2Ppo_1.mp4,train
JzyZDgP62tM_1.mp4,train
K-cAmlbGqqE_1.mp4,train
K0EyqFbG2N0_1.mp4,train
K0VsSQMEtMU.mp4,train
K1N6oh0nYvo_1.mp4,train
K3pj5alsYHc.mp4,train
K4bb2bBt1uY.mp4,train
K5K6_yItMbc.mp4,train
K5qR4GaiYqc.mp4,train
K5xvRicYsgQ.mp4,train
K6ef6wLNV6A_2.mp4,train
K8Se1Eiyqq8_2.mp4,train
K9BFoOaBA18_1.mp4,train
KAkggm-5ApA_2.mp4,train
KAsaLUHY0y4.mp4,train
KAyF64u5G0w.mp4,train
KB2cTekqy38.mp4,train
KBfrB3Kx5Kw_1.mp4,train
KCFYiQAly-Q_1.mp4,train
KDUJ4CR6_dE.mp4,train
KEa28LtX2W4_1.mp4,train
KEcsIGtSp88_1.mp4,train
KEhIkzsFVhk_2.mp4,train
KF_6TkQc5Ag_2.mp4,train
KG_OHYYtnoQ_1.mp4,train
KGd-YJ5cDTM.mp4,train
KHbIUov_fKY.mp4,train
KIoc3qEV7No_1.mp4,train
KJl7MI-S9ag_1.mp4,train
KKOqbdFgAgo.mp4,train
KKPPaj3WuIM_1.mp4,train
KKXbxgBsRoQ_1.mp4,train
KKfE1JlLal8_1.mp4,train
KLWmJJC8WvA.mp4,train
KLpXMM5NiYQ.mp4,train
KMAl51jbqD8_1.mp4,train
KMB0F5vWexE_1.mp4,train
KN6wMRGjxGk.mp4,train
KNYxG5Owm6Y_1.mp4,train
KNZbdGWxDfw.mp4,train
KNepaNAPVHM.mp4,train
KNshT57aEW8_1.mp4,train
KO4tS6VabH0_1.mp4,train
KOn9NUTFkp8_1.mp4,train
KP83EtWUOqQ_2.mp4,train
KPIxtz5y-AQ.mp4,train
KRiQ8XKAhxY_1.mp4,train
KRnfvBZ_V14.mp4,train
KT6xge7oPak_2.mp4,train
KTCV2tyighk_1.mp4,train
KTNP8wR6a_I.mp4,train
KU3jXLCl5ng.mp4,train
KVe4agrfeOA_1.mp4,train
KVhmMplAyTE_1.mp4,train
KVnMqcijBkQ_1.mp4,train
KVxHxFu6C1U.mp4,train
KXNl6DtK84A.mp4,train
KXnSguJGdN8.mp4,train
KXzzVhXY0F4_1.mp4,train
KYU0N1_c7so_1.mp4,train
KYWyFwglnCE.mp4,train
KYknqu3Sq8o.mp4,train
KYqKLRfxPQs_1.mp4,train
KZkI_RcaNjI_1.mp4,train
K_d8eu4SgG0_1.mp4,train
K_lfla-AAV4.mp4,train
KbF95Py-dZI.mp4,train
Kb_ozOWxAfQ_1.mp4,train
KbmqszvRUmQ.mp4,train
KcJguZ4bFWU_1.mp4,train
KcNbuobK5GI.mp4,train
KcxcXM11Lmo.mp4,train
KeXpYtzYCGo_2.mp4,train
KfY5FcxSBFk_2.mp4,train
KfqRU_5sing.mp4,train
Kh30NOSJmBc.mp4,train
KhHs-1AePDw.mp4,train
KicAz88jtLU_1.mp4,train
KicV8fyFj2U_2.mp4,train
KjuOnxtgNrs_1.mp4,train
KkLXMOjfW1M_1.mp4,train
KlLTWfYX95g.mp4,train
Km1_9ZLW-w0.mp4,train
Km4I-9zMWD4.mp4,train
KmAO72itjok_1.mp4,train
KnE_y9wziOc.mp4,train
Ko2hEXvMWB4_1.mp4,train
KoMeOserJ2M.mp4,train
KoixXkIyiUM_2.mp4,train
KotGJithHPs.mp4,train
KqdHyxm3XDA.mp4,train
Ks0qQY_4_zo_1.mp4,train
KsNrhfiqWHc.mp4,train
KsbMoTA5Rvk.mp4,train
Ksqo7pUZGnM_1.mp4,train
Kt4-ijSTM58.mp4,train
KtjbWweEkKE.mp4,train
Ku52vuQCoak_2.mp4,train
KuG1qosmz1w.mp4,train
KuwgdEpM9Bw_1.mp4,train
Kx46yWsDfrU.mp4,train
Ky8LfzgWGDU.mp4,train
KzcNcvmdfUc_1.mp4,train
L-u8WLA5E18_1.mp4,train
L0C9pyt3Iv0_1.mp4,train
L0J8OikrRXQ_1.mp4,train
L0dm0QB0XNc_1.mp4,train
L1n0OnAH5YU.mp4,train
L2Kvwf8SEvE.mp4,train
L2skBcrtvU4_1.mp4,train
L3YJkEmPbaY_1.mp4,train
L3zllm-N0pA_1.mp4,train
L42e09-GlGE_1.mp4,train
L4iyGvSJbBU.mp4,train
L4q4_7OOznw.mp4,train
L5LPezmVNTY.mp4,train
L5N6iSUREkg_1.mp4,train
L6opOP8-MB4_1.mp4,train
L77Jvnk92gI.mp4,train
L8RxN_IwuxU.mp4,train
L8btjcJoJMQ_1.mp4,train
L9tJKkCTWfs_1.mp4,train
L9zst1EDfWQ.mp4,train
LAMyZKIAF9c.mp4,train
LAT-u9Ww5ZU.mp4,train
LAxFz0h8jVA.mp4,train
LBDJe5RV0Is_2.mp4,train
LBHkQz5_AX8_1.mp4,train
LBjLmVz_ae0_1.mp4,train
LCM-nxFhJA8.mp4,train
LCT8D8alG48_1.mp4,train
LEU5wPrJOEE_2.mp4,train
LEkQofDsLww_1.mp4,train
LEqwMyWAVG0_1.mp4,train
LFAMKxEzB_g.mp4,train
LFFS1Hdq7cA_1.mp4,train
LFzg2ex5OPs_2.mp4,train
LG9lvVHK-xA.mp4,train
LGWGD0eoxFg.mp4,train
LH_-eRo-vYw.mp4,train
LIZdSKzcc7c_2.mp4,train
LJDiOMjjmgQ_1.mp4,train
LJErvGH5rVU_1.mp4,train
LJZaMf1NGs0.mp4,train
LKNKVzQj9S4_1.mp4,train
LLRVhSkiGkc.mp4,train
LLZBIVJyAW8_1.mp4,train
LMiCwHGzWWY.mp4,train
LNGTLVpK9pY.mp4,train
LNVUK4DX5GA.mp4,train
LNeQmfpFxKw.mp4,train
LOHFGeu_YVo_1.mp4,train
LOJcAGPKq50.mp4,train
LPASkvwrEhg_1.mp4,train
LRAKP8hKHTs_1.mp4,train
LRgu4y1wgyM_1.mp4,train
LSrto7ULuac.mp4,train
LSysLOgMsG8_1.mp4,train
LUZ-fo_p2eM.mp4,train
LUwTvq8IlG8_1.mp4,train
LVelMSPoeIk_2.mp4,train
LVoWdSuY_DA.mp4,train
LVqnqzIAFGg.mp4,train
LVx3EA_f0yo_1.mp4,train
LWiXmjFqjIU_1.mp4,train
LY35ZmX5ZKA_1.mp4,train
LY6maLw5JZg.mp4,train
LYQL5Is2IP0.mp4,train
LYRpKbuXtw8.mp4,train
LYaC4yU2_AE.mp4,train
LYfzb9LaUHw_2.mp4,train
LYrq1Zc046M_2.mp4,train
LZNIKt_FVwI_1.mp4,train
LZXA3I9E1gM.mp4,train
LZheGIIbAGs_2.mp4,train
LZreqlssnWQ_1.mp4,train
LashuTkELEo_2.mp4,train
LcIgsxb9F1Y_1.mp4,train
Ld5T9glcT2k_1.mp4,train
Ld9qDys95es.mp4,train
LdB-xdR0WlM_2.mp4,train
LdEwOck6U_w_2.mp4,train
LdYbstdYCR8.mp4,train
LdhMy2tqQB4_2.mp4,train
LeIkWWTH__A_1.mp4,train
LeRzzzBBsmU.mp4,train
LfNnApnUb0k.mp4,train
LfYldiPt7Uw_1.mp4,train
LfpizDfWhns_1.mp4,train
Lh8YfU2MNWc_1.mp4,train
LiMHHFhjutc.mp4,train
LipF082b75I.mp4,train
Lj9L7fUElLE.mp4,train
LjoBu4KD33Y.mp4,train
LjwZPYHjqds.mp4,train
LjxomDXWlSU_1.mp4,train
LkAdSi8XMnA_1.mp4,train
Lkztp3ZDShA.mp4,train
Ll1sRFunlD8.mp4,train
LlpSiou4X7w.mp4,train
LmFIEd0Ejq8.mp4,train
Lngoh_uQHzw_1.mp4,train
LoDs7v25rTw.mp4,train
LpK4vi7gyoU.mp4,train
Lq13Nl5Ps58.mp4,train
LqLnP37No_Y.mp4,train
Lr1RBzRU5IY.mp4,train
LtKLGzkfK7k.mp4,train
Lu0AwKQ33Sw.mp4,train
Lu_R01JQky8_1.mp4,train
Lv_-f-V3ylE.mp4,train
LyZNz7OHiBc.mp4,train
Lypi1wvlQ5s_1.mp4,train
LzD3My7FOzI.mp4,train
M-0j7OCBolw_1.mp4,train
M-aaJfrtvaA.mp4,train
M-sKe4o73uE.mp4,train
M0bcUWG8vrg.mp4,train
M1qOXnG0A6s.mp4,train
M24VjuHEfgo.mp4,train
M4-wk97gffk_1.mp4,train
M5ML0oF4VzU.mp4,train
M5d-xq3xJi4.mp4,train
M7-RJmu46Fs_1.mp4,train
M7fd9b-5J64_1.mp4,train
M84ritBmcTE.mp4,train
M9dzu-DC9Yg.mp4,train
MAZVS8doD6E.mp4,train
MB7HhOsEvxk.mp4,train
MBJe-opDrVg.mp4,train
MBQiG5ZQFQM_1.mp4,train
MDshuUzuAQQ_1.mp4,train
ME7pnv4k_l0_1.mp4,train
MFNsb1cUbDc.mp4,train
MFWHZG1Xnr4.mp4,train
MGPdiPWgglk_1.mp4,train
MGrjrGgjADY.mp4,train
MH1cXARmtE0.mp4,train
MH7f6cug0zU_1.mp4,train
MHcb7CiK_IA_1.mp4,train
MI2Jae1agR4.mp4,train
MIal50cVwM0_1.mp4,train
MJTOje2ViH4.mp4,train
MJelSVaA5KY_1.mp4,train
MKSKluySI3E.mp4,train
MKbBSGnFUPY.mp4,train
MKirgaLINXQ_1.mp4,train
MLAL7ASrh5s.mp4,train
MMrUJwt_8oQ.mp4,train
MMzsqe-mNmc.mp4,train
MN2qjSNQdMg.mp4,train
MNCeezFR_YI.mp4,train
MONtOZhRgek_2.mp4,train
MOW2rm7IXxg_1.mp4,train
MOu0z-QaJww_1.mp4,train
MOy1x8EroPs.mp4,train
MPCAeXe2E0c.mp4,train
MRcVRxcFrVE.mp4,train
MRf9vcls4eQ.mp4,train
MT8KL4XePl8_1.mp4,train
MTAoneZNzeQ.mp4,train
MUALhjDPcdE.mp4,train
MUWVSQ7vqGE_1.mp4,train
MVggQBRCOIw_1.mp4,train
MWnrLOwPLqQ_1.mp4,train
MXNChZEW6yI.mp4,train
MXmTYGHWvvE.mp4,train
MY-9YI3Slvg_1.mp4,train
MYVwYIX47wQ.mp4,train
MYfR4Ec-zU0_1.mp4,train
MYjYOTXhiZs.mp4,train
MZBRGZovo8A_1.mp4,train
MZZ52lsCfSw.mp4,train
MZsQzU7tOfs.mp4,train
M_F0YMifj5g_1.mp4,train
MbKRtuwkHPM.mp4,train
MbUT3Kfq4Dc_1.mp4,train
Mbu8042cTuA_1.mp4,train
McHijMoln7U.mp4,train
MeJB3ZRQQcY.mp4,train
MeKJPAuFOgk_1.mp4,train
MeoJV0K0uTg_1.mp4,train
MflJey4lrQk.mp4,train
MhHOduyqKv4.mp4,train
MhUpw_qPCHU_2.mp4,train
MhZrm3H1aBE.mp4,train
Mhwfin8V4sQ_1.mp4,train
MiGluii6UII.mp4,train
Miw0xZr0diU.mp4,train
MjRPq3GCSZk.mp4,train
MlZ9Hx3mkBk_1.mp4,train
MlfKy5CzqVg_1.mp4,train
MmeNMGTN-aY_1.mp4,train
MmrdlTXfNco.mp4,train
MnSaW7AFr1w_1.mp4,train
Mo-VXbTe0bs_1.mp4,train
Moi8EgQo6rE_2.mp4,train
MpOh9MQvWbY.mp4,train
Mq1c27rJxqY_1.mp4,train
Mq8cmp7QjOY.mp4,train
Mqa0sDOMArQ.mp4,train
Mr30rM7vf4Q.mp4,train
MrP80GmJveQ_2.mp4,train
MsWnmwlUBik_2.mp4,train
MsxYYS8q9Hw_1.mp4,train
Mtm4Xg52b9c_1.mp4,train
MtnBSpuX1IA.mp4,train
MwHD6LxnfXo.mp4,train
Mx_mNhBhWx0.mp4,train
Mxlci8amm_0_1.mp4,train
My4hzshl_RY_1.mp4,train
MyFCxLg44HY_2.mp4,train
MzwOHZTi4OU.mp4,train
N0-cIcGCH3A.mp4,train
N05i2V0_8kI.mp4,train
N0HOc0gJyRs_1.mp4,train
N0OMPBVVK3o.mp4,train
N0QNiLrVGl4.mp4,train
N0Tgyn59Erw_1.mp4,train
N0bpk_dzCuk.mp4,train
N0lQZi87koY.mp4,train
N13nVxyNA2Q.mp4,train
N1J4iPzvFDY_2.mp4,train
N1sRspbhlk8_2.mp4,train
N2GsWA1smG8.mp4,train
N4NevefkpsQ.mp4,train
N4a_K3p9KG8.mp4,train
N4rsVFJsb1Y_1.mp4,train
N51UnxHrRZg.mp4,train
N53qGezr7MU.mp4,train
N62iv94HI18.mp4,train
N6DxyKcaZVs.mp4,train
N7q37KQfzhk_1.mp4,train
N9JQMzE7_DI.mp4,train
N9XgekP7Qtg.mp4,train
NA5iMrff4Cs.mp4,train
NAiENsui-oc_1.mp4,train
NAkU6Uj85R8.mp4,train
NBEVpBk-9VI.mp4,train
NCRLLU_dxcM_1.mp4,train
ND1WM_XYP4Q.mp4,train
ND4_C6fI-BU.mp4,train
NFHHa94P-k8.mp4,train
NFnBaFx_SWI.mp4,train
NGRn28khiEY.mp4,train
NGfUhD-kG1M.mp4,train
NJWphYVdS5I_1.mp4,train
NJZoju_a6Ig_1.mp4,train
NJuhUVHvXi4_2.mp4,train
NKaU1IK6k94_1.mp4,train
NLEkfw25jWU_2.mp4,train
NLlTJ8yeeYM_1.mp4,train
NLy90nqeNko_1.mp4,train
NMajC62MvaQ_1.mp4,train
NMnARovUYLw_1.mp4,train
NMwrtYskaeU.mp4,train
NNiFl_dTBk0_1.mp4,train
NPrAFhC6vWk_1.mp4,train
NPxCD7p6M80_1.mp4,train
NQ7Gnl9nRuY.mp4,train
NROeKyImRuI_1.mp4,train
NS7WrHCEPVk_1.mp4,train
NSERnk7V4ZA_1.mp4,train
NSM4xH0MhHY.mp4,train
NSwtAmwDTZE_1.mp4,train
NT-LpmJHMcw.mp4,train
NTNbTr_PLqU_1.mp4,train
NUn7Lyw4H9U.mp4,train
NVNirvNgU9g.mp4,train
NW-BP9pf4JI_1.mp4,train
NWx2vBB9F7g_1.mp4,train
NXEPPzd8AXk_1.mp4,train
NXjRJs0Wxkg.mp4,train
NY2fpEI5uDY_1.mp4,train
NY7NZeZ-ufw.mp4,train
NYWcVvZIlwY_2.mp4,train
NYbiMxMfp3A.mp4,train
NZ2sunnoc7k.mp4,train
NZ3PZzNJ2hs_1.mp4,train
NZXhDTubUiI.mp4,train
NZZkWB8jtls_2.mp4,train
NZn29gNlDio.mp4,train
NZoSVSZeP7s_1.mp4,train
NaiHTSSvCuE_2.mp4,train
Nb7os_UNC0o_1.mp4,train
Nb8uJ822Tig.mp4,train
NbG_5zEsSoE.mp4,train
NbO2R-jwElw_1.mp4,train
Ncpxyoe9VTE_1.mp4,train
NcqHqk2ybW4_2.mp4,train
Ncynk9HDp3c_1.mp4,train
NeEUjskiXkY.mp4,train
NeXKnG1-7cU_1.mp4,train
Ned2R4FgR7Y_1.mp4,train
NfOadhavWHs_1.mp4,train
Nfxj5lRpg2o_1.mp4,train
Ng4xJEF8wEg.mp4,train
Ngrila2aXJg_1.mp4,train
NhCDD4ktBjY_2.mp4,train
NhFLlpEnqK8.mp4,train
NhVVvn7cwd4.mp4,train
Ni3iHE6bas8.mp4,train
Ni5kmFuBXzI.mp4,train
NiE43suq2F4_1.mp4,train
NiIyd5WjjFg.mp4,train
NiXOVcIQU7g_2.mp4,train
NjT3zasZLP0.mp4,train
NjjNU4VrO00_1.mp4,train
NjzsZG20E7U.mp4,train
NkFzajnrYkA_1.mp4,train
NkQLCSHvZcY_1.mp4,train
NmPpZgrECW0.mp4,train
NmTBx9PgX-I_1.mp4,train
NmmgvY4gy40_1.mp4,train
Nn3ooGh1n7w.mp4,train
NnETy9fmveQ_1.mp4,train
NnGjm_iFM1s.mp4,train
NnUnWcgPFC4.mp4,train
No2J7utvqrg.mp4,train
NoKq5zdDsQk.mp4,train
Non0cu5dbSs.mp4,train
NpQQCK0Yk_g_1.mp4,train
NpTKGzsDGoQ_1.mp4,train
Nqh6_B0gfec.mp4,train
NqnV9iNS62M.mp4,train
NqtEH9nZexY.mp4,train
Nr80alTAMrw.mp4,train
NrQ-7PGyl70_1.mp4,train
Ns3lBPP73Jk_1.mp4,train
NsQZ8by-g_k.mp4,train
Nt5QgTWqBcU.mp4,train
NtnfUEDzoPo.mp4,train
NuTEITSEAUA.mp4,train
Nud7Ld9x7Z4.mp4,train
Nus1qk-Khiw.mp4,train
NvxJw6Zi6UA_1.mp4,train
NxxURb8wKd0.mp4,train
NypNRzPI2Hg.mp4,train
O-H9plmvvoE.mp4,train
O-o5XXFpqEY_2.mp4,train
O1DOtxdULkQ_1.mp4,train
O1HMV7OKCZs_1.mp4,train
O2_3lA8kVVE.mp4,train
O2_ZeoKvo5I_1.mp4,train
O3SeL_0pvTs_1.mp4,train
O4CkLiyI2a4.mp4,train
O4sOntiraJc.mp4,train
O6YJgD20e2g.mp4,train
O8jMsqDMiRE.mp4,train
O9Dk6KdQ4to_1.mp4,train
O9ZwfYTIETI.mp4,train
O9pRqLLFUEE_1.mp4,train
OB6FvmCHsDg.mp4,train
OBHeVltjXT0_1.mp4,train
OBPTV3YthOw_1.mp4,train
OBRmS71p6TU_1.mp4,train
OC3FU_0GKBE.mp4,train
OC4C5-lLWxc.mp4,train
OC7HHIF25ik.mp4,train
OCDSqlCaWlA_2.mp4,train
OCcDnB5VdgU_1.mp4,train
ODFZJd2f9X8.mp4,train
ODNZ6nd7uls.mp4,train
ODRI_ATiWnM.mp4,train
OE5sct8DJxM.mp4,train
OELaDZo5R7I.mp4,train
OEZKlgaRH4o.mp4,train
OEm1Uov-v9o_1.mp4,train
OF-9aiQTAfM.mp4,train
OGO8HQ6ZYUg_1.mp4,train
OHFdjCUkpME_1.mp4,train
OJqZgTGpghQ.mp4,train
OL-CqbpYr8w.mp4,train
OL_k_mBRxbA.mp4,train
OM_yE9ewbcM.mp4,train
ON8Ou8j8BjY.mp4,train
OP1V4l-DdcA_1.mp4,train
OP_7FlLGoAY_1.mp4,train
OPfZfLKxZTU_1.mp4,train
OQ1e6lpNybo.mp4,train
ORU-AfSTIwI.mp4,train
ORwg4bg9aeU.mp4,train
OSRpGh3d0cI.mp4,train
OSxSHGU_WOo_1.mp4,train
OTUecrbGM7E.mp4,train
OTfPJGdUm50.mp4,train
OTtrGki5gQg_1.mp4,train
OU-XIIEFnw4.mp4,train
OUQa0HC_ORM_1.mp4,train
OUVv-5cwFaE_1.mp4,train
OUr2XSyxfsY.mp4,train
OWya5pey33I.mp4,train
OX23xzI_GhY.mp4,train
OXmN5c7MCUk.mp4,train
OYENl3VfTb4.mp4,train
OYQVWFoke9E.mp4,train
OZ2IdcRTgrs_1.mp4,train
OZp4PyHgUC8.mp4,train
OaQqutxOEAE_1.mp4,train
Oamv71HbOMA.mp4,train
Oaqk8I-2-IE.mp4,train
ObJnMFN4KQg_1.mp4,train
ObVcGiVYofE_1.mp4,train
ObrkXqrK96M.mp4,train
ObwZnI075E8.mp4,train
Oc7vrILPpCQ_1.mp4,train
OcBBb1cbZqc_2.mp4,train
OchKEyyyoF0_1.mp4,train
OeV_XZBC3VA_1.mp4,train
OelZVA_CCzo.mp4,train
OfCw-0gAd6E.mp4,train
OfGHhLbHWq4_1.mp4,train
OfGkvEa9C-A_2.mp4,train
OhE6VRcxlKA.mp4,train
OhHLtn0U6K0_1.mp4,train
Ohcc1XNi-s4.mp4,train
Oi__gIjhBk0_1.mp4,train
Oiewyo7WQ4w.mp4,train
Oittiy14URk.mp4,train
OjJ2Vu0k5d8.mp4,train
OjPz3neEd7U_1.mp4,train
Ok6fbvE1cu0_1.mp4,train
OkC4seOp-00.mp4,train
OkHQG79PRCk.mp4,train
OnqiVVsNE8I_1.mp4,train
OoFz4JC0sjU_1.mp4,train
Op97JG5142c.mp4,train
Oql_D1R8kVE.mp4,train
OqzxnQ6fGIw_1.mp4,train
OrOlKiBzVAY_2.mp4,train
OrlYpvp8gnI_2.mp4,train
OrrlfNA40zg_2.mp4,train
OsRTZjf3msw_1.mp4,train
Ot-XctUkMY8.mp4,train
OuOKDmE7q2c_1.mp4,train
Ov-hdZ4oacg.mp4,train
OwI1yeom0EM.mp4,train
Owp1cwVnCok.mp4,train
Oy09VfmP5sQ.mp4,train
Oz4iaojP1LQ.mp4,train
P-0wocPMVyQ.mp4,train
P-35FnAOLeo_1.mp4,train
P18HvmCotMU_1.mp4,train
P1WDAwasyoI.mp4,train
P1r-uVbFZ00_1.mp4,train
P29jupnZniw.mp4,train
P2If73nwzYs.mp4,train
P2OKqOpct8s.mp4,train
P2abspkSU_s.mp4,train
P3LqZYt2U30_1.mp4,train
P3MpvLubTKw.mp4,train
P3pALl9igN8.mp4,train
P4bcxgldVSQ_1.mp4,train
P58pF-HenyU.mp4,train
P5CapJo7Oe8_1.mp4,train
P5Dty8Ecdek.mp4,train
P6e7z3qKweg_2.mp4,train
P7aSfqQTkTk_1.mp4,train
P8c9TRiU7HI.mp4,train
P8nCFvhToww_1.mp4,train
P8q4ktLxy-A_1.mp4,train
P91b_WSLDa8_1.mp4,train
P9GAmYhGhJ0.mp4,train
PAkQhoRDVMQ.mp4,train
PB7rn__dcKg_1.mp4,train
PBPb-_V8A_U.mp4,train
PFALmbyUi5A.mp4,train
PFH8OX7kSEA.mp4,train
PGYE6puPzKU_1.mp4,train
PGbVUlqDu1A.mp4,train
PGdVl8-IzJA.mp4,train
PGrGJBQGm3E_1.mp4,train
PGzUbRs5KcE_1.mp4,train
PI1wVAKM9t0_1.mp4,train
PI6SVXN35Rg.mp4,train
PI8mabNvaE0.mp4,train
PJtAsebnGrM.mp4,train
PK4bvgOLUWs.mp4,train
PKLiUylI7jY.mp4,train
PKi9kC2RNzo_1.mp4,train
PKyGYvB0Mf0.mp4,train
PLF4Zs0Q80Q.mp4,train
PLtRFkjPkxo_1.mp4,train
PMUPf08r0Jo.mp4,train
PMYXK-B1Few.mp4,train
PMv7R76mAZA.mp4,train
PODw7DyLs64_1.mp4,train
POwFUYdLjX8_1.mp4,train
PP3bE6cjRdQ.mp4,train
PQ5BHjzvK5A_1.mp4,train
PQBIO5wAinc_1.mp4,train
PQoocuBF2f8_1.mp4,train
PRDX6PAOvF0_1.mp4,train
PSB4z3DAScs_1.mp4,train
PTv4C3vii08_1.mp4,train
PU5hB6j8ivk.mp4,train
PUDnvoajVUk.mp4,train
PUtHYOs4aXQ.mp4,train
PUwW0NPqTh0_1.mp4,train
PVdmrokA81k.mp4,train
PVhCsYKStLI_2.mp4,train
PWHh7NmzzV4.mp4,train
PWLWkd68QIA.mp4,train
PWWRIQ49qHs_2.mp4,train
PWi1hx2Omgo.mp4,train
PWuJv2FHsvA_1.mp4,train
PX-5cHBSak0_2.mp4,train
PXEWAfcfs_A_2.mp4,train
PY11Ny4fz3A_1.mp4,train
PZONaOEO8AQ_1.mp4,train
P_o20L8zhHU.mp4,train
PaFoWYRBizg.mp4,train
PaOVb_cMohw_1.mp4,train
PaXZzVi_OsY_1.mp4,train
Pb7q2FmzWS8_1.mp4,train
Pbf2EXs2e4k.mp4,train
PbfCur5zsw8.mp4,train
PeH-ArgS-fw_1.mp4,train
PemmRc-BA94.mp4,train
PerHf9tanw0_2.mp4,train
Pf8tWovZQ2U.mp4,train
PffO6Uac1uY.mp4,train
Pgm4Qs_l-EE_1.mp4,train
PhkRGU9K9ZY_1.mp4,train
PiSY8MIVoMs_1.mp4,train
PijCNItuc1E_1.mp4,train
Pj0MkbEahC8.mp4,train
Pl5J3391Pao_1.mp4,train
Pl5cCJ2SVN8_1.mp4,train
PlEUE-SExy8.mp4,train
PlYZEnLNpdQ_1.mp4,train
PlitAZnyimo_1.mp4,train
PnAOEoaN0tU_1.mp4,train
PnwR2TZB_9w.mp4,train
PpE3Mdz1Z4w.mp4,train
Ppbq_RDljyA_1.mp4,train
Pq-OLkv13Bw.mp4,train
Pq7GkdMqan8.mp4,train
PqOEUuH2gj4.mp4,train
PqftjzLnMEM_1.mp4,train
Pqm1i-zg24o_1.mp4,train
Pro1Tbg-LE8.mp4,train
Ps4VoPyMAb8.mp4,train
Psd08qZsYnQ.mp4,train
PsdIuGsFt9c_1.mp4,train
Psk7z4TM-yM.mp4,train
Pu9zSjEsqnk.mp4,train
PvzM89FGSp0.mp4,train
PxXzMm43V0U_1.mp4,train
Py0R_2XywOQ.mp4,train
Py2RBS-e9Xg.mp4,train
PyQVgJzE2-Y.mp4,train
PzT1paHu8C4_2.mp4,train
Q-S63Q62ZiU.mp4,train
Q-Sg1afVMsE.mp4,train
Q-jSZX4uAjY_1.mp4,train
Q0HKbrbAj0A_1.mp4,train
Q0SJzhLv0SQ_1.mp4,train
Q1FtAjA_raE.mp4,train
Q1zbpcSoTws.mp4,train
Q25uAMfX5Fc.mp4,train
Q2gjYvb7fcE.mp4,train
Q3oaDDt1Yc8_1.mp4,train
Q4JcKkId3Aw_2.mp4,train
Q4WiRFOlOu0_1.mp4,train
Q5uGiH8-uQk_1.mp4,train
Q65na_iR_HQ.mp4,train
Q7Ggc0qz3Jo.mp4,train
Q7rYOmLAa2o.mp4,train
Q7wCb9WlhA0.mp4,train
Q9w0G35HNLw.mp4,train
QBbAwvlhH0o_1.mp4,train
QBg2Y55juuY_1.mp4,train
QBjMKvsK1sk_1.mp4,train
QEKQr_KeKe4.mp4,train
QF-_qNWaBaU_1.mp4,train
QGozGZ4rg9c_1.mp4,train
QHpNcX0Ugsc.mp4,train
QIL8ey6N_vs.mp4,train
QIXGt2ddetI_1.mp4,train
QIaK1zBDLkE.mp4,train
QJDAMIo3A6Y.mp4,train
QJDOHjM9eb8.mp4,train
QKEuQ32GLNc_2.mp4,train
QLWJMrs77Kc.mp4,train
QLx1uWXhB1g.mp4,train
QM3TDqfMMWY_1.mp4,train
QMEYstHkpA0_2.mp4,train
QMFllz8bqbI.mp4,train
QNqJ9kQ5xT4.mp4,train
QOXSBvW5Pds_2.mp4,train
QPHySC61DCY_1.mp4,train
QQJQeK3IU4o_2.mp4,train
QRTZR4dcC6k_2.mp4,train
QRtqJ1CnS0U_1.mp4,train
QSdgD2M4Xdw.mp4,train
QSg-1wqJezg_1.mp4,train
QT4Su3HeNoE_1.mp4,train
QTSZAgSMfio_2.mp4,train
QTyJEcqXDTg_1.mp4,train
QU-ZlgFpBVw_2.mp4,train
QVZZq9BDyhA_2.mp4,train
QVrRwXgj7GU_1.mp4,train
QWN6Q7XTChg_2.mp4,train
QWrJAZS_jNk_2.mp4,train
QX2YCbSelwo.mp4,train
QXQ8ILhehkI.mp4,train
QXRCiVRaHsI_1.mp4,train
QYaPv88J2iE.mp4,train
QYkPPw0ePck.mp4,train
QYnm3ITnMb4_1.mp4,train
Q_wBjlTT4GY_1.mp4,train
QaB25cChRXc_1.mp4,train
Qb3nTAfOz2Q.mp4,train
QcQGHMntX5c_1.mp4,train
QdOmsCK3gHg_1.mp4,train
QeNE9BjginQ_1.mp4,train
QfGq9Md-D2o_1.mp4,train
QhgyOz4p-iM_2.mp4,train
QhhIAUupAeo_1.mp4,train
QiHtCEo3nEk.mp4,train
QiX_rb7Lm3I.mp4,train
Qiit5KIeWFw_2.mp4,train
QkHS0W8x2M4.mp4,train
QkIAlWUDxPo_1.mp4,train
QlEKJLgEWMg.mp4,train
QlvGeWOzc-0_1.mp4,train
QlxwXFyAhOw_1.mp4,train
QmCEr-G9Nug.mp4,train
QmWhfW8wyMs.mp4,train
QmxDpQ8YY9k_2.mp4,train
Qn3Yf2GDWn8.mp4,train
Qo2EdbZg68A.mp4,train
Qom3R9ndKoc.mp4,train
QowRgF354O8.mp4,train
QpcvD-hUihA_1.mp4,train
QqBeIG-uvM8.mp4,train
QqCdT8DJ2r0_1.mp4,train
Qs2XJTA7LWU_2.mp4,train
QsQkRAFAKWM.mp4,train
QsgOFiTSpa8_1.mp4,train
Qt7PxYKRi7c_1.mp4,train
QtR5-M2w3RQ.mp4,train
Qu5KH6X5dd8_1.mp4,train
QvOMfMtfb7k_1.mp4,train
QvuS8pyY2a0_2.mp4,train
Qwa5c4aDFaY_1.mp4,train
QxTqhAxngF0_1.mp4,train
Qy07r-5SdkA_1.mp4,train
QyL43-YjgK8.mp4,train
QyxD5H8-cHE.mp4,train
QzFmQvfUaa0_1.mp4,train
QzVK5LtCZkw_1.mp4,train
R-IpftpYr2g.mp4,train
R-fKz1aaXRI_2.mp4,train
R07yPaWBR8g.mp4,train
R0JV03iiFtU.mp4,train
R1jaD2vHFNY_1.mp4,train
R1moiZ5YFMw_2.mp4,train
R22GF3-wqUY.mp4,train
R3jDoLjKAa0.mp4,train
R3jedCIQWrE.mp4,train
R3s7Vetdseg_2.mp4,train
R4uJr2ys09Y_1.mp4,train
R5k5q5laIfk_2.mp4,train
R5lzZf3MVaY_1.mp4,train
R6ILTJGPlUo.mp4,train
R6KdIjSPkvo.mp4,train
R7P29MkehIM_1.mp4,train
R7lhpy6_niU_2.mp4,train
RAvAYYM05v4.mp4,train
RCd8Aat8xa4_1.mp4,train
RCdDeF6erqo.mp4,train
RDrpOAnwThg_1.mp4,train
REPEztEF060_1.mp4,train
RGDTXsCvZBQ.mp4,train
RHetQGTr7nU_1.mp4,train
RIWIAARKqCo.mp4,train
RIo6nyBv2oY_1.mp4,train
RJ2_mx6DsmA_1.mp4,train
RJVa8OUU9pA_1.mp4,train
RKMKhsFem98.mp4,train
RLYcKEP4af0.mp4,train
RMFMc1KxwPM_1.mp4,train
RMo1aaidZJo_1.mp4,train
RN3kLXQdNcc.mp4,train
ROF9TjG0q34_1.mp4,train
RPzCiRXVcr8.mp4,train
RQ02eJz61lk_1.mp4,train
RQEHiQQ25bY_1.mp4,train
RRX3vZmNyw4_1.mp4,train
RTvZD8AZs64.mp4,train
RUKgTVVuVcg.mp4,train
RVKZfvYZHks_1.mp4,train
RX34_NaukPo_1.mp4,train
RYeWs0MPMEA_1.mp4,train
RZo8XEvx1G8.mp4,train
RZymw-Gk26s_1.mp4,train
R_6XeLEZzu0_1.mp4,train
R_GaklgD4bY=-.mp4,train
Ra22ZVhrcxw.mp4,train
RaTUMGgYYTY.mp4,train
Rah844Dfxf8.mp4,train
RbTU0PE3ebM.mp4,train
RcWDXAwySlM.mp4,train
RcZ64U1ydeg.mp4,train
Rc_b4h5nFqo.mp4,train
Rd6B7wNJ2wQ.mp4,train
RdhTo_18rQg.mp4,train
RdySS4hQE0s.mp4,train
ReA3MBOOJZU_1.mp4,train
ReGozpDkRcc.mp4,train
RfTlPy0yoLg.mp4,train
RfhBkV1VBNo_1.mp4,train
RhEpVt-AEK8.mp4,train
RhS6nAUP3C4.mp4,train
RhzIqPFf72k_1.mp4,train
RiAJCOudSjM_1.mp4,train
RiyB_IpLUoA.mp4,train
RjDvvpbDcHk.mp4,train
RjI4uWN3FXg_1.mp4,train
RjlLl95EtCQ_1.mp4,train
Rjv2fm62JAY_1.mp4,train
RkMTKS4AjQU_1.mp4,train
RlC8ZTPuOBU_1.mp4,train
RlIkYzzsHpg_1.mp4,train
Rloiqc9KybA.mp4,train
Rmwh_Cfw9GE.mp4,train
RmxC2ESB77I.mp4,train
RnbKUzEYGq8_1.mp4,train
RnqeyToK1I8.mp4,train
Ro2y0_fypc4_1.mp4,train
Roe3st2xwgQ.mp4,train
Roh9CQ2tF3Y.mp4,train
RorIn-P_3DI.mp4,train
RpLX2iGqahI.mp4,train
RpZGZHEgtYI.mp4,train
RpoDGwIp43s.mp4,train
RqddJENqoOY.mp4,train
RrtHIJ1gjL0.mp4,train
RryRyaLEaeM.mp4,train
Rs0EKMMQqPI.mp4,train
Rs5qSbsnJKs_1.mp4,train
RsVR6VKYIbw.mp4,train
RtOOeGlFdh4_1.mp4,train
Rty4lN6R8LY_1.mp4,train
Rv-ass03RkM_1.mp4,train
Rv7YAemJwp8.mp4,train
RwIFUiFGMGw.mp4,train
RwdFk6p7tyo.mp4,train
Rwtcr4Lp9TQ_2.mp4,train
Rxj7JFcWujk_1.mp4,train
RxqkJA2EG0s.mp4,train
RyuTiOy4BBI.mp4,train
S-BjndLCySU.mp4,train
S-v0z93Qc6I_1.mp4,train
S06jHWa7Brk_1.mp4,train
S0eE3CkrjZU_1.mp4,train
S0nGLXH4H5Y.mp4,train
S1eFafNFNOE.mp4,train
S21lcUrY_pM.mp4,train
S23VB6dVnw8_1.mp4,train
S3pN7MBKPU0.mp4,train
S4GZ0J3GZvQ.mp4,train
S4Ygl6RqD98.mp4,train
S5iQxTVeKNE_2.mp4,train
S9wg2vb8-Aw.mp4,train
SB50UhgrFMY.mp4,train
SBeMy0KGdEw_1.mp4,train
SCNfdbheXqo_1.mp4,train
SCd7SRCOr9o_1.mp4,train
SDQ1doHsLn0.mp4,train
SEVIbuIk3AU_2.mp4,train
SEVkZ5qhIC0_1.mp4,train
SEYjG-0Mi3U.mp4,train
SEmdCAG7t24_1.mp4,train
SEuUIH_SeVc_1.mp4,train
SF7r2SG-fck.mp4,train
SFD6zesDMMY.mp4,train
SG-B3o7bMAc.mp4,train
SGLYqU0p4X4.mp4,train
SHPaqAaE29Q_1.mp4,train
SHsq8VSKV_M.mp4,train
SINe8jrjQfA_1.mp4,train
SIR3vIJJECY.mp4,train
SInKhy-06qA.mp4,train
SIqQlHOR0JM.mp4,train
SJJSpU8MFDs_2.mp4,train
SJaqmqaD77k.mp4,train
SJrFnoOcTcI.mp4,train
SJxqZH9B3zw.mp4,train
SKlTYkUBVvQ_1.mp4,train
SKzJwTW4NQ8.mp4,train
SMEVutE0yBw.mp4,train
SOMg4XV_dEY.mp4,train
SOkA4zA7ahE_1.mp4,train
SPF11a6Uwy4_1.mp4,train
SPVkNI9K4wA_1.mp4,train
SP_OSl0wle0_2.mp4,train
SPqwUnfpXvg_2.mp4,train
SQ6O9z7AJpM.mp4,train
SQXRw3c2dYw.mp4,train
SQZyez6oDKg.mp4,train
SQsT1oeLr4g.mp4,train
SQymUlHks-I.mp4,train
SREF6XRNv0w.mp4,train
SSkoetdv7G4.mp4,train
STJ38FSDE8w.mp4,train
STNM0hUpfhQ.mp4,train
STXgnu97Y6Y_1.mp4,train
STdeLMDk8Sc.mp4,train
STn1cOJ8Pms.mp4,train
SUGgjeP54CQ.mp4,train
SULzv6BHjHs_1.mp4,train
SVIuCiTrn_8_2.mp4,train
SVxNsaZs3dI_1.mp4,train
SWWKwdMT9qQ.mp4,train
SWq-SiX-v20_1.mp4,train
SYNNpD0n0U0_2.mp4,train
SYlMAasD3Aw.mp4,train
SYrln3Ug1Lk.mp4,train
SZeSrHZy0dM_1.mp4,train
SaqUZcI2zDA.mp4,train
Sb7r4EnLG-A_2.mp4,train
SbYK9K-klAw.mp4,train
SccmMdkBiAU_1.mp4,train
ScoqXyTkXp8_1.mp4,train
ScstGTIjdOY_2.mp4,train
Sd07nnmlTAE_2.mp4,train
Sd7e5qVlMB8.mp4,train
SdBirBu-dak.mp4,train
SdsEu8iuUpE.mp4,train
SewBqDY49qs.mp4,train
Sh3P9rHIKOM.mp4,train
Sh5c_9ADHFs.mp4,train
ShXISzBU1Ug_2.mp4,train
SiP1g7kh1nE.mp4,train
SiRYkIO7AmQ_2.mp4,train
SifysRkEATg_1.mp4,train
SjfLsGRnuGo.mp4,train
SknrxI_nq64_1.mp4,train
SlORjr0kUM4.mp4,train
Sm7Cei87rg4_1.mp4,train
SmgLg_SSvZg_1.mp4,train
SnUlY4XhAG0.mp4,train
SojDDNUsSew_1.mp4,train
SoxMQgRbBsA.mp4,train
SqIhCix7O9I.mp4,train
SqN3GrAvif8.mp4,train
SqXx7G7FX5A.mp4,train
SqjG2lMm-NU_1.mp4,train
SqoYBOJfc9w_1.mp4,train
Srl_Gk0vjLE.mp4,train
SsDjl4tijyg_1.mp4,train
Ssub7QHvQIA.mp4,train
Sv-nLK45XFA_1.mp4,train
SvabwOUNAEE.mp4,train
Svm8Kk4Vr2Q_1.mp4,train
SwLX5yOifFI.mp4,train
SwLs3Kowas8_1.mp4,train
Swad8O2a5Qc_1.mp4,train
Swny54RpOVw_1.mp4,train
SwtT_BdLe3A_1.mp4,train
Sx34-t7A_xM_1.mp4,train
SxLd_Jwhy80.mp4,train
SyRmYT523cU.mp4,train
SyZFNqdlRmc_1.mp4,train
Sz-NQ2ENlqA_1.mp4,train
T--ANw8Oxkk.mp4,train
T1M8kXkQJAY.mp4,train
T3wOnHCetE0_1.mp4,train
T4-Q9pABqYs.mp4,train
T41OsrviQCY.mp4,train
T45Hsn9ABV4.mp4,train
T4BQsAvPno8_1.mp4,train
T4VLu2P-X9s_1.mp4,train
T4ySB6yP-m0_1.mp4,train
T5JAHMxSu2w_1.mp4,train
T6vd9Criu48.mp4,train
T7RBzS7EJ6A_1.mp4,train
T7RIPkBR3ik_1.mp4,train
T7afcYzRNU0_2.mp4,train
T7b0UnZEOvM_1.mp4,train
T7v9JbH90I0_1.mp4,train
T8I_n42FuBc.mp4,train
T8g7H3Ie5YU.mp4,train
T976ElYJ-qY.mp4,train
T9GMyhxIv5k_1.mp4,train
T9eBnmIRtqg.mp4,train
T9nijwnbCqw.mp4,train
TBZtRv2owM8.mp4,train
TCGWpLngbVA_1.mp4,train
TCHTGgRtZeI_1.mp4,train
TDbdRtOwX10.mp4,train
TDdKRcFO4k8.mp4,train
TDlj5kHwiTk.mp4,train
TEkWFmWdQ8Q_1.mp4,train
TGckzkVJiio_1.mp4,train
THp4JJ3PWvo_1.mp4,train
TING64HUZ2k_2.mp4,train
TIlcuqK-fr8_1.mp4,train
TIr35oN6iSE.mp4,train
TIzjrc3-71E.mp4,train
TJJHfurpn-I.mp4,train
TJQdtS0Dkyw.mp4,train
TJeHXGVDCms.mp4,train
TK3H8rmoV1Q.mp4,train
TKsGy30vLtI.mp4,train
TL4iZGEw9CY.mp4,train
TLN5DkTzcX8.mp4,train
TLXAEKQwcBY.mp4,train
TLf8Uvxntpg_2.mp4,train
TMANBpLx6s0_1.mp4,train
TN5HogAE-fs.mp4,train
TNNoq5pS-WQ_1.mp4,train
TNODnmQ9R1M_1.mp4,train
TOK4IBhtuYI.mp4,train
TPCuCv8TjE8_1.mp4,train
TPwPNPP1rpI.mp4,train
TQeI5Uixibg.mp4,train
TQpNNdkU0ZI_1.mp4,train
TR30xmE3v0s.mp4,train
TRIMTrqzSOc_1.mp4,train
TR_tbUxLUco.mp4,train
TRgM0lzJs-4.mp4,train
TSBR8lkAmaQ.mp4,train
TSTGnppZmfA_1.mp4,train
TSoaGw5OEb0_1.mp4,train
TW2KbOGRx2I.mp4,train
TXtLoo3D-xQ.mp4,train
TYiNnkTwP0w.mp4,train
TZEYZ0PggwY_1.mp4,train
TZkleWcH-wU_2.mp4,train
TZqRg598wGQ.mp4,train
TcjKtM3VKj4.mp4,train
TdbUnoeHXcE_1.mp4,train
TdwAJ3968lM.mp4,train
Te9AcG7ugOc.mp4,train
TelHvRCbKco_1.mp4,train
Teyhg_5_rdw_1.mp4,train
Tf97LjJhrMU.mp4,train
TftELGOtnLM_2.mp4,train
Tfxp43vVHpY.mp4,train
Ti-7CP2GtaI_1.mp4,train
TiPPYhh323E.mp4,train
TickiRU7XxU.mp4,train
TihAh8jvRTs_2.mp4,train
TirzXnBaSt0.mp4,train
Tj5FRh9ASMU.mp4,train
TjSYqjfk-lc.mp4,train
TkREyqdJoCI.mp4,train
TkWzFh1m6KU_1.mp4,train
TkZ8qS_TIXk.mp4,train
TlGf_1YuYyE_1.mp4,train
Tm_V8zmIsCA_1.mp4,train
TmsgikIaXu4.mp4,train
TnGCg69kb1s_1.mp4,train
Tp0lrE7068E.mp4,train
Tpyp71m96Nk_1.mp4,train
TqSyQEAlkU8_2.mp4,train
TrCMG8Jm2_c.mp4,train
TrDii_6LlNg.mp4,train
TrGBcTGTlhI.mp4,train
TspS8Y62sXs.mp4,train
TtNpydFV6rI.mp4,train
TuH0o_tiW3o.mp4,train
Tuq_-EuFAhI.mp4,train
Tv1bOlYSqYI.mp4,train
Tw2qPxlzf6Q.mp4,train
Tw8BsgjnKIg.mp4,train
TwD2W_F22dE_2.mp4,train
TwRRZw_m1Po_1.mp4,train
Ty8eDa-6gQ0.mp4,train
Tyn9hWjEn5A_1.mp4,train
TziAcjoELVE_1.mp4,train
U-3Gvctw8Do_1.mp4,train
U-DAmE4tzo4.mp4,train
U-MdJz1XGpg_1.mp4,train
U-dEobzY4o4.mp4,train
U18qbyFJKnA.mp4,train
U1TZROWBuoo.mp4,train
U1WpPYHOp84_1.mp4,train
U1jYplNZtN0_1.mp4,train
U2DPGFl5JFA_1.mp4,train
U2UQ6QHvt_s_1.mp4,train
U2W9kUCDsgU_1.mp4,train
U3w2AbN_8Og_1.mp4,train
U45soEQ1V4o_1.mp4,train
U45t3T05qRk_1.mp4,train
U46jloztxAQ.mp4,train
U4dnLRpeTN8.mp4,train
U5KcZNFATFM.mp4,train
U5lSxZnyve4_1.mp4,train
U7Y3GocRUak_1.mp4,train
U8-__KRMRSM.mp4,train
U8TyoD2LxLU.mp4,train
U8aIoaNXadQ.mp4,train
U9WAeaZQgtE_2.mp4,train
UAHpTtftpWE_1.mp4,train
UB4Z8Wzkj5g.mp4,train
UCd4aYE00KM_1.mp4,train
UD02Bmbm1kk.mp4,train
UDCvZbi5eMw_2.mp4,train
UE2dRDkXVOw_1.mp4,train
UFePdoNR_KM.mp4,train
UGFkd_LTNW0_2.mp4,train
UGMQBqwFQzg_1.mp4,train
UGX6actjbuM.mp4,train
UJHjwQ7yclM.mp4,train
UJe2UCSOExA.mp4,train
UJyI-681CrM.mp4,train
UK-aS_5scz4_1.mp4,train
UK3lCFwSt7A.mp4,train
ULLLdCsmxDU_1.mp4,train
ULXqpYB1yYw.mp4,train
UMGZsGFUVcA_1.mp4,train
UMMYGhp1SD4.mp4,train
UMS2IJZt6To.mp4,train
UNNkbxYzexA.mp4,train
UOCJkoSjr9w.mp4,train
UOF_LN4gRRw_1.mp4,train
UOFozu6HCwg_1.mp4,train
UORRNKMTusE.mp4,train
UOktZawGna4.mp4,train
UPBonZ_8HIM.mp4,train
UPTSoIuNOIw_1.mp4,train
UPh2mJTMLIQ.mp4,train
UQh8UwdcnBI_1.mp4,train
UQnQ_sw1fHA_1.mp4,train
UQogb-cniR4_1.mp4,train
URJUqJrqo_8.mp4,train
URTZQEPHVxk.mp4,train
US1v85XAz0c.mp4,train
USyI1R3TCr4.mp4,train
UTkhiWX3IBk.mp4,train
UUYEkCl4HvI.mp4,train
UWWGrijcLSs.mp4,train
UWzrvtCcWDA.mp4,train
UXoDCHd7VuQ_1.mp4,train
UXoVPWIYL4k_2.mp4,train
UY6S37YeDTE_1.mp4,train
UYS5jKTw0Ik_1.mp4,train
UYYmJtinmNg.mp4,train
U_I4IzFnhdw.mp4,train
Ua00PZ_-QKE_1.mp4,train
Ua8OAMfzWAQ_1.mp4,train
UbEMzE9pxXU.mp4,train
UbQHwZHQSRM.mp4,train
UbZzQI8wKY8_2.mp4,train
Ubg4ASlf83o_1.mp4,train
Ubkc3VIH4QY.mp4,train
UcEpOfJMly4_1.mp4,train
UceHJJVBBzU.mp4,train
Uctb3c7u__M_1.mp4,train
UdD80Owt1n8_1.mp4,train
UevozhypOqs_1.mp4,train
Uf6P20S4HbI_1.mp4,train
UfA1NhqdyRQ_1.mp4,train
UfJyWbJ_RpQ_2.mp4,train
UfYeaYNJV8E_1.mp4,train
UfZyeijqQeY_1.mp4,train
UgLgrXYY9Es.mp4,train
UgR3sxHLsDg.mp4,train
UhOwvFFtKVs_1.mp4,train
UhtjXl2_OcA_1.mp4,train
UivWWBHOnAc.mp4,train
UjkcbDkHvxY.mp4,train
Ujw6xa-mmZM.mp4,train
Uk2g1CB1O2s_1.mp4,train
Ukr__1TiaOo_1.mp4,train
UksWdbYQW2k_2.mp4,train
UmIy-iRAW48.mp4,train
UnOmbIQFwOE_1.mp4,train
Unvi9R9Qg8w.mp4,train
UoBpthYc-HE.mp4,train
UoONuBxuPLg_1.mp4,train
UodmDnAnLmg_1.mp4,train
UpDvz4TFXuY.mp4,train
UpTUXgf7Wck.mp4,train
UrDzxGca4Vg.mp4,train
Us3qUIzVN30_1.mp4,train
UsfdUqWfoko_1.mp4,train
UtDbK5h2P5s.mp4,train
UtIn2Jira9w.mp4,train
UuYeKt00J9s_2.mp4,train
UvsWlQg31Ts.mp4,train
UwWaRajzxt0.mp4,train
UwjyKkkLN7o_1.mp4,train
Uwz4-pLZMC8.mp4,train
UxC_mC9iK-I.mp4,train
UxfnLulLdVQ.mp4,train
UyIz1DzGwQQ_1.mp4,train
UyOvMtr_ZOE_1.mp4,train
UyuuFpV2QCg.mp4,train
Uyx_b73fxUc.mp4,train
Uz_wWiAtIUY.mp4,train
UzpCuTtVV9Y_1.mp4,train
V-BQYv-0PKs.mp4,train
V-YrxoE9qBE.mp4,train
V0VRDcoop14_1.mp4,train
V1-w01T8L84_1.mp4,train
V1dlIBcgvjo.mp4,train
V279MbdgsSY_1.mp4,train
V29VnUcT42Q.mp4,train
V2MPSLmneX0.mp4,train
V2xejNSSroM.mp4,train
V3YYjAXQwmI_2.mp4,train
V3bwmMHBHzE.mp4,train
V3nAp-Rq1W0_1.mp4,train
V3vmgiymarA.mp4,train
V41e4s7n5jY_1.mp4,train
V4nZC24tRJ4_2.mp4,train
V5ZoFg0ZI08_1.mp4,train
V5ays4bEcFE.mp4,train
V5pMbP6wR8k.mp4,train
V63xT_OqUOw_1.mp4,train
V6STX-F9V8o_1.mp4,train
V762TGrdsYI.mp4,train
V94cJaXyYpY.mp4,train
V9YCBo53D94_1.mp4,train
VA6jHsfpa4g.mp4,train
VAGtePDt80E_1.mp4,train
VAhELbOjQFc.mp4,train
VAiekrFaH-A_2.mp4,train
VBM4ss11k-k.mp4,train
VBX7WykbnZM.mp4,train
VBdO8sQJM1s_1.mp4,train
VBnTbBdLA1M_2.mp4,train
VBvgxVhTCU4.mp4,train
VBx8a9gFcQI_1.mp4,train
VCAyZMacKXM.mp4,train
VCDSOi8Hix0.mp4,train
VCOeuYSrcMI_1.mp4,train
VCRZM4u-FYs.mp4,train
VC_lTWT1HXU.mp4,train
VCjWwq5ww18_1.mp4,train
VDET3icqk6A.mp4,train
VDbvWI5QT70.mp4,train
VEALNsI7Ijg.mp4,train
VEppUiloi6c_1.mp4,train
VFLmd-lcwZw_1.mp4,train
VGY3MIoFFoU_2.mp4,train
VGa4oRGUQ-w.mp4,train
VH9BKxQgE4I.mp4,train
VHEz_cYLDe8.mp4,train
VHdpLk4GK08_2.mp4,train
VI6RwfsB3Tc_1.mp4,train
VIDtd_VYM2Y.mp4,train
VJNSZFoRLzE.mp4,train
VJlRCE_Tw3A_1.mp4,train
VKeDxmyvczg_1.mp4,train
VL83qtgsLCk.mp4,train
VLeir-T0xmU.mp4,train
VMI2RvR_tNA.mp4,train
VMsWda7pWZA.mp4,train
VN0pOHZP1KQ.mp4,train
VO1Wuqwc4wg.mp4,train
VOEpCw8MRuo.mp4,train
VORmSzXh6YU.mp4,train
VPB0XOlm-qE.mp4,train
VPU-Gw_h9ko.mp4,train
VPiwsR-P4Tc_1.mp4,train
VPja-SPBsSk_1.mp4,train
VRTBNXGQAVY.mp4,train
VS_ZuiQIJx0.mp4,train
VSvlO0WM5fg_1.mp4,train
VT9WJZKrys8_1.mp4,train
VTDRIXo-Bpg_1.mp4,train
VV3za4vmTTs.mp4,train
VV7wIkRKbf0_1.mp4,train
VWNsruK2Yk0_1.mp4,train
VX-0YdOVhIE.mp4,train
VYVrUCzDt_w_1.mp4,train
V_NJjyZpYY4.mp4,train
VaWad6GHjNM_1.mp4,train
VaXddHdk-K0_1.mp4,train
Va_b6_X-wOs.mp4,train
VbiFEC7SKhg_2.mp4,train
Vc0YkcqRNAM.mp4,train
Vc81XotPSFs.mp4,train
VcOM49u8maQ.mp4,train
VdG0pGDoCzM.mp4,train
VdR3IR0wqDY.mp4,train
VdaOSlNkCEY.mp4,train
VfKd7mog6AA.mp4,train
VfN66I8-KEk.mp4,train
VfQpOfUkVg8.mp4,train
Vft0oixnLPs.mp4,train
VgrQMDa1vlI.mp4,train
VhB51KKUi10.mp4,train
VhiPxEZMhus_1.mp4,train
VhpYWt3XsNk.mp4,train
VhsF-apA_D8_1.mp4,train
VhyiA9MZWZw.mp4,train
VigebdpoRlI.mp4,train
VjjImnuWU2A_2.mp4,train
VkHrewA9bJI_1.mp4,train
VkrF0Q4fWRo.mp4,train
Vl5pPd0iGy8_2.mp4,train
VoGbGa9k9K8_1.mp4,train
VqF3Q_7eQDc_1.mp4,train
VqIMqvX3c20.mp4,train
VqaaRKqS4tw_1.mp4,train
VqeazWZzEp4.mp4,train
VsCf7FnMXn0_1.mp4,train
VsZTOd6ZyJ4_1.mp4,train
VvCX63OKLoA_1.mp4,train
VvIaOziZ0ac_1.mp4,train
VvT_rRyfhYs.mp4,train
VvrNTIzW2g8_1.mp4,train
Vxw3BnPmi3s_1.mp4,train
VyDyh75isWg.mp4,train
VyjKJB6Koyk.mp4,train
VylWxxPSBOo.mp4,train
Vym9FKyQnLQ_1.mp4,train
W0VSNIUgNVw.mp4,train
W1JjuXkqfyA.mp4,train
W2MiLfsDFyU.mp4,train
W2nI_GK8rY4_1.mp4,train
W3kbYwydKm4_1.mp4,train
W3mz1IrwitA.mp4,train
W45SsK9W5qc_1.mp4,train
W4DGPU0uPEw_1.mp4,train
W4I02aYytbg.mp4,train
W5EDhJ6YeyE.mp4,train
W5RDOklZQxc.mp4,train
W5yf-VHdSsg_2.mp4,train
W62nMzY2gT4_1.mp4,train
W6k4SdELuOA.mp4,train
W7fDu4rueCg_1.mp4,train
W8978OLdbx0.mp4,train
W8DhdsaqA1A.mp4,train
W96HGg5hT2Y_1.mp4,train
W98Zz8BTu7A_1.mp4,train
W9OUQR3I6nU_2.mp4,train
WA9_DgdTz7M_1.mp4,train
WAJPb-9uOMI.mp4,train
WAWc1DosGJM_1.mp4,train
WBHJgw_7yEg.mp4,train
WBIjeM1OYEQ_1.mp4,train
WBM9qyakPIo_1.mp4,train
WBcTr4MBhHY_1.mp4,train
WDHSvLNLkdM.mp4,train
WDlqCvrPrAE_1.mp4,train
WERWKq12o8g.mp4,train
WEnejEf0veY.mp4,train
WFrPLJ77amU.mp4,train
WGdXSExEco8.mp4,train
WGp_XsdMsp8.mp4,train
WGvrtl9p1eY.mp4,train
WGwhxNQtfbE_1.mp4,train
WHhRVTU1Lcs_2.mp4,train
WHmrq95mmOw.mp4,train
WISR3HEeKgU.mp4,train
WKPkIP9yP4s_2.mp4,train
WKgIi8YdHtI.mp4,train
WLBjunNqebs_1.mp4,train
WMZ6Yh1FSP4_1.mp4,train
WNcSoq9M-FU.mp4,train
WNeSwJJ4J7o.mp4,train
WOUQtem-BE0.mp4,train
WP5T6GzCCy4.mp4,train
WPckRR8epk8_1.mp4,train
WPgq1Rr9M9s_2.mp4,train
WQpetmGGa2Y.mp4,train
WQtuFPPXrts_1.mp4,train
WSEFp-h4Vk0.mp4,train
WUH-YL4puUI_1.mp4,train
WUTYbHOHrnM.mp4,train
WV786dTqOyQ.mp4,train
WVaqG1MJyr4_1.mp4,train
WW5m7jWsHFA_1.mp4,train
WWSODzzlgO8_2.mp4,train
WX8QEtaZ8Qs_1.mp4,train
WXDDCUpUoUo.mp4,train
WYEvZx_EaEo.mp4,train
WYav7_mmBHc_1.mp4,train
WYgbIDwh3pQ_1.mp4,train
WYoKVNCSH30_1.mp4,train
WZNbLu4g4IA.mp4,train
W_qFjH-GKzA_1.mp4,train
WaTcrOr3-gk.mp4,train
WaYyPwTPsY4.mp4,train
Wasx0HPXASQ.mp4,train
WcmCeaR7Kk4.mp4,train
WdBygG07nkU.mp4,train
Web5iasWBo8.mp4,train
WegWM9MfmYo.mp4,train
Wi0iDXiVO3Q.mp4,train
WiOoeG7LL6I.mp4,train
WihSOQ3tQkw_1.mp4,train
Wj8Inf10Cds.mp4,train
WjM69tcGYT4.mp4,train
WjikjzSwWqo_1.mp4,train
WlHa4foZbc0.mp4,train
WlhFpHM7lYY.mp4,train
Wli68zezuKs_1.mp4,train
WnMFiznX8XY_1.mp4,train
WoCa7_MyCog_2.mp4,train
WoNO_8tWHBQ.mp4,train
Wp4jKO4IYgU_1.mp4,train
WpleZf7o6Gc_1.mp4,train
WqC9XaIJz8w_1.mp4,train
WqPLcJouptA_2.mp4,train
WqWsOMVE56M_1.mp4,train
WrkOKBm3ALI_1.mp4,train
Wro4Idj6K5s.mp4,train
WuGMN12WHWc_1.mp4,train
WuKSQ-_M1aI.mp4,train
WuoR5g21H1Q.mp4,train
WviZ3J-pPPI_1.mp4,train
WwD4gB4M3XA_2.mp4,train
WwL2FQcTAlg_1.mp4,train
WwlvxaeHNGI.mp4,train
WxIEetxTkzk.mp4,train
WzQaqtHXGOc.mp4,train
WzjR1buH7o8.mp4,train
X-yEakgxzbs.mp4,train
X0wavLbnBUU_1.mp4,train
X1g2HV45ghU.mp4,train
X2LpR5Hc7YE.mp4,train
X2PsOJ4GaNY.mp4,train
X2zPMYXfVkI_1.mp4,train
X3SkopKJi5M_1.mp4,train
X3YXNM8tpD8.mp4,train
X4AM6n6lNhw_1.mp4,train
X4Vs1TVkNss.mp4,train
X5CuJTOY2g0.mp4,train
X6SdTvnlu94_1.mp4,train
X6V6ixAK0bI.mp4,train
X7cTwzYjoko.mp4,train
X7vnmMCdV48.mp4,train
X8RjdHHXbCY_2.mp4,train
X8_WnuAdIoE_1.mp4,train
X9PzLJ-yL6s_1.mp4,train
X9wanmhpROw_1.mp4,train
XAvOgSgdGDA.mp4,train
XBDWMGgWI04_1.mp4,train
XCPgFzW3yUE_1.mp4,train
XCYJTR2fzss_1.mp4,train
XCsc6GXwslU_1.mp4,train
XDNgMT4swe4.mp4,train
XDO5mNV8P8o.mp4,train
XDSaCZLa0o0.mp4,train
XE2bfzfoTro.mp4,train
XECPEZiJD4E_2.mp4,train
XEKKQz2x4DE.mp4,train
XEQsvpY65LY_1.mp4,train
XFDOnLG4P7Y.mp4,train
XFG6tJjEar8.mp4,train
XHJhdPI69bU_1.mp4,train
XI4MKE3j4no.mp4,train
XIKz5RlhRZU.mp4,train
XJlP6BgrAow.mp4,train
XJmhK6SxaMQ.mp4,train
XMtMf2GRxxk.mp4,train
XNwWFLtgL8I.mp4,train
XNzRI_vkkxM_1.mp4,train
XOHJjemMcW8_2.mp4,train
XP1X2toQb3s.mp4,train
XQgxYpjO6jU_2.mp4,train
XR2EElHLeWE_2.mp4,train
XR_LQZfd3F8.mp4,train
XRo4L75knlY.mp4,train
XSg7UigBYwY_1.mp4,train
XSz3T7I9Fbg_1.mp4,train
XT42tl2wl_4.mp4,train
XT4QvSmPJRQ_1.mp4,train
XTZcfTHZlW0.mp4,train
XUmgkiZM4JI_1.mp4,train
XV9orqztWis.mp4,train
XVlUiV0aFOM_1.mp4,train
XVoGUfRZqHo.mp4,train
XVyV9wkauSw_1.mp4,train
XWvuOZR3KRY_1.mp4,train
XWwz6oS8uz8.mp4,train
XYVygMJqlTQ.mp4,train
XYfVG8GNe4E_1.mp4,train
XYyZ0xYVA6I.mp4,train
X_tu5xG4icY_1.mp4,train
XaifQVBtgpw_1.mp4,train
XalS8Nhpxy8.mp4,train
XbKXIrsb2Sw.mp4,train
Xbglx4_9h88.mp4,train
Xbumrid_U8k_1.mp4,train
XcQTq6tBNeE_1.mp4,train
Xca-yzLOWRU.mp4,train
XclyR8ijJbo_1.mp4,train
XdGYd0-mOy8.mp4,train
XdNhZENdMvM.mp4,train
XdhGx06dlAI.mp4,train
Xds_c4kK0UQ_2.mp4,train
XeV_Qqks978.mp4,train
Xf0NPEArdgY.mp4,train
XfXW-x1C4Es_1.mp4,train
XgbPX-5ddNM.mp4,train
XggUmMB_05c_1.mp4,train
XgnLpUYDvoE.mp4,train
XhewfEcC070.mp4,train
XhiIueAytF4.mp4,train
XhxvdfUYX1E_1.mp4,train
XirShDs3mK8_1.mp4,train
Xj4aXWm1Ivk.mp4,train
XjXXmj-9kFE.mp4,train
Xjnz65u4rsc_1.mp4,train
Xl-YVIaxrFE_2.mp4,train
XlHIH3wgbr4_1.mp4,train
Xlo5HX0NVO0.mp4,train
Xlq9pRiAwLA_1.mp4,train
XnTZYBLuwos.mp4,train
XnkB49W7JEI.mp4,train
XpQ4QGeNsGM_1.mp4,train
XpYDSeC0hTA_1.mp4,train
XqH46D16YDI_1.mp4,train
XqcaXXg2ncs.mp4,train
XqqYCaMA1oM.mp4,train
Xqqb4UhRPMI_1.mp4,train
Xr1SEUip10E.mp4,train
Xt6ujzVtikU_2.mp4,train
Xu7Bjpz-ZRs.mp4,train
Xu87pjWy-zY_1.mp4,train
XunH_PEln9Y.mp4,train
XvUEpKDeies.mp4,train
XvtQ_hOFO8E_1.mp4,train
Xvw_2UBBL30_2.mp4,train
Xw90mtR4Z7c_2.mp4,train
XwQxJ5FXoQ8.mp4,train
XxRvBiQEf1s.mp4,train
XyDptoi7dw4.mp4,train
XzFGTYxVrW0_2.mp4,train
XzRvTWXXufk.mp4,train
Y0-DjFLQcLw.mp4,train
Y0G5Sqs-lYw.mp4,train
Y0JhQ12-JVE.mp4,train
Y0ObDf8ZmJ0.mp4,train
Y1KyjzkkP4E_1.mp4,train
Y1_xQfLPThU_1.mp4,train
Y1qTt6mL5ck.mp4,train
Y1sJK9C1Y14.mp4,train
Y2uzoxP4eZc.mp4,train
Y638xpGVl88_1.mp4,train
Y66DFt19PyE.mp4,train
Y7Smdq0HgqY.mp4,train
Y7eYIdnqRSU.mp4,train
Y8X09M_jMsI.mp4,train
Y9MkvKtXngo.mp4,train
YAn2NmtqmkU_1.mp4,train
YCnpEJTrtb4.mp4,train
YCuxJLH5fK0_2.mp4,train
YEHQWC5VjX4_2.mp4,train
YELxiOno-Q4_1.mp4,train
YF6c_Lb35ng_1.mp4,train
YFFVY9bYiW8.mp4,train
YFl0dGwRwYo.mp4,train
YFrtVUeFoe4.mp4,train
YGISt7qQBCw.mp4,train
YGPgejLrILM.mp4,train
YGog5xq4SiQ_1.mp4,train
YHRvUilX5yc_1.mp4,train
YHd3THK5M-w.mp4,train
YHl7zDSdzVE.mp4,train
YIns3vxfhnk.mp4,train
YJTInZmt8eE.mp4,train
YKFHr8y6YRI.mp4,train
YKeS_ZBqjUs.mp4,train
YKnnyhESBww_1.mp4,train
YL4WDUU1nNU_1.mp4,train
YMao9qfTNDs.mp4,train
YMuk_8H4EWM.mp4,train
YMzAv4AKiZI_1.mp4,train
YOouxgzRLPY_1.mp4,train
YP8kV_QxB5k_1.mp4,train
YPnTIhCizr0.mp4,train
YQONdUfXS78_1.mp4,train
YQcpKDKzhIQ_1.mp4,train
YQd_WV8xzI4_1.mp4,train
YRCrJpcwteg_1.mp4,train
YRc3fxOAnOg.mp4,train
YRlUUOC7_-0_1.mp4,train
YSKXGgR-m4Y_1.mp4,train
YSgIm4RE1E4_1.mp4,train
YT1x1wgyjLQ_1.mp4,train
YT3NbB5D_AU_1.mp4,train
YT73Lh88yeE.mp4,train
YVKW4zFBxRs_1.mp4,train
YVRYl6f1f_0_1.mp4,train
YW5naaaX4ag_1.mp4,train
YXM8FEEsI_A.mp4,train
YYJ96CO6dt0.mp4,train
YYMy75KpmJk.mp4,train
YZNxu9uehxA_1.mp4,train
Y_T9AimBaqk_1.mp4,train
YbaTI-fVR9c.mp4,train
Yc0Mx7DJ_Io.mp4,train
YcSno6m_WPQ_1.mp4,train
YcTowX_Es6E.mp4,train
YewyTxkCShU.mp4,train
Yf38Dy5zOF4.mp4,train
YfCkx2qZd10_1.mp4,train
YfPizjRLLBk_1.mp4,train
YfbeV360wAA.mp4,train
YgZcsvejUF0.mp4,train
Ygj0IRouWKg.mp4,train
YhHAI3h-Pno.mp4,train
YhVonZ8wM4s.mp4,train
Yic2UpwFlV0_1.mp4,train
Yipdqci-cG4.mp4,train
Yiu0Yd9fSk8_1.mp4,train
YjFFLGIxdsw.mp4,train
Yk2bJx0XDKk.mp4,train
YkB8oNd9yWk_1.mp4,train
YkczyHs5RyA.mp4,train
YkjhmBTDRSE.mp4,train
Ykv_2L4-7RY.mp4,train
YlpdAUskBYI.mp4,train
YnAajpsmDmk_1.mp4,train
YnKRMSyKkJk_1.mp4,train
YnZWnAEfIPw.mp4,train
YnmUSF3cQCA_1.mp4,train
YoqthDSpmXU.mp4,train
Yp-T6g3cBAU_1.mp4,train
Ypycm97DvfI.mp4,train
Yrzxd9xMdf4_1.mp4,train
YsHiDhGbv0Q.mp4,train
YscdSP4txHA.mp4,train
Ystk7l_FXfM.mp4,train
YtiMW5yuGp0.mp4,train
YtxxtvSqLN0.mp4,train
Yu6K4sXguXs_1.mp4,train
YufUJ48avIM.mp4,train
YuqMoY_OqRg.mp4,train
Yv8NF6YIl10_1.mp4,train
YwFKOE6S4C0_1.mp4,train
Yws2a_L3P5k.mp4,train
Ywv9sPO2h8U_1.mp4,train
Yx69VxUEjg4_1.mp4,train
Yympd7Zsia4.mp4,train
Yz4vZ5ALDfw.mp4,train
YzE81xCkrbs_1.mp4,train
YzFnEXBbgqk.mp4,train
YzFnEXBbgqk_1.mp4,train
YzMaVzYqmoI.mp4,train
Z-WSsu6coz0_1.mp4,train
Z-eYQ41xjss_1.mp4,train
Z1QjMt7Nv8g_1.mp4,train
Z1du80pIIo0.mp4,train
Z1rwaj311WE_1.mp4,train
Z3CJVJpzaio_1.mp4,train
Z3vKfnZktzo.mp4,train
Z40K5gHMTUI_1.mp4,train
Z45tFt5f02s_1.mp4,train
Z57OPDQI-AM_2.mp4,train
Z6JNDTUxfUc.mp4,train
Z6tnoY_mWJI.mp4,train
Z7IcqSuMStI_1.mp4,train
Z7SDxmGugRY_2.mp4,train
Z8s8vMx7whQ_1.mp4,train
Z90_kV0h1d8_1.mp4,train
Z9fW5tpQOYY.mp4,train
ZA9VMWZGtLw_1.mp4,train
ZAVbHxqvcZM.mp4,train
ZAXYZbQjJd8.mp4,train
ZBUU3_QSSZ0.mp4,train
ZBUU3_QSSZ0_1.mp4,train
ZD4iPTVebqg.mp4,train
ZE26UZXyMDs_1.mp4,train
ZEGaQMAZwgE_2.mp4,train
ZEOITP9Urts.mp4,train
ZES6f5bu19M.mp4,train
ZGH9wRwlXSA_1.mp4,train
ZGZMh2l-Kro_1.mp4,train
ZH6w06bHVJs.mp4,train
ZHBeAUvAWFw_1.mp4,train
ZHn-DlqMC3c_1.mp4,train
ZIKWlQUff9c.mp4,train
ZKrESO7NJkw.mp4,train
ZLBwSYUFhqk.mp4,train
ZLMSgBfkRgc.mp4,train
ZLj7E6Q5ZUg_1.mp4,train
ZM0n1zjza48.mp4,train
ZM95iphl6eM.mp4,train
ZQXv3lFCkp8_2.mp4,train
ZQzqGalXdEU_1.mp4,train
ZRb_4bhHAus_1.mp4,train
ZRmC8bZ5OgY_1.mp4,train
ZSOCalqaCTw_1.mp4,train
ZT-CEOMhqAI_1.mp4,train
ZT1KeYVFU3s.mp4,train
ZTdHkUXOcHU_2.mp4,train
ZThUGVQhL08.mp4,train
ZTyOfVeFBgA_2.mp4,train
ZU74gADGVD4.mp4,train
ZUL1-j2VL6w.mp4,train
ZW9M04OzRVU_1.mp4,train
ZWdAqWE-J3k.mp4,train
ZY-WTPLbMZc.mp4,train
ZYzl-LchceU_1.mp4,train
ZZAKxP9xMSE_1.mp4,train
ZZtr21utYZU.mp4,train
Z_LPvE-ICAw_1.mp4,train
Z_M-x3Xb-7c_1.mp4,train
Z_aF7Dndg5o.mp4,train
ZaBfhzfL_II.mp4,train
ZaNS5RUpBAM_1.mp4,train
ZanVx78hi-g_1.mp4,train
Zb_TG66NcQM.mp4,train
Zbzwv7UaDLE_1.mp4,train
Zc9o_U0ilpU.mp4,train
ZcKsHron__8.mp4,train
ZcxtRrRVHFE.mp4,train
ZePqDGIfLng_1.mp4,train
ZfEb14w8ZMk_1.mp4,train
ZfvUujCbJR0.mp4,train
Zgmvl6IgXuY.mp4,train
Zgt1aed1imY.mp4,train
ZhM0Ej44-3A_1.mp4,train
ZhZN3BiLEqg_1.mp4,train
Zj_vIX40c4U.mp4,train
ZkswCQRgxvQ_1.mp4,train
ZlECIvK4NRU.mp4,train
ZlEsSpNpRWc_1.mp4,train
ZlHosNYMQwE.mp4,train
ZmPkrJiAoGU.mp4,train
ZmQb16XR9Uk.mp4,train
ZmwQgw19ceU.mp4,train
Zn0fVlU7o9Y_1.mp4,train
ZolqmXUbwIw_1.mp4,train
Zr3LQ0FwcUM.mp4,train
ZrPL-xKnDfk.mp4,train
ZrRMVnEBilo_1.mp4,train
Zrcq4sIJPH0_1.mp4,train
ZrzSxs277R8.mp4,train
Zs0aCR0psKg_1.mp4,train
ZsQKzWzog3w.mp4,train
ZsQM3Ip3WP4.mp4,train
ZtAKgVo5KFQ_2.mp4,train
ZuMVWIDZEQI_1.mp4,train
ZuVsJQ_IKxc_1.mp4,train
ZwVF0XfVD7I.mp4,train
ZxL9a3whvvo.mp4,train
ZytQJwYWKuM_1.mp4,train
ZzvSRtMXoSA_1.mp4,train
_16L9IQXOm8_1.mp4,train
_1V-RYndk_o_1.mp4,train
_1vtXVjFtg0_1.mp4,train
_2S9CpnbPLk_1.mp4,train
_2TlWc7fctg.mp4,train
_45PKVEtIUE_1.mp4,train
_4oE2cTO6V4.mp4,train
_5-p1Ci-LQI.mp4,train
_5ISkq46e4U.mp4,train
_5yHq8UYB-8_1.mp4,train
_7E0eolOh4c.mp4,train
_7G2Uzs6TTE_1.mp4,train
_8BciHWrpOA.mp4,train
_8bxz4NREvk.mp4,train
_9JUz_eRGKk_1.mp4,train
_9fyR8lD1Uo_2.mp4,train
_BPtLQumNF4_1.mp4,train
_C-VYAN3NP0_1.mp4,train
_CKSfuSN8qY.mp4,train
_DzQr-7t3Wo.mp4,train
_Dzn4G-zY6Y.mp4,train
_FpLmutBgNQ_2.mp4,train
_GG3jvZWj_4.mp4,train
_HPV8-2Xdx8.mp4,train
_I7a-SaQTbQ_1.mp4,train
_J3ub2IKdWM.mp4,train
_JhAFFdTuQk.mp4,train
_K6fZSaEvfY.mp4,train
_KD_lxiKv6o_1.mp4,train
_KNZJg6KmXo_1.mp4,train
_MQLjVv71vA_2.mp4,train
_MfSh3vAg-8_1.mp4,train
_NCg6SOF43E.mp4,train
_NQG94L6Ook.mp4,train
_O0kLRn736A_1.mp4,train
_OCCVPF3icI.mp4,train
_OVPsuqM4WA.mp4,train
_P4bfLS4TnU.mp4,train
_PagRKs0NVw_1.mp4,train
_QKUHg7BOt0_1.mp4,train
_QuzEYjeK5o_1.mp4,train
_RUSSzoAwkI_1.mp4,train
_SL5nKedSfM.mp4,train
_UPbbNrJVTI.mp4,train
_VEDOuAOkwY_1.mp4,train
_VfAEWS3NIs_1.mp4,train
_VoVLROfTak_1.mp4,train
_WJFCAKQNOk_2.mp4,train
_XNGzuCEq_k_1.mp4,train
_YZmHbnrcmM_2.mp4,train
_ZQRTRss6sY.mp4,train
_Zk6T8osdEc.mp4,train
_Zqd_PC4zYs.mp4,train
__Rz2PaTB1c.mp4,train
__cUle3-80c_2.mp4,train
_a81r3Cftzk.mp4,train
_buJuYv17y0_1.mp4,train
_deTkHwvwhc.mp4,train
_eYKufKYrnM.mp4,train
_erfAmrdyIM.mp4,train
_g40sO4Upvg.mp4,train
_g4EWTEciww.mp4,train
_gSbFjpWY5c_1.mp4,train
_gdCYZeEcTY.mp4,train
_guaVXmbJsE.mp4,train
_hrzFsvu4iI_2.mp4,train
_idIz52QU2Y_1.mp4,train
_jbbOFSVFyY.mp4,train
_k5G74jDhCE_1.mp4,train
_kI81r19zgI_1.mp4,train
_l5aWVYPWik_1.mp4,train
_lArEvKP43c.mp4,train
_lF0BZafFlw.mp4,train
_mAt07ZKGeg.mp4,train
_mRzTYgtxCU_1.mp4,train
_mmkfKN0-dg.mp4,train
_n7v_yu-uiY_1.mp4,train
_ok_Ke5qnV8_2.mp4,train
_otCOj9YmMs.mp4,train
_p5nn1S8iRE_1.mp4,train
_pDr9N-HtgQ_1.mp4,train
_prgaw9obbQ.mp4,train
_pzmJOER_y8.mp4,train
_qABLoRjm18_1.mp4,train
_qWORH98SLc.mp4,train
_rHStCQCPno.mp4,train
_rguUTHtPkg.mp4,train
_sBMoMv15aQ_1.mp4,train
_sL5FydI-Is.mp4,train
_tx2iiQNlZs.mp4,train
_u5BpyWgd2k.mp4,train
_uvEsXwbAKw_2.mp4,train
_v0ZCfpOs8c.mp4,train
_vlN9I_YSG8.mp4,train
_vpJKqAQ_u8_2.mp4,train
_wR2epuH6m8_1.mp4,train
_yuawBKn9O0_1.mp4,train
_z-Ry3er2_k.mp4,train
_zIhoXYpQfQ.mp4,train
a1Nj8ScIhho.mp4,train
a1T4s6FhcSE.mp4,train
a1Zz3eyS0yE_1.mp4,train
a2YWHdD5gKk_1.mp4,train
a3ZwnyHdlGI.mp4,train
a3qDF39okh0.mp4,train
a4PC3Klb_OA_1.mp4,train
a5kEZgbaT7w.mp4,train
a6CyJGTNsG8.mp4,train
a7LNu3_mPAo.mp4,train
a7gXYwtf0aM.mp4,train
a7hNqWODhnU.mp4,train
a7kvbMiKkuQ_1.mp4,train
a8cDfDvCcxw.mp4,train
a8wk12Rfkac_1.mp4,train
a9xB9EN33FY.mp4,train
aAOnQ9s6SlM_1.mp4,train
aBFl_E3z3m0.mp4,train
aBWOTIxuGus.mp4,train
aCaG3G4PAkQ.mp4,train
aD03ngrTQoI_1.mp4,train
aECrxESTDUM_1.mp4,train
aF30g7ajjas_1.mp4,train
aF7X0ClwZVg.mp4,train
aFGQehtPlPc.mp4,train
aFOyoIR4gqw.mp4,train
aFbn0Bm9MCQ_1.mp4,train
aFelqRyZOM4.mp4,train
aGRreliJps4_1.mp4,train
aH6ce_mquBY_1.mp4,train
aHhWeircCv4.mp4,train
aHmj7r_Ts70_1.mp4,train
aI58FdiAz7Y_1.mp4,train
aIJKbhWx3So.mp4,train
aIYmSF72Yk4.mp4,train
aJI0l51wGGM_1.mp4,train
aJeKWqpMr7Y_2.mp4,train
aJkcfI5vUd4_1.mp4,train
aJvkIV-8Q9A.mp4,train
aKKqKv1FFrU_1.mp4,train
aK_immPV5TM.mp4,train
aLFLtt_Hy5Q_2.mp4,train
aL_AGq7MxBk_1.mp4,train
aMQeupEDGOw_1.mp4,train
aMs5U3qDEJ4_1.mp4,train
aNthcGq-FqI_1.mp4,train
aO1B2sAfigI.mp4,train
aO7Pmus6yEE.mp4,train
aOR-2KDf9pA_2.mp4,train
aQ6GM2E-3-k.mp4,train
aQEJlg8RhXQ.mp4,train
aQHSHQkL47I_1.mp4,train
aQT4jI0jMWc.mp4,train
aQpVV49PF98_1.mp4,train
aRGwbWv6law_1.mp4,train
aRMlrpN0MzU_1.mp4,train
aS2e07FE2uw.mp4,train
aSHLJIU6ZeE_1.mp4,train
aTHCIoGVi0k.mp4,train
aTbpGKnMdv8.mp4,train
aTk3A6yTmIA_2.mp4,train
aTp3Y4ABxB4.mp4,train
aVXHUzd1cW4.mp4,train
aVxK8yw7z7I.mp4,train
aW1uRjayEEQ_1.mp4,train
aW8jBRmN24M_1.mp4,train
aWlh04N3DzA_1.mp4,train
aXHoCMyVez8.mp4,train
aXX2ysgHZTA.mp4,train
aXvpcfjK7Sg.mp4,train
aYQ97trsr6k_1.mp4,train
aYbsN9GG3kY_1.mp4,train
aYjNOmE73zE.mp4,train
aYpR1Gsa0_U.mp4,train
a_5rkFrzauo_1.mp4,train
a_yFlzuJ7oY_1.mp4,train
aawUzeSXJpU.mp4,train
abmY621VQCw_1.mp4,train
abz1iHHIktI_1.mp4,train
acdKVU7bbhw.mp4,train
ae55QOIEGEk_1.mp4,train
ae7r5dnrG34.mp4,train
aeJSYb8CmS8_2.mp4,train
aePcBtCpcPA.mp4,train
aeaHJYnML2E_1.mp4,train
afB8ioKoVh8_1.mp4,train
afZNvfwjxEA_1.mp4,train
ag8J-3yc7PE.mp4,train
ahUSb4o3pKw.mp4,train
aj736kmw3Pw_1.mp4,train
ajczOXxcx_s.mp4,train
ak5WS3_FBv8_1.mp4,train
akYhM0X2Udc_1.mp4,train
alvjMQjm1pM.mp4,train
alyadcV43G8_1.mp4,train
amB7PkF8fWQ.mp4,train
amBz3VzA608_1.mp4,train
amQEVitOUn4_1.mp4,train
amb6frWEiDU.mp4,train
amhLPtOfjgw_1.mp4,train
aodgodCQNX8.mp4,train
aoicBWQGk0Y.mp4,train
ap3r07toNRc_1.mp4,train
apPABUUQDLA_1.mp4,train
apdZVZdwz54.mp4,train
aqym4tojhqQ_1.mp4,train
araXKMU7R4g.mp4,train
at2bDwxeV3c.mp4,train
atIObXII22k.mp4,train
atyCov9u9no.mp4,train
aunVG5Ddwrc_1.mp4,train
autuHm9_jWo.mp4,train
ava3Ux-MDDE_1.mp4,train
avpSF2ZHlc0_1.mp4,train
avuibTenovU_2.mp4,train
ax5vPQQRVRE_1.mp4,train
axEFBCXFyt8_1.mp4,train
ay7OzoG5fk8.mp4,train
ay96dkDBYMs.mp4,train
azP0G1dB1KY_1.mp4,train
b-Oi5Oa5TIA.mp4,train
b0-O_EoAR7c_1.mp4,train
b00DR5Ly-Y0_1.mp4,train
b00epXFNL5U.mp4,train
b03dkzGkDV4_1.mp4,train
b0zVJUx-H0Y_1.mp4,train
b1kVeCRjm1M.mp4,train
b23vl51AH4U.mp4,train
b2hjMDOnYnw_1.mp4,train
b4ki5taIk0s_1.mp4,train
b4ywpRBTw4o.mp4,train
b5R9Ubu8bw4.mp4,train
b5pF8YU_ILs.mp4,train
b67oA7lAXi0_2.mp4,train
b6mge7fT8p4_1.mp4,train
b7EQniqN7rs_1.mp4,train
b7U7TWlmbOs_1.mp4,train
b7Y145D3Gi4_1.mp4,train
b8BlqEQCtiY_2.mp4,train
b8ZOlo8oXbQ_2.mp4,train
b8z6CTJw-TI.mp4,train
b9Ad8smAqhs.mp4,train
b9W1y77hDSc.mp4,train
b9_2HxUsi0s.mp4,train
bA7mLrTdy60.mp4,train
bBzWwcYyMK8_2.mp4,train
bC7wNuiLgHI_1.mp4,train
bC9ZZ5izJPk.mp4,train
bCXEgYMuyQU_1.mp4,train
bCm6R9JGBvA_1.mp4,train
bD4GIT0wuRE_1.mp4,train
bDA6y9S2bb4.mp4,train
bDOUOr8c5EM_1.mp4,train
bEe0Ch0biSU_2.mp4,train
bEgGF4YuHm0.mp4,train
bEmiFY64B3c_2.mp4,train
bFEz8r3xfMI.mp4,train
bF_5-TAoxTo.mp4,train
bGGgKRLRngQ.mp4,train
bGRAQ9ORnm0.mp4,train
bGzdNLa1O9o.mp4,train
bH3KEeVn-rU_1.mp4,train
bI019MZru3U.mp4,train
bIha_uKKc-U.mp4,train
bJ1Nsi71fnE_2.mp4,train
bJiwFIbDGRQ_1.mp4,train
bK2UmfKfoPw_1.mp4,train
bKliVu0i0SI.mp4,train
bL8PcxnwN74.mp4,train
bMY7k6ug38E.mp4,train
bMZuO_mR3e4_1.mp4,train
bNPBUXiWYYI.mp4,train
bNwhA4fMWCI.mp4,train
bOqgzRbAuqg_1.mp4,train
bP0ibVNj7TU.mp4,train
bR89wUFYe8I_1.mp4,train
bRAauK4qEf0_1.mp4,train
bRG0I-FNuII_1.mp4,train
bRT1xm32nIA.mp4,train
bS8Bh2t9PSA.mp4,train
bTfZoLcLD1s.mp4,train
bUybAkPWQH0_2.mp4,train
bWRmIDKlKo0_1.mp4,train
bYZKoGWvfyM_1.mp4,train
bYyLAeq4yNY_2.mp4,train
bZLyr43R2t4_1.mp4,train
bZnTQsP8FCY_1.mp4,train
b_TvDsf97GY.mp4,train
b_cuB9Hjx34.mp4,train
bacheB1uzFE.mp4,train
baqITtRxH5U_1.mp4,train
bbWDUkaUXLE.mp4,train
bbWGXTXiw4k.mp4,train
bdn3KzMo_rM_2.mp4,train
bdoKiu3zEjs_2.mp4,train
benrZFXwf4g_1.mp4,train
bewlQQs7I0k_2.mp4,train
bfWmhebPLIs_1.mp4,train
bfc3A5WT7O0.mp4,train
bgNFqlUDCMw_1.mp4,train
bgwSjzhyPs8.mp4,train
bh3kxVL3EWA.mp4,train
bhMRCTyJyNI_1.mp4,train
bhPu5UgetR8.mp4,train
bhY9tXL3Z0w_1.mp4,train
bhpHRwqACLY.mp4,train
bi4xQMdEcVo_1.mp4,train
biAm9EJuH8w_2.mp4,train
biSlYwhDtc4.mp4,train
bjJtF35pjhI.mp4,train
bkJI2VTpAwA.mp4,train
bmMd8l2xZaE.mp4,train
bmQ6EhxdBuw_1.mp4,train
bmnbIMDM4MY_1.mp4,train
boWOpxe2CRY.mp4,train
bouFPfGo6UI.mp4,train
bp32ckPVj6s_1.mp4,train
bp9mzPexxVY.mp4,train
bpK_n3OqDDw.mp4,train
bq0BIQJzsbY_2.mp4,train
bq2QpJpjWUs.mp4,train
bqTLB7fccW8_1.mp4,train
bqZZkH8aoC8_1.mp4,train
bsDAoxpr8Sc_1.mp4,train
buBZGkwchow.mp4,train
bubXTcY0A2E_2.mp4,train
bv9giU_G_Mc.mp4,train
bvRVxOWJdMw_1.mp4,train
bwM7NUs3TFc_1.mp4,train
bwrBPuatbGQ_1.mp4,train
bxQU88YWOhg.mp4,train
by5LPvJU5OY_1.mp4,train
bz6nldNgnjU.mp4,train
bz7Stt4IzGc.mp4,train
c-5Km1sqJOA_1.mp4,train
c-A3wFtFlEM_1.mp4,train
c-iylYqUcUw.mp4,train
c-n55nBWOIc_1.mp4,train
c02rBJWw1fo.mp4,train
c05vX2BcjUs_2.mp4,train
c0Mr2g3NjFE_1.mp4,train
c0YAVT3cqwI_1.mp4,train
c26UiFPMTcw.mp4,train
c3ekz0r_Xwg_1.mp4,train
c3l-zz-FQ9I_1.mp4,train
c4HojUA2FGE.mp4,train
c4Nn0I-C4gY.mp4,train
c4_wAHzGCiw.mp4,train
c5txohM_Pv8.mp4,train
c6-NB5Yrrdo.mp4,train
c6lgZeRgbuM_1.mp4,train
c7P3OaUt-LA.mp4,train
c8QdJkQk-S4.mp4,train
c8cBnLAFa40.mp4,train
c8vOZMKsBC8_2.mp4,train
c9D91JO8O0w.mp4,train
c9Kcl0vkQh4.mp4,train
c9hrMSMJFgw.mp4,train
cA1B3PFfvjM_1.mp4,train
cApvRkBL8e0.mp4,train
cBtN1DlLXAs.mp4,train
cC0E_KK9FBs_1.mp4,train
cDV-k7lXo7w.mp4,train
cEclg4wFkQY.mp4,train
cFdYCBpZGEw_1.mp4,train
cGIpxkvYfys.mp4,train
cHTrAwUZtNY.mp4,train
cHzy7fieqXU_1.mp4,train
cIPxnJAUd74.mp4,train
cItWv5VCy8w_1.mp4,train
cIyDQeSqcnk.mp4,train
cKTC0499dBc.mp4,train
cKkCZ_GYpkk.mp4,train
cMIJrgJVkzc_1.mp4,train
cM_xDZOtPsc.mp4,train
cMm2cWGKt6Q.mp4,train
cN4cdQ7Uvhw_1.mp4,train
cNL6z2IayOU.mp4,train
cPSQyj-JTpM.mp4,train
cPtb9OMfZ0w.mp4,train
cPzYNzLFQo0_1.mp4,train
cSyNdG5W6i0_2.mp4,train
cTLsY2Pa848_1.mp4,train
cW1M5CUdCmk.mp4,train
cW1Vl1AqGzI.mp4,train
cWsTOcbwNJg_1.mp4,train
cXKAkxMNEYI.mp4,train
cXX9Fqj1fuE.mp4,train
cZ4RwsITk3c_2.mp4,train
cZBoXXZqXT0_2.mp4,train
c_CVbagPDA8_1.mp4,train
c_N193NzE94_1.mp4,train
c_i7AAEhy3E_1.mp4,train
caIqDNu--II.mp4,train
cclXS3qW2bI.mp4,train
cdg2loc35vs.mp4,train
cfAXWBaT88Y_1.mp4,train
cfPvMQAbTy8.mp4,train
cfZzelNoOtA.mp4,train
cfiEadKO-jY.mp4,train
cg4E83GKGJk_1.mp4,train
cg9Qwgaezdg.mp4,train
chPdC6gwibQ.mp4,train
ciBV8fax0EQ_1.mp4,train
cigrNp7NbVY.mp4,train
cj4nM0IFGYQ.mp4,train
cj56UIvObV8.mp4,train
cjb9U7rI-pk.mp4,train
cjlXzFSoIco_1.mp4,train
ckDEZnw3PHE_1.mp4,train
clwF6d-MIBw_2.mp4,train
clxS63kY4zs_1.mp4,train
cmFVOsYv2Nk.mp4,train
cpbTXmt7XwA_1.mp4,train
cqpttv1IB28_1.mp4,train
crOKuw1QwVk.mp4,train
cuouiP_uipw_1.mp4,train
cuv95axJkJg.mp4,train
cvBDFoHc-SI_1.mp4,train
cwDDoB4ZOZY.mp4,train
cwDfYuPi02Y_1.mp4,train
cwEfR3ySdZg.mp4,train
cxqz0EbY4yE.mp4,train
cycfuVbrlOQ_1.mp4,train
cyyBiFbtefI.mp4,train
cyz7f5C8VWc_1.mp4,train
czE3uNUVUKA.mp4,train
czmizKva6TQ_1.mp4,train
d0SGtxOqFpU.mp4,train
d3Mz6l_VYic_1.mp4,train
d3i2EjGoA2k_1.mp4,train
d3tDqVfbgCg_1.mp4,train
d4nkMcBvUZM_1.mp4,train
d4zWp5T3P-w.mp4,train
d5SWvjzXUbs_1.mp4,train
d5SYjSyZLZI.mp4,train
d5gBuuQWncc_1.mp4,train
d73jrF3Tevc_1.mp4,train
d9LDsGqPpXA_2.mp4,train
d9MAodEjHsc.mp4,train
d9fEfBJmy0Y_1.mp4,train
d9qLL38zaZ0.mp4,train
d9s1JfE1Rv0.mp4,train
dAFLzjA5FtQ_1.mp4,train
dBQHt6OHvi8_1.mp4,train
dCvX2SjAybM.mp4,train
dDJCclqr7jo.mp4,train
dELRdOxwEQY_1.mp4,train
dFNIhuujLGo.mp4,train
dFstSkKTdJs_2.mp4,train
dGP1h8tXPGY.mp4,train
dGUBX9_VN7U_1.mp4,train
dGg9jffJ8us.mp4,train
dIH705Z6Wkk.mp4,train
dJtS0RP9YyM_1.mp4,train
dNSKKwUJdGI_1.mp4,train
dNZ0oK9jvZs.mp4,train
dNrwv9tT8qY_2.mp4,train
dOPSYCZ4mfU.mp4,train
dOZOALFxyNw_1.mp4,train
dOdFMkRCpWI.mp4,train
dPSB-HxRET4.mp4,train
dPnP2JZGAks_1.mp4,train
dQ30qulPHvE_2.mp4,train
dQABEhftkDY.mp4,train
dQMbnTMaARA.mp4,train
dQd7vQzxfJE.mp4,train
dQs0quEuTls.mp4,train
dRZkuKTLcis.mp4,train
dRhS2U_Bl5w_1.mp4,train
dSF64aB7oIs.mp4,train
dSGNGtAprtE_1.mp4,train
dT4Y_R7jVIE_1.mp4,train
dT9dCqGuDCE.mp4,train
dTjzMwNtA1o_1.mp4,train
dVHZX2-cexY.mp4,train
dWGCRKIqUb0.mp4,train
dWeSkZ2K4TA.mp4,train
dXn51-btduM_1.mp4,train
dY77Eo9bfNg_2.mp4,train
dZLD3z1uC54_2.mp4,train
d_-8DagcQRQ.mp4,train
d_0HZMA0Ml0.mp4,train
d_GdVQe7Jrk_1.mp4,train
daRWg-gnW7M.mp4,train
ddPCGaifqHg_1.mp4,train
ddUcwkYlh5E.mp4,train
ddanfdSlKGA_1.mp4,train
ddpIUqF0dEg.mp4,train
dduOBzdGYug.mp4,train
deXIYwtAoUw.mp4,train
df3ewqju9L8.mp4,train
dfF51UQf_AM.mp4,train
dgpwdJ7NHJQ_1.mp4,train
dguva7pmiNk_1.mp4,train
dhPr_hzP8oM.mp4,train
dhYooos0RiE.mp4,train
dhy4BOXYtEs_2.mp4,train
diGBpMN_-WM.mp4,train
diWGuc9GzL8.mp4,train
ditvJHcM784_1.mp4,train
djeFrqW7rPE_1.mp4,train
dk9QGWXU2kY_2.mp4,train
dkAI5hTKrJA.mp4,train
dkEWduuC67E_1.mp4,train
dkwDWRmVwUc.mp4,train
dl6mqYVOS18_1.mp4,train
dllJRt0_AGQ.mp4,train
dm6hv7A_XGI.mp4,train
dmDV7FGfc0E_2.mp4,train
dmspcOTLMP8_1.mp4,train
dnZlTBG5Taw.mp4,train
dnl45S16tjs.mp4,train
doW1fga72Kk.mp4,train
doWXendPFc0.mp4,train
dp8CmTJwz6g_1.mp4,train
dq2YpgXqCn8.mp4,train
dqD5vrJHfQM.mp4,train
dqZy_QkKqNM.mp4,train
drY08LJIVLw_1.mp4,train
ds5AgTizcgg.mp4,train
ds5lPKnltQc.mp4,train
dtlqOoeeqDU_1.mp4,train
du_72ySABJM.mp4,train
dwuDZ2R6yV0_1.mp4,train
dxPUI_h_LAk.mp4,train
dxoUqsSHx4E.mp4,train
dxvGVA3-j9k.mp4,train
dzKpkPSr6Ko_1.mp4,train
e-oFpEWqbFI.mp4,train
e07tkwowhvQ.mp4,train
e0RfjsPH0yU_1.mp4,train
e0SfMAxA-jo.mp4,train
e0VLtZBWLHY_1.mp4,train
e0WS9OgJpFs_1.mp4,train
e0d5YxnIU3Y_1.mp4,train
e1GC3zNkWpQ_1.mp4,train
e2OKcVZ-_eA_2.mp4,train
e3GI7PCF70Y_1.mp4,train
e3c5fUAhX2Y.mp4,train
e4C5ez28e1w_1.mp4,train
e4iQ8x7UgQo_1.mp4,train
e4lux9dnPcw_1.mp4,train
e4rgP9qVQlo_1.mp4,train
e6Mi_ArdxVo.mp4,train
e6oOrAWzRak_1.mp4,train
e7FqJXEP2h0_1.mp4,train
e7GHpJSlm1U_2.mp4,train
e7LFVgiUCr8.mp4,train
e7lQ3oflGyw_1.mp4,train
e86DlT0gzqI_1.mp4,train
e8r0Tt42W7Q.mp4,train
e9pXePHQJnM_2.mp4,train
eAFoZUaOwac.mp4,train
eB-n9xBA7Uk_1.mp4,train
eB9zCNo5R88_1.mp4,train
eBiQCRMwX1A.mp4,train
eBn_I264LVs.mp4,train
eCHra4gvq2A.mp4,train
eD1Hy4MJuRw_1.mp4,train
eDr6D34kmcU.mp4,train
eELQUxt6rUE_1.mp4,train
eEoggrLYiEs_2.mp4,train
eFb4OLllu9I_1.mp4,train
eGXitOKnND8.mp4,train
eGo9ontddG8_1.mp4,train
eH7rPf10P-w.mp4,train
eH_v5Kwbkx8_2.mp4,train
eI4NQgjp5l0.mp4,train
eIMEevvmmoE_2.mp4,train
eIzOqdVJ2F8_1.mp4,train
eJ5kLxC1ViY.mp4,train
eJ8Brka8TKw.mp4,train
eJ8fFy6Litw.mp4,train
eKESeb6rZGw.mp4,train
eKHR8uZXbHE.mp4,train
eKQhdwlBO_U_1.mp4,train
eKfjQx-16GU.mp4,train
eKlUw_m_ijA_1.mp4,train
eNA2jaQ3PgU.mp4,train
eNAP3Ae71MY.mp4,train
eNbHxuaMpAw_1.mp4,train
eNwMbD5wsow_1.mp4,train
eO-TvyY-J_o.mp4,train
ePBmpfIy7-c_1.mp4,train
eQ5_2D_y2CM_1.mp4,train
eRceNyZCsU4.mp4,train
eRpqfK08yI4_2.mp4,train
eRr2PaNsu9U.mp4,train
eSD8MwwgEhw_1.mp4,train
eSFyfkFVTIU.mp4,train
eTKkv1WCs0Y_1.mp4,train
eU8dCYk_41Y_1.mp4,train
eU9MyI-p_pA.mp4,train
eUB3bcNRzU8.mp4,train
eU_A9agtfeo_1.mp4,train
eWPCSqa31HI_1.mp4,train
eWbekocb_go.mp4,train
eYDkqbfQD7E_1.mp4,train
eYe_qYNO81o.mp4,train
eZ1NWsWssI0.mp4,train
eZ3vcetOBEE_2.mp4,train
eZg439hkK5I_1.mp4,train
e_2UcnQtmng_1.mp4,train
e_i6YwNoSUY.mp4,train
ea8VG_U1OM4.mp4,train
edkUTr95raw.mp4,train
eeMbTJ1Jyl4.mp4,train
eeVBDqHOrEQ_1.mp4,train
eh1UqHy5R8Y_1.mp4,train
eh4PJUNc3GQ_2.mp4,train
eheMtSsA-ww.mp4,train
ei3OdPKC1-4.mp4,train
eiJTiYxjgHk_1.mp4,train
eihGwOuNl1E.mp4,train
ejX8KhT7JRY.mp4,train
ekGqhBY4SZE.mp4,train
emLsUwqTcMU.mp4,train
en2QnH6V6t0.mp4,train
en7qAq3Vc1c.mp4,train
enZ-JZqbhk8_2.mp4,train
eo4vVNZ8vk4_2.mp4,train
eoAWbfQWN7Q_1.mp4,train
eoIofO9ALwg_1.mp4,train
eoYHSxd5nWY.mp4,train
epwPALMP-X8.mp4,train
eq2GVYo6G_g.mp4,train
es0vjVM5AFY_1.mp4,train
eseyrC-e-s8.mp4,train
esjHmLoXTKQ_1.mp4,train
etCT8acNlAk_1.mp4,train
etpYZfoTkBE_1.mp4,train
eu6jtNK_qfI_1.mp4,train
evEAhw7lHBI.mp4,train
evfYXabdfZQ_1.mp4,train
evjthp31SBc_1.mp4,train
ewHq-NjArVY.mp4,train
ewTBgnZ0sDk_1.mp4,train
exZSpHQ5Zhg_1.mp4,train
eyzf4IkhbxE.mp4,train
ezlHYwdmu_c_2.mp4,train
ezucq9E_nvs.mp4,train
f--3Qilcxvs.mp4,train
f-buhqEDiZ0.mp4,train
f-uyGiFPPTo.mp4,train
f0-kfiwqKL4_1.mp4,train
f0EqkYZvyIQ.mp4,train
f0lX1hYxleg.mp4,train
f0qHlVNwotw_1.mp4,train
f0vvft8hF_c_1.mp4,train
f1U4dYb9r0A.mp4,train
f2KRTlDrsI0_1.mp4,train
f2RCrBoqFVw.mp4,train
f4i8gexc2N4_1.mp4,train
f5uvvlfPawU.mp4,train
f64zpSopa3E.mp4,train
f6ncKQ2HlJs.mp4,train
f7KtY9x961I.mp4,train
f7XWdoOSSNw_1.mp4,train
f8BAnw57PFY.mp4,train
f8TsAfMDsVU_1.mp4,train
f9rCwRfIxKw.mp4,train
fAa6GQuNoYM_1.mp4,train
fAbE9RGaHr0.mp4,train
fAjax7qngzk.mp4,train
fAujasBRvD4.mp4,train
fB1PbgyU880.mp4,train
fB6rpU-9SSU.mp4,train
fBaO_PkHBdw.mp4,train
fBzuEo6DNDc.mp4,train
fC-PT3F6GFo.mp4,train
fCC3_lRJ2es_1.mp4,train
fCJA3uu02WA.mp4,train
fCd20l7-3Mo.mp4,train
fCfnAjFQ8k4.mp4,train
fCt-Gci84f8_1.mp4,train
fDYfrgAPig8_1.mp4,train
fEfVaSRjWY4.mp4,train
fEpU1eisCoc_1.mp4,train
fFrKd1qI9ZM.mp4,train
fGtUUD9Hyvc_1.mp4,train
fHWXXTb9FLc_1.mp4,train
fI7cp68IaQU.mp4,train
fKwQPZnzJCg.mp4,train
fLNCrNgXMuU.mp4,train
fQBJzNtf6rU_1.mp4,train
fQcXVe8_ZLw.mp4,train
fR8uxOsE2Nw.mp4,train
fS8tS7dCIhA_1.mp4,train
fT5IRf73MYo_1.mp4,train
fU3FLT8aa_A.mp4,train
fUfGwnc4Hmo.mp4,train
fVKjue-fAkk.mp4,train
fZsaGLA9Z3s_1.mp4,train
fauftUvYPls.mp4,train
fb4zZYQWRUI.mp4,train
fbjvZ8VrmUg_1.mp4,train
fcSg4Zg7lbE_1.mp4,train
fccxaqUbuXU_1.mp4,train
fcuSg0jzcwI_1.mp4,train
fe3uPTqXfxQ.mp4,train
ffJgebjRuvo.mp4,train
fggt2fOzJsk_1.mp4,train
fh41xuYjbco_1.mp4,train
fhURcNQNqgo.mp4,train
fiTyNgucpYM.mp4,train
fjD41-Frk_k_1.mp4,train
fjiQoursQB8.mp4,train
fkLpcQzVV20_2.mp4,train
fkbNA8acuv4.mp4,train
fmW1matLfhk.mp4,train
fmWmAAtfkBU.mp4,train
fnOThtPRhVM.mp4,train
frOqpGZrIH8_1.mp4,train
fs99SCAQCxU_1.mp4,train
fsA2L4hL5Cc_1.mp4,train
fvn1QE0yfPE.mp4,train
fvpPTKgvPJY.mp4,train
fwjl-PITW-A_1.mp4,train
fx9psR2uzxs.mp4,train
fxWTlUwF1O4.mp4,train
fxaFxNiUcSA.mp4,train
fySF9xDtT40.mp4,train
g-ErxwuqzTk_1.mp4,train
g-sQif-_tqo.mp4,train
g1vbPEqLqFo_2.mp4,train
g1xpvj7Xu3A.mp4,train
g1yiti_ayE8_2.mp4,train
g358Yz5xFt0_1.mp4,train
g3I84gVyO9E.mp4,train
g3QqEJhvyYE_1.mp4,train
g3Zp-9UhexE.mp4,train
g5Dg60713kw.mp4,train
g6N1jD8-u2U.mp4,train
g6hYRF6ahSE.mp4,train
g8H6NFJ8o7w.mp4,train
g8JIlO5P5Vw.mp4,train
g8ZrP9KZGlk.mp4,train
g9AslMiIVTE_1.mp4,train
g9SpsCvyEfc_1.mp4,train
gBXLHNjB5Co_1.mp4,train
gCc-L7xN82s.mp4,train
gEGlTYbGvLI_1.mp4,train
gG-xmfo-y3A.mp4,train
gHKbG1LDbDU.mp4,train
gIOJ8eh7GRQ_1.mp4,train
gIbD-xkQiJg_1.mp4,train
gJfBm3-gjws_1.mp4,train
gK-FT0qEvnw_2.mp4,train
gKJXWarD5LM_1.mp4,train
gKyJmtZ6JZY_2.mp4,train
gLH8E10Xex8.mp4,train
gMJuEhuQYAg.mp4,train
gMsJGGpMWJs_1.mp4,train
gNuAOCWJkZc.mp4,train
gO0DCs4VUEI_1.mp4,train
gOHt4silLhA.mp4,train
gPKQvW2CXhg.mp4,train
gQMKC4C-H80_2.mp4,train
gQ_fr_Rv8sE_1.mp4,train
gR1Kd5i82-0.mp4,train
gRI_3iZrN5U_2.mp4,train
gRvbXIwDvh4_2.mp4,train
gSTE4Bmxf4M_2.mp4,train
gSoXECyR_-s_1.mp4,train
gT_hnPLlO7k.mp4,train
gTnUL6YyXRA.mp4,train
gUOHhoQ9jRM.mp4,train
gYAOz-CJruo_1.mp4,train
gYbNVGvRcms.mp4,train
gYbT8Fh2WXA_1.mp4,train
gZeBXbzKTnY.mp4,train
g_WGhzxUi4E_1.mp4,train
ga-B-UhiVNo.mp4,train
ga47ieQeEpg_1.mp4,train
gbD4G_rYL6E.mp4,train
gcvA1iHN8RU.mp4,train
gdk1_A6_e80_1.mp4,train
geAcMUXIAv8.mp4,train
geLlRLZnNhQ.mp4,train
geZegwhqVSE_1.mp4,train
gfDGWjaDaTk.mp4,train
gfTQT5gzASQ_1.mp4,train
gfg0aOxyM_Q_1.mp4,train
gfgQWafpuLo_1.mp4,train
gfmk3_98I9E_1.mp4,train
ggeNzh5at2g_1.mp4,train
ggvZdTOIuDI_2.mp4,train
ghyJZVAibyA.mp4,train
ghyz0Xiumg0_1.mp4,train
giANZjR3m2c_1.mp4,train
gjPP4lI0HM0.mp4,train
gjpsKc4rYEM.mp4,train
gjqfGxN2SxE.mp4,train
glwqA5VEbBs_1.mp4,train
gmtBcUWzdwE.mp4,train
gnQLgdWLk0c.mp4,train
go4BoZ5lX1s.mp4,train
gp87To3L1DY_1.mp4,train
guKx7gevhGo.mp4,train
guOIIr835FE.mp4,train
guhzTYs8TN8_2.mp4,train
gvEzY4sw5Z0_1.mp4,train
gvFkCJni120.mp4,train
gvz1mZnNRJw.mp4,train
gwK7IZYEgK8_1.mp4,train
gwhvOC8EWh8_2.mp4,train
gxFroPz8ydI_1.mp4,train
gy8DIBO3KPo_1.mp4,train
gyOoK92JltU.mp4,train
gz02l8wMzKk_1.mp4,train
gz3bQ5GGfUQ.mp4,train
gzlymlA-sW8.mp4,train
gzp_nV5PK1o_1.mp4,train
h01yeVZv5zo.mp4,train
h0IHd58MBEA.mp4,train
h0J-0nV_CoA_1.mp4,train
h1mgzeLHaMY.mp4,train
h3ZdKfu7Vws.mp4,train
h3c9_id8RWg.mp4,train
h4y0h7GDHA8.mp4,train
h5N2nXbDBm0.mp4,train
h6GYmPOMrDc_1.mp4,train
h6LSVGsUiRA.mp4,train
h6hwyEN0Jwk.mp4,train
h70xLaGjPIM.mp4,train
h7wUxp1gTSo_2.mp4,train
h8PX8tmC6D0.mp4,train
h8cX3gzzey8.mp4,train
h8yZIUn2J7o_2.mp4,train
h8zjYuaiBK8_1.mp4,train
hAPJsvuQdkI.mp4,train
hAiUOOeVyRg_1.mp4,train
hBs7tvBHjzQ_1.mp4,train
hCyqeJeKGyI.mp4,train
hD6EdyqWw0c.mp4,train
hDVU5-mq6H8_1.mp4,train
hFbU0wq1A6Y_1.mp4,train
hGE-45zVP8w_1.mp4,train
hGJ3qOLO2ek_1.mp4,train
hH2jM_bJyAc_1.mp4,train
hHLoe4rXNNk_1.mp4,train
hJ2fPuzgv_s_2.mp4,train
hKT6dEhxTAE.mp4,train
hL5w2l57g9k.mp4,train
hLzEs4ZdXg4.mp4,train
hMBo35nYkJ8_1.mp4,train
hMHTMJFYAaI_1.mp4,train
hMLtjJ2H09Y_1.mp4,train
hN6_eLx9tkU_1.mp4,train
hO9pTrkhSlA.mp4,train
hR03PpsD4O8_1.mp4,train
hR9Q-3L5tGY.mp4,train
hTe8e7lfC-M_1.mp4,train
hTjWdQrM-LY_2.mp4,train
hTxZxP5ypNk.mp4,train
hUlyxPexDU0.mp4,train
hVx3X80m2rk.mp4,train
hVzB0xxqRiQ_1.mp4,train
hWrC71CmNus_1.mp4,train
hXHLEKBaaNM.mp4,train
hXp201_ejX8.mp4,train
hYAtE5G_a9c_1.mp4,train
hZ1IkPKvjS4_1.mp4,train
hZ7K25SvzRM.mp4,train
hZGHZ9sLtlg.mp4,train
h_Ja2phijtY.mp4,train
ha9bN_xLWhU_1.mp4,train
hb8P_6PksSI.mp4,train
hd1_aU5WhjA_1.mp4,train
hdJr3U_BZ38_1.mp4,train
hdLBSjdqvIg.mp4,train
hdMpGpG4LJ4.mp4,train
hdedMoAlUx0.mp4,train
he8ICzchdmA.mp4,train
heZkGdeEaPE_1.mp4,train
hf9_mHO_dPg_1.mp4,train
hfmljrmlZ6k.mp4,train
hga2Zs6wmWw.mp4,train
hgscVnEa9Jg_1.mp4,train
hhE3F517e40.mp4,train
hhIHJjxkrt4.mp4,train
hhnc9qkIwVw.mp4,train
hi_YVOlxY8Y_1.mp4,train
hjLBNqNbuQQ_1.mp4,train
hk2A1bKpvo4_1.mp4,train
hl1aZKaSZ7I_1.mp4,train
hlRsj56XQh4.mp4,train
hlWNjgLwXUM.mp4,train
hmPvK4_rpYQ_1.mp4,train
hnIlCRz665c.mp4,train
hnwJMWsU8tg.mp4,train
hpVSyk3uJQg_1.mp4,train
hpWytkH3Oas_2.mp4,train
hpY4EHeLGz0.mp4,train
hurQiZ-f8WI.mp4,train
hvNcv6oLpaY.mp4,train
hx3Ig7Z6Fjs.mp4,train
i-CTcAiWx8Q_1.mp4,train
i-SvPceDJYw.mp4,train
i-W0fIeF-Fs_1.mp4,train
i-W0qokTIeM.mp4,train
i-pOirIukIg_1.mp4,train
i07VeT58iLA_1.mp4,train
i089w0q0af8_1.mp4,train
i0RaT2MIuvY_1.mp4,train
i0mxg-Ww97Q_1.mp4,train
i11LzPy5OPQ.mp4,train
i1HQutvRGa4_1.mp4,train
i2Uc1LRiYbs_1.mp4,train
i4SXWG5euBE_1.mp4,train
i4SoQNXcpik_2.mp4,train
i4YK5ssItV4.mp4,train
i4i1dYe1hDE_1.mp4,train
i4rgDyw5mc8.mp4,train
i51r2vobqyY.mp4,train
i5D0tObXY54_2.mp4,train
i5FfdjLi5IQ.mp4,train
i5dtwGBooaI_1.mp4,train
i6snKEGzUUo.mp4,train
i81W1xO6sBc_1.mp4,train
i98p9BicOgI_1.mp4,train
i9_iDJ7f6oU_1.mp4,train
iAKpmP9dGuw.mp4,train
iASooj0B1tY.mp4,train
iAflHa-dXY8_1.mp4,train
iBQVdGzJnoY_1.mp4,train
iCGVvvNuvLM.mp4,train
iChCDbeSSy8_1.mp4,train
iCxWZbtfqH4_1.mp4,train
iEN8nrcP1y8_1.mp4,train
iEoyPLi9Lys.mp4,train
iEwyPUtL9s0.mp4,train
iG5hfz3BeJE_1.mp4,train
iGDJKo1-w5k.mp4,train
iLJr7ZAPfLE.mp4,train
iLLV5LaC4e4_2.mp4,train
iLnDUh6SJSo.mp4,train
iLrSnUDmfC4.mp4,train
iNldnD33t8M_2.mp4,train
iRN0N_yzgE0_1.mp4,train
iRZbZObhJ9g_2.mp4,train
iSjUgwEuBLg_1.mp4,train
iT0YsG0QkbU.mp4,train
iTgS0k5G4HM.mp4,train
iTkwAlp7t9k_1.mp4,train
iURwZntu130_1.mp4,train
iUx2uTIIwjw_1.mp4,train
iWPV3pCRN64_1.mp4,train
iWpgiYUT23c.mp4,train
iXunNKio1wU_1.mp4,train
iZgNcu2HzzE.mp4,train
iZmhl0855b8_1.mp4,train
i_zyHcuPs6s.mp4,train
iaF0G6EmWk8_1.mp4,train
iayx3bt-0Rg.mp4,train
ibTYqJp5cJ4.mp4,train
icD4b5yxifw_1.mp4,train
icjDmpATHwE.mp4,train
icl2XFweTwc_1.mp4,train
ie88hOTzHTk.mp4,train
if-ioOMit8I.mp4,train
if8EmpcZpQo_1.mp4,train
ifC99YlyRZE_1.mp4,train
igW552_dD_o_1.mp4,train
ihytBUA_38Q_1.mp4,train
iiWPq-IKhXQ.mp4,train
iiYu_W7B91w_2.mp4,train
ijKFau9K4Rw.mp4,train
ijMeKPPK14c.mp4,train
ijZEAkDX9Tw_1.mp4,train
ijcihspmP_A_1.mp4,train
ik8ITcJ1pTQ_1.mp4,train
ikrmT6T1GbE_2.mp4,train
ilYT_sRF0UI.mp4,train
inBVDyEiUDk.mp4,train
inCpeFUzkNw.mp4,train
inPHcp6Pz8U.mp4,train
in_tDYVG__E_1.mp4,train
inqCbpEQ4LM_1.mp4,train
ioEb1Aqyq10.mp4,train
ioph9CGaf2k.mp4,train
iqPMR6iPPmU_1.mp4,train
iqlb1r9YIAc.mp4,train
ir2j5tb_Dtc.mp4,train
is0vnifQmQE.mp4,train
isrocVWrxaM.mp4,train
itp7CE5KiEQ.mp4,train
iu7j255lYQU.mp4,train
iuFcgfnMyC0_1.mp4,train
iuWCFhzXAw4_1.mp4,train
iuYObHCPlVA_1.mp4,train
iwMNKUoHKgY_1.mp4,train
iwNBFzTrAjk.mp4,train
iwb4_ty2_fY_1.mp4,train
iyN0Qrmy8F8_1.mp4,train
iyvaYVAqszM.mp4,train
izOLXRN3PMs.mp4,train
izdqbJ_kMkE.mp4,train
izjMpJOgofI.mp4,train
izuX0loa1Oc.mp4,train
j-e06h5DMW4.mp4,train
j-qHEAz6J6A.mp4,train
j0FRtPBWKaM_1.mp4,train
j0KYjVbQn2k.mp4,train
j0m4en9JPMo.mp4,train
j0xVU_Y5o2s.mp4,train
j22q83rv6hg.mp4,train
j256ZJRmdrk_1.mp4,train
j2M1Yp100ek.mp4,train
j2TJMBMK4tw_1.mp4,train
j3DMG50QBRw_1.mp4,train
j3M1eyb-Kjo_1.mp4,train
j3XAVjxZDUA_1.mp4,train
j3zfVQG0Z_o_1.mp4,train
j6JhN79aivA_1.mp4,train
j7WkWV09J6k_1.mp4,train
j8DclxLUXs4_1.mp4,train
jB1wqkujn00.mp4,train
jBmmS3Hm6ik.mp4,train
jD6niHPDzhQ_1.mp4,train
jFdwRqDDa_Q.mp4,train
jFy2xrByJhE_1.mp4,train
jGIwLZTt9ZI.mp4,train
jHjd2yzXpdU_2.mp4,train
jHyubnv9xFk.mp4,train
jI62F9LgRlI.mp4,train
jIc74bWBwpw_1.mp4,train
jJe3JfQi_Js.mp4,train
jKOcleZ9e5Y.mp4,train
jKRoVBBlVDc_1.mp4,train
jKUC0tUYcIM.mp4,train
jKw2bzJc-NY_2.mp4,train
jLV6SCP_7tA.mp4,train
jLr6GA-anhg.mp4,train
jMT-IXiUqYU.mp4,train
jMWvOjMUjYk_1.mp4,train
jNkdn-cMgAw_1.mp4,train
jNqoK6dGDe4_1.mp4,train
jO4x18b1bfA.mp4,train
jOZclErOnvc_1.mp4,train
jR_zotBN7O0_1.mp4,train
jTBahbE4_OY.mp4,train
jTC_PIGT7yU_1.mp4,train
jTQgtnpAMII_1.mp4,train
jTfsjVTVmKg_1.mp4,train
jTiYeNeaS-s.mp4,train
jU4EzkHyLHA_1.mp4,train
jVWOCjBjwfo_2.mp4,train
jXFwSjb4-KU.mp4,train
jXIz2WBz-V8.mp4,train
jY2sv02MLIs_1.mp4,train
jYxKWo87YZg_1.mp4,train
jZ46cqBrg3s.mp4,train
jZ4oX1mcxCs_1.mp4,train
jZgU5rsfZ4c.mp4,train
jZrzxlOJBSQ.mp4,train
j_aqqdcJKls_1.mp4,train
jaGiqrGr1y0_1.mp4,train
japf1wZMgiQ.mp4,train
jax7fVU9f8E.mp4,train
jb7aGNEBsvE_1.mp4,train
jbQ45t-svIc_1.mp4,train
jbWFtVsidmE_1.mp4,train
jbybGuk6DA8.mp4,train
jc2G1aW5DQU.mp4,train
jcvnsL69MMo.mp4,train
jd2L93yHNIg_2.mp4,train
jd3nIcR1SAk_1.mp4,train
jfjL9Too_gA.mp4,train
jfqgCBnOy3Y_2.mp4,train
jhJGHoYO_T4.mp4,train
jhh83Fo3Hp8_1.mp4,train
ji3I5Iw0e3Q_1.mp4,train
jiGFdH-Yz4E_1.mp4,train
jiOH72jjdnE_1.mp4,train
jk-q6T9ioJw.mp4,train
jk4ehSo6dXQ_1.mp4,train
jkEN0PmkrDE_1.mp4,train
jkSBzJW8eFI_1.mp4,train
jltBhjuviLI_1.mp4,train
jml-E067HJc_2.mp4,train
jn-vHteHdA0.mp4,train
jnDhq0g0meA.mp4,train
joYn4YE3jFg_2.mp4,train
jp3iGdpZyO4_1.mp4,train
jp_IEErEgzQ.mp4,train
jrpS8BdYE2g_1.mp4,train
jrqzCgrsKbo.mp4,train
jrxgxM0Pj7g.mp4,train
jsM5s7HUAhQ.mp4,train
jsuUHXDlVa0_1.mp4,train
jtZUN6jTcUc_1.mp4,train
jthDJHPun0I_1.mp4,train
juL9VaVeWPs.mp4,train
jvJvFTBSXuw.mp4,train
jvTF5BY3UI4.mp4,train
jvqLDP06WII.mp4,train
jwGZ64BB2pg.mp4,train
jwjeDemhdv4.mp4,train
jwxh6Lo8GrI_2.mp4,train
jxApN53iXO0.mp4,train
jyg5sxHBh88_1.mp4,train
jzoSaQe5fdU.mp4,train
k-7zsj7-VLg.mp4,train
k-8lCTgAjGU.mp4,train
k-WaxvAgxrU.mp4,train
k-cDnMe7pp8_1.mp4,train
k0jZGXF0xNY_2.mp4,train
k0oU46NwtCQ_1.mp4,train
k0pUR0HlaNw.mp4,train
k1DohVb9Ck0.mp4,train
k3gjXKD3_XU.mp4,train
k4TV4QwuYNc.mp4,train
k4UEchc9VnM_2.mp4,train
k5dRhEhUEQ0.mp4,train
k6lRQrt3WKo_1.mp4,train
k8Gk1M_pWlk.mp4,train
k8MRVadUMt4_1.mp4,train
k8gt1UnMkR4_1.mp4,train
k96ZQYGYriA.mp4,train
k9C_uq11Ja0.mp4,train
k9oluMAfSqg_2.mp4,train
kA7ozrVfQjM_2.mp4,train
kA8JbsFi4dI.mp4,train
kBGA6N3xhBo_1.mp4,train
kBaDVYUWeoc.mp4,train
kBahUhpt6H0_1.mp4,train
kCPRwLk0iDk_1.mp4,train
kCUX4h_p3J0_1.mp4,train
kCcBWqGQAJk_1.mp4,train
kGNjIYbroko_1.mp4,train
kGa7Bq3pYqQ.mp4,train
kGacw2buj-A.mp4,train
kHGkRSDn6q8.mp4,train
kKCEuKZ3lV0.mp4,train
kKlexawuuCQ_1.mp4,train
kKwNheqJZ9M_1.mp4,train
kKwahC0ZvJM.mp4,train
kLSAkQXXOVs_1.mp4,train
kMebuYjYjHA_1.mp4,train
kN26O2zO-cQ_1.mp4,train
kNozCUWm_iA_2.mp4,train
kO5NaIjjtn0.mp4,train
kOGEagUa-XA_1.mp4,train
kPF8HIor4D0_1.mp4,train
kSNvIZi2cpg_1.mp4,train
kSPgPYgFMfc.mp4,train
kSbesZjIkmo.mp4,train
kU3ISrjeygE.mp4,train
kV7Oo7D26Gw.mp4,train
kVWLNRW6HTw_1.mp4,train
kWHNVZbueII_1.mp4,train
kX2zG8GYM_k_1.mp4,train
kXSOWHHAteo.mp4,train
kXVms85vYqo_1.mp4,train
kYDVQir2UDk_2.mp4,train
kYNeJvZntNM_1.mp4,train
kYO_FhDcRXE_1.mp4,train
kYSK3akxd7s.mp4,train
kYgE3-7DngE_1.mp4,train
kYwtY_FCM1c.mp4,train
kZ6gCAbcJOA_1.mp4,train
kZneFf1ONo8.mp4,train
kZnl4XgNVgU.mp4,train
k_cERknXVoc_1.mp4,train
k_yOFdGbgeg.mp4,train
kadMX531Q2A.mp4,train
kcHPJA0kPtg.mp4,train
kdMxj-h-rRs.mp4,train
ke1DcSSwifs.mp4,train
keuFgJr0Bbc_1.mp4,train
kfSr1QvbHZA_1.mp4,train
kfb__18uzpw.mp4,train
kglFBS70qFM_2.mp4,train
kgvFkAx0xbE.mp4,train
khitZin7NWE_1.mp4,train
ki-uVp9OioM_1.mp4,train
kionVevx1ns.mp4,train
kjF2AUzUKO0.mp4,train
kjbYH9I5O4U.mp4,train
kl6t309RsBY.mp4,train
kmxkFZgrfuY.mp4,train
knDXwoLESEc.mp4,train
kncWaeUb5Ps.mp4,train
knmmNX9unM0_1.mp4,train
ko_3tCyv_Dg.mp4,train
kol8vlW0KxE_1.mp4,train
kpVwMOWsclA_1.mp4,train
kqBV5yAFq-A_1.mp4,train
kqc7eglNJvE.mp4,train
kqm4fF_sp4M.mp4,train
krcq0GUvMNQ_1.mp4,train
krnKXV-ct3Q.mp4,train
ktkkqkosNMY_1.mp4,train
kur_a7Q3Abg_1.mp4,train
kusWSSN4xjI.mp4,train
kv9Mw_tuoF0.mp4,train
kvm9DLxYlGo_1.mp4,train
kvs0joxjS98.mp4,train
kwphB-3eDMU.mp4,train
kxpgbuVTGlE.mp4,train
kyMdUjCgk_k.mp4,train
kzVZwbq6m2Y_1.mp4,train
l0DbNgp0b38_1.mp4,train
l0XFIBGJR_g_1.mp4,train
l19j_Mrajdc_1.mp4,train
l1xyWyTDKy4_1.mp4,train
l2aqBT_Vbyw.mp4,train
l3EHKw-sUDY_1.mp4,train
l3VvC6z1I4U_1.mp4,train
l3fZdrppyaI.mp4,train
l3rjbQ5M6xg_2.mp4,train
l47uS7f0ZSI_1.mp4,train
l4jwOKcXm4I.mp4,train
l4sZF-4-a3A.mp4,train
l55s_LMAces_1.mp4,train
l59aZl_Jrto.mp4,train
l6tVKGOn5JU_1.mp4,train
l74MrarGqOk.mp4,train
l7GQ-fR-DsA.mp4,train
l7HZNntVoGw.mp4,train
l7tvPoyzWRI.mp4,train
l87H6gm74b8_2.mp4,train
l88Gk4kRlBE.mp4,train
l8Aq3ttf3lk.mp4,train
l8lwU4wIOz4.mp4,train
l97vwBQOu94_1.mp4,train
lALvNHxvGDE_1.mp4,train
lAeYniDjTo0_2.mp4,train
lBaVjlCTfNo.mp4,train
lCeMDi4ZRrk.mp4,train
lDO3r1artKs.mp4,train
lDS2BP2Sias.mp4,train
lD_M0hAktqU_1.mp4,train
lDeEBmTDzIY_1.mp4,train
lEVfZdtEMkU_1.mp4,train
lF3h9t_N8fA.mp4,train
lF9KfGNnrdU_1.mp4,train
lFY9NjDYAwg.mp4,train
lFyE0xYWW7I.mp4,train
lGjAsZhyyKc_1.mp4,train
lH6pT7nQb9A.mp4,train
lH8ozqCOz_w_1.mp4,train
lJeijKlq1Qo.mp4,train
lJsUQT5Ztv8.mp4,train
lKFWhABVO30_1.mp4,train
lL9bFfJ9t9E.mp4,train
lLd__AgPs98.mp4,train
lMQiMzxO_IU.mp4,train
lNHaEWqFnZk.mp4,train
lOvFBGpn0bQ.mp4,train
lQOdXN62MXo_1.mp4,train
lQpBuFX4L1I.mp4,train
lQyrTnOO4XE.mp4,train
lRYgVqrUDl0.mp4,train
lR_1-a9k6wM.mp4,train
lSwvLtI69Ls_1.mp4,train
lSy4VDcINoY_1.mp4,train
lTbpj1XKVWg.mp4,train
lTzvesFWOYI.mp4,train
lV1k10LuRGk.mp4,train
lW8hheG6HgY.mp4,train
lWnmHMNS06E.mp4,train
lY5wzI7a5CE.mp4,train
lYS6WVGPAWo.mp4,train
lYadClPZWkY.mp4,train
lZ0zU9cHrbM_1.mp4,train
lZFvkSf9kS8_1.mp4,train
lZi4g6ZWBro.mp4,train
lZlKIjW-0HU.mp4,train
lZnF8-wpBKg_1.mp4,train
lZt6lnBA9Gc.mp4,train
l_FTpIhhBg8.mp4,train
l_QL6DBEeFk.mp4,train
l_iVlaZg-so.mp4,train
l_q1yjr1iz8_1.mp4,train
l_yU-eg4lHM_1.mp4,train
lc1lDSduLXk_2.mp4,train
lcw-m4_hZUY_2.mp4,train
ldU7z0-dE4k_1.mp4,train
ldZ8V0CmBu4_1.mp4,train
ldoR2f3W4co.mp4,train
lg8a0VGcHKQ.mp4,train
lggh2K7490s.mp4,train
lhRSYduQK60.mp4,train
lkC12LzjKzU_1.mp4,train
lkXLuq4RHCc.mp4,train
llB8wpBo7O0_1.mp4,train
lmHzZtmO_30_1.mp4,train
lmJjVrDDXiQ.mp4,train
lnZbgS3LNog_1.mp4,train
lnjKJelSCnI_1.mp4,train
lo-tct1Ryrc.mp4,train
loVv4NlyfvQ.mp4,train
lpFt9c1GueI.mp4,train
lpwbRVY9-vY.mp4,train
lqPqubp-3IE.mp4,train
lquuC45v24M.mp4,train
lr-4dzTcjB8.mp4,train
lrvP6pB8--A_2.mp4,train
lsp2o-yBY10.mp4,train
lt-sitx_nUU_1.mp4,train
ltR5hdlEzjQ_1.mp4,train
ltVnbI_MWDg.mp4,train
lto2iIwYuOw.mp4,train
lts3gE45zV4.mp4,train
lub1H0EZwws_2.mp4,train
lxP9Dga73Rw_1.mp4,train
lypZOubhfds.mp4,train
lyx-vjcl6KA_1.mp4,train
lz2BCCFiYmQ.mp4,train
lzCeQ6VI2zU.mp4,train
lzTXlugHZCg_1.mp4,train
lzUMKuDPzls.mp4,train
m-B9NoejhTg_2.mp4,train
m-YncUJ0SpA.mp4,train
m0gLC72xKDs.mp4,train
m105B5k5IYY_1.mp4,train
m1LyTLlhmvA.mp4,train
m3AFwuIwkiQ_2.mp4,train
m40rLzSro7M_1.mp4,train
m4NUhzj-l70.mp4,train
m4UTGWK32d4.mp4,train
m4fQZijBvjo.mp4,train
m4ogvwOrsZc_1.mp4,train
m4qwdzErX5g_2.mp4,train
m5IBE8Ozm_0_1.mp4,train
m5OgF_1NIBU.mp4,train
m6Uby73Tg3s.mp4,train
m6s5zgf0gpI_2.mp4,train
m745tmPqMgI.mp4,train
m7F7GzaBG7s.mp4,train
m7q4oQRNQPQ_1.mp4,train
m7zujfKvM9Y.mp4,train
m8MBKbGzY6s_1.mp4,train
m8c-LCkr39Y.mp4,train
m95rHmULP1k_1.mp4,train
m9lpyg8UEMU.mp4,train
mDQmu9H4-e8.mp4,train
mDef1KqeBTw.mp4,train
mE9xzpyh5GM_1.mp4,train
mEKieyopxsc.mp4,train
mEhGf6FP0Jo.mp4,train
mFfYVeyQOWA_2.mp4,train
mGWaaXCKdx4_1.mp4,train
mHIxXjMGN8c_1.mp4,train
mIun6SVIyEA.mp4,train
mKT_yIIVqbA_1.mp4,train
mKjjkYe1ZSg_1.mp4,train
mKxgmzevEio.mp4,train
mL4_qchOSsM_1.mp4,train
mLANykny44w.mp4,train
mLirLDw62Dk_1.mp4,train
mNf1uFIbIfI_1.mp4,train
mOkpsL3dtYU_1.mp4,train
mP9BH-ZabQk_1.mp4,train
mPEgUoTSEoY_1.mp4,train
mPZ37Qlg4B8.mp4,train
mPyRIGEieXo_1.mp4,train
mQPmk_qj6wM_1.mp4,train
mRmOZEKXSFQ_1.mp4,train
mRodiqQBduE.mp4,train
mTuXlaWeVf8.mp4,train
mUeSvl1T5Sk.mp4,train
mUes7TvTZ0Y.mp4,train
mUhcz7RyFqI_1.mp4,train
mWBceiU6iR4_1.mp4,train
mWHH9UopPFs.mp4,train
mY5LdfQ0sjQ.mp4,train
mZ8Tmp9I2Is.mp4,train
mZPhzM2sh0E_1.mp4,train
m_jv0J-ORnQ_1.mp4,train
m_rnnhVnHZo_2.mp4,train
maf-Qj8EavI_1.mp4,train
md3sDbLwP_I.mp4,train
mdghSfzgn_w.mp4,train
mfoG6eiYkuA_1.mp4,train
mgVaDE2i02s_1.mp4,train
mh7hK_GB1yQ.mp4,train
mhO9nuyQ28I.mp4,train
migHEZ8zuh0_1.mp4,train
mikGymYxces_1.mp4,train
mjwekhNRLbY.mp4,train
mkXoxeaRCRc.mp4,train
mkgTT7rVBAQ_1.mp4,train
mkl9CmVJ2tM_1.mp4,train
mmXQw0IktO0_1.mp4,train
mn1F8ifBfE8_1.mp4,train
mn1rYKlKYt4_2.mp4,train
mnZrhrQqNQk.mp4,train
mnswyczu_t4_1.mp4,train
mpugTirtE4Q_1.mp4,train
mq9WIJ0BxY8.mp4,train
msAFTkGIkKY.mp4,train
msFZgjGHhCw_1.mp4,train
mty6yED1PpI_2.mp4,train
muFgzetIJP4.mp4,train
mw6GHL7CsJw_1.mp4,train
mwUQPlBBZgE.mp4,train
myELYk-m-cI_1.mp4,train
mySSsdvhhZI_1.mp4,train
mztpaGS8lno_1.mp4,train
n-1noAwKg1w.mp4,train
n-oYLZ4V2ZY_1.mp4,train
n0NXSLz7Skk.mp4,train
n0ixnjHqfAU.mp4,train
n162JtquPPo.mp4,train
n2XiOTb_y0E.mp4,train
n2Yyy3BkMjk.mp4,train
n4ITD16-c9Q.mp4,train
n5UUf4qS9vo.mp4,train
n7Ikc1zpm-o.mp4,train
n7sdyYH_Vss.mp4,train
n8CdU-tQIX4.mp4,train
n9F3-JF1Dug.mp4,train
nBXHnSz4pYc_1.mp4,train
nBnJhuCSZxY.mp4,train
nBp-9HnOvow_1.mp4,train
nC0-4IBpIe0_1.mp4,train
nDjjCfmeT28_1.mp4,train
nGBnt1hkNA4.mp4,train
nGYNwYqr4iM_1.mp4,train
nGiuyZ9jIds.mp4,train
nGk01dUfQo0.mp4,train
nH5V7jQYZfU_1.mp4,train
nHEWuB2F5O4_2.mp4,train
nHoSIUvNUhA.mp4,train
nIBj-sIAi3s.mp4,train
nIYd_DTmgOA.mp4,train
nIw0e8QMIko.mp4,train
nLRgpHuC0fQ_1.mp4,train
nN5836JqV6o.mp4,train
nOfYw4qFT98_1.mp4,train
nOqqumlcVYU_1.mp4,train
nPFOofWkMZc.mp4,train
nPejilWVcLU.mp4,train
nQhm9tWvaog.mp4,train
nR0rTKA9Ldo_1.mp4,train
nRHDYOP78eE.mp4,train
nReXFWHGPdg.mp4,train
nS5mLcPFpnk_1.mp4,train
nS9YfFqJct0_2.mp4,train
nSEzV5TYaZk.mp4,train
nT_QwhsDXR0.mp4,train
nU2c599HQUM_1.mp4,train
nVGUO-aBw6o.mp4,train
nWsRyI0iqEQ.mp4,train
nX8FJ8qjPuQ_1.mp4,train
nYQJc4FIONc_1.mp4,train
nYq64foD8OE_1.mp4,train
nZPix7hmbDc_1.mp4,train
nZQgs84-71M_1.mp4,train
nZXIuMlpqs8_1.mp4,train
nZp9HgnRg2Q_1.mp4,train
n_ZH6USjaMM_1.mp4,train
na-Lq61BD80_1.mp4,train
nbGClOPWFAs.mp4,train
nbGetUh9P74_1.mp4,train
nbJBh7lzl30.mp4,train
nbVI64uJFks.mp4,train
ncAPREMR3JA.mp4,train
ncRjrgTmEho_1.mp4,train
ndCTFD1P_qo.mp4,train
ndTLR5u4IKc.mp4,train
ndh4le8xfHY_1.mp4,train
ne5dJi6f9aQ.mp4,train
nejz8c9gkFE_2.mp4,train
ngk26A8JXKk.mp4,train
nhi8hvvKDe0_1.mp4,train
nhlsBwo95ms_1.mp4,train
nkox-ajvLnc.mp4,train
nmC9PhWItts.mp4,train
nnnPWu4bf60_2.mp4,train
nnpCEu2kzrs_1.mp4,train
npDGGJ0M-wc_1.mp4,train
npkVQCEbeeM_1.mp4,train
nqBsZsXrUk0_1.mp4,train
nqH15OqXPnI.mp4,train
nqN1KzFQ-nk.mp4,train
nru9lQCilqs_1.mp4,train
nsIYX21oO_M_1.mp4,train
nsmhWfsLTLc_1.mp4,train
nt0_JZPdo-Y.mp4,train
nt6YlBv1Qv0.mp4,train
ntsopMo8ABU.mp4,train
nuTB6o4EeUU_1.mp4,train
nuYcIMq8e5U.mp4,train
nur8ELm8QV4.mp4,train
nv_OhAg7zNE_1.mp4,train
nweVa6JYyYw.mp4,train
ny7-NbuyCuY.mp4,train
nyjlcCkgQVI_1.mp4,train
o-H6UeceSts.mp4,train
o-Y-aBPo_xw.mp4,train
o1HHyNHRKaw_1.mp4,train
o1T_M9vuDr8_1.mp4,train
o1TtSAj8-oc_1.mp4,train
o2drDly41iw_2.mp4,train
o34Uvfsrpy0.mp4,train
o3ThFwDDdso.mp4,train
o3UvzZTcMqY.mp4,train
o3Yqyk3bfXE.mp4,train
o4AfySvjYxo_1.mp4,train
o4GtA7kt0xc_1.mp4,train
o4zm0Ga1olU_1.mp4,train
o610N3lN8Zo.mp4,train
o68UYF2jW_o.mp4,train
o7TVosWSogI.mp4,train
o7f9Ny0BfQU.mp4,train
o81WOSZDrs4_1.mp4,train
o90151UDeTo_1.mp4,train
o95thycjZd0.mp4,train
o9vIJZ9h9dQ.mp4,train
oA3QZPn2m1k.mp4,train
oAhY6BKcbG0.mp4,train
oBQfG6EUQEM_1.mp4,train
oBlFP8OmGmI_1.mp4,train
oClte_ZOU3o.mp4,train
oCv7HT967Zc.mp4,train
oDkQtwBcNJE.mp4,train
oEb4cNh9cng.mp4,train
oH1yvkXOQ6w.mp4,train
oH5IJ53C4Nk.mp4,train
oJUjrqXkdjs.mp4,train
oK0JcoPqnuY.mp4,train
oKJinRbyd5c.mp4,train
oKZLgXGojzE_1.mp4,train
oL5-8eYbp3I.mp4,train
oLG6MTeNo2k_1.mp4,train
oLKRnSnr58c.mp4,train
oLYzn3tvSWQ_1.mp4,train
oMrL9S8VGJ0_1.mp4,train
oNLS4rBETd8.mp4,train
oNRtJ5PQ4NU.mp4,train
oNnwv2EUUOQ.mp4,train
oPV8jV_SqGM_1.mp4,train
oPedYyqevCM.mp4,train
oPypd7lSD84_1.mp4,train
oQ5MXCEEm7M_1.mp4,train
oQNOHd5JtqA.mp4,train
oQZt_Mg6WFQ.mp4,train
oQhxACPhL1k.mp4,train
oRJn3LprR4U.mp4,train
oROlXdZN6pA_1.mp4,train
oRWZCnGJmjY_1.mp4,train
oRbyb-naKkE_1.mp4,train
oRcnRJ4g8GY.mp4,train
oSG1xo9mKto.mp4,train
oSXFhrjLVAI.mp4,train
oSjumbZ6yhI.mp4,train
oUGGkzVjF3A_1.mp4,train
oUcoHPxXsbA.mp4,train
oUq6eVq85sU_1.mp4,train
oWCU9EhTFuY_2.mp4,train
oX-Mo3au4eY.mp4,train
oXDA73D5WAM.mp4,train
oY37vXA7tXk.mp4,train
oYPDwA6rGqc_1.mp4,train
oYwBPKBX2kE.mp4,train
oZ2YUZsC7hA_2.mp4,train
oZ6x75IBNj8.mp4,train
oZGsu4mt2e4_2.mp4,train
oZjgBn_Aml4_1.mp4,train
o_Dvm4U4sLo.mp4,train
o_ThmWoMwYM_2.mp4,train
oaBVfRn6GPA_1.mp4,train
ocJHUZkUA1E_2.mp4,train
odwu59KYHWk_1.mp4,train
oeH2BtfiHVI.mp4,train
ofZ6Jo2XUn8.mp4,train
ogn8OCqqQ7k.mp4,train
ogoYx2zZE7E.mp4,train
oh90rIHoAuQ_1.mp4,train
ohjswsB3XdQ.mp4,train
oizhgT9YG74.mp4,train
oj-FbF4iU5M_2.mp4,train
ojCn0dDr1m0.mp4,train
ojf8g4q0xvU_1.mp4,train
ok8DLBVJmKU_1.mp4,train
oksjclh3Z3M.mp4,train
omEpmBorZUg_1.mp4,train
omcdxRmGHMM.mp4,train
onUK6-vwi1s_1.mp4,train
onsdyXAWNqY.mp4,train
oo5qLRI1lmM_1.mp4,train
ooGQLLL-8RQ.mp4,train
opvfqSmc3TM_1.mp4,train
oqQZVkOsNh8.mp4,train
oqq2I0ePK3Y.mp4,train
osKMM2nRMaI.mp4,train
osLBI6ox7EE.mp4,train
otXF356rVzQ.mp4,train
ouQmvo795rE.mp4,train
oumchDY1yqs_1.mp4,train
ouqUEVpF0v4.mp4,train
ov-SGBORI6Y.mp4,train
p-TiL6oWEbA_1.mp4,train
p0IHOoCCGNU.mp4,train
p10Dt-78muM_1.mp4,train
p1cUjAAJGtc_1.mp4,train
p2fONcgegyM_1.mp4,train
p2tLsgPiaWw.mp4,train
p2tdvIBIU0c_1.mp4,train
p5Fbfjwa6lo_2.mp4,train
p5sMB8Y4p7A_2.mp4,train
p6Br14ZTsZI.mp4,train
p7L6g9YzTVU.mp4,train
p7oldq2vCto_1.mp4,train
p8-zJttOAKc_1.mp4,train
p8RRLvEnKIY_2.mp4,train
p8ccKTtbyaQ.mp4,train
p9SdpeHMkZ0.mp4,train
p9bBKmmXvkY.mp4,train
p9iMjaFLMsc_2.mp4,train
pAo8Zc96Tu8.mp4,train
pAtADV-ujaQ.mp4,train
pBeRmN-a5lU.mp4,train
pC0Qg1SBVs4_1.mp4,train
pCBCoT-2Bb4.mp4,train
pCOcHCIK5rc_1.mp4,train
pD08WIZUULQ_1.mp4,train
pDANep6oMko_1.mp4,train
pDoqBNI1OyY.mp4,train
pEM47kqgTEc.mp4,train
pEdQoefPlaI_1.mp4,train
pFUbKCb5m0I.mp4,train
pFhX9i2XDVY_1.mp4,train
pFvqiGdzRH4_1.mp4,train
pFwwq-q_VTk.mp4,train
pG0n_OYfyQ4_1.mp4,train
pHKwOx-oGic.mp4,train
pHgHQOTWz-U.mp4,train
pIdeeOdo8pw_1.mp4,train
pJZsB91xhWE_1.mp4,train
pJi25JN7TwU_1.mp4,train
pJpVzk9brGM.mp4,train
pKXztoHJJLg_1.mp4,train
pKb4DHICBuo.mp4,train
pMUP28lpEtI.mp4,train
pNIc3-tZCr8.mp4,train
pNiWeRZM59o.mp4,train
pOrhwbKtrns.mp4,train
pQ0xpEJDynQ_1.mp4,train
pQlSVEXVTg0_1.mp4,train
pRJFwOmmjPE.mp4,train
pTbDCcIMvpM.mp4,train
pU-6WzNOsuc.mp4,train
pUUQ1UG90rU.mp4,train
pUe8744GO0Y_1.mp4,train
pUfkesVaSYc.mp4,train
pVFFflkBVio.mp4,train
pWdhIAVSNh4_1.mp4,train
pWeJhQGITxI_1.mp4,train
pXODwFAlZUg_1.mp4,train
pYCXAIysO5Y.mp4,train
pYNE4dYeRKk_1.mp4,train
pZ3sCNXcd_8.mp4,train
p___W5DGZYM.mp4,train
p_jV4LqTBws.mp4,train
p_jiAp79UAM_1.mp4,train
pcIRZ8YeSwY.mp4,train
pcL8I0LkHiI_1.mp4,train
pcMAg0w93W0.mp4,train
pcszWYZUdr4.mp4,train
pdCmQ4U7C7c.mp4,train
ped2hI_0Lu4_1.mp4,train
pgB67M7B9RY.mp4,train
pgg0OdGUi9Q_2.mp4,train
ph86UNnfHM4_1.mp4,train
phWVA0eK_x8_1.mp4,train
pi2WpXIFSN8_1.mp4,train
pi57mKwYBNQ.mp4,train
pjwWOqfb8JQ_1.mp4,train
pkfSN1ufC0c_1.mp4,train
pl4fBwS1VKA.mp4,train
pmZTgjnADhQ.mp4,train
poWZ8sd_wfk_1.mp4,train
pobP84igDt4.mp4,train
pp-VaOe9Aek_1.mp4,train
pqdymDbWmpM_1.mp4,train
pr_5nYeLFKc_2.mp4,train
prb13TWFfLY.mp4,train
prejlBZJFWo.mp4,train
przV2cLTG_4.mp4,train
ptxxnMh-dvg.mp4,train
pu9ff2Xvfy4.mp4,train
puQHunAHML8.mp4,train
pvCPTa5YUSQ.mp4,train
pwGHjBM_o0A.mp4,train
pwh-LfRLloM_1.mp4,train
pwmFabvAS3k.mp4,train
pxDoKJd--Wk_1.mp4,train
pxP6gH5pazw.mp4,train
pxQQZrTl_S0_1.mp4,train
pxjiTt5uiQo.mp4,train
pxlwsuM4GeY_1.mp4,train
pyrA60I4x5k.mp4,train
pyuu4e4fioE_1.mp4,train
pz-WdE_67TE.mp4,train
q0FzWxQ3D8k_1.mp4,train
q0NQtFrQljs.mp4,train
q0tH9vIYWNU.mp4,train
q2wNudHNr3Q.mp4,train
q3r_Y_arWCY_1.mp4,train
q4cpBqay1qI_1.mp4,train
q5h35OmM1Zc_1.mp4,train
q6RWNvLf2kA.mp4,train
q79Rs300DoY_1.mp4,train
q8GJtbifW80_2.mp4,train
q8YYLFkGEwI_1.mp4,train
q8nqvTW4ZBE.mp4,train
q97fAwh2-aM.mp4,train
qB4HOTYT1VA.mp4,train
qBNL8tfKk_8_1.mp4,train
qBsdlxgyHU4_1.mp4,train
qCoHkpGP5CA.mp4,train
qFOJk1w7PIs_1.mp4,train
qFfaDK70Jvc.mp4,train
qGXvLJud7iE_2.mp4,train
qIEr10Hg_Hw_1.mp4,train
qIRaIAMh3Nk_1.mp4,train
qIYgR-Dvb6I_1.mp4,train
qI_HL9U9_UE.mp4,train
qJ25qL-gfX8.mp4,train
qKEIXeVwCB4_1.mp4,train
qL6nqL53Z0g.mp4,train
qLAU7iI1Cfs.mp4,train
qMD3sfogugU.mp4,train
qMDStZsjwX0.mp4,train
qMGPlkkXdek_1.mp4,train
qNUrBAQsL5s_1.mp4,train
qNWz7DPyrnU.mp4,train
qN_4AbN4yS8_1.mp4,train
qP3z3jT3ENc.mp4,train
qR9b5ntUm50.mp4,train
qRqxwR1617A.mp4,train
qSD4IBK27Zg.mp4,train
qSuPoYq-8lc.mp4,train
qTKpCqiDQZI.mp4,train
qUIXw4OObjQ_1.mp4,train
qW80XrM1yWQ.mp4,train
qWzBMXkJ-DM.mp4,train
qXPZr651bTY_1.mp4,train
qXV1KRvMA-Y.mp4,train
qYk4iw7qgmc.mp4,train
q_0AgxMXZkU_1.mp4,train
q_HxcWofEZU.mp4,train
qa59arBbolM_1.mp4,train
qbITjeyEq14.mp4,train
qbqRDmqdD3o_1.mp4,train
qfxkW7YYQTU.mp4,train
qgH8zxbIQr4_1.mp4,train
qh52MLe84Fw_1.mp4,train
qhy4d9BzMIw_1.mp4,train
qiK-4WwmTNg.mp4,train
qiTht8WDOvI_1.mp4,train
qjRRaPtsqf4.mp4,train
qjgThWSsOVk_1.mp4,train
qjlkVQxsQJg_1.mp4,train
qjnZDMjWiuk.mp4,train
qkl0Ad2_chc_1.mp4,train
qksJ3uwtD1o_1.mp4,train
qkzrIpdfelI_2.mp4,train
qlTFEkGXr7Q_1.mp4,train
qm7nogtX_GY.mp4,train
qmOaTqw3WQY.mp4,train
qnlNXXR-M7c_2.mp4,train
qoGtYKREfLY.mp4,train
qoMWB2o9jfE.mp4,train
qoU45G2WmsE.mp4,train
qouHxEWVK2w_2.mp4,train
qp4Sw-QAMD4.mp4,train
qpNvq1zrIuc.mp4,train
qpeSv7MX-z0_1.mp4,train
qpynNeUIkM4.mp4,train
qr6GWRK8STs_1.mp4,train
qrAKx_t3qYk.mp4,train
qrQAkUxy0KE_2.mp4,train
qriQ0SvqUq0.mp4,train
qrkzRim1Qc0.mp4,train
qsLUWtIB5eM_1.mp4,train
qtblK4nxVok_1.mp4,train
qtmO-0Fsjz8_1.mp4,train
qu0RevE96ac.mp4,train
qvpipwu40zk_1.mp4,train
qweRHfBQxEg.mp4,train
r-FVBdwV9VI.mp4,train
r-HB7BtP1JM_2.mp4,train
r-Og6CaFJUA.mp4,train
r15J1z-vQIM.mp4,train
r2UtCMULRmI_2.mp4,train
r2cxiOVBhpE_1.mp4,train
r2tTgaCMDWo_1.mp4,train
r3EgB2AGF3s_1.mp4,train
r3H0vo7q6qY.mp4,train
r3HsR87-sN8.mp4,train
r3MqV1WicvY_1.mp4,train
r3XLYw0EMlg_1.mp4,train
r4n7uVq_LzU.mp4,train
r4sVEIO1jZE_1.mp4,train
r5N3Xy-KNAU.mp4,train
r607N-5gkHs.mp4,train
r644w1okl48_1.mp4,train
r777eDg0fX0_1.mp4,train
r7Po-epk8iY.mp4,train
r7T0UqigDqg.mp4,train
r7VLa40tjvM.mp4,train
r8-q53AmmMg.mp4,train
r83lka7D8KM_2.mp4,train
r8ySf1Ql93Q_1.mp4,train
r99WfHTRr2A.mp4,train
r9DiSHym81k.mp4,train
r9JwYFol1EM_1.mp4,train
r9Lc4qHj-cg_1.mp4,train
r9XwyFRQsqY.mp4,train
rAUcd8-2e3Y.mp4,train
rBD74wqvKeI_1.mp4,train
rBPJARGhPNg.mp4,train
rBRJw6gUMHM_1.mp4,train
rBi-dpJFZuA.mp4,train
rC5QdAVnv0I.mp4,train
rCfYRtWfYVA.mp4,train
rD5-gbf9Gzg.mp4,train
rD5QxDhHIxw_1.mp4,train
rEBOoE50Ghw_1.mp4,train
rEtGA49vlaU.mp4,train
rFC_zjBmNw8_1.mp4,train
rFFoZPPKsC8.mp4,train
rFkWotSdjdk.mp4,train
rFlXpH9WCf8_1.mp4,train
rGn67Xxthrk_1.mp4,train
rGwK-HsdDk0_1.mp4,train
rJOGOpWkH6U_1.mp4,train
rJVe-aaYlKw_2.mp4,train
rJjNfXvVaaY_2.mp4,train
rK412FrGOxY.mp4,train
rKDZTG2rFPs.mp4,train
rKzMbfGElSE_1.mp4,train
rLgfWU1DpbY_1.mp4,train
rN9rKeJZmqI.mp4,train
rNvWUflStQQ.mp4,train
rNyD10XoXcU_2.mp4,train
rOZhirQPdr4.mp4,train
rOjimhh-dqE_1.mp4,train
rOonVQYaM-A_1.mp4,train
rP-VqYz6Lyk_1.mp4,train
rQ4mnndh8wk_1.mp4,train
rQkxqEgXEYQ.mp4,train
rRVnNmQOR-I.mp4,train
rSeg8yH3Lgg_1.mp4,train
rU5LeIE7tmM_1.mp4,train
rUXhFDo3Bv0.mp4,train
rUZD2TQcbvI.mp4,train
rVBNDX51--w.mp4,train
rVEOXcTj1NU.mp4,train
rW8bfuuzfgI.mp4,train
rWCFmpbmMPw_1.mp4,train
rWM6kOxTTIo.mp4,train
rY6VvljDcc0.mp4,train
rYwhWesDH9k_1.mp4,train
rZnNOW47uNk_1.mp4,train
r_tsg9162uc_1.mp4,train
r_xF77i3RGw.mp4,train
raF-yOcZpkk.mp4,train
rbXizQI1XOM.mp4,train
rbdcr9AQtrE_1.mp4,train
rbu6XJFG-uI.mp4,train
rbw7n0D0KGE_1.mp4,train
rc7GRaEyQHQ.mp4,train
rd2t-M0o7Ds_1.mp4,train
rdW1Snzd9cs.mp4,train
rduuYRHkDtw_2.mp4,train
rfTcUTbx4ZU.mp4,train
rgk8cmr4El4_1.mp4,train
rhbOs1NZYRM.mp4,train
ri8j2L0zG9c.mp4,train
rihHzABTIPg.mp4,train
rj0GN2scIsU.mp4,train
rjAoqYLMHrI_1.mp4,train
rjZmgbqdoRQ.mp4,train
rlMareW0lTU.mp4,train
rmgyo8yyqfo.mp4,train
rn-sFXA7utE.mp4,train
rn4NJPtL1m8.mp4,train
rnK5ck1th4Q_2.mp4,train
rpMNq0nFlUQ.mp4,train
rrgx0TM2nfc_1.mp4,train
rrjpij1UdL0.mp4,train
rrqJccrO4vo_1.mp4,train
rs7TTTwmbBo_1.mp4,train
rsDIotNeFsM_1.mp4,train
rsKBWd7j4n4_1.mp4,train
rskg3zep4Gs.mp4,train
rt9BRaQYqkg.mp4,train
ru9ZDRu566k.mp4,train
ruGnpxVL54k_1.mp4,train
ruOCbes6zaM.mp4,train
rufhjKU3UII.mp4,train
runWN1EzmEE.mp4,train
rvAlXnalbqU_1.mp4,train
rvOBl50SewA_1.mp4,train
rvZ_e5KC2Mw_1.mp4,train
rwhRNPCPp34.mp4,train
rwocxlQmNvM_1.mp4,train
rxLiUBQv4s4.mp4,train
rxS-0_0rVV4_1.mp4,train
rxzyWCTxCbg_1.mp4,train
rzVyqTff8MY_1.mp4,train
rzY50tnGKNg.mp4,train
rztToJBqL3k_1.mp4,train
s-570A5kLxo.mp4,train
s09swjiVGok.mp4,train
s0HIntkDTew_1.mp4,train
s0WQZn1xjxo_1.mp4,train
s13W7g7VnJ8_1.mp4,train
s1K-Mqzy9Bo.mp4,train
s1tq1t4LDuM.mp4,train
s3tJWRZegCw.mp4,train
s4ez79CSE58.mp4,train
s57mcqROvtA.mp4,train
s5AMrNjoP0Q.mp4,train
s5kbd2DCqpk.mp4,train
s5mQsATayMM.mp4,train
s67I8VUigAU.mp4,train
s6C3AecUXiY_1.mp4,train
s7LkPeqby9A.mp4,train
s7Rg0qiQ1Fs.mp4,train
s7U2zrpRFD0.mp4,train
s8wH4rgfn20_1.mp4,train
s91r7_fA4O4_1.mp4,train
sAQO6QDpXPM_1.mp4,train
sDKms4XnnWM.mp4,train
sDvfKoCt0nI.mp4,train
sErgS9d1UdM.mp4,train
sEu_kUiVDho_1.mp4,train
sFjn3cTFUT4.mp4,train
sFyFmt6-rc0.mp4,train
sGzaDUwWF18.mp4,train
sHXOURRWbpg_1.mp4,train
sIRKe3QdsJ8.mp4,train
sJ6Zv0fi1xM.mp4,train
sJF8p7K6dwk_2.mp4,train
sKiDLFiFALs.mp4,train
sLLQkt04ZiQ.mp4,train
sM0iALMvEmk.mp4,train
sMdon0OffjU.mp4,train
sNQ2sQ75wJ8.mp4,train
sNWCdBEIWa8_1.mp4,train
sOOzZZY-gQI.mp4,train
sORWtcK5Cl4.mp4,train
sOSo5pep4dg_1.mp4,train
sOXdM996SmA_1.mp4,train
sOfglCTtdsY_1.mp4,train
sOhE4j6NGm0_1.mp4,train
sPqivRKBiNc.mp4,train
sPzCUfCMJH4.mp4,train
sQwcW3szYW8_2.mp4,train
sSvBHFI6AOk.mp4,train
sT540WDiY_U.mp4,train
sTrWqNmE5HA.mp4,train
sUBUK2M2nAY_1.mp4,train
sUjhP9obOxY.mp4,train
sWKP1r9ykRQ.mp4,train
sXWMPF_Enus.mp4,train
sY360i7TkCA_1.mp4,train
sYoLxEMCh9E_1.mp4,train
sZ1qra1mVEU_1.mp4,train
sZKjZfzGTVg.mp4,train
sZXEa_h85YQ.mp4,train
sZYTPis34fI_1.mp4,train
sZ_d3pRaDzY.mp4,train
sZpGP0kZeqo_1.mp4,train
s_VX_84e7iM_1.mp4,train
sbcGX30IGvI.mp4,train
sblmoDlSQ7U.mp4,train
sbyKhp04Wdw_1.mp4,train
setzKjXP4MM_1.mp4,train
seuq2MSa2X0_1.mp4,train
sfB6sqRdrFY.mp4,train
sfOCOxSfs10_1.mp4,train
sfpvbKAz4Oo.mp4,train
sh5goqn8bGI.mp4,train
siXvRrMuC0s.mp4,train
sj8kYLtXNZU.mp4,train
sj9wd5B3KfQ_1.mp4,train
sjpdu42KxwI.mp4,train
sjzz-U6f2E0_1.mp4,train
sklN8_APb_s.mp4,train
sm67xCmbfNs_1.mp4,train
smJOWK8guVY_1.mp4,train
smKYyxd26GY_1.mp4,train
sn0j9u42p5Q.mp4,train
soEw9PTY8Yw_1.mp4,train
sp7GuSz7GRE.mp4,train
sq2CV6RjGtA_2.mp4,train
src6zFQawX0_1.mp4,train
su2McEzbxzg_2.mp4,train
suvKXxPyaWM_1.mp4,train
svQ3jUcN4f8.mp4,train
svQLNa2vzFI.mp4,train
sverVWEAPD8_1.mp4,train
sw0z81Ri4ps.mp4,train
sy0W-04L9Gk_1.mp4,train
syK7APT1R4w.mp4,train
syVYgoc2dUI_2.mp4,train
syXsQXIoZEI.mp4,train
syeNmftfElg.mp4,train
syi9ijwHDR0_1.mp4,train
t1ElZ8Bbzyg.mp4,train
t1XvJu6yRk8_1.mp4,train
t33d8E-JtV0_1.mp4,train
t39zwxTZXXk_1.mp4,train
t3QUjMIwyxE_1.mp4,train
t3XnfkCsUiY_1.mp4,train
t454iG2RVJg_1.mp4,train
t5uTmmYDQdI_1.mp4,train
t6HMWWJR398_1.mp4,train
t6P93AbQbjQ_1.mp4,train
t6mh1uRdQQw_1.mp4,train
t6qqXzf4tq8.mp4,train
t70Wrphzj2w_1.mp4,train
t729MGitv94.mp4,train
t7BWrIChL1Y.mp4,train
t7nY3ygqVlQ.mp4,train
t7t7Jioxeu8.mp4,train
t8sdmhD1yCc_1.mp4,train
t8z3PzQKmwg.mp4,train
t9b5K6YsBk8.mp4,train
t9pvXOgaJe8.mp4,train
tAVnVRAbkz8_2.mp4,train
tB9EhSaD8MY_1.mp4,train
tB_xkoYZGBY_1.mp4,train
tD71RsErB30.mp4,train
tD_WEFLyuDY.mp4,train
tDtIQ2M-GRo.mp4,train
tDtdGkG9-OE.mp4,train
tDvbCVB02yA.mp4,train
tEJlKXA7Lkg.mp4,train
tF3WaFt4kdY.mp4,train
tFftFv6aIjE_1.mp4,train
tHMs61ZefE8.mp4,train
tHNhqhFdMgQ.mp4,train
tHSogBpBi5A.mp4,train
tHW-NM2H3f8_1.mp4,train
tI8qa4gE3uQ_2.mp4,train
tJXSJJCLffU_1.mp4,train
tKKM601QlDM_2.mp4,train
tKNmTJAEhBI_1.mp4,train
tKOaMOhEaX4_1.mp4,train
tKdTQmBRJks_2.mp4,train
tKmXdtC6FLA.mp4,train
tMKMjQtqO2U_2.mp4,train
tMYNBmb808w.mp4,train
tNNf1uxRiDU.mp4,train
tNObn5kXF7Y_1.mp4,train
tOHjjyuut4A_1.mp4,train
tOrStACTZII_1.mp4,train
tPNg2Waa57k.mp4,train
tPpANCTOBgs_1.mp4,train
tPy0Fs9D3CA.mp4,train
tRo9FnfeFj8.mp4,train
tS7NrrYnx_E_1.mp4,train
tS9ulw9g7uA_1.mp4,train
tSSAkPEkMn8_1.mp4,train
tS_WbbhJD2I.mp4,train
tSc2wja2FZU.mp4,train
tSgEtTP4jkM_1.mp4,train
tShdaK0wAgk_1.mp4,train
tTM_n97xYp4.mp4,train
tTjQsNGEeZ0_1.mp4,train
tUV7RnfFTa4.mp4,train
tUegsOrBY1U_1.mp4,train
tY45mTvKGKc.mp4,train
tY7LqqsBV5Y.mp4,train
tYDAioUJUPQ_1.mp4,train
tZ28xXARcyk_1.mp4,train
tZRz_YRiaYw.mp4,train
ta3rguAgy9M_1.mp4,train
ta7_tTeIt6c_1.mp4,train
tahzIp5we8o.mp4,train
tbKfPkTlfQk_1.mp4,train
tbjIgLxJxic_2.mp4,train
tcHUMXaIuw0.mp4,train
tcLqrt9QnPA_1.mp4,train
tcPXoZXEs2g.mp4,train
tcvRMX6s_b8_1.mp4,train
td1WlMO5Frw_1.mp4,train
teuX8mrgOVk_2.mp4,train
tg9QaW7Pvm8.mp4,train
tgJL-RUAvO8.mp4,train
tgq3cpoyWB4.mp4,train
tkO1_qURjXM.mp4,train
tkqalXOIXJA.mp4,train
tmVG2vu0ZGA.mp4,train
tm_qJX6hHFg.mp4,train
tnMi73_WfPg.mp4,train
tnQmQCzJKfI.mp4,train
todyjVC_JTs.mp4,train
tol7I8LtJK0.mp4,train
top7pkA_DgY_1.mp4,train
tpBaPkXYVZw_2.mp4,train
tplh8l5q74U.mp4,train
tq85NQ0vOkA.mp4,train
tq8jQqoHYFA.mp4,train
tquKNwZ2GmA_1.mp4,train
tr9YJUmvus8_1.mp4,train
tt4b-WhpGQo.mp4,train
tuWWc-SdvF0_1.mp4,train
tuw6tMLjHwQ_1.mp4,train
twc2FUfpUYs.mp4,train
tx2Z3baCxLA_1.mp4,train
txywF-r9y2Q_1.mp4,train
tyLcsnN8-v4.mp4,train
ty_tchoaG4Y_2.mp4,train
tzW3OXlSkNw_1.mp4,train
u-vcH9n4_P0_1.mp4,train
u0VMIS7wC-Q.mp4,train
u0ztdPXq6mY_1.mp4,train
u1PuKrTDzdI.mp4,train
u1e9ioscyfU_2.mp4,train
u1yq_lnEwGI_2.mp4,train
u219wF2P_0Y_1.mp4,train
u2IcV4xxNSA.mp4,train
u2O5QPKSzGo.mp4,train
u2VLr8CRVGc_1.mp4,train
u2_aJhGSIpY_1.mp4,train
u3CQB1epJcM_1.mp4,train
u3NRv46oJVQ_1.mp4,train
u4LSjLeQ1Xw.mp4,train
u5PdOyHh8Yg.mp4,train
u62ZlNmTpj4_1.mp4,train
u6eoD3GXOZE.mp4,train
u6hpIkJUQXE.mp4,train
u6x6Qk463V4.mp4,train
u7Nv4whZa_0_1.mp4,train
u7dV3wCpaqM.mp4,train
u7twaE6fj9s.mp4,train
u9397Rd5v7U_2.mp4,train
uA9K19APeNo_1.mp4,train
uBRoAycaSBM.mp4,train
uBi-YX42NwI.mp4,train
uBtYh10h6RU_1.mp4,train
uCsgmqdwe4A.mp4,train
uCxNvB_ULoA_2.mp4,train
uDwYK-AccH0.mp4,train
uE8YfF7bTGM.mp4,train
uEWef2ILEC8.mp4,train
uEtH33ZDk_s_1.mp4,train
uF5-SHyMOwg.mp4,train
uF8zIar63bQ.mp4,train
uGjEbNgtauE.mp4,train
uHAhEiTlj_M.mp4,train
uHMNUWk8UAM.mp4,train
uHTklDGcEfw_1.mp4,train
uIJEGc6U5iU.mp4,train
uK6EyYdjXtE_1.mp4,train
uK8G7-89HCI_1.mp4,train
uKWcQt8U4lA.mp4,train
uL1_UYVYkfg_1.mp4,train
uLSHBm4_kaw.mp4,train
uNZ-A9bIT2c.mp4,train
uOHx8MflCBQ_1.mp4,train
uOs0878HhR4.mp4,train
uOsiUhQwVC8_1.mp4,train
uOxGDdDq-Os_2.mp4,train
uPfJ7YCwEGQ_1.mp4,train
uQRHhIcXvEM.mp4,train
uRJUiALx54w.mp4,train
uRwmFRKMF58.mp4,train
uSz2hrQZr3o.mp4,train
uT8WGjPj-V8_1.mp4,train
uTLMV91lB10_1.mp4,train
uTZVPZYcdw8_1.mp4,train
uU562ik7UXU_2.mp4,train
uVE9xX6fcp8_1.mp4,train
uWVB0KovDB0_1.mp4,train
uYfcQkRSvAY.mp4,train
uZB4kRSkd_g.mp4,train
uZuvBINbAqo_1.mp4,train
uaaq6GQck4s_1.mp4,train
ubBmCChM6Ag.mp4,train
ubQczV3pKWs.mp4,train
ubUFV8ypTlU_1.mp4,train
ubkSJRDhK7E_1.mp4,train
ueNkV6ktC4g_2.mp4,train
ueiJkNzXxzw.mp4,train
uek2JAfcUhk.mp4,train
uf4A34QWFGw_1.mp4,train
ufTWb8-_rGA.mp4,train
ug0cTrsjK50.mp4,train
uhJRFZWXPEo.mp4,train
ui_ACRhp1jY.mp4,train
ujw1Z5DK0r4_1.mp4,train
ulHF3SltKW0_1.mp4,train
ulX1EaESaM4.mp4,train
um4s1H6JPJg.mp4,train
umCgstR_pg8.mp4,train
uohsAyKLTbI_1.mp4,train
upAZkdtoF_Q.mp4,train
upRlxxQUZp8_1.mp4,train
up_LofohcV4_1.mp4,train
upaDJQnr9nw.mp4,train
uptCGl-HvV0_1.mp4,train
uqZJa7q4N5U.mp4,train
uqaIszhdKfc.mp4,train
uqfvjaFYDQg.mp4,train
urMRtuI8AmE_1.mp4,train
usqVbUoBfnE.mp4,train
ut1NzAKHBXQ.mp4,train
uu93d2sk9F0_2.mp4,train
uu9Qo9_Mbh4_1.mp4,train
uuUInBI_oZM_1.mp4,train
uulY6vsvNQA_1.mp4,train
uuzch67c-xE.mp4,train
uvBjcE-mwC0.mp4,train
uvKTMTQqfu0.mp4,train
uw-zItX8w9g_1.mp4,train
uwDxpyWDKEI.mp4,train
uwYdH7GuSBg_1.mp4,train
uwZ5UsyXbzg_1.mp4,train
uyRfqa6Am-M_1.mp4,train
v-jfNqYzfO8_1.mp4,train
v0Ic3Von93I.mp4,train
v0Rb3W378JA.mp4,train
v0cK8a9s14I_1.mp4,train
v1TI57zaJKw.mp4,train
v1c0FpBhESQ_1.mp4,train
v1hh4hSEhzs.mp4,train
v1rzpB-cgGY_1.mp4,train
v2YS_BfBifc_1.mp4,train
v2_Ta5XdknA_1.mp4,train
v2ak0hp1ZTw.mp4,train
v2gPD7nTa0U_2.mp4,train
v2jaNOh-Rcc.mp4,train
v3hY00Fy7rE.mp4,train
v41B1GR3prg_1.mp4,train
v4dtaEki4f8.mp4,train
v5F3fOpfrBI.mp4,train
v6KlD6e05Fc.mp4,train
v7--O9C9ZH4.mp4,train
v74BqLpCYnY_1.mp4,train
v7LOMsrEiVI_1.mp4,train
v8NufYf6_Ik_1.mp4,train
v8gTUo-ln6Q_1.mp4,train
vAW9QDnXLrE.mp4,train
vAXHFqBV6H8_1.mp4,train
vAuu3hDoGhU_1.mp4,train
vB-4jZVx0yU.mp4,train
vB72KncjZis.mp4,train
vBJxSJ5_mvw_1.mp4,train
vBRmLg-XJZc_1.mp4,train
vBd0XrgKlCA.mp4,train
vDKcRElYodA.mp4,train
vDrReANaXZY_2.mp4,train
vEGYAfMU3tc_1.mp4,train
vEHf2s9hu20_2.mp4,train
vFJOA9dR7Bw.mp4,train
vFSdw3lE-5M.mp4,train
vFYN8jgOhb8.mp4,train
vFZMA4_VtAY.mp4,train
vFbghqf1jZg.mp4,train
vFnoqnWWGok_1.mp4,train
vITeIiXX1xE.mp4,train
vJy28p55lkQ.mp4,train
vKabvg9GjnY_1.mp4,train
vLbvf0zEj5M.mp4,train
vLk7S0mnUms.mp4,train
vM9tngFYH1c.mp4,train
vMbLDoCayk8.mp4,train
vOW-yOcVU80_2.mp4,train
vOkUq_SPrjs_1.mp4,train
vPAwEcpbWqo.mp4,train
vPmpk0u_sls.mp4,train
vS5fnczMHcA.mp4,train
vSEUaTn35j4.mp4,train
vSK-jsgpaXQ.mp4,train
vSfRkcjelhw_1.mp4,train
vT49kp3azYg_1.mp4,train
vTgiUguTQW0_2.mp4,train
vTrtUfPI0RY.mp4,train
vV1FizHByPw.mp4,train
vVGXtFbW5RI_2.mp4,train
vVylNakRi6s.mp4,train
vWkwy9ebsQg_1.mp4,train
vX0J0TVfQgk_1.mp4,train
vXg5mjo2Lpc.mp4,train
vYM_64Gc77o.mp4,train
vYPkgKmRa6k.mp4,train
vYWosOoYH1U_1.mp4,train
vYzp_d3T9Ok_1.mp4,train
vZBu2SG35ec.mp4,train
vZMGPJSJaFg.mp4,train
v_7Bg4-cPjg.mp4,train
v_BzLSp7PLM.mp4,train
v_HmgeH-ABo.mp4,train
vaDXdxLlUwk_1.mp4,train
vamyn1qDCdg_1.mp4,train
vasldMsoKDg_2.mp4,train
vawgyWPeIiM.mp4,train
vbsNiOkm0BU.mp4,train
vdntxBdRdZg.mp4,train
ve8zSDsdFzs.mp4,train
vesSu5AjSN4.mp4,train
vgtE5_6_VD4.mp4,train
vhPLDKNYuEg_1.mp4,train
vhqQBxbUVy0_1.mp4,train
vj85ZSkQDVo.mp4,train
vmAkJRlUSzI_1.mp4,train
vnOgaQ_eFNs.mp4,train
voRQqu3By8I_1.mp4,train
vqWFY4rbASg.mp4,train
vqkqbOdwbSc_1.mp4,train
vt86EMAaXHM.mp4,train
vu__40Wbws4_1.mp4,train
vvCzSnLu_4Q.mp4,train
vvsfyFEY7lo.mp4,train
vvyGWPvy1cc.mp4,train
vwTIplMTPZA_2.mp4,train
vwpHHohq8II.mp4,train
vycU4cMW3_U_1.mp4,train
vyvFWSdT7V4_1.mp4,train
vzR3201tHPY.mp4,train
w-f7sV2B7Tc_1.mp4,train
w0C2Lq7hMsQ.mp4,train
w0Z2yfGcCW8.mp4,train
w163zAc0RYM.mp4,train
w2bUy2rPYPI.mp4,train
w49chg-Y92g.mp4,train
w5hHBBDrypI_1.mp4,train
w87_PYaYQz4.mp4,train
w88o1TXwwJg_1.mp4,train
w8RSWGCRPDg.mp4,train
w9Jz12VoOYQ_1.mp4,train
w9VefdfpI0I_1.mp4,train
wAEJEtDB20g.mp4,train
wBCqfnnNfSo.mp4,train
wC9iVMmSTeE_2.mp4,train
wClUzDG34wQ.mp4,train
wDXqSeOQQy4_1.mp4,train
wEd93OlB_ZI_1.mp4,train
wEfxi8YvQLI.mp4,train
wFVLswbyZOc.mp4,train
wGWFAPl8EXs_1.mp4,train
wHl7V93XdWA.mp4,train
wIEYdZjvXJo.mp4,train
wIVO3x0WAfk_1.mp4,train
wIi5NVKOOfM.mp4,train
wJS3We_1ets_1.mp4,train
wK63rmj8--U.mp4,train
wK7Y3bBPwtI.mp4,train
wK8amEJAK1Y.mp4,train
wKBVwR3BraE.mp4,train
wKDAEDyBAY0.mp4,train
wKzWwmm8bgE.mp4,train
wLSWjMuhJww_1.mp4,train
wMlY1TQZA2A.mp4,train
wMm24t1NrcM.mp4,train
wOwsXFMF1aA.mp4,train
wPTa0UQJY_w.mp4,train
wPkxTCa_Dj4_1.mp4,train
wPsIxhPHXBo.mp4,train
wQ5nwBznVk8_1.mp4,train
wRjTHPy0jes.mp4,train
wTP-Qjl_mSM_1.mp4,train
wVgslraD204.mp4,train
wWlOXeR9qnc_1.mp4,train
wWzqyc2x0GI.mp4,train
wX-5GS2Om7k.mp4,train
wXEnqj_rf4Q_1.mp4,train
wYeLqdSCZR8.mp4,train
wZBe3IUlYLo.mp4,train
wZYbp0lRGhU.mp4,train
wZeZ2Hr8VEg_1.mp4,train
w_FY56WkUPM.mp4,train
wa6VGunvMoo.mp4,train
wcG4jvqJVDc_1.mp4,train
wcvifjsKYo0_2.mp4,train
weWGeNNGQSM_1.mp4,train
wedIVeQMY1k.mp4,train
wf5rLp6YTCQ_1.mp4,train
wf7d8Ok1PvA_1.mp4,train
wfHGKTc0WuY.mp4,train
wgb8ncghBN4_2.mp4,train
wgrN2DNXukc.mp4,train
wgvsWR2YWxo.mp4,train
whLOS_LCl9U.mp4,train
wh_GS78OuYQ.mp4,train
whkRlb-0s94_1.mp4,train
whmbYHrlP-A_1.mp4,train
whvKyzLJ6Mc_1.mp4,train
wi-dI81iYSY_1.mp4,train
wiemsBV5e08.mp4,train
wkdHGN4OO-I.mp4,train
wku-gtLtQyI_1.mp4,train
wlPKT6teWGk_1.mp4,train
wnhTdzfceXA_1.mp4,train
woQgNTk9IIE.mp4,train
woo5-4amwJ0.mp4,train
wpUgLTxBXns.mp4,train
wpmDoeOl2qY.mp4,train
wq4yQ4OdJ5U_2.mp4,train
wqFLr0dsRTA_1.mp4,train
wqrZVsLOR_A_2.mp4,train
wqvjAdWgJ4o_2.mp4,train
wru3RdDTafg.mp4,train
wsRNKesle6I_1.mp4,train
wsWElJBdZcA.mp4,train
wsXbxNK7ROM_2.mp4,train
ws_qjks_TFo.mp4,train
wsxvzzgBO1M_1.mp4,train
wsy4LqAJq8E_1.mp4,train
wtN-hVs7sYw_1.mp4,train
wtXCZaGIQsk.mp4,train
wtaxFUrko34.mp4,train
wtr_LSVYecQ_1.mp4,train
wu_tcc63EjM_2.mp4,train
wwGDiruyGH8_1.mp4,train
wwTa3v_SLew.mp4,train
wwVkDiHS9FM_1.mp4,train
wwf3PXeSfsg_1.mp4,train
wx8pMHRIYho.mp4,train
wxH6fMp_1PY_1.mp4,train
wxZHsP8osZo_1.mp4,train
wyDi2hGYZmg.mp4,train
wyq5UGADJrw_1.mp4,train
wyu_qsxDouM_1.mp4,train
wzz6Gt0EotA.mp4,train
x-Bc7ssevU8.mp4,train
x-anjlR2rMc.mp4,train
x-lubm0ha08.mp4,train
x-uAyPToZMs.mp4,train
x1Abu6sfP5A.mp4,train
x1PWeacqP-w_1.mp4,train
x1S_tnc_djk.mp4,train
x2fCZCCqh3E_1.mp4,train
x3H9ltkR_vM.mp4,train
x3JBmtirJQ0_1.mp4,train
x3WXPajc1UQ.mp4,train
x3nuREvEwis.mp4,train
x4I6cO9p77Y_1.mp4,train
x5VIvDZhXNg.mp4,train
x5dEKDXkXQY_1.mp4,train
x6O_GrimQMw.mp4,train
x77fC4-wJ8c.mp4,train
x7CtEdG8eAY_1.mp4,train
x7Gd1PNDGj4_2.mp4,train
x7SV2p_-rPE.mp4,train
x7TnEHc0viU.mp4,train
xA8hTvpWbh0_1.mp4,train
xAwnTMH15-s_1.mp4,train
xBLGhif1BWI.mp4,train
xBvqQ50Vlcg_1.mp4,train
xBwnNDnOPGM.mp4,train
xD3S5OUhSRs.mp4,train
xDFgS6-OSkY.mp4,train
xEKHtFeWzSM_2.mp4,train
xEUbXwWImbc_1.mp4,train
xEp-ufgrq-g.mp4,train
xFB6kz5WkvA_1.mp4,train
xGkS3isNXXc.mp4,train
xGmkipo2jsM_1.mp4,train
xH84YCP65HE.mp4,train
xHgqrgu0NB0.mp4,train
xIOA0k1ZLMk.mp4,train
xIc5zEX3vSY_2.mp4,train
xIh1wMuXgJs_1.mp4,train
xJMONi1L3S8_1.mp4,train
xKRO8sRM6yQ_1.mp4,train
xL-DC_wV5_E_1.mp4,train
xLArhlTY728_1.mp4,train
xLWzYC5VgPA_2.mp4,train
xMaMOHTmML4.mp4,train
xMvpodrz6dM.mp4,train
xND6JDuQ05A_1.mp4,train
xOxrAcyAcII.mp4,train
xPY0EW3HkQU_1.mp4,train
xPkil4VFr0A.mp4,train
xQ24Y6Y7wvE_1.mp4,train
xQIXN-eQZ7I.mp4,train
xQgu-lCEmO4_2.mp4,train
xS2EEES-n8I_1.mp4,train
xSAoWBeLvfo.mp4,train
xSDCy2uCWSs_1.mp4,train
xTQHYVNuH2I.mp4,train
xTirP9sB_SY_1.mp4,train
xTu2lteTqAY.mp4,train
xVCIBUlDlkE_1.mp4,train
xVOUQdl7ejY_1.mp4,train
xVgr78Og8o8_1.mp4,train
xVuM_WPsOB8_1.mp4,train
xWlgNHh5ino.mp4,train
xXykGIC9Yfg.mp4,train
xY-hLKnjahw.mp4,train
xY5tQfR7BiI_1.mp4,train
xYWHiCUuoi4_1.mp4,train
xYne01OLqHU_1.mp4,train
xZUbYeF9fkI_1.mp4,train
xbBwbQ6AZv4.mp4,train
xbw9Df1DFa8_1.mp4,train
xcL50crTgMs.mp4,train
xeYJvtWDsnA.mp4,train
xfKR5ftbHKg_1.mp4,train
xfqgrQ_r3Tw_1.mp4,train
xgKs0R0K6M4.mp4,train
xgQSpL99krE_1.mp4,train
xgU5S08eD90.mp4,train
xghJ6vKFuKQ.mp4,train
xgtcWuX0mdU_2.mp4,train
xiUZYUTW660_1.mp4,train
xiX4tAUoNXs_1.mp4,train
xj41dOgAdK8_1.mp4,train
xjCStYhMoBE.mp4,train
xlb5E0TnGtM_2.mp4,train
xm1ZPkvHnL8_1.mp4,train
xm2Vju9w0-I.mp4,train
xnQ61pjVinc_1.mp4,train
xnZNmESjKrQ.mp4,train
xoSQfP-1A-c.mp4,train
xoqqrOjlpD8_1.mp4,train
xpy5egrPAZ0.mp4,train
xqWx6o5iue4.mp4,train
xqvVfaJrM0A.mp4,train
xtolpEBm2ro.mp4,train
xuOaEQ2bdb0_1.mp4,train
xuh2imuKrI0.mp4,train
xvZaGiHtuz0_1.mp4,train
xwAdIP51jIs.mp4,train
xwgkeViNOwI.mp4,train
xwhBXEev13o_1.mp4,train
xwn7XQRbQnc_2.mp4,train
xx3nZjHHL3s.mp4,train
xx6t3kFyJuo.mp4,train
xxTBbeG-pKY_1.mp4,train
xzu_Y3NfigY.mp4,train
y-bSGi85wc0.mp4,train
y-rA7UuFbVM.mp4,train
y0Qqh0iQ4HU_2.mp4,train
y1XgtWNM-OM_1.mp4,train
y1hvKgvxm5Q.mp4,train
y3ck7KPhSug.mp4,train
y4CEIJJVt64.mp4,train
y57kJAluXeM_1.mp4,train
y5IlRJzz8w8_1.mp4,train
y5RdDOf_lRw_1.mp4,train
y6Y7pN0nzX8_1.mp4,train
y6iDMOz13sI_1.mp4,train
y6xu7EyX0yU_1.mp4,train
y707Jq7ORR4.mp4,train
y78hQDvKB_M.mp4,train
y7FUr6B4Uh4.mp4,train
y7z1pnJea4s_1.mp4,train
y89shn98vQo_2.mp4,train
y8OT5FWMEl8_2.mp4,train
y938xCsUbpo.mp4,train
y9c93mGmbHc_1.mp4,train
yB2sJTE2Mek.mp4,train
yBcTyoUaFYU_1.mp4,train
yBu6pCi5gag.mp4,train
yD9wwZmkJlw.mp4,train
yEId-2X8Fpw_1.mp4,train
yFMHg6sTd6Y.mp4,train
yG1xsd6JyfA.mp4,train
yGWvP26FbEo.mp4,train
yGWvP26FbEo_1.mp4,train
yHBEcGgShh4.mp4,train
yHWecq-Xzdc_1.mp4,train
yHfQFast5r0_1.mp4,train
yHgMtQOPid4_1.mp4,train
yHnry-jqo3E_1.mp4,train
yI2JracrYZs_1.mp4,train
yItSQyTpwtQ_1.mp4,train
yK14YhUwajU.mp4,train
yK2We-yP8MA.mp4,train
yLSyQAouIYw.mp4,train
yLnePZ71izk.mp4,train
yLpc_-hWZAA.mp4,train
yLphnfhAV_o.mp4,train
yMNGS-VZZj4.mp4,train
yMs5B2DUJ_0.mp4,train
yN2a6Q27DX8_1.mp4,train
yN_t_vc97fI_1.mp4,train
yNv7aFGlGFA.mp4,train
yOTZBisOdZs_1.mp4,train
yOkZgJliKfo_1.mp4,train
yQ1BONWNLrE.mp4,train
yQ7kMY9kDlM.mp4,train
yRHS5fY6bVQ_1.mp4,train
yRoamy-gOgY.mp4,train
yS482mzgCwo.mp4,train
yS4sjP4C-ko.mp4,train
ySSixQMf7is.mp4,train
yT93i9RcLFk.mp4,train
yTmK54y80bs.mp4,train
yUHZhwPUfRk_1.mp4,train
yVGctxtkXqA.mp4,train
yVNuNrwFZ1c_2.mp4,train
yVj4srfLfSc.mp4,train
yW6uqjLFKgU_2.mp4,train
yWRsnrs4C5w.mp4,train
yXkOz_A01t0_1.mp4,train
yXrES1RSoV8.mp4,train
yXtu327tJ28.mp4,train
yY9c0CnaXgA_1.mp4,train
yYJBee_uP-A_1.mp4,train
yYXL6MOhLUo.mp4,train
yYf_JyfDvLU.mp4,train
yYgwZxLlykw_1.mp4,train
yYn7-CCwLkM_1.mp4,train
yZ6LzjeoTsY.mp4,train
yZK6l1dikVk_1.mp4,train
yZlMisXPUms.mp4,train
y_q_egfFoq0.mp4,train
yapwq7Lkgxw_1.mp4,train
ybwfsqkf8Sw_1.mp4,train
yeArkcTSTdw_1.mp4,train
yeOgJ3nK-pM_1.mp4,train
yebEzbBOQl4.mp4,train
yffUIRSERd0_2.mp4,train
yftcPJvbkhg.mp4,train
yhCvtSaTMvg_1.mp4,train
yi--S0oh64s.mp4,train
yi14hGwVzKM.mp4,train
yiVSKw0srMA.mp4,train
yjFM1hV0hy8_1.mp4,train
yjI4oup9SFU.mp4,train
yk1x10hOd1M.mp4,train
yk4B-asWh0I_1.mp4,train
ylCAApFrP88.mp4,train
ym0KmkKQBW0_2.mp4,train
ym9Nx-zkmEM.mp4,train
ymvaZ1cxW2s.mp4,train
ynTx1KLLvng_1.mp4,train
ynZd-HeXGnc.mp4,train
ynqXIbWTRp4_1.mp4,train
ynvL576W11k.mp4,train
yo9-6O8jNXQ_1.mp4,train
yoG_mrM8Hg8.mp4,train
ypWkhczB2tY.mp4,train
ypvx1Fn3_GE_1.mp4,train
yqRuuOhG1Cs.mp4,train
yr0Mkvkfmi8_2.mp4,train
ysoReRp9l9A_1.mp4,train
ytA5JcAmS48.mp4,train
yuJ6ZBt0MBw.mp4,train
yuo_oeBoTKk.mp4,train
yv3O0xFD6O8.mp4,train
ywSGE7YCdCM_1.mp4,train
yylUDwKKvxY.mp4,train
yymmblO1-8U_1.mp4,train
yzXgc9ZNbFI.mp4,train
z-ke4RyMx_w.mp4,train
z-uZFPcqtcQ.mp4,train
z1X_LnA8wRE_1.mp4,train
z2B7VrBSA5c.mp4,train
z2ETf2ExVsU_1.mp4,train
z2uEKj1aWd4.mp4,train
z3C2pnumALw.mp4,train
z3iLB12a_O4.mp4,train
z4AQcUmPyxg.mp4,train
z4D6TU11HbE.mp4,train
z4vokrd75OM.mp4,train
z5T2c_s6kwI.mp4,train
z5mb_lff0uI_1.mp4,train
z5qHAG8YSrE.mp4,train
z66yE3ILKuw.mp4,train
z672iUJ0b98.mp4,train
z6Y6UJn7Mr8_1.mp4,train
z6_hXXO4vw8_1.mp4,train
z7fqi4_fZvI.mp4,train
z89wqxyMu6s_2.mp4,train
z8Yx1NXXgYM_1.mp4,train
z8d961aDuUA_1.mp4,train
z9Bb0RtVstk_1.mp4,train
z9fE3-r78UE.mp4,train
zBvs_GPf6Y8_1.mp4,train
zCAa4hAv2AY.mp4,train
zCRxd9PBDXY_1.mp4,train
zCv73SvXmk8_1.mp4,train
zEhEGpPHGLE.mp4,train
zEpIbqDKEh8.mp4,train
zEth840lEVE.mp4,train
zEv81qWK7yQ_1.mp4,train
zFykwvdCws8_1.mp4,train
zG_P--gEuOU_2.mp4,train
zGhfj0f_3bI_1.mp4,train
zHSDpV4Ok2Q.mp4,train
zHuGuas_2f8.mp4,train
zIEMNYyHXHs.mp4,train
zI_8os97Bkc_1.mp4,train
zJRmEhzjtco.mp4,train
zJmlqjm_b5g.mp4,train
zLxJPYBRIEM.mp4,train
zMSTQmwzW_s_1.mp4,train
zMVhZxmiK-s.mp4,train
zOpA9-geIxA.mp4,train
zPpdozLG2wU_1.mp4,train
zRAHq3wDY8A_1.mp4,train
zRnkG-1N3jY_1.mp4,train
zSGR1KaSZV4.mp4,train
zSJ-3q6P4lQ.mp4,train
zSst5y5j_fI.mp4,train
zSwPgYew9xY_1.mp4,train
zTxivCXMjdU_2.mp4,train
zU-UAPxXzjU.mp4,train
zUFDbkEtC_E_2.mp4,train
zUtEmpaF7kM.mp4,train
zUzBN5DY_3A.mp4,train
zWdWqozClE4.mp4,train
zXpbs2ztV4k_1.mp4,train
zYWxTgBpp5o_1.mp4,train
zYuR7aEr3SI_2.mp4,train
zZRHcEnMUnw_1.mp4,train
zZVuyuVTFW0.mp4,train
zZdJ4ZLnw2U.mp4,train
zZkjoooQRXk_1.mp4,train
zZs0BXEssdQ.mp4,train
z_736hEJX_M.mp4,train
z_Tnhup1J5I.mp4,train
z_kjd4rGuag.mp4,train
zaCXh7eQO2Y.mp4,train
zaGjEBwl--8.mp4,train
zajXjC-yusI_2.mp4,train
zaxDTYvEeZw_2.mp4,train
zbxW8XnyziA.mp4,train
zc7cBfgwiyI_1.mp4,train
zcKPzJMDkRw.mp4,train
zdGKXf_2HFA.mp4,train
zdVCE0zgZ64_1.mp4,train
zdZNbKoJejY_1.mp4,train
zeLeGWdpYiE_1.mp4,train
zeRihgKBfB0.mp4,train
zfvnGrqiLMQ_1.mp4,train
zgJBDuqbPHM.mp4,train
zgQAKKtXOZY.mp4,train
zgq2AwN0qxs_1.mp4,train
zhxo7cEkSF8_1.mp4,train
zi11969STzc_1.mp4,train
zk-I0DPD4gk_1.mp4,train
zkLkrnOdDA0.mp4,train
zkQeGg5DkVc.mp4,train
zmrOAZ6FeHA_2.mp4,train
znGl0a0R3io_2.mp4,train
zoM2D2UeE18_2.mp4,train
zobbHZq0U4w.mp4,train
zpDZzjRrUmk.mp4,train
zqoQST3Oap8_1.mp4,train
zrNSPG0BAPo.mp4,train
zrf_bkZG9_E_2.mp4,train
zsaHFTWOIms_1.mp4,train
zsfMMuKrUUg.mp4,train
zskDexexPRo_2_Trim.mp4,train
ztOfNdPNwAU_1.mp4,train
zultm2vBHws_2.mp4,train
zupZnldqNbE_2.mp4,train
zuwgMn6oS-Q_1.mp4,train
zvDd4Lvma58_1.mp4,train
zvhxuidq68g.mp4,train
zw53Xl_e9QA.mp4,train
zwQFJqvvgqQ.mp4,train
zwl-CJnhrYI_1.mp4,train
zxXFqg4uC_I_1.mp4,train
zxd2fClLdu0_1.mp4,train
zxwuZPkYjrQ.mp4,train
zyUvGZAlkOs_1.mp4,train
zyvgHgT6d7c.mp4,train
