video_path,label,parent_label,take_group,split
Adjectives/1. loud/MVI_5177.MOV,1. loud,Adjectives,1. loud#0,train
Adjectives/1. loud/MVI_5178.MOV,1. loud,Adjectives,1. loud#0,train
Adjectives/1. loud/MVI_5179.MOV,1. loud,Adjectives,1. loud#0,train
Adjectives/1. loud/MVI_5257.MOV,1. loud,Adjectives,1. loud#1,train
Adjectives/1. loud/MVI_5258.MOV,1. loud,Adjectives,1. loud#1,test
Adjectives/1. loud/MVI_5259.MOV,1. loud,Adjectives,1. loud#1,test
Adjectives/1. loud/MVI_5335.MOV,1. loud,Adjectives,1. loud#2,train
Adjectives/1. loud/MVI_5336.MOV,1. loud,Adjectives,1. loud#2,test
Adjectives/1. loud/MVI_5337.MOV,1. loud,Adjectives,1. loud#2,train
Adjectives/1. loud/MVI_9289.MOV,1. loud,Adjectives,1. loud#3,train
Adjectives/1. loud/MVI_9290.MOV,1. loud,Adjectives,1. loud#3,train
Adjectives/1. loud/MVI_9291.MOV,1. loud,Adjectives,1. loud#3,val
Adjectives/1. loud/MVI_9368.MOV,1. loud,Adjectives,1. loud#4,train
Adjectives/1. loud/MVI_9369.MOV,1. loud,Adjectives,1. loud#4,test
Adjectives/1. loud/MVI_9370.MOV,1. loud,Adjectives,1. loud#4,val
Adjectives/1. loud/MVI_9448.MOV,1. loud,Adjectives,1. loud#5,train
Adjectives/1. loud/MVI_9449.MOV,1. loud,Adjectives,1. loud#5,val
Adjectives/1. loud/MVI_9450.MOV,1. loud,Adjectives,1. loud#5,train
Adjectives/1. loud/MVI_9534.MOV,1. loud,Adjectives,1. loud#6,train
Adjectives/1. loud/MVI_9535.MOV,1. loud,Adjectives,1. loud#6,train
Adjectives/1. loud/MVI_9536.MOV,1. loud,Adjectives,1. loud#6,train
Adjectives/10. Mean/MVI_9592.MOV,10. Mean,Adjectives,10. Mean#0,train
Adjectives/10. Mean/MVI_9593.MOV,10. Mean,Adjectives,10. Mean#0,test
Adjectives/10. Mean/MVI_9594.MOV,10. Mean,Adjectives,10. Mean#0,train
Adjectives/10. Mean/MVI_9595.MOV,10. Mean,Adjectives,10. Mean#0,train
Adjectives/10. Mean/MVI_9729.MOV,10. Mean,Adjectives,10. Mean#1,test
Adjectives/10. Mean/MVI_9730.MOV,10. Mean,Adjectives,10. Mean#1,train
Adjectives/10. Mean/MVI_9731.MOV,10. Mean,Adjectives,10. Mean#1,train
Adjectives/10. Mean/MVI_9732.MOV,10. Mean,Adjectives,10. Mean#1,val
Adjectives/11. rich/MVI_9596.MOV,11. rich,Adjectives,11. rich#0,val
Adjectives/11. rich/MVI_9597.MOV,11. rich,Adjectives,11. rich#0,train
Adjectives/11. rich/MVI_9598.MOV,11. rich,Adjectives,11. rich#0,train
Adjectives/11. rich/MVI_9599.MOV,11. rich,Adjectives,11. rich#0,train
Adjectives/11. rich/MVI_9733.MOV,11. rich,Adjectives,11. rich#1,test
Adjectives/11. rich/MVI_9734.MOV,11. rich,Adjectives,11. rich#1,train
Adjectives/11. rich/MVI_9735.MOV,11. rich,Adjectives,11. rich#1,train
Adjectives/11. rich/MVI_9736.MOV,11. rich,Adjectives,11. rich#1,test
Adjectives/12. poor/MVI_9600.MOV,12. poor,Adjectives,12. poor#0,train
Adjectives/12. poor/MVI_9601.MOV,12. poor,Adjectives,12. poor#0,train
Adjectives/12. poor/MVI_9603.MOV,12. poor,Adjectives,12. poor#0,val
Adjectives/12. poor/MVI_9604.MOV,12. poor,Adjectives,12. poor#0,train
Adjectives/12. poor/MVI_9737.MOV,12. poor,Adjectives,12. poor#1,test
Adjectives/12. poor/MVI_9738.MOV,12. poor,Adjectives,12. poor#1,train
Adjectives/12. poor/MVI_9739.MOV,12. poor,Adjectives,12. poor#1,train
Adjectives/12. poor/MVI_9740.MOV,12. poor,Adjectives,12. poor#1,test
Adjectives/13. thick/MVI_9605.MOV,13. thick,Adjectives,13. thick#0,test
Adjectives/13. thick/MVI_9606.MOV,13. thick,Adjectives,13. thick#0,val
Adjectives/13. thick/MVI_9607.MOV,13. thick,Adjectives,13. thick#0,train
Adjectives/13. thick/MVI_9608.MOV,13. thick,Adjectives,13. thick#0,train
Adjectives/13. thick/MVI_9742.MOV,13. thick,Adjectives,13. thick#1,test
Adjectives/13. thick/MVI_9743.MOV,13. thick,Adjectives,13. thick#1,train
Adjectives/13. thick/MVI_9744.MOV,13. thick,Adjectives,13. thick#1,train
Adjectives/13. thick/MVI_9745.MOV,13. thick,Adjectives,13. thick#1,train
Adjectives/14. thin/MVI_9609.MOV,14. thin,Adjectives,14. thin#0,test
Adjectives/14. thin/MVI_9610.MOV,14. thin,Adjectives,14. thin#0,train
Adjectives/14. thin/MVI_9611.MOV,14. thin,Adjectives,14. thin#0,val
Adjectives/14. thin/MVI_9612.MOV,14. thin,Adjectives,14. thin#0,train
Adjectives/15. expensive/MVI_9613.MOV,15. expensive,Adjectives,15. expensive#0,train
Adjectives/15. expensive/MVI_9614.MOV,15. expensive,Adjectives,15. expensive#0,train
Adjectives/15. expensive/MVI_9615.MOV,15. expensive,Adjectives,15. expensive#0,val
Adjectives/15. expensive/MVI_9616.MOV,15. expensive,Adjectives,15. expensive#0,train
Adjectives/15. expensive/MVI_9746.MOV,15. expensive,Adjectives,15. expensive#1,test
Adjectives/15. expensive/MVI_9747.MOV,15. expensive,Adjectives,15. expensive#1,test
Adjectives/15. expensive/MVI_9748.MOV,15. expensive,Adjectives,15. expensive#1,train
Adjectives/15. expensive/MVI_9749.MOV,15. expensive,Adjectives,15. expensive#1,train
Adjectives/16. cheap/MVI_9617.MOV,16. cheap,Adjectives,16. cheap#0,train
Adjectives/16. cheap/MVI_9618.MOV,16. cheap,Adjectives,16. cheap#0,test
Adjectives/16. cheap/MVI_9619.MOV,16. cheap,Adjectives,16. cheap#0,train
Adjectives/16. cheap/MVI_9620.MOV,16. cheap,Adjectives,16. cheap#0,train
Adjectives/16. cheap/MVI_9750.MOV,16. cheap,Adjectives,16. cheap#1,train
Adjectives/16. cheap/MVI_9751.MOV,16. cheap,Adjectives,16. cheap#1,test
Adjectives/16. cheap/MVI_9752.MOV,16. cheap,Adjectives,16. cheap#1,train
Adjectives/16. cheap/MVI_9754.MOV,16. cheap,Adjectives,16. cheap#1,val
Adjectives/17. flat/MVI_9621.MOV,17. flat,Adjectives,17. flat#0,test
Adjectives/17. flat/MVI_9622.MOV,17. flat,Adjectives,17. flat#0,train
Adjectives/17. flat/MVI_9623.MOV,17. flat,Adjectives,17. flat#0,train
Adjectives/17. flat/MVI_9624.MOV,17. flat,Adjectives,17. flat#0,test
Adjectives/17. flat/MVI_9755.MOV,17. flat,Adjectives,17. flat#1,train
Adjectives/17. flat/MVI_9756.MOV,17. flat,Adjectives,17. flat#1,train
Adjectives/17. flat/MVI_9757.MOV,17. flat,Adjectives,17. flat#1,val
Adjectives/17. flat/MVI_9758.MOV,17. flat,Adjectives,17. flat#1,train
Adjectives/18. curved/MVI_9633.MOV,18. curved,Adjectives,18. curved#0,test
Adjectives/18. curved/MVI_9634.MOV,18. curved,Adjectives,18. curved#0,train
Adjectives/18. curved/MVI_9635.MOV,18. curved,Adjectives,18. curved#0,train
Adjectives/18. curved/MVI_9636.MOV,18. curved,Adjectives,18. curved#0,test
Adjectives/18. curved/MVI_9759.MOV,18. curved,Adjectives,18. curved#1,val
Adjectives/18. curved/MVI_9760.MOV,18. curved,Adjectives,18. curved#1,train
Adjectives/18. curved/MVI_9761.MOV,18. curved,Adjectives,18. curved#1,train
Adjectives/18. curved/MVI_9762.MOV,18. curved,Adjectives,18. curved#1,train
Adjectives/19. male/MVI_9637.MOV,19. male,Adjectives,19. male#0,val
Adjectives/19. male/MVI_9638.MOV,19. male,Adjectives,19. male#0,test
Adjectives/19. male/MVI_9639.MOV,19. male,Adjectives,19. male#0,train
Adjectives/19. male/MVI_9640.MOV,19. male,Adjectives,19. male#0,train
Adjectives/19. male/MVI_9763.MOV,19. male,Adjectives,19. male#1,train
Adjectives/19. male/MVI_9764.MOV,19. male,Adjectives,19. male#1,train
Adjectives/19. male/MVI_9765.MOV,19. male,Adjectives,19. male#1,test
Adjectives/19. male/MVI_9766.MOV,19. male,Adjectives,19. male#1,train
Adjectives/2. quiet/MVI_5180.MOV,2. quiet,Adjectives,2. quiet#0,train
Adjectives/2. quiet/MVI_5181.MOV,2. quiet,Adjectives,2. quiet#0,train
Adjectives/2. quiet/MVI_5182.MOV,2. quiet,Adjectives,2. quiet#0,train
Adjectives/2. quiet/MVI_5260.MOV,2. quiet,Adjectives,2. quiet#1,test
Adjectives/2. quiet/MVI_5261.MOV,2. quiet,Adjectives,2. quiet#1,val
Adjectives/2. quiet/MVI_5262.MOV,2. quiet,Adjectives,2. quiet#1,test
Adjectives/2. quiet/MVI_5338.MOV,2. quiet,Adjectives,2. quiet#2,train
Adjectives/2. quiet/MVI_5339.MOV,2. quiet,Adjectives,2. quiet#2,train
Adjectives/2. quiet/MVI_5340.MOV,2. quiet,Adjectives,2. quiet#2,train
Adjectives/2. quiet/MVI_9292.MOV,2. quiet,Adjectives,2. quiet#3,train
Adjectives/2. quiet/MVI_9293.MOV,2. quiet,Adjectives,2. quiet#3,val
Adjectives/2. quiet/MVI_9294.MOV,2. quiet,Adjectives,2. quiet#3,train
Adjectives/2. quiet/MVI_9371.MOV,2. quiet,Adjectives,2. quiet#4,test
Adjectives/2. quiet/MVI_9372.MOV,2. quiet,Adjectives,2. quiet#4,train
Adjectives/2. quiet/MVI_9373.MOV,2. quiet,Adjectives,2. quiet#4,train
Adjectives/2. quiet/MVI_9451.MOV,2. quiet,Adjectives,2. quiet#5,test
Adjectives/2. quiet/MVI_9452.MOV,2. quiet,Adjectives,2. quiet#5,train
Adjectives/2. quiet/MVI_9453.MOV,2. quiet,Adjectives,2. quiet#5,train
Adjectives/2. quiet/MVI_9537.MOV,2. quiet,Adjectives,2. quiet#6,train
Adjectives/2. quiet/MVI_9538.MOV,2. quiet,Adjectives,2. quiet#6,val
Adjectives/2. quiet/MVI_9539.MOV,2. quiet,Adjectives,2. quiet#6,train
Adjectives/20. female/MVI_9642.MOV,20. female,Adjectives,20. female#0,train
Adjectives/20. female/MVI_9643.MOV,20. female,Adjectives,20. female#0,train
Adjectives/20. female/MVI_9644.MOV,20. female,Adjectives,20. female#0,test
Adjectives/20. female/MVI_9645.MOV,20. female,Adjectives,20. female#0,val
Adjectives/20. female/MVI_9767.MOV,20. female,Adjectives,20. female#1,train
Adjectives/20. female/MVI_9768.MOV,20. female,Adjectives,20. female#1,test
Adjectives/20. female/MVI_9769.MOV,20. female,Adjectives,20. female#1,train
Adjectives/20. female/MVI_9770.MOV,20. female,Adjectives,20. female#1,train
Adjectives/21. tight/MVI_9646.MOV,21. tight,Adjectives,21. tight#0,train
Adjectives/21. tight/MVI_9647.MOV,21. tight,Adjectives,21. tight#0,test
Adjectives/21. tight/MVI_9648.MOV,21. tight,Adjectives,21. tight#0,test
Adjectives/21. tight/MVI_9649.MOV,21. tight,Adjectives,21. tight#0,train
Adjectives/21. tight/MVI_9771.MOV,21. tight,Adjectives,21. tight#1,val
Adjectives/21. tight/MVI_9772.MOV,21. tight,Adjectives,21. tight#1,train
Adjectives/21. tight/MVI_9773.MOV,21. tight,Adjectives,21. tight#1,train
Adjectives/21. tight/MVI_9774.MOV,21. tight,Adjectives,21. tight#1,train
Adjectives/22. loose/MVI_9650.MOV,22. loose,Adjectives,22. loose#0,val
Adjectives/22. loose/MVI_9651.MOV,22. loose,Adjectives,22. loose#0,train
Adjectives/22. loose/MVI_9652.MOV,22. loose,Adjectives,22. loose#0,train
Adjectives/22. loose/MVI_9653.MOV,22. loose,Adjectives,22. loose#0,train
Adjectives/22. loose/MVI_9775.MOV,22. loose,Adjectives,22. loose#1,test
Adjectives/22. loose/MVI_9776.MOV,22. loose,Adjectives,22. loose#1,train
Adjectives/22. loose/MVI_9777.MOV,22. loose,Adjectives,22. loose#1,test
Adjectives/22. loose/MVI_9778.MOV,22. loose,Adjectives,22. loose#1,train
Adjectives/23. high/MVI_9654.MOV,23. high,Adjectives,23. high#0,test
Adjectives/23. high/MVI_9655.MOV,23. high,Adjectives,23. high#0,test
Adjectives/23. high/MVI_9656.MOV,23. high,Adjectives,23. high#0,train
Adjectives/23. high/MVI_9657.MOV,23. high,Adjectives,23. high#0,val
Adjectives/23. high/MVI_9780.MOV,23. high,Adjectives,23. high#1,train
Adjectives/23. high/MVI_9781.MOV,23. high,Adjectives,23. high#1,train
Adjectives/23. high/MVI_9782.MOV,23. high,Adjectives,23. high#1,train
Adjectives/23. high/MVI_9783.MOV,23. high,Adjectives,23. high#1,train
Adjectives/24. low/MVI_9658.MOV,24. low,Adjectives,24. low#0,test
Adjectives/24. low/MVI_9659.MOV,24. low,Adjectives,24. low#0,test
Adjectives/24. low/MVI_9660.MOV,24. low,Adjectives,24. low#0,train
Adjectives/24. low/MVI_9661.MOV,24. low,Adjectives,24. low#0,train
Adjectives/24. low/MVI_9784.MOV,24. low,Adjectives,24. low#1,val
Adjectives/24. low/MVI_9785.MOV,24. low,Adjectives,24. low#1,train
Adjectives/24. low/MVI_9786.MOV,24. low,Adjectives,24. low#1,train
Adjectives/24. low/MVI_9787.MOV,24. low,Adjectives,24. low#1,train
Adjectives/25. soft/MVI_9662.MOV,25. soft,Adjectives,25. soft#0,test
Adjectives/25. soft/MVI_9663.MOV,25. soft,Adjectives,25. soft#0,train
Adjectives/25. soft/MVI_9664.MOV,25. soft,Adjectives,25. soft#0,train
Adjectives/25. soft/MVI_9665.MOV,25. soft,Adjectives,25. soft#0,train
Adjectives/25. soft/MVI_9789.MOV,25. soft,Adjectives,25. soft#1,test
Adjectives/25. soft/MVI_9790.MOV,25. soft,Adjectives,25. soft#1,val
Adjectives/25. soft/MVI_9791.MOV,25. soft,Adjectives,25. soft#1,train
Adjectives/25. soft/MVI_9792.MOV,25. soft,Adjectives,25. soft#1,train
Adjectives/26. hard/MVI_9666.MOV,26. hard,Adjectives,26. hard#0,train
Adjectives/26. hard/MVI_9667.MOV,26. hard,Adjectives,26. hard#0,train
Adjectives/26. hard/MVI_9668.MOV,26. hard,Adjectives,26. hard#0,train
Adjectives/26. hard/MVI_9669.MOV,26. hard,Adjectives,26. hard#0,test
Adjectives/26. hard/MVI_9793.MOV,26. hard,Adjectives,26. hard#1,train
Adjectives/26. hard/MVI_9794.MOV,26. hard,Adjectives,26. hard#1,train
Adjectives/26. hard/MVI_9795.MOV,26. hard,Adjectives,26. hard#1,val
Adjectives/26. hard/MVI_9796.MOV,26. hard,Adjectives,26. hard#1,test
Adjectives/27. deep/MVI_9670.MOV,27. deep,Adjectives,27. deep#0,test
Adjectives/27. deep/MVI_9671.MOV,27. deep,Adjectives,27. deep#0,train
Adjectives/27. deep/MVI_9672.MOV,27. deep,Adjectives,27. deep#0,train
Adjectives/27. deep/MVI_9673.MOV,27. deep,Adjectives,27. deep#0,train
Adjectives/27. deep/MVI_9797.MOV,27. deep,Adjectives,27. deep#1,val
Adjectives/27. deep/MVI_9798.MOV,27. deep,Adjectives,27. deep#1,train
Adjectives/27. deep/MVI_9799.MOV,27. deep,Adjectives,27. deep#1,test
Adjectives/27. deep/MVI_9800.MOV,27. deep,Adjectives,27. deep#1,train
Adjectives/28. shallow/MVI_9674.MOV,28. shallow,Adjectives,28. shallow#0,val
Adjectives/28. shallow/MVI_9675.MOV,28. shallow,Adjectives,28. shallow#0,test
Adjectives/28. shallow/MVI_9676.MOV,28. shallow,Adjectives,28. shallow#0,train
Adjectives/28. shallow/MVI_9677.MOV,28. shallow,Adjectives,28. shallow#0,train
Adjectives/28. shallow/MVI_9801.MOV,28. shallow,Adjectives,28. shallow#1,test
Adjectives/28. shallow/MVI_9802.MOV,28. shallow,Adjectives,28. shallow#1,train
Adjectives/28. shallow/MVI_9803.MOV,28. shallow,Adjectives,28. shallow#1,train
Adjectives/28. shallow/MVI_9804.MOV,28. shallow,Adjectives,28. shallow#1,train
Adjectives/29. clean/MVI_9679.MOV,29. clean,Adjectives,29. clean#0,train
Adjectives/29. clean/MVI_9680.MOV,29. clean,Adjectives,29. clean#0,test
Adjectives/29. clean/MVI_9681.MOV,29. clean,Adjectives,29. clean#0,test
Adjectives/29. clean/MVI_9682.MOV,29. clean,Adjectives,29. clean#0,train
Adjectives/29. clean/MVI_9806.MOV,29. clean,Adjectives,29. clean#1,train
Adjectives/29. clean/MVI_9807.MOV,29. clean,Adjectives,29. clean#1,train
Adjectives/29. clean/MVI_9808.MOV,29. clean,Adjectives,29. clean#1,val
Adjectives/29. clean/MVI_9809.MOV,29. clean,Adjectives,29. clean#1,train
Adjectives/3. happy/MVI_5183.MOV,3. happy,Adjectives,3. happy#0,train
Adjectives/3. happy/MVI_5184.MOV,3. happy,Adjectives,3. happy#0,train
Adjectives/3. happy/MVI_5185.MOV,3. happy,Adjectives,3. happy#0,train
Adjectives/3. happy/MVI_5263.MOV,3. happy,Adjectives,3. happy#1,test
Adjectives/3. happy/MVI_5264.MOV,3. happy,Adjectives,3. happy#1,val
Adjectives/3. happy/MVI_5265.MOV,3. happy,Adjectives,3. happy#1,val
Adjectives/3. happy/MVI_5341.MOV,3. happy,Adjectives,3. happy#2,train
Adjectives/3. happy/MVI_5342.MOV,3. happy,Adjectives,3. happy#2,train
Adjectives/3. happy/MVI_5343.MOV,3. happy,Adjectives,3. happy#2,test
Adjectives/3. happy/MVI_9295.MOV,3. happy,Adjectives,3. happy#3,train
Adjectives/3. happy/MVI_9296.MOV,3. happy,Adjectives,3. happy#3,train
Adjectives/3. happy/MVI_9297.MOV,3. happy,Adjectives,3. happy#3,train
Adjectives/3. happy/MVI_9374.MOV,3. happy,Adjectives,3. happy#4,train
Adjectives/3. happy/MVI_9375.MOV,3. happy,Adjectives,3. happy#4,train
Adjectives/3. happy/MVI_9376.MOV,3. happy,Adjectives,3. happy#4,train
Adjectives/3. happy/MVI_9454.MOV,3. happy,Adjectives,3. happy#5,train
Adjectives/3. happy/MVI_9455.MOV,3. happy,Adjectives,3. happy#5,test
Adjectives/3. happy/MVI_9456.MOV,3. happy,Adjectives,3. happy#5,val
Adjectives/3. happy/MVI_9540.MOV,3. happy,Adjectives,3. happy#6,train
Adjectives/3. happy/MVI_9541.MOV,3. happy,Adjectives,3. happy#6,train
Adjectives/3. happy/MVI_9542.MOV,3. happy,Adjectives,3. happy#6,test
Adjectives/30. dirty/MVI_9684.MOV,30. dirty,Adjectives,30. dirty#0,train
Adjectives/30. dirty/MVI_9685.MOV,30. dirty,Adjectives,30. dirty#0,train
Adjectives/30. dirty/MVI_9686.MOV,30. dirty,Adjectives,30. dirty#0,val
Adjectives/30. dirty/MVI_9687.MOV,30. dirty,Adjectives,30. dirty#0,train
Adjectives/30. dirty/MVI_9810.MOV,30. dirty,Adjectives,30. dirty#1,train
Adjectives/30. dirty/MVI_9811.MOV,30. dirty,Adjectives,30. dirty#1,test
Adjectives/30. dirty/MVI_9812.MOV,30. dirty,Adjectives,30. dirty#1,test
Adjectives/30. dirty/MVI_9813.MOV,30. dirty,Adjectives,30. dirty#1,train
Adjectives/31. strong/MVI_9690.MOV,31. strong,Adjectives,31. strong#0,test
Adjectives/31. strong/MVI_9691.MOV,31. strong,Adjectives,31. strong#0,train
Adjectives/31. strong/MVI_9692.MOV,31. strong,Adjectives,31. strong#0,val
Adjectives/31. strong/MVI_9693.MOV,31. strong,Adjectives,31. strong#0,test
Adjectives/31. strong/MVI_9814.MOV,31. strong,Adjectives,31. strong#1,train
Adjectives/31. strong/MVI_9815.MOV,31. strong,Adjectives,31. strong#1,train
Adjectives/31. strong/MVI_9816.MOV,31. strong,Adjectives,31. strong#1,train
Adjectives/31. strong/MVI_9817.MOV,31. strong,Adjectives,31. strong#1,train
Adjectives/32. weak/MVI_9694.MOV,32. weak,Adjectives,32. weak#0,test
Adjectives/32. weak/MVI_9695.MOV,32. weak,Adjectives,32. weak#0,test
Adjectives/32. weak/MVI_9696.MOV,32. weak,Adjectives,32. weak#0,train
Adjectives/32. weak/MVI_9697.MOV,32. weak,Adjectives,32. weak#0,val
Adjectives/32. weak/MVI_9818.MOV,32. weak,Adjectives,32. weak#1,train
Adjectives/32. weak/MVI_9819.MOV,32. weak,Adjectives,32. weak#1,train
Adjectives/32. weak/MVI_9820.MOV,32. weak,Adjectives,32. weak#1,train
Adjectives/32. weak/MVI_9821.MOV,32. weak,Adjectives,32. weak#1,train
Adjectives/33. dead/MVI_9699.MOV,33. dead,Adjectives,33. dead#0,test
Adjectives/33. dead/MVI_9700.MOV,33. dead,Adjectives,33. dead#0,val
Adjectives/33. dead/MVI_9701.MOV,33. dead,Adjectives,33. dead#0,train
Adjectives/33. dead/MVI_9702.MOV,33. dead,Adjectives,33. dead#0,train
Adjectives/33. dead/MVI_9823.MOV,33. dead,Adjectives,33. dead#1,train
Adjectives/33. dead/MVI_9824.MOV,33. dead,Adjectives,33. dead#1,train
Adjectives/33. dead/MVI_9825.MOV,33. dead,Adjectives,33. dead#1,train
Adjectives/33. dead/MVI_9826.MOV,33. dead,Adjectives,33. dead#1,test
Adjectives/34. alive/MVI_9703.MOV,34. alive,Adjectives,34. alive#0,train
Adjectives/34. alive/MVI_9704.MOV,34. alive,Adjectives,34. alive#0,train
Adjectives/34. alive/MVI_9705.MOV,34. alive,Adjectives,34. alive#0,test
Adjectives/34. alive/MVI_9706.MOV,34. alive,Adjectives,34. alive#0,train
Adjectives/34. alive/MVI_9827.MOV,34. alive,Adjectives,34. alive#1,val
Adjectives/34. alive/MVI_9828.MOV,34. alive,Adjectives,34. alive#1,train
Adjectives/34. alive/MVI_9829.MOV,34. alive,Adjectives,34. alive#1,test
Adjectives/34. alive/MVI_9830.MOV,34. alive,Adjectives,34. alive#1,train
Adjectives/35. heavy/MVI_9707.MOV,35. heavy,Adjectives,35. heavy#0,train
Adjectives/35. heavy/MVI_9708.MOV,35. heavy,Adjectives,35. heavy#0,train
Adjectives/35. heavy/MVI_9709.MOV,35. heavy,Adjectives,35. heavy#0,val
Adjectives/35. heavy/MVI_9710.MOV,35. heavy,Adjectives,35. heavy#0,test
Adjectives/35. heavy/MVI_9831.MOV,35. heavy,Adjectives,35. heavy#1,train
Adjectives/35. heavy/MVI_9832.MOV,35. heavy,Adjectives,35. heavy#1,test
Adjectives/35. heavy/MVI_9833.MOV,35. heavy,Adjectives,35. heavy#1,train
Adjectives/35. heavy/MVI_9834.MOV,35. heavy,Adjectives,35. heavy#1,train
Adjectives/36. light/MVI_9711.MOV,36. light,Adjectives,36. light#0,train
Adjectives/36. light/MVI_9712.MOV,36. light,Adjectives,36. light#0,train
Adjectives/36. light/MVI_9713.MOV,36. light,Adjectives,36. light#0,train
Adjectives/36. light/MVI_9714.MOV,36. light,Adjectives,36. light#0,train
Adjectives/36. light/MVI_9835.MOV,36. light,Adjectives,36. light#1,test
Adjectives/36. light/MVI_9836.MOV,36. light,Adjectives,36. light#1,val
Adjectives/36. light/MVI_9837.MOV,36. light,Adjectives,36. light#1,test
Adjectives/36. light/MVI_9838.MOV,36. light,Adjectives,36. light#1,train
Adjectives/39. famous/MVI_9715.MOV,39. famous,Adjectives,39. famous#0,train
Adjectives/39. famous/MVI_9716.MOV,39. famous,Adjectives,39. famous#0,train
Adjectives/39. famous/MVI_9717.MOV,39. famous,Adjectives,39. famous#0,test
Adjectives/39. famous/MVI_9718.MOV,39. famous,Adjectives,39. famous#0,test
Adjectives/39. famous/MVI_9839.MOV,39. famous,Adjectives,39. famous#1,train
Adjectives/39. famous/MVI_9841.MOV,39. famous,Adjectives,39. famous#1,val
Adjectives/39. famous/MVI_9842.MOV,39. famous,Adjectives,39. famous#1,train
Adjectives/39. famous/MVI_9843.MOV,39. famous,Adjectives,39. famous#1,train
Adjectives/4. sad/MVI_9565.MOV,4. sad,Adjectives,4. sad#0,val
Adjectives/4. sad/MVI_9566.MOV,4. sad,Adjectives,4. sad#0,train
Adjectives/4. sad/MVI_9567.MOV,4. sad,Adjectives,4. sad#0,train
Adjectives/4. sad/MVI_9568.MOV,4. sad,Adjectives,4. sad#0,test
Adjectives/4. sad/MVI_9719.MOV,4. sad,Adjectives,4. sad#1,test
Adjectives/4. sad/MVI_9720.MOV,4. sad,Adjectives,4. sad#1,train
Adjectives/4. sad/MVI_9721.MOV,4. sad,Adjectives,4. sad#1,train
Adjectives/4. sad/MVI_9722.MOV,4. sad,Adjectives,4. sad#1,train
Adjectives/5. Beautiful/MVI_9569.MOV,5. Beautiful,Adjectives,5. Beautiful#0,test
Adjectives/5. Beautiful/MVI_9570.MOV,5. Beautiful,Adjectives,5. Beautiful#0,train
Adjectives/5. Beautiful/MVI_9571.MOV,5. Beautiful,Adjectives,5. Beautiful#0,train
Adjectives/5. Beautiful/MVI_9572.MOV,5. Beautiful,Adjectives,5. Beautiful#0,train
Adjectives/5. Beautiful/MVI_9723.MOV,5. Beautiful,Adjectives,5. Beautiful#1,train
Adjectives/5. Beautiful/MVI_9724.MOV,5. Beautiful,Adjectives,5. Beautiful#1,train
Adjectives/5. Beautiful/MVI_9725.MOV,5. Beautiful,Adjectives,5. Beautiful#1,val
Adjectives/5. Beautiful/MVI_9726.MOV,5. Beautiful,Adjectives,5. Beautiful#1,test
Adjectives/6. Ugly/MVI_9576.MOV,6. Ugly,Adjectives,6. Ugly#0,train
Adjectives/6. Ugly/MVI_9577.MOV,6. Ugly,Adjectives,6. Ugly#0,val
Adjectives/6. Ugly/MVI_9578.MOV,6. Ugly,Adjectives,6. Ugly#0,train
Adjectives/6. Ugly/MVI_9579.MOV,6. Ugly,Adjectives,6. Ugly#0,test
Adjectives/6. Ugly/MVI_9844.MOV,6. Ugly,Adjectives,6. Ugly#1,train
Adjectives/6. Ugly/MVI_9845.MOV,6. Ugly,Adjectives,6. Ugly#1,train
Adjectives/6. Ugly/MVI_9846.MOV,6. Ugly,Adjectives,6. Ugly#1,test
Adjectives/6. Ugly/MVI_9847.MOV,6. Ugly,Adjectives,6. Ugly#1,train
Adjectives/7. Deaf/MVI_9580.MOV,7. Deaf,Adjectives,7. Deaf#0,val
Adjectives/7. Deaf/MVI_9581.MOV,7. Deaf,Adjectives,7. Deaf#0,train
Adjectives/7. Deaf/MVI_9582.MOV,7. Deaf,Adjectives,7. Deaf#0,test
Adjectives/7. Deaf/MVI_9583.MOV,7. Deaf,Adjectives,7. Deaf#0,train
Adjectives/7. Deaf/MVI_9848.MOV,7. Deaf,Adjectives,7. Deaf#1,test
Adjectives/7. Deaf/MVI_9849.MOV,7. Deaf,Adjectives,7. Deaf#1,train
Adjectives/7. Deaf/MVI_9850.MOV,7. Deaf,Adjectives,7. Deaf#1,train
Adjectives/7. Deaf/MVI_9851.MOV,7. Deaf,Adjectives,7. Deaf#1,train
Adjectives/78. long/MVI_5106.MOV,78. long,Adjectives,78. long#0,train
Adjectives/78. long/MVI_5107.MOV,78. long,Adjectives,78. long#0,train
Adjectives/78. long/MVI_5108.MOV,78. long,Adjectives,78. long#0,train
Adjectives/78. long/MVI_5186.MOV,78. long,Adjectives,78. long#1,train
Adjectives/78. long/MVI_5187.MOV,78. long,Adjectives,78. long#1,train
Adjectives/78. long/MVI_5188.MOV,78. long,Adjectives,78. long#1,val
Adjectives/78. long/MVI_5266.MOV,78. long,Adjectives,78. long#2,test
Adjectives/78. long/MVI_5267.MOV,78. long,Adjectives,78. long#2,train
Adjectives/78. long/MVI_5268.MOV,78. long,Adjectives,78. long#2,train
Adjectives/78. long/MVI_9217.MOV,78. long,Adjectives,78. long#3,test
Adjectives/78. long/MVI_9218.MOV,78. long,Adjectives,78. long#3,train
Adjectives/78. long/MVI_9219.MOV,78. long,Adjectives,78. long#3,train
Adjectives/78. long/MVI_9298.MOV,78. long,Adjectives,78. long#4,train
Adjectives/78. long/MVI_9299.MOV,78. long,Adjectives,78. long#4,val
Adjectives/78. long/MVI_9300.MOV,78. long,Adjectives,78. long#4,test
Adjectives/78. long/MVI_9377.MOV,78. long,Adjectives,78. long#5,train
Adjectives/78. long/MVI_9378.MOV,78. long,Adjectives,78. long#5,train
Adjectives/78. long/MVI_9379.MOV,78. long,Adjectives,78. long#5,test
Adjectives/78. long/MVI_9458.MOV,78. long,Adjectives,78. long#6,val
Adjectives/78. long/MVI_9459.MOV,78. long,Adjectives,78. long#6,train
Adjectives/78. long/MVI_9460.MOV,78. long,Adjectives,78. long#6,train
Adjectives/79. short/MVI_5110.MOV,79. short,Adjectives,79. short#0,train
Adjectives/79. short/MVI_5111.MOV,79. short,Adjectives,79. short#0,train
Adjectives/79. short/MVI_5112.MOV,79. short,Adjectives,79. short#0,test
Adjectives/79. short/MVI_5189.MOV,79. short,Adjectives,79. short#1,test
Adjectives/79. short/MVI_5190.MOV,79. short,Adjectives,79. short#1,test
Adjectives/79. short/MVI_5191.MOV,79. short,Adjectives,79. short#1,train
Adjectives/79. short/MVI_5269.MOV,79. short,Adjectives,79. short#2,train
Adjectives/79. short/MVI_5270.MOV,79. short,Adjectives,79. short#2,train
Adjectives/79. short/MVI_5271.MOV,79. short,Adjectives,79. short#2,val
Adjectives/79. short/MVI_9220.MOV,79. short,Adjectives,79. short#3,train
Adjectives/79. short/MVI_9221.MOV,79. short,Adjectives,79. short#3,train
Adjectives/79. short/MVI_9222.MOV,79. short,Adjectives,79. short#3,train
Adjectives/79. short/MVI_9301.MOV,79. short,Adjectives,79. short#4,val
Adjectives/79. short/MVI_9302.MOV,79. short,Adjectives,79. short#4,test
Adjectives/79. short/MVI_9303.MOV,79. short,Adjectives,79. short#4,train
Adjectives/79. short/MVI_9380.MOV,79. short,Adjectives,79. short#5,train
Adjectives/79. short/MVI_9381.MOV,79. short,Adjectives,79. short#5,val
Adjectives/79. short/MVI_9382.MOV,79. short,Adjectives,79. short#5,train
Adjectives/79. short/MVI_9461.MOV,79. short,Adjectives,79. short#6,train
Adjectives/79. short/MVI_9462.MOV,79. short,Adjectives,79. short#6,train
Adjectives/79. short/MVI_9463.MOV,79. short,Adjectives,79. short#6,train
Adjectives/8. Blind/MVI_9584.MOV,8. Blind,Adjectives,8. Blind#0,train
Adjectives/8. Blind/MVI_9585.MOV,8. Blind,Adjectives,8. Blind#0,train
Adjectives/8. Blind/MVI_9586.MOV,8. Blind,Adjectives,8. Blind#0,test
Adjectives/8. Blind/MVI_9587.MOV,8. Blind,Adjectives,8. Blind#0,test
Adjectives/8. Blind/MVI_9852.MOV,8. Blind,Adjectives,8. Blind#1,val
Adjectives/8. Blind/MVI_9853.MOV,8. Blind,Adjectives,8. Blind#1,train
Adjectives/8. Blind/MVI_9854.MOV,8. Blind,Adjectives,8. Blind#1,train
Adjectives/8. Blind/MVI_9855.MOV,8. Blind,Adjectives,8. Blind#1,train
Adjectives/80. tall/MVI_5114.MOV,80. tall,Adjectives,80. tall#0,val
Adjectives/80. tall/MVI_5115.MOV,80. tall,Adjectives,80. tall#0,train
Adjectives/80. tall/MVI_5116.MOV,80. tall,Adjectives,80. tall#0,train
Adjectives/80. tall/MVI_5194.MOV,80. tall,Adjectives,80. tall#1,test
Adjectives/80. tall/MVI_5195.MOV,80. tall,Adjectives,80. tall#1,val
Adjectives/80. tall/MVI_5196.MOV,80. tall,Adjectives,80. tall#1,train
Adjectives/80. tall/MVI_5273.MOV,80. tall,Adjectives,80. tall#2,train
Adjectives/80. tall/MVI_5274.MOV,80. tall,Adjectives,80. tall#2,train
Adjectives/80. tall/MVI_5276.MOV,80. tall,Adjectives,80. tall#2,train
Adjectives/80. tall/MVI_9223.MOV,80. tall,Adjectives,80. tall#3,val
Adjectives/80. tall/MVI_9224.MOV,80. tall,Adjectives,80. tall#3,train
Adjectives/80. tall/MVI_9225.MOV,80. tall,Adjectives,80. tall#3,train
Adjectives/80. tall/MVI_9307.MOV,80. tall,Adjectives,80. tall#4,train
Adjectives/80. tall/MVI_9308.MOV,80. tall,Adjectives,80. tall#4,test
Adjectives/80. tall/MVI_9309.MOV,80. tall,Adjectives,80. tall#4,test
Adjectives/80. tall/MVI_9384.MOV,80. tall,Adjectives,80. tall#5,train
Adjectives/80. tall/MVI_9386.MOV,80. tall,Adjectives,80. tall#5,train
Adjectives/80. tall/MVI_9387.MOV,80. tall,Adjectives,80. tall#5,test
Adjectives/80. tall/MVI_9464.MOV,80. tall,Adjectives,80. tall#6,train
Adjectives/80. tall/MVI_9465.MOV,80. tall,Adjectives,80. tall#6,train
Adjectives/80. tall/MVI_9466.MOV,80. tall,Adjectives,80. tall#6,train
Adjectives/81. wide/MVI_5117.MOV,81. wide,Adjectives,81. wide#0,train
Adjectives/81. wide/MVI_5118.MOV,81. wide,Adjectives,81. wide#0,train
Adjectives/81. wide/MVI_5119.MOV,81. wide,Adjectives,81. wide#0,train
Adjectives/81. wide/MVI_5197.MOV,81. wide,Adjectives,81. wide#1,train
Adjectives/81. wide/MVI_5198.MOV,81. wide,Adjectives,81. wide#1,train
Adjectives/81. wide/MVI_5199.MOV,81. wide,Adjectives,81. wide#1,train
Adjectives/81. wide/MVI_5277.MOV,81. wide,Adjectives,81. wide#2,val
Adjectives/81. wide/MVI_5278.MOV,81. wide,Adjectives,81. wide#2,train
Adjectives/81. wide/MVI_5279.MOV,81. wide,Adjectives,81. wide#2,test
Adjectives/81. wide/MVI_9227.MOV,81. wide,Adjectives,81. wide#3,test
Adjectives/81. wide/MVI_9228.MOV,81. wide,Adjectives,81. wide#3,val
Adjectives/81. wide/MVI_9229.MOV,81. wide,Adjectives,81. wide#3,val
Adjectives/81. wide/MVI_9310.MOV,81. wide,Adjectives,81. wide#4,train
Adjectives/81. wide/MVI_9311.MOV,81. wide,Adjectives,81. wide#4,train
Adjectives/81. wide/MVI_9312.MOV,81. wide,Adjectives,81. wide#4,test
Adjectives/81. wide/MVI_9388.MOV,81. wide,Adjectives,81. wide#5,train
Adjectives/81. wide/MVI_9389.MOV,81. wide,Adjectives,81. wide#5,test
Adjectives/81. wide/MVI_9390.MOV,81. wide,Adjectives,81. wide#5,train
Adjectives/81. wide/MVI_9467.MOV,81. wide,Adjectives,81. wide#6,train
Adjectives/81. wide/MVI_9468.MOV,81. wide,Adjectives,81. wide#6,train
Adjectives/81. wide/MVI_9469.MOV,81. wide,Adjectives,81. wide#6,train
Adjectives/82. narrow/MVI_5120.MOV,82. narrow,Adjectives,82. narrow#0,train
Adjectives/82. narrow/MVI_5121.MOV,82. narrow,Adjectives,82. narrow#0,val
Adjectives/82. narrow/MVI_5122.MOV,82. narrow,Adjectives,82. narrow#0,test
Adjectives/82. narrow/MVI_5200.MOV,82. narrow,Adjectives,82. narrow#1,train
Adjectives/82. narrow/MVI_5201.MOV,82. narrow,Adjectives,82. narrow#1,train
Adjectives/82. narrow/MVI_5202.MOV,82. narrow,Adjectives,82. narrow#1,train
Adjectives/82. narrow/MVI_5280.MOV,82. narrow,Adjectives,82. narrow#2,train
Adjectives/82. narrow/MVI_5281.MOV,82. narrow,Adjectives,82. narrow#2,train
Adjectives/82. narrow/MVI_5282.MOV,82. narrow,Adjectives,82. narrow#2,train
Adjectives/82. narrow/MVI_9230.MOV,82. narrow,Adjectives,82. narrow#3,train
Adjectives/82. narrow/MVI_9231.MOV,82. narrow,Adjectives,82. narrow#3,test
Adjectives/82. narrow/MVI_9232.MOV,82. narrow,Adjectives,82. narrow#3,train
Adjectives/82. narrow/MVI_9313.MOV,82. narrow,Adjectives,82. narrow#4,train
Adjectives/82. narrow/MVI_9314.MOV,82. narrow,Adjectives,82. narrow#4,train
Adjectives/82. narrow/MVI_9315.MOV,82. narrow,Adjectives,82. narrow#4,test
Adjectives/82. narrow/MVI_9391.MOV,82. narrow,Adjectives,82. narrow#5,val
Adjectives/82. narrow/MVI_9392.MOV,82. narrow,Adjectives,82. narrow#5,train
Adjectives/82. narrow/MVI_9393.MOV,82. narrow,Adjectives,82. narrow#5,test
Adjectives/82. narrow/MVI_9471.MOV,82. narrow,Adjectives,82. narrow#6,train
Adjectives/82. narrow/MVI_9472.MOV,82. narrow,Adjectives,82. narrow#6,val
Adjectives/82. narrow/MVI_9474.MOV,82. narrow,Adjectives,82. narrow#6,train
Adjectives/83. big large/MVI_5123.MOV,83. big large,Adjectives,83. big large#0,train
Adjectives/83. big large/MVI_5124.MOV,83. big large,Adjectives,83. big large#0,train
Adjectives/83. big large/MVI_5125.MOV,83. big large,Adjectives,83. big large#0,test
Adjectives/83. big large/MVI_5203.MOV,83. big large,Adjectives,83. big large#1,val
Adjectives/83. big large/MVI_5204.MOV,83. big large,Adjectives,83. big large#1,train
Adjectives/83. big large/MVI_5205.MOV,83. big large,Adjectives,83. big large#1,train
Adjectives/83. big large/MVI_5283.MOV,83. big large,Adjectives,83. big large#2,train
Adjectives/83. big large/MVI_5284.MOV,83. big large,Adjectives,83. big large#2,train
Adjectives/83. big large/MVI_5285.MOV,83. big large,Adjectives,83. big large#2,test
Adjectives/83. big large/MVI_9233.MOV,83. big large,Adjectives,83. big large#3,train
Adjectives/83. big large/MVI_9234.MOV,83. big large,Adjectives,83. big large#3,train
Adjectives/83. big large/MVI_9235.MOV,83. big large,Adjectives,83. big large#3,train
Adjectives/83. big large/MVI_9316.MOV,83. big large,Adjectives,83. big large#4,test
Adjectives/83. big large/MVI_9317.MOV,83. big large,Adjectives,83. big large#4,train
Adjectives/83. big large/MVI_9318.MOV,83. big large,Adjectives,83. big large#4,train
Adjectives/83. big large/MVI_9394.MOV,83. big large,Adjectives,83. big large#5,train
Adjectives/83. big large/MVI_9395.MOV,83. big large,Adjectives,83. big large#5,train
Adjectives/83. big large/MVI_9396.MOV,83. big large,Adjectives,83. big large#5,test
Adjectives/83. big large/MVI_9475.MOV,83. big large,Adjectives,83. big large#6,val
Adjectives/83. big large/MVI_9476.MOV,83. big large,Adjectives,83. big large#6,train
Adjectives/83. big large/MVI_9477.MOV,83. big large,Adjectives,83. big large#6,val
Adjectives/84. small little/MVI_5126.MOV,84. small little,Adjectives,84. small little#0,train
Adjectives/84. small little/MVI_5127.MOV,84. small little,Adjectives,84. small little#0,train
Adjectives/84. small little/MVI_5128.MOV,84. small little,Adjectives,84. small little#0,train
Adjectives/84. small little/MVI_5206.MOV,84. small little,Adjectives,84. small little#1,train
Adjectives/84. small little/MVI_5207.MOV,84. small little,Adjectives,84. small little#1,train
Adjectives/84. small little/MVI_5208.MOV,84. small little,Adjectives,84. small little#1,train
Adjectives/84. small little/MVI_5286.MOV,84. small little,Adjectives,84. small little#2,train
Adjectives/84. small little/MVI_5287.MOV,84. small little,Adjectives,84. small little#2,train
Adjectives/84. small little/MVI_5288.MOV,84. small little,Adjectives,84. small little#2,test
Adjectives/84. small little/MVI_9236.MOV,84. small little,Adjectives,84. small little#3,train
Adjectives/84. small little/MVI_9237.MOV,84. small little,Adjectives,84. small little#3,test
Adjectives/84. small little/MVI_9238.MOV,84. small little,Adjectives,84. small little#3,train
Adjectives/84. small little/MVI_9319.MOV,84. small little,Adjectives,84. small little#4,train
Adjectives/84. small little/MVI_9320.MOV,84. small little,Adjectives,84. small little#4,val
Adjectives/84. small little/MVI_9321.MOV,84. small little,Adjectives,84. small little#4,train
Adjectives/84. small little/MVI_9397.MOV,84. small little,Adjectives,84. small little#5,val
Adjectives/84. small little/MVI_9398.MOV,84. small little,Adjectives,84. small little#5,train
Adjectives/84. small little/MVI_9400.MOV,84. small little,Adjectives,84. small little#5,test
Adjectives/84. small little/MVI_9478.MOV,84. small little,Adjectives,84. small little#6,train
Adjectives/84. small little/MVI_9479.MOV,84. small little,Adjectives,84. small little#6,val
Adjectives/84. small little/MVI_9480.MOV,84. small little,Adjectives,84. small little#6,test
Adjectives/85. slow/MVI_5130.MOV,85. slow,Adjectives,85. slow#0,train
Adjectives/85. slow/MVI_5131.MOV,85. slow,Adjectives,85. slow#0,train
Adjectives/85. slow/MVI_5132.MOV,85. slow,Adjectives,85. slow#0,train
Adjectives/85. slow/MVI_5210.MOV,85. slow,Adjectives,85. slow#1,train
Adjectives/85. slow/MVI_5211.MOV,85. slow,Adjectives,85. slow#1,train
Adjectives/85. slow/MVI_5212.MOV,85. slow,Adjectives,85. slow#1,train
Adjectives/85. slow/MVI_5289.MOV,85. slow,Adjectives,85. slow#2,train
Adjectives/85. slow/MVI_5290.MOV,85. slow,Adjectives,85. slow#2,train
Adjectives/85. slow/MVI_5291.MOV,85. slow,Adjectives,85. slow#2,val
Adjectives/85. slow/MVI_9240.MOV,85. slow,Adjectives,85. slow#3,val
Adjectives/85. slow/MVI_9242.MOV,85. slow,Adjectives,85. slow#3,test
Adjectives/85. slow/MVI_9243.MOV,85. slow,Adjectives,85. slow#3,train
Adjectives/85. slow/MVI_9322.MOV,85. slow,Adjectives,85. slow#4,test
Adjectives/85. slow/MVI_9323.MOV,85. slow,Adjectives,85. slow#4,test
Adjectives/85. slow/MVI_9324.MOV,85. slow,Adjectives,85. slow#4,test
Adjectives/85. slow/MVI_9402.MOV,85. slow,Adjectives,85. slow#5,train
Adjectives/85. slow/MVI_9403.MOV,85. slow,Adjectives,85. slow#5,val
Adjectives/85. slow/MVI_9404.MOV,85. slow,Adjectives,85. slow#5,train
Adjectives/85. slow/MVI_9481.MOV,85. slow,Adjectives,85. slow#6,train
Adjectives/85. slow/MVI_9482.MOV,85. slow,Adjectives,85. slow#6,train
Adjectives/85. slow/MVI_9483.MOV,85. slow,Adjectives,85. slow#6,train
Adjectives/86. fast/MVI_5133.MOV,86. fast,Adjectives,86. fast#0,train
Adjectives/86. fast/MVI_5134.MOV,86. fast,Adjectives,86. fast#0,train
Adjectives/86. fast/MVI_5135.MOV,86. fast,Adjectives,86. fast#0,train
Adjectives/86. fast/MVI_5213.MOV,86. fast,Adjectives,86. fast#1,train
Adjectives/86. fast/MVI_5214.MOV,86. fast,Adjectives,86. fast#1,test
Adjectives/86. fast/MVI_5215.MOV,86. fast,Adjectives,86. fast#1,val
Adjectives/86. fast/MVI_5292.MOV,86. fast,Adjectives,86. fast#2,train
Adjectives/86. fast/MVI_5293.MOV,86. fast,Adjectives,86. fast#2,train
Adjectives/86. fast/MVI_5294.MOV,86. fast,Adjectives,86. fast#2,test
Adjectives/86. fast/MVI_9244.MOV,86. fast,Adjectives,86. fast#3,train
Adjectives/86. fast/MVI_9245.MOV,86. fast,Adjectives,86. fast#3,train
Adjectives/86. fast/MVI_9246.MOV,86. fast,Adjectives,86. fast#3,train
Adjectives/86. fast/MVI_9325.MOV,86. fast,Adjectives,86. fast#4,val
Adjectives/86. fast/MVI_9326.MOV,86. fast,Adjectives,86. fast#4,train
Adjectives/86. fast/MVI_9327.MOV,86. fast,Adjectives,86. fast#4,test
Adjectives/86. fast/MVI_9405.MOV,86. fast,Adjectives,86. fast#5,train
Adjectives/86. fast/MVI_9406.MOV,86. fast,Adjectives,86. fast#5,test
Adjectives/86. fast/MVI_9407.MOV,86. fast,Adjectives,86. fast#5,train
Adjectives/86. fast/MVI_9484.MOV,86. fast,Adjectives,86. fast#6,train
Adjectives/86. fast/MVI_9485.MOV,86. fast,Adjectives,86. fast#6,train
Adjectives/86. fast/MVI_9486.MOV,86. fast,Adjectives,86. fast#6,val
Adjectives/87. hot/MVI_5136.MOV,87. hot,Adjectives,87. hot#0,test
Adjectives/87. hot/MVI_5137.MOV,87. hot,Adjectives,87. hot#0,train
Adjectives/87. hot/MVI_5138.MOV,87. hot,Adjectives,87. hot#0,train
Adjectives/87. hot/MVI_5216.MOV,87. hot,Adjectives,87. hot#1,train
Adjectives/87. hot/MVI_5217.MOV,87. hot,Adjectives,87. hot#1,train
Adjectives/87. hot/MVI_5218.MOV,87. hot,Adjectives,87. hot#1,train
Adjectives/87. hot/MVI_5295.MOV,87. hot,Adjectives,87. hot#2,train
Adjectives/87. hot/MVI_5296.MOV,87. hot,Adjectives,87. hot#2,train
Adjectives/87. hot/MVI_5297.MOV,87. hot,Adjectives,87. hot#2,test
Adjectives/87. hot/MVI_9247.MOV,87. hot,Adjectives,87. hot#3,train
Adjectives/87. hot/MVI_9248.MOV,87. hot,Adjectives,87. hot#3,train
Adjectives/87. hot/MVI_9249.MOV,87. hot,Adjectives,87. hot#3,val
Adjectives/87. hot/MVI_9328.MOV,87. hot,Adjectives,87. hot#4,train
Adjectives/87. hot/MVI_9329.MOV,87. hot,Adjectives,87. hot#4,test
Adjectives/87. hot/MVI_9330.MOV,87. hot,Adjectives,87. hot#4,val
Adjectives/87. hot/MVI_9408.MOV,87. hot,Adjectives,87. hot#5,test
Adjectives/87. hot/MVI_9409.MOV,87. hot,Adjectives,87. hot#5,train
Adjectives/87. hot/MVI_9410.MOV,87. hot,Adjectives,87. hot#5,train
Adjectives/87. hot/MVI_9487.MOV,87. hot,Adjectives,87. hot#6,train
Adjectives/87. hot/MVI_9488.MOV,87. hot,Adjectives,87. hot#6,train
Adjectives/87. hot/MVI_9489.MOV,87. hot,Adjectives,87. hot#6,val
Adjectives/88. cold/MVI_5139.MOV,88. cold,Adjectives,88. cold#0,train
Adjectives/88. cold/MVI_5140.MOV,88. cold,Adjectives,88. cold#0,train
Adjectives/88. cold/MVI_5219.MOV,88. cold,Adjectives,88. cold#1,train
Adjectives/88. cold/MVI_5220.MOV,88. cold,Adjectives,88. cold#1,test
Adjectives/88. cold/MVI_5221.MOV,88. cold,Adjectives,88. cold#1,test
Adjectives/88. cold/MVI_5298.MOV,88. cold,Adjectives,88. cold#2,train
Adjectives/88. cold/MVI_5299.MOV,88. cold,Adjectives,88. cold#2,train
Adjectives/88. cold/MVI_5300.MOV,88. cold,Adjectives,88. cold#2,train
Adjectives/88. cold/MVI_9250.MOV,88. cold,Adjectives,88. cold#3,train
Adjectives/88. cold/MVI_9251.MOV,88. cold,Adjectives,88. cold#3,train
Adjectives/88. cold/MVI_9252.MOV,88. cold,Adjectives,88. cold#3,train
Adjectives/88. cold/MVI_9331.MOV,88. cold,Adjectives,88. cold#4,train
Adjectives/88. cold/MVI_9332.MOV,88. cold,Adjectives,88. cold#4,train
Adjectives/88. cold/MVI_9333.MOV,88. cold,Adjectives,88. cold#4,test
Adjectives/88. cold/MVI_9411.MOV,88. cold,Adjectives,88. cold#5,train
Adjectives/88. cold/MVI_9412.MOV,88. cold,Adjectives,88. cold#5,train
Adjectives/88. cold/MVI_9413.MOV,88. cold,Adjectives,88. cold#5,test
Adjectives/88. cold/MVI_9490.MOV,88. cold,Adjectives,88. cold#6,val
Adjectives/88. cold/MVI_9491.MOV,88. cold,Adjectives,88. cold#6,val
Adjectives/88. cold/MVI_9492.MOV,88. cold,Adjectives,88. cold#6,train
Adjectives/89. warm/MVI_5141.MOV,89. warm,Adjectives,89. warm#0,train
Adjectives/89. warm/MVI_5143.MOV,89. warm,Adjectives,89. warm#0,val
Adjectives/89. warm/MVI_5144.MOV,89. warm,Adjectives,89. warm#0,train
Adjectives/89. warm/MVI_5222.MOV,89. warm,Adjectives,89. warm#1,test
Adjectives/89. warm/MVI_5223.MOV,89. warm,Adjectives,89. warm#1,train
Adjectives/89. warm/MVI_5224.MOV,89. warm,Adjectives,89. warm#1,train
Adjectives/89. warm/MVI_5301.MOV,89. warm,Adjectives,89. warm#2,test
Adjectives/89. warm/MVI_5302.MOV,89. warm,Adjectives,89. warm#2,train
Adjectives/89. warm/MVI_5303.MOV,89. warm,Adjectives,89. warm#2,train
Adjectives/89. warm/MVI_9253.MOV,89. warm,Adjectives,89. warm#3,val
Adjectives/89. warm/MVI_9254.MOV,89. warm,Adjectives,89. warm#3,train
Adjectives/89. warm/MVI_9255.MOV,89. warm,Adjectives,89. warm#3,train
Adjectives/89. warm/MVI_9334.MOV,89. warm,Adjectives,89. warm#4,test
Adjectives/89. warm/MVI_9335.MOV,89. warm,Adjectives,89. warm#4,test
Adjectives/89. warm/MVI_9336.MOV,89. warm,Adjectives,89. warm#4,train
Adjectives/89. warm/MVI_9415.MOV,89. warm,Adjectives,89. warm#5,train
Adjectives/89. warm/MVI_9416.MOV,89. warm,Adjectives,89. warm#5,train
Adjectives/89. warm/MVI_9417.MOV,89. warm,Adjectives,89. warm#5,train
Adjectives/89. warm/MVI_9493.MOV,89. warm,Adjectives,89. warm#6,train
Adjectives/89. warm/MVI_9494.MOV,89. warm,Adjectives,89. warm#6,train
Adjectives/89. warm/MVI_9495.MOV,89. warm,Adjectives,89. warm#6,val
Adjectives/9. Nice/MVI_9588.MOV,9. Nice,Adjectives,9. Nice#0,train
Adjectives/9. Nice/MVI_9589.MOV,9. Nice,Adjectives,9. Nice#0,val
Adjectives/9. Nice/MVI_9590.MOV,9. Nice,Adjectives,9. Nice#0,train
Adjectives/9. Nice/MVI_9591.MOV,9. Nice,Adjectives,9. Nice#0,test
Adjectives/90. cool/MVI_5145.MOV,90. cool,Adjectives,90. cool#0,test
Adjectives/90. cool/MVI_5146.MOV,90. cool,Adjectives,90. cool#0,test
Adjectives/90. cool/MVI_5147.MOV,90. cool,Adjectives,90. cool#0,train
Adjectives/90. cool/MVI_5225.MOV,90. cool,Adjectives,90. cool#1,train
Adjectives/90. cool/MVI_5226.MOV,90. cool,Adjectives,90. cool#1,val
Adjectives/90. cool/MVI_5227.MOV,90. cool,Adjectives,90. cool#1,train
Adjectives/90. cool/MVI_5304.MOV,90. cool,Adjectives,90. cool#2,val
Adjectives/90. cool/MVI_5305.MOV,90. cool,Adjectives,90. cool#2,train
Adjectives/90. cool/MVI_5306.MOV,90. cool,Adjectives,90. cool#2,train
Adjectives/90. cool/MVI_9256.MOV,90. cool,Adjectives,90. cool#3,train
Adjectives/90. cool/MVI_9257.MOV,90. cool,Adjectives,90. cool#3,train
Adjectives/90. cool/MVI_9258.MOV,90. cool,Adjectives,90. cool#3,train
Adjectives/90. cool/MVI_9337.MOV,90. cool,Adjectives,90. cool#4,test
Adjectives/90. cool/MVI_9338.MOV,90. cool,Adjectives,90. cool#4,train
Adjectives/90. cool/MVI_9339.MOV,90. cool,Adjectives,90. cool#4,train
Adjectives/90. cool/MVI_9418.MOV,90. cool,Adjectives,90. cool#5,train
Adjectives/90. cool/MVI_9419.MOV,90. cool,Adjectives,90. cool#5,val
Adjectives/90. cool/MVI_9420.MOV,90. cool,Adjectives,90. cool#5,train
Adjectives/90. cool/MVI_9497.MOV,90. cool,Adjectives,90. cool#6,test
Adjectives/90. cool/MVI_9498.MOV,90. cool,Adjectives,90. cool#6,train
Adjectives/90. cool/MVI_9499.MOV,90. cool,Adjectives,90. cool#6,train
Adjectives/91. new/MVI_5148.MOV,91. new,Adjectives,91. new#0,test
Adjectives/91. new/MVI_5150.MOV,91. new,Adjectives,91. new#0,train
Adjectives/91. new/MVI_5151.MOV,91. new,Adjectives,91. new#0,train
Adjectives/91. new/MVI_5229.MOV,91. new,Adjectives,91. new#1,train
Adjectives/91. new/MVI_5230.MOV,91. new,Adjectives,91. new#1,train
Adjectives/91. new/MVI_5231.MOV,91. new,Adjectives,91. new#1,test
Adjectives/91. new/MVI_5307.MOV,91. new,Adjectives,91. new#2,train
Adjectives/91. new/MVI_5308.MOV,91. new,Adjectives,91. new#2,test
Adjectives/91. new/MVI_5309.MOV,91. new,Adjectives,91. new#2,val
Adjectives/91. new/MVI_9259.MOV,91. new,Adjectives,91. new#3,train
Adjectives/91. new/MVI_9260.MOV,91. new,Adjectives,91. new#3,train
Adjectives/91. new/MVI_9261.MOV,91. new,Adjectives,91. new#3,train
Adjectives/91. new/MVI_9340.MOV,91. new,Adjectives,91. new#4,train
Adjectives/91. new/MVI_9341.MOV,91. new,Adjectives,91. new#4,val
Adjectives/91. new/MVI_9342.MOV,91. new,Adjectives,91. new#4,train
Adjectives/91. new/MVI_9421.MOV,91. new,Adjectives,91. new#5,test
Adjectives/91. new/MVI_9422.MOV,91. new,Adjectives,91. new#5,val
Adjectives/91. new/MVI_9423.MOV,91. new,Adjectives,91. new#5,train
Adjectives/91. new/MVI_9500.MOV,91. new,Adjectives,91. new#6,train
Adjectives/91. new/MVI_9501.MOV,91. new,Adjectives,91. new#6,train
Adjectives/91. new/MVI_9502.MOV,91. new,Adjectives,91. new#6,train
Adjectives/92. old/MVI_5152.MOV,92. old,Adjectives,92. old#0,train
Adjectives/92. old/MVI_5153.MOV,92. old,Adjectives,92. old#0,test
Adjectives/92. old/MVI_5154.MOV,92. old,Adjectives,92. old#0,test
Adjectives/92. old/MVI_5232.MOV,92. old,Adjectives,92. old#1,val
Adjectives/92. old/MVI_5233.MOV,92. old,Adjectives,92. old#1,val
Adjectives/92. old/MVI_5234.MOV,92. old,Adjectives,92. old#1,train
Adjectives/92. old/MVI_5310.MOV,92. old,Adjectives,92. old#2,test
Adjectives/92. old/MVI_5311.MOV,92. old,Adjectives,92. old#2,train
Adjectives/92. old/MVI_5312.MOV,92. old,Adjectives,92. old#2,train
Adjectives/92. old/MVI_9262.MOV,92. old,Adjectives,92. old#3,train
Adjectives/92. old/MVI_9263.MOV,92. old,Adjectives,92. old#3,train
Adjectives/92. old/MVI_9264.MOV,92. old,Adjectives,92. old#3,train
Adjectives/92. old/MVI_9343.MOV,92. old,Adjectives,92. old#4,train
Adjectives/92. old/MVI_9344.MOV,92. old,Adjectives,92. old#4,test
Adjectives/92. old/MVI_9345.MOV,92. old,Adjectives,92. old#4,train
Adjectives/92. old/MVI_9424.MOV,92. old,Adjectives,92. old#5,train
Adjectives/92. old/MVI_9425.MOV,92. old,Adjectives,92. old#5,train
Adjectives/92. old/MVI_9426.MOV,92. old,Adjectives,92. old#5,val
Adjectives/92. old/MVI_9504.MOV,92. old,Adjectives,92. old#6,train
Adjectives/92. old/MVI_9505.MOV,92. old,Adjectives,92. old#6,train
Adjectives/92. old/MVI_9506.MOV,92. old,Adjectives,92. old#6,train
Adjectives/93. young/MVI_5155.MOV,93. young,Adjectives,93. young#0,train
Adjectives/93. young/MVI_5156.MOV,93. young,Adjectives,93. young#0,val
Adjectives/93. young/MVI_5157.MOV,93. young,Adjectives,93. young#0,val
Adjectives/93. young/MVI_5235.MOV,93. young,Adjectives,93. young#1,test
Adjectives/93. young/MVI_5236.MOV,93. young,Adjectives,93. young#1,train
Adjectives/93. young/MVI_5237.MOV,93. young,Adjectives,93. young#1,train
Adjectives/93. young/MVI_5313.MOV,93. young,Adjectives,93. young#2,train
Adjectives/93. young/MVI_5314.MOV,93. young,Adjectives,93. young#2,train
Adjectives/93. young/MVI_5315.MOV,93. young,Adjectives,93. young#2,test
Adjectives/93. young/MVI_9265.MOV,93. young,Adjectives,93. young#3,test
Adjectives/93. young/MVI_9266.MOV,93. young,Adjectives,93. young#3,train
Adjectives/93. young/MVI_9267.MOV,93. young,Adjectives,93. young#3,train
Adjectives/93. young/MVI_9346.MOV,93. young,Adjectives,93. young#4,train
Adjectives/93. young/MVI_9347.MOV,93. young,Adjectives,93. young#4,train
Adjectives/93. young/MVI_9348.MOV,93. young,Adjectives,93. young#4,train
Adjectives/93. young/MVI_9427.MOV,93. young,Adjectives,93. young#5,val
Adjectives/93. young/MVI_9428.MOV,93. young,Adjectives,93. young#5,train
Adjectives/93. young/MVI_9429.MOV,93. young,Adjectives,93. young#5,train
Adjectives/93. young/MVI_9507.MOV,93. young,Adjectives,93. young#6,train
Adjectives/93. young/MVI_9508.MOV,93. young,Adjectives,93. young#6,train
Adjectives/93. young/MVI_9509.MOV,93. young,Adjectives,93. young#6,test
Adjectives/94. good/MVI_5158.MOV,94. good,Adjectives,94. good#0,train
Adjectives/94. good/MVI_5159.MOV,94. good,Adjectives,94. good#0,val
Adjectives/94. good/MVI_5160.MOV,94. good,Adjectives,94. good#0,train
Adjectives/94. good/MVI_5238.MOV,94. good,Adjectives,94. good#1,test
Adjectives/94. good/MVI_5239.MOV,94. good,Adjectives,94. good#1,train
Adjectives/94. good/MVI_5240.MOV,94. good,Adjectives,94. good#1,train
Adjectives/94. good/MVI_5316.MOV,94. good,Adjectives,94. good#2,train
Adjectives/94. good/MVI_5317.MOV,94. good,Adjectives,94. good#2,train
Adjectives/94. good/MVI_5318.MOV,94. good,Adjectives,94. good#2,val
Adjectives/94. good/MVI_9268.MOV,94. good,Adjectives,94. good#3,train
Adjectives/94. good/MVI_9269.MOV,94. good,Adjectives,94. good#3,test
Adjectives/94. good/MVI_9270.MOV,94. good,Adjectives,94. good#3,train
Adjectives/94. good/MVI_9349.MOV,94. good,Adjectives,94. good#4,train
Adjectives/94. good/MVI_9350.MOV,94. good,Adjectives,94. good#4,train
Adjectives/94. good/MVI_9351.MOV,94. good,Adjectives,94. good#4,train
Adjectives/94. good/MVI_9430.MOV,94. good,Adjectives,94. good#5,val
Adjectives/94. good/MVI_9431.MOV,94. good,Adjectives,94. good#5,test
Adjectives/94. good/MVI_9432.MOV,94. good,Adjectives,94. good#5,test
Adjectives/94. good/MVI_9510.MOV,94. good,Adjectives,94. good#6,train
Adjectives/94. good/MVI_9511.MOV,94. good,Adjectives,94. good#6,train
Adjectives/94. good/MVI_9512.MOV,94. good,Adjectives,94. good#6,train
Adjectives/95. bad/MVI_5161.MOV,95. bad,Adjectives,95. bad#0,train
Adjectives/95. bad/MVI_5162.MOV,95. bad,Adjectives,95. bad#0,val
Adjectives/95. bad/MVI_5163.MOV,95. bad,Adjectives,95. bad#0,train
Adjectives/95. bad/MVI_5241.MOV,95. bad,Adjectives,95. bad#1,train
Adjectives/95. bad/MVI_5242.MOV,95. bad,Adjectives,95. bad#1,test
Adjectives/95. bad/MVI_5243.MOV,95. bad,Adjectives,95. bad#1,train
Adjectives/95. bad/MVI_5319.MOV,95. bad,Adjectives,95. bad#2,train
Adjectives/95. bad/MVI_5320.MOV,95. bad,Adjectives,95. bad#2,train
Adjectives/95. bad/MVI_5321.MOV,95. bad,Adjectives,95. bad#2,val
Adjectives/95. bad/MVI_9271.MOV,95. bad,Adjectives,95. bad#3,test
Adjectives/95. bad/MVI_9272.MOV,95. bad,Adjectives,95. bad#3,val
Adjectives/95. bad/MVI_9273.MOV,95. bad,Adjectives,95. bad#3,train
Adjectives/95. bad/MVI_9352.MOV,95. bad,Adjectives,95. bad#4,train
Adjectives/95. bad/MVI_9353.MOV,95. bad,Adjectives,95. bad#4,test
Adjectives/95. bad/MVI_9354.MOV,95. bad,Adjectives,95. bad#4,train
Adjectives/95. bad/MVI_9433.MOV,95. bad,Adjectives,95. bad#5,train
Adjectives/95. bad/MVI_9434.MOV,95. bad,Adjectives,95. bad#5,train
Adjectives/95. bad/MVI_9435.MOV,95. bad,Adjectives,95. bad#5,train
Adjectives/95. bad/MVI_9513.MOV,95. bad,Adjectives,95. bad#6,test
Adjectives/95. bad/MVI_9514.MOV,95. bad,Adjectives,95. bad#6,train
Adjectives/95. bad/MVI_9516.MOV,95. bad,Adjectives,95. bad#6,train
Adjectives/96. wet/MVI_5164.MOV,96. wet,Adjectives,96. wet#0,test
Adjectives/96. wet/MVI_5165.MOV,96. wet,Adjectives,96. wet#0,val
Adjectives/96. wet/MVI_5166.MOV,96. wet,Adjectives,96. wet#0,train
Adjectives/96. wet/MVI_5244.MOV,96. wet,Adjectives,96. wet#1,train
Adjectives/96. wet/MVI_5245.MOV,96. wet,Adjectives,96. wet#1,val
Adjectives/96. wet/MVI_5246.MOV,96. wet,Adjectives,96. wet#1,train
Adjectives/96. wet/MVI_5322.MOV,96. wet,Adjectives,96. wet#2,train
Adjectives/96. wet/MVI_5323.MOV,96. wet,Adjectives,96. wet#2,train
Adjectives/96. wet/MVI_5324.MOV,96. wet,Adjectives,96. wet#2,test
Adjectives/96. wet/MVI_9274.MOV,96. wet,Adjectives,96. wet#3,train
Adjectives/96. wet/MVI_9275.MOV,96. wet,Adjectives,96. wet#3,train
Adjectives/96. wet/MVI_9276.MOV,96. wet,Adjectives,96. wet#3,train
Adjectives/96. wet/MVI_9355.MOV,96. wet,Adjectives,96. wet#4,train
Adjectives/96. wet/MVI_9356.MOV,96. wet,Adjectives,96. wet#4,test
Adjectives/96. wet/MVI_9357.MOV,96. wet,Adjectives,96. wet#4,train
Adjectives/96. wet/MVI_9436.MOV,96. wet,Adjectives,96. wet#5,test
Adjectives/96. wet/MVI_9437.MOV,96. wet,Adjectives,96. wet#5,val
Adjectives/96. wet/MVI_9438.MOV,96. wet,Adjectives,96. wet#5,train
Adjectives/96. wet/MVI_9517.MOV,96. wet,Adjectives,96. wet#6,train
Adjectives/96. wet/MVI_9518.MOV,96. wet,Adjectives,96. wet#6,train
Adjectives/96. wet/MVI_9520.MOV,96. wet,Adjectives,96. wet#6,train
Adjectives/97. dry/MVI_5167.MOV,97. dry,Adjectives,97. dry#0,train
Adjectives/97. dry/MVI_5168.MOV,97. dry,Adjectives,97. dry#0,train
Adjectives/97. dry/MVI_5169.MOV,97. dry,Adjectives,97. dry#0,test
Adjectives/97. dry/MVI_5248.MOV,97. dry,Adjectives,97. dry#1,train
Adjectives/97. dry/MVI_5249.MOV,97. dry,Adjectives,97. dry#1,train
Adjectives/97. dry/MVI_5250.MOV,97. dry,Adjectives,97. dry#1,val
Adjectives/97. dry/MVI_5326.MOV,97. dry,Adjectives,97. dry#2,train
Adjectives/97. dry/MVI_5327.MOV,97. dry,Adjectives,97. dry#2,val
Adjectives/97. dry/MVI_5328.MOV,97. dry,Adjectives,97. dry#2,val
Adjectives/97. dry/MVI_9277.MOV,97. dry,Adjectives,97. dry#3,train
Adjectives/97. dry/MVI_9278.MOV,97. dry,Adjectives,97. dry#3,train
Adjectives/97. dry/MVI_9279.MOV,97. dry,Adjectives,97. dry#3,train
Adjectives/97. dry/MVI_9359.MOV,97. dry,Adjectives,97. dry#4,train
Adjectives/97. dry/MVI_9360.MOV,97. dry,Adjectives,97. dry#4,test
Adjectives/97. dry/MVI_9361.MOV,97. dry,Adjectives,97. dry#4,train
Adjectives/97. dry/MVI_9439.MOV,97. dry,Adjectives,97. dry#5,test
Adjectives/97. dry/MVI_9440.MOV,97. dry,Adjectives,97. dry#5,train
Adjectives/97. dry/MVI_9441.MOV,97. dry,Adjectives,97. dry#5,test
Adjectives/97. dry/MVI_9521.MOV,97. dry,Adjectives,97. dry#6,train
Adjectives/97. dry/MVI_9522.MOV,97. dry,Adjectives,97. dry#6,train
Adjectives/97. dry/MVI_9523.MOV,97. dry,Adjectives,97. dry#6,train
Adjectives/98. sick/MVI_5170.MOV,98. sick,Adjectives,98. sick#0,train
Adjectives/98. sick/MVI_5171.MOV,98. sick,Adjectives,98. sick#0,val
Adjectives/98. sick/MVI_5172.MOV,98. sick,Adjectives,98. sick#0,test
Adjectives/98. sick/MVI_5251.MOV,98. sick,Adjectives,98. sick#1,test
Adjectives/98. sick/MVI_5252.MOV,98. sick,Adjectives,98. sick#1,train
Adjectives/98. sick/MVI_5253.MOV,98. sick,Adjectives,98. sick#1,train
Adjectives/98. sick/MVI_5329.MOV,98. sick,Adjectives,98. sick#2,train
Adjectives/98. sick/MVI_5330.MOV,98. sick,Adjectives,98. sick#2,train
Adjectives/98. sick/MVI_5331.MOV,98. sick,Adjectives,98. sick#2,test
Adjectives/98. sick/MVI_9280.MOV,98. sick,Adjectives,98. sick#3,train
Adjectives/98. sick/MVI_9281.MOV,98. sick,Adjectives,98. sick#3,train
Adjectives/98. sick/MVI_9282.MOV,98. sick,Adjectives,98. sick#3,train
Adjectives/98. sick/MVI_9362.MOV,98. sick,Adjectives,98. sick#4,test
Adjectives/98. sick/MVI_9363.MOV,98. sick,Adjectives,98. sick#4,train
Adjectives/98. sick/MVI_9364.MOV,98. sick,Adjectives,98. sick#4,val
Adjectives/98. sick/MVI_9442.MOV,98. sick,Adjectives,98. sick#5,train
Adjectives/98. sick/MVI_9443.MOV,98. sick,Adjectives,98. sick#5,train
Adjectives/98. sick/MVI_9444.MOV,98. sick,Adjectives,98. sick#5,train
Adjectives/98. sick/MVI_9527.MOV,98. sick,Adjectives,98. sick#6,train
Adjectives/98. sick/MVI_9528.MOV,98. sick,Adjectives,98. sick#6,train
Adjectives/98. sick/MVI_9529.MOV,98. sick,Adjectives,98. sick#6,val
Adjectives/99. healthy/MVI_5173.MOV,99. healthy,Adjectives,99. healthy#0,train
Adjectives/99. healthy/MVI_5174.MOV,99. healthy,Adjectives,99. healthy#0,test
Adjectives/99. healthy/MVI_5175.MOV,99. healthy,Adjectives,99. healthy#0,train
Adjectives/99. healthy/MVI_5254.MOV,99. healthy,Adjectives,99. healthy#1,test
Adjectives/99. healthy/MVI_5255.MOV,99. healthy,Adjectives,99. healthy#1,train
Adjectives/99. healthy/MVI_5256.MOV,99. healthy,Adjectives,99. healthy#1,train
Adjectives/99. healthy/MVI_5332.MOV,99. healthy,Adjectives,99. healthy#2,train
Adjectives/99. healthy/MVI_5333.MOV,99. healthy,Adjectives,99. healthy#2,train
Adjectives/99. healthy/MVI_5334.MOV,99. healthy,Adjectives,99. healthy#2,train
Adjectives/99. healthy/MVI_9286.MOV,99. healthy,Adjectives,99. healthy#3,train
Adjectives/99. healthy/MVI_9287.MOV,99. healthy,Adjectives,99. healthy#3,train
Adjectives/99. healthy/MVI_9288.MOV,99. healthy,Adjectives,99. healthy#3,train
Adjectives/99. healthy/MVI_9365.MOV,99. healthy,Adjectives,99. healthy#4,val
Adjectives/99. healthy/MVI_9366.MOV,99. healthy,Adjectives,99. healthy#4,train
Adjectives/99. healthy/MVI_9367.MOV,99. healthy,Adjectives,99. healthy#4,val
Adjectives/99. healthy/MVI_9445.MOV,99. healthy,Adjectives,99. healthy#5,test
Adjectives/99. healthy/MVI_9446.MOV,99. healthy,Adjectives,99. healthy#5,val
Adjectives/99. healthy/MVI_9447.MOV,99. healthy,Adjectives,99. healthy#5,train
Adjectives/99. healthy/MVI_9530.MOV,99. healthy,Adjectives,99. healthy#6,train
Adjectives/99. healthy/MVI_9531.MOV,99. healthy,Adjectives,99. healthy#6,train
Adjectives/99. healthy/MVI_9532.MOV,99. healthy,Adjectives,99. healthy#6,test
Animals/1. Dog/MVI_2978.MOV,1. Dog,Animals,1. Dog#0,train
Animals/1. Dog/MVI_2979.MOV,1. Dog,Animals,1. Dog#0,test
Animals/1. Dog/MVI_2980.MOV,1. Dog,Animals,1. Dog#0,test
Animals/1. Dog/MVI_3002.MOV,1. Dog,Animals,1. Dog#1,train
Animals/1. Dog/MVI_3003.MOV,1. Dog,Animals,1. Dog#1,train
Animals/1. Dog/MVI_3004.MOV,1. Dog,Animals,1. Dog#1,train
Animals/1. Dog/MVI_3028.MOV,1. Dog,Animals,1. Dog#2,train
Animals/1. Dog/MVI_3029.MOV,1. Dog,Animals,1. Dog#2,val
Animals/1. Dog/MVI_3030.MOV,1. Dog,Animals,1. Dog#2,val
Animals/1. Dog/MVI_3059.MOV,1. Dog,Animals,1. Dog#3,test
Animals/1. Dog/MVI_3060.MOV,1. Dog,Animals,1. Dog#3,train
Animals/1. Dog/MVI_3061.MOV,1. Dog,Animals,1. Dog#3,train
Animals/1. Dog/MVI_3085.MOV,1. Dog,Animals,1. Dog#4,train
Animals/1. Dog/MVI_3086.MOV,1. Dog,Animals,1. Dog#4,test
Animals/1. Dog/MVI_3087.MOV,1. Dog,Animals,1. Dog#4,train
Animals/1. Dog/MVI_4146.MOV,1. Dog,Animals,1. Dog#5,train
Animals/1. Dog/MVI_4147.MOV,1. Dog,Animals,1. Dog#5,train
Animals/1. Dog/MVI_4148.MOV,1. Dog,Animals,1. Dog#5,train
Animals/1. Dog/MVI_8560.MP4,1. Dog,Animals,1. Dog#6,train
Animals/1. Dog/MVI_8561.MP4,1. Dog,Animals,1. Dog#6,train
Animals/2. Cat/MVI_2981.MOV,2. Cat,Animals,2. Cat#0,test
Animals/2. Cat/MVI_2982.MOV,2. Cat,Animals,2. Cat#0,train
Animals/2. Cat/MVI_2983.MOV,2. Cat,Animals,2. Cat#0,train
Animals/2. Cat/MVI_3005.MOV,2. Cat,Animals,2. Cat#1,test
Animals/2. Cat/MVI_3006.MOV,2. Cat,Animals,2. Cat#1,train
Animals/2. Cat/MVI_3007.MOV,2. Cat,Animals,2. Cat#1,train
Animals/2. Cat/MVI_3031.MOV,2. Cat,Animals,2. Cat#2,train
Animals/2. Cat/MVI_3032.MOV,2. Cat,Animals,2. Cat#2,train
Animals/2. Cat/MVI_3033.MOV,2. Cat,Animals,2. Cat#2,val
Animals/2. Cat/MVI_3063.MOV,2. Cat,Animals,2. Cat#3,val
Animals/2. Cat/MVI_3064.MOV,2. Cat,Animals,2. Cat#3,test
Animals/2. Cat/MVI_3065.MOV,2. Cat,Animals,2. Cat#3,train
Animals/2. Cat/MVI_3088.MOV,2. Cat,Animals,2. Cat#4,train
Animals/2. Cat/MVI_3089.MOV,2. Cat,Animals,2. Cat#4,train
Animals/2. Cat/MVI_3090.MOV,2. Cat,Animals,2. Cat#4,train
Animals/2. Cat/MVI_4149.MOV,2. Cat,Animals,2. Cat#5,test
Animals/2. Cat/MVI_4150.MOV,2. Cat,Animals,2. Cat#5,train
Animals/2. Cat/MVI_4151.MOV,2. Cat,Animals,2. Cat#5,train
Animals/2. Cat/MVI_8562.MP4,2. Cat,Animals,2. Cat#6,train
Animals/2. Cat/MVI_8563.MP4,2. Cat,Animals,2. Cat#6,train
Animals/3. Fish/MVI_2984.MOV,3. Fish,Animals,3. Fish#0,val
Animals/3. Fish/MVI_2985.MOV,3. Fish,Animals,3. Fish#0,train
Animals/3. Fish/MVI_2986.MOV,3. Fish,Animals,3. Fish#0,train
Animals/3. Fish/MVI_3008.MOV,3. Fish,Animals,3. Fish#1,train
Animals/3. Fish/MVI_3009.MOV,3. Fish,Animals,3. Fish#1,train
Animals/3. Fish/MVI_3010.MOV,3. Fish,Animals,3. Fish#1,train
Animals/3. Fish/MVI_3034.MOV,3. Fish,Animals,3. Fish#2,test
Animals/3. Fish/MVI_3035.MOV,3. Fish,Animals,3. Fish#2,train
Animals/3. Fish/MVI_3036.MOV,3. Fish,Animals,3. Fish#2,train
Animals/3. Fish/MVI_3067.MOV,3. Fish,Animals,3. Fish#3,val
Animals/3. Fish/MVI_3068.MOV,3. Fish,Animals,3. Fish#3,train
Animals/3. Fish/MVI_3069.MOV,3. Fish,Animals,3. Fish#3,train
Animals/3. Fish/MVI_3091.MOV,3. Fish,Animals,3. Fish#4,train
Animals/3. Fish/MVI_3092.MOV,3. Fish,Animals,3. Fish#4,train
Animals/3. Fish/MVI_3093.MOV,3. Fish,Animals,3. Fish#4,test
Animals/3. Fish/MVI_4152.MOV,3. Fish,Animals,3. Fish#5,test
Animals/3. Fish/MVI_4153.MOV,3. Fish,Animals,3. Fish#5,test
Animals/3. Fish/MVI_4154.MOV,3. Fish,Animals,3. Fish#5,train
Animals/3. Fish/MVI_8565.MP4,3. Fish,Animals,3. Fish#6,train
Animals/3. Fish/MVI_8566.MP4,3. Fish,Animals,3. Fish#6,train
Animals/4. Bird/MVI_2987.MOV,4. Bird,Animals,4. Bird#0,train
Animals/4. Bird/MVI_2988.MOV,4. Bird,Animals,4. Bird#0,train
Animals/4. Bird/MVI_2989.MOV,4. Bird,Animals,4. Bird#0,train
Animals/4. Bird/MVI_3011.MOV,4. Bird,Animals,4. Bird#1,test
Animals/4. Bird/MVI_3012.MOV,4. Bird,Animals,4. Bird#1,val
Animals/4. Bird/MVI_3013.MOV,4. Bird,Animals,4. Bird#1,train
Animals/4. Bird/MVI_3037.MOV,4. Bird,Animals,4. Bird#2,train
Animals/4. Bird/MVI_3038.MOV,4. Bird,Animals,4. Bird#2,test
Animals/4. Bird/MVI_3040.MOV,4. Bird,Animals,4. Bird#2,val
Animals/4. Bird/MVI_3070.MOV,4. Bird,Animals,4. Bird#3,train
Animals/4. Bird/MVI_3071.MOV,4. Bird,Animals,4. Bird#3,test
Animals/4. Bird/MVI_3072.MOV,4. Bird,Animals,4. Bird#3,train
Animals/4. Bird/MVI_3094.MOV,4. Bird,Animals,4. Bird#4,train
Animals/4. Bird/MVI_3095.MOV,4. Bird,Animals,4. Bird#4,train
Animals/4. Bird/MVI_3096.MOV,4. Bird,Animals,4. Bird#4,train
Animals/4. Bird/MVI_4155.MOV,4. Bird,Animals,4. Bird#5,test
Animals/4. Bird/MVI_4156.MOV,4. Bird,Animals,4. Bird#5,train
Animals/4. Bird/MVI_4157.MOV,4. Bird,Animals,4. Bird#5,train
Animals/4. Bird/MVI_8567.MP4,4. Bird,Animals,4. Bird#6,train
Animals/4. Bird/MVI_8568.MP4,4. Bird,Animals,4. Bird#6,train
Animals/5. Cow/MVI_2990.MOV,5. Cow,Animals,5. Cow#0,train
Animals/5. Cow/MVI_2991.MOV,5. Cow,Animals,5. Cow#0,train
Animals/5. Cow/MVI_2992.MOV,5. Cow,Animals,5. Cow#0,train
Animals/5. Cow/MVI_3015.MOV,5. Cow,Animals,5. Cow#1,train
Animals/5. Cow/MVI_3016.MOV,5. Cow,Animals,5. Cow#1,val
Animals/5. Cow/MVI_3017.MOV,5. Cow,Animals,5. Cow#1,test
Animals/5. Cow/MVI_3046.MOV,5. Cow,Animals,5. Cow#2,train
Animals/5. Cow/MVI_3047.MOV,5. Cow,Animals,5. Cow#2,test
Animals/5. Cow/MVI_3048.MOV,5. Cow,Animals,5. Cow#2,val
Animals/5. Cow/MVI_3049.MOV,5. Cow,Animals,5. Cow#2,val
Animals/5. Cow/MVI_3073.MOV,5. Cow,Animals,5. Cow#3,test
Animals/5. Cow/MVI_3074.MOV,5. Cow,Animals,5. Cow#3,test
Animals/5. Cow/MVI_3075.MOV,5. Cow,Animals,5. Cow#3,train
Animals/5. Cow/MVI_3097.MOV,5. Cow,Animals,5. Cow#4,train
Animals/5. Cow/MVI_3098.MOV,5. Cow,Animals,5. Cow#4,train
Animals/5. Cow/MVI_3099.MOV,5. Cow,Animals,5. Cow#4,train
Animals/5. Cow/MVI_4158.MOV,5. Cow,Animals,5. Cow#5,train
Animals/5. Cow/MVI_4159.MOV,5. Cow,Animals,5. Cow#5,train
Animals/5. Cow/MVI_4160.MOV,5. Cow,Animals,5. Cow#5,train
Animals/5. Cow/MVI_8569.MP4,5. Cow,Animals,5. Cow#6,train
Animals/5. Cow/MVI_8570.MP4,5. Cow,Animals,5. Cow#6,train
Animals/6. Mouse/MVI_2993.MOV,6. Mouse,Animals,6. Mouse#0,train
Animals/6. Mouse/MVI_2994.MOV,6. Mouse,Animals,6. Mouse#0,train
Animals/6. Mouse/MVI_2995.MOV,6. Mouse,Animals,6. Mouse#0,train
Animals/6. Mouse/MVI_3018.MOV,6. Mouse,Animals,6. Mouse#1,train
Animals/6. Mouse/MVI_3019.MOV,6. Mouse,Animals,6. Mouse#1,train
Animals/6. Mouse/MVI_3020.MOV,6. Mouse,Animals,6. Mouse#1,train
Animals/6. Mouse/MVI_3050.MOV,6. Mouse,Animals,6. Mouse#2,test
Animals/6. Mouse/MVI_3051.MOV,6. Mouse,Animals,6. Mouse#2,train
Animals/6. Mouse/MVI_3052.MOV,6. Mouse,Animals,6. Mouse#2,train
Animals/6. Mouse/MVI_3076.MOV,6. Mouse,Animals,6. Mouse#3,train
Animals/6. Mouse/MVI_3077.MOV,6. Mouse,Animals,6. Mouse#3,train
Animals/6. Mouse/MVI_3078.MOV,6. Mouse,Animals,6. Mouse#3,train
Animals/6. Mouse/MVI_3100.MOV,6. Mouse,Animals,6. Mouse#4,train
Animals/6. Mouse/MVI_3101.MOV,6. Mouse,Animals,6. Mouse#4,val
Animals/6. Mouse/MVI_3102.MOV,6. Mouse,Animals,6. Mouse#4,test
Animals/6. Mouse/MVI_4161.MOV,6. Mouse,Animals,6. Mouse#5,test
Animals/6. Mouse/MVI_4162.MOV,6. Mouse,Animals,6. Mouse#5,val
Animals/6. Mouse/MVI_4163.MOV,6. Mouse,Animals,6. Mouse#5,train
Animals/6. Mouse/MVI_8571.MP4,6. Mouse,Animals,6. Mouse#6,train
Animals/6. Mouse/MVI_8572.MP4,6. Mouse,Animals,6. Mouse#6,test
Animals/7. Horse/MVI_2996.MOV,7. Horse,Animals,7. Horse#0,train
Animals/7. Horse/MVI_2997.MOV,7. Horse,Animals,7. Horse#0,train
Animals/7. Horse/MVI_2998.MOV,7. Horse,Animals,7. Horse#0,train
Animals/7. Horse/MVI_3021.MOV,7. Horse,Animals,7. Horse#1,test
Animals/7. Horse/MVI_3022.MOV,7. Horse,Animals,7. Horse#1,train
Animals/7. Horse/MVI_3023.MOV,7. Horse,Animals,7. Horse#1,test
Animals/7. Horse/MVI_3053.MOV,7. Horse,Animals,7. Horse#2,test
Animals/7. Horse/MVI_3054.MOV,7. Horse,Animals,7. Horse#2,test
Animals/7. Horse/MVI_3055.MOV,7. Horse,Animals,7. Horse#2,train
Animals/7. Horse/MVI_3079.MOV,7. Horse,Animals,7. Horse#3,train
Animals/7. Horse/MVI_3080.MOV,7. Horse,Animals,7. Horse#3,val
Animals/7. Horse/MVI_3081.MOV,7. Horse,Animals,7. Horse#3,train
Animals/7. Horse/MVI_3103.MOV,7. Horse,Animals,7. Horse#4,train
Animals/7. Horse/MVI_3104.MOV,7. Horse,Animals,7. Horse#4,val
Animals/7. Horse/MVI_3105.MOV,7. Horse,Animals,7. Horse#4,train
Animals/7. Horse/MVI_4164.MOV,7. Horse,Animals,7. Horse#5,train
Animals/7. Horse/MVI_4165.MOV,7. Horse,Animals,7. Horse#5,train
Animals/7. Horse/MVI_4166.MOV,7. Horse,Animals,7. Horse#5,train
Animals/7. Horse/MVI_8574.MP4,7. Horse,Animals,7. Horse#6,train
Animals/7. Horse/MVI_8575.MP4,7. Horse,Animals,7. Horse#6,train
Animals/8. Animal/MVI_2999.MOV,8. Animal,Animals,8. Animal#0,test
Animals/8. Animal/MVI_3000.MOV,8. Animal,Animals,8. Animal#0,train
Animals/8. Animal/MVI_3001.MOV,8. Animal,Animals,8. Animal#0,test
Animals/8. Animal/MVI_3025.MOV,8. Animal,Animals,8. Animal#1,test
Animals/8. Animal/MVI_3026.MOV,8. Animal,Animals,8. Animal#1,train
Animals/8. Animal/MVI_3027.MOV,8. Animal,Animals,8. Animal#1,train
Animals/8. Animal/MVI_3056.MOV,8. Animal,Animals,8. Animal#2,train
Animals/8. Animal/MVI_3057.MOV,8. Animal,Animals,8. Animal#2,train
Animals/8. Animal/MVI_3058.MOV,8. Animal,Animals,8. Animal#2,train
Animals/8. Animal/MVI_3082.MOV,8. Animal,Animals,8. Animal#3,train
Animals/8. Animal/MVI_3083.MOV,8. Animal,Animals,8. Animal#3,train
Animals/8. Animal/MVI_3084.MOV,8. Animal,Animals,8. Animal#3,train
Animals/8. Animal/MVI_3107.MOV,8. Animal,Animals,8. Animal#4,train
Animals/8. Animal/MVI_3108.MOV,8. Animal,Animals,8. Animal#4,test
Animals/8. Animal/MVI_3109.MOV,8. Animal,Animals,8. Animal#4,val
Animals/8. Animal/MVI_4167.MOV,8. Animal,Animals,8. Animal#5,train
Animals/8. Animal/MVI_4168.MOV,8. Animal,Animals,8. Animal#5,train
Animals/8. Animal/MVI_4169.MOV,8. Animal,Animals,8. Animal#5,train
Animals/8. Animal/MVI_8576.MP4,8. Animal,Animals,8. Animal#6,val
Animals/8. Animal/MVI_8577.MP4,8. Animal,Animals,8. Animal#6,train
Clothes/37. Hat/MVI_3688.MOV,37. Hat,Clothes,37. Hat#0,train
Clothes/37. Hat/MVI_3690.MOV,37. Hat,Clothes,37. Hat#0,test
Clothes/37. Hat/MVI_3691.MOV,37. Hat,Clothes,37. Hat#0,train
Clothes/37. Hat/MVI_3835.MOV,37. Hat,Clothes,37. Hat#1,test
Clothes/37. Hat/MVI_3836.MOV,37. Hat,Clothes,37. Hat#1,train
Clothes/37. Hat/MVI_3837.MOV,37. Hat,Clothes,37. Hat#1,train
Clothes/37. Hat/MVI_3984.MOV,37. Hat,Clothes,37. Hat#2,train
Clothes/37. Hat/MVI_3985.MOV,37. Hat,Clothes,37. Hat#2,train
Clothes/37. Hat/MVI_3986.MOV,37. Hat,Clothes,37. Hat#2,train
Clothes/37. Hat/MVI_4197.MOV,37. Hat,Clothes,37. Hat#3,train
Clothes/37. Hat/MVI_4865.MOV,37. Hat,Clothes,37. Hat#4,train
Clothes/37. Hat/MVI_4866.MOV,37. Hat,Clothes,37. Hat#4,test
Clothes/37. Hat/MVI_4867.MOV,37. Hat,Clothes,37. Hat#4,train
Clothes/37. Hat/MVI_5006.MOV,37. Hat,Clothes,37. Hat#5,train
Clothes/37. Hat/MVI_5007.MOV,37. Hat,Clothes,37. Hat#5,train
Clothes/37. Hat/MVI_5008.MOV,37. Hat,Clothes,37. Hat#5,val
Clothes/37. Hat/MVI_5154.MOV,37. Hat,Clothes,37. Hat#6,train
Clothes/37. Hat/MVI_5155.MOV,37. Hat,Clothes,37. Hat#6,val
Clothes/37. Hat/MVI_5156.MOV,37. Hat,Clothes,37. Hat#6,train
Clothes/37. Hat/MVI_8600.MP4,37. Hat,Clothes,37. Hat#7,test
Clothes/38. Dress/MVI_3693.MOV,38. Dress,Clothes,38. Dress#0,train
Clothes/38. Dress/MVI_3694.MOV,38. Dress,Clothes,38. Dress#0,train
Clothes/38. Dress/MVI_3696.MOV,38. Dress,Clothes,38. Dress#0,test
Clothes/38. Dress/MVI_3838.MOV,38. Dress,Clothes,38. Dress#1,test
Clothes/38. Dress/MVI_3839.MOV,38. Dress,Clothes,38. Dress#1,train
Clothes/38. Dress/MVI_3840.MOV,38. Dress,Clothes,38. Dress#1,train
Clothes/38. Dress/MVI_3987.MOV,38. Dress,Clothes,38. Dress#2,train
Clothes/38. Dress/MVI_3988.MOV,38. Dress,Clothes,38. Dress#2,val
Clothes/38. Dress/MVI_3989.MOV,38. Dress,Clothes,38. Dress#2,val
Clothes/38. Dress/MVI_4198.MOV,38. Dress,Clothes,38. Dress#3,test
Clothes/38. Dress/MVI_4868.MOV,38. Dress,Clothes,38. Dress#4,train
Clothes/38. Dress/MVI_4869.MOV,38. Dress,Clothes,38. Dress#4,train
Clothes/38. Dress/MVI_4870.MOV,38. Dress,Clothes,38. Dress#4,train
Clothes/38. Dress/MVI_5009.MOV,38. Dress,Clothes,38. Dress#5,test
Clothes/38. Dress/MVI_5010.MOV,38. Dress,Clothes,38. Dress#5,train
Clothes/38. Dress/MVI_5011.MOV,38. Dress,Clothes,38. Dress#5,train
Clothes/38. Dress/MVI_5157.MOV,38. Dress,Clothes,38. Dress#6,train
Clothes/38. Dress/MVI_5158.MOV,38. Dress,Clothes,38. Dress#6,train
Clothes/38. Dress/MVI_5159.MOV,38. Dress,Clothes,38. Dress#6,train
Clothes/38. Dress/MVI_8601.MP4,38. Dress,Clothes,38. Dress#7,train
Clothes/39. Suit/MVI_3697.MOV,39. Suit,Clothes,39. Suit#0,train
Clothes/39. Suit/MVI_3698.MOV,39. Suit,Clothes,39. Suit#0,train
Clothes/39. Suit/MVI_3841.MOV,39. Suit,Clothes,39. Suit#1,train
Clothes/39. Suit/MVI_3842.MOV,39. Suit,Clothes,39. Suit#1,train
Clothes/39. Suit/MVI_3843.MOV,39. Suit,Clothes,39. Suit#1,test
Clothes/39. Suit/MVI_3990.MOV,39. Suit,Clothes,39. Suit#2,val
Clothes/39. Suit/MVI_3991.MOV,39. Suit,Clothes,39. Suit#2,test
Clothes/39. Suit/MVI_3992.MOV,39. Suit,Clothes,39. Suit#2,test
Clothes/39. Suit/MVI_4199.MOV,39. Suit,Clothes,39. Suit#3,train
Clothes/39. Suit/MVI_4871.MOV,39. Suit,Clothes,39. Suit#4,train
Clothes/39. Suit/MVI_4872.MOV,39. Suit,Clothes,39. Suit#4,train
Clothes/39. Suit/MVI_4873.MOV,39. Suit,Clothes,39. Suit#4,test
Clothes/39. Suit/MVI_5012.MOV,39. Suit,Clothes,39. Suit#5,train
Clothes/39. Suit/MVI_5013.MOV,39. Suit,Clothes,39. Suit#5,train
Clothes/39. Suit/MVI_5014.MOV,39. Suit,Clothes,39. Suit#5,train
Clothes/39. Suit/MVI_5160.MOV,39. Suit,Clothes,39. Suit#6,train
Clothes/39. Suit/MVI_5161.MOV,39. Suit,Clothes,39. Suit#6,train
Clothes/39. Suit/MVI_5162.MOV,39. Suit,Clothes,39. Suit#6,train
Clothes/39. Suit/MVI_8602.MP4,39. Suit,Clothes,39. Suit#7,val
Clothes/40. Skirt/MVI_3699.MOV,40. Skirt,Clothes,40. Skirt#0,val
Clothes/40. Skirt/MVI_3700.MOV,40. Skirt,Clothes,40. Skirt#0,train
Clothes/40. Skirt/MVI_3844.MOV,40. Skirt,Clothes,40. Skirt#1,train
Clothes/40. Skirt/MVI_3845.MOV,40. Skirt,Clothes,40. Skirt#1,test
Clothes/40. Skirt/MVI_3846.MOV,40. Skirt,Clothes,40. Skirt#1,train
Clothes/40. Skirt/MVI_3996.MOV,40. Skirt,Clothes,40. Skirt#2,train
Clothes/40. Skirt/MVI_3997.MOV,40. Skirt,Clothes,40. Skirt#2,test
Clothes/40. Skirt/MVI_3998.MOV,40. Skirt,Clothes,40. Skirt#2,train
Clothes/40. Skirt/MVI_4200.MOV,40. Skirt,Clothes,40. Skirt#3,test
Clothes/40. Skirt/MVI_4874.MOV,40. Skirt,Clothes,40. Skirt#4,val
Clothes/40. Skirt/MVI_4875.MOV,40. Skirt,Clothes,40. Skirt#4,train
Clothes/40. Skirt/MVI_4876.MOV,40. Skirt,Clothes,40. Skirt#4,train
Clothes/40. Skirt/MVI_5015.MOV,40. Skirt,Clothes,40. Skirt#5,train
Clothes/40. Skirt/MVI_5016.MOV,40. Skirt,Clothes,40. Skirt#5,train
Clothes/40. Skirt/MVI_5017.MOV,40. Skirt,Clothes,40. Skirt#5,train
Clothes/40. Skirt/MVI_5163.MOV,40. Skirt,Clothes,40. Skirt#6,train
Clothes/40. Skirt/MVI_5164.MOV,40. Skirt,Clothes,40. Skirt#6,train
Clothes/40. Skirt/MVI_5165.MOV,40. Skirt,Clothes,40. Skirt#6,train
Clothes/40. Skirt/MVI_8604.MP4,40. Skirt,Clothes,40. Skirt#7,test
Clothes/41. Shirt/MVI_3701.MOV,41. Shirt,Clothes,41. Shirt#0,train
Clothes/41. Shirt/MVI_3702.MOV,41. Shirt,Clothes,41. Shirt#0,train
Clothes/41. Shirt/MVI_3703.MOV,41. Shirt,Clothes,41. Shirt#0,test
Clothes/41. Shirt/MVI_3847.MOV,41. Shirt,Clothes,41. Shirt#1,test
Clothes/41. Shirt/MVI_3848.MOV,41. Shirt,Clothes,41. Shirt#1,train
Clothes/41. Shirt/MVI_3849.MOV,41. Shirt,Clothes,41. Shirt#1,train
Clothes/41. Shirt/MVI_3999.MOV,41. Shirt,Clothes,41. Shirt#2,val
Clothes/41. Shirt/MVI_4000.MOV,41. Shirt,Clothes,41. Shirt#2,train
Clothes/41. Shirt/MVI_4001.MOV,41. Shirt,Clothes,41. Shirt#2,train
Clothes/41. Shirt/MVI_4201.MOV,41. Shirt,Clothes,41. Shirt#3,train
Clothes/41. Shirt/MVI_4877.MOV,41. Shirt,Clothes,41. Shirt#4,train
Clothes/41. Shirt/MVI_4879.MOV,41. Shirt,Clothes,41. Shirt#4,val
Clothes/41. Shirt/MVI_4880.MOV,41. Shirt,Clothes,41. Shirt#4,train
Clothes/41. Shirt/MVI_5018.MOV,41. Shirt,Clothes,41. Shirt#5,train
Clothes/41. Shirt/MVI_5019.MOV,41. Shirt,Clothes,41. Shirt#5,test
Clothes/41. Shirt/MVI_5020.MOV,41. Shirt,Clothes,41. Shirt#5,train
Clothes/41. Shirt/MVI_5166.MOV,41. Shirt,Clothes,41. Shirt#6,test
Clothes/41. Shirt/MVI_5167.MOV,41. Shirt,Clothes,41. Shirt#6,train
Clothes/41. Shirt/MVI_5168.MOV,41. Shirt,Clothes,41. Shirt#6,train
Clothes/41. Shirt/MVI_8605.MP4,41. Shirt,Clothes,41. Shirt#7,train
Clothes/42. T-Shirt/MVI_3704.MOV,42. T-Shirt,Clothes,42. T-Shirt#0,train
Clothes/42. T-Shirt/MVI_3705.MOV,42. T-Shirt,Clothes,42. T-Shirt#0,test
Clothes/42. T-Shirt/MVI_3706.MOV,42. T-Shirt,Clothes,42. T-Shirt#0,train
Clothes/42. T-Shirt/MVI_3850.MOV,42. T-Shirt,Clothes,42. T-Shirt#1,train
Clothes/42. T-Shirt/MVI_3851.MOV,42. T-Shirt,Clothes,42. T-Shirt#1,train
Clothes/42. T-Shirt/MVI_3852.MOV,42. T-Shirt,Clothes,42. T-Shirt#1,val
Clothes/42. T-Shirt/MVI_4002.MOV,42. T-Shirt,Clothes,42. T-Shirt#2,train
Clothes/42. T-Shirt/MVI_4003.MOV,42. T-Shirt,Clothes,42. T-Shirt#2,test
Clothes/42. T-Shirt/MVI_4004.MOV,42. T-Shirt,Clothes,42. T-Shirt#2,train
Clothes/42. T-Shirt/MVI_4202.MOV,42. T-Shirt,Clothes,42. T-Shirt#3,test
Clothes/42. T-Shirt/MVI_4881.MOV,42. T-Shirt,Clothes,42. T-Shirt#4,train
Clothes/42. T-Shirt/MVI_4882.MOV,42. T-Shirt,Clothes,42. T-Shirt#4,train
Clothes/42. T-Shirt/MVI_4883.MOV,42. T-Shirt,Clothes,42. T-Shirt#4,train
Clothes/42. T-Shirt/MVI_5021.MOV,42. T-Shirt,Clothes,42. T-Shirt#5,val
Clothes/42. T-Shirt/MVI_5022.MOV,42. T-Shirt,Clothes,42. T-Shirt#5,train
Clothes/42. T-Shirt/MVI_5023.MOV,42. T-Shirt,Clothes,42. T-Shirt#5,train
Clothes/42. T-Shirt/MVI_5169.MOV,42. T-Shirt,Clothes,42. T-Shirt#6,train
Clothes/42. T-Shirt/MVI_5170.MOV,42. T-Shirt,Clothes,42. T-Shirt#6,train
Clothes/42. T-Shirt/MVI_5171.MOV,42. T-Shirt,Clothes,42. T-Shirt#6,train
Clothes/42. T-Shirt/MVI_8606.MP4,42. T-Shirt,Clothes,42. T-Shirt#7,test
Clothes/43. Pant/MVI_3707.MOV,43. Pant,Clothes,43. Pant#0,train
Clothes/43. Pant/MVI_3708.MOV,43. Pant,Clothes,43. Pant#0,train
Clothes/43. Pant/MVI_3709.MOV,43. Pant,Clothes,43. Pant#0,test
Clothes/43. Pant/MVI_3853.MOV,43. Pant,Clothes,43. Pant#1,val
Clothes/43. Pant/MVI_3854.MOV,43. Pant,Clothes,43. Pant#1,train
Clothes/43. Pant/MVI_3855.MOV,43. Pant,Clothes,43. Pant#1,train
Clothes/43. Pant/MVI_4005.MOV,43. Pant,Clothes,43. Pant#2,train
Clothes/43. Pant/MVI_4006.MOV,43. Pant,Clothes,43. Pant#2,train
Clothes/43. Pant/MVI_4007.MOV,43. Pant,Clothes,43. Pant#2,train
Clothes/43. Pant/MVI_4203.MOV,43. Pant,Clothes,43. Pant#3,test
Clothes/43. Pant/MVI_4884.MOV,43. Pant,Clothes,43. Pant#4,test
Clothes/43. Pant/MVI_4885.MOV,43. Pant,Clothes,43. Pant#4,train
Clothes/43. Pant/MVI_4886.MOV,43. Pant,Clothes,43. Pant#4,val
Clothes/43. Pant/MVI_5024.MOV,43. Pant,Clothes,43. Pant#5,train
Clothes/43. Pant/MVI_5025.MOV,43. Pant,Clothes,43. Pant#5,train
Clothes/43. Pant/MVI_5026.MOV,43. Pant,Clothes,43. Pant#5,train
Clothes/43. Pant/MVI_5172.MOV,43. Pant,Clothes,43. Pant#6,train
Clothes/43. Pant/MVI_5173.MOV,43. Pant,Clothes,43. Pant#6,test
Clothes/43. Pant/MVI_5174.MOV,43. Pant,Clothes,43. Pant#6,train
Clothes/43. Pant/MVI_8607.MP4,43. Pant,Clothes,43. Pant#7,train
Clothes/44. Shoes/MVI_3710.MOV,44. Shoes,Clothes,44. Shoes#0,train
Clothes/44. Shoes/MVI_3711.MOV,44. Shoes,Clothes,44. Shoes#0,test
Clothes/44. Shoes/MVI_3712.MOV,44. Shoes,Clothes,44. Shoes#0,train
Clothes/44. Shoes/MVI_3856.MOV,44. Shoes,Clothes,44. Shoes#1,test
Clothes/44. Shoes/MVI_3857.MOV,44. Shoes,Clothes,44. Shoes#1,train
Clothes/44. Shoes/MVI_3858.MOV,44. Shoes,Clothes,44. Shoes#1,train
Clothes/44. Shoes/MVI_4008.MOV,44. Shoes,Clothes,44. Shoes#2,val
Clothes/44. Shoes/MVI_4009.MOV,44. Shoes,Clothes,44. Shoes#2,train
Clothes/44. Shoes/MVI_4010.MOV,44. Shoes,Clothes,44. Shoes#2,train
Clothes/44. Shoes/MVI_4204.MOV,44. Shoes,Clothes,44. Shoes#3,train
Clothes/44. Shoes/MVI_4887.MOV,44. Shoes,Clothes,44. Shoes#4,val
Clothes/44. Shoes/MVI_4888.MOV,44. Shoes,Clothes,44. Shoes#4,train
Clothes/44. Shoes/MVI_4889.MOV,44. Shoes,Clothes,44. Shoes#4,train
Clothes/44. Shoes/MVI_5028.MOV,44. Shoes,Clothes,44. Shoes#5,test
Clothes/44. Shoes/MVI_5029.MOV,44. Shoes,Clothes,44. Shoes#5,train
Clothes/44. Shoes/MVI_5030.MOV,44. Shoes,Clothes,44. Shoes#5,train
Clothes/44. Shoes/MVI_5175.MOV,44. Shoes,Clothes,44. Shoes#6,test
Clothes/44. Shoes/MVI_5176.MOV,44. Shoes,Clothes,44. Shoes#6,train
Clothes/44. Shoes/MVI_5177.MOV,44. Shoes,Clothes,44. Shoes#6,train
Clothes/44. Shoes/MVI_8608.MP4,44. Shoes,Clothes,44. Shoes#7,train
Clothes/45. Pocket/MVI_3713.MOV,45. Pocket,Clothes,45. Pocket#0,val
Clothes/45. Pocket/MVI_3714.MOV,45. Pocket,Clothes,45. Pocket#0,train
Clothes/45. Pocket/MVI_3715.MOV,45. Pocket,Clothes,45. Pocket#0,train
Clothes/45. Pocket/MVI_3859.MOV,45. Pocket,Clothes,45. Pocket#1,val
Clothes/45. Pocket/MVI_3861.MOV,45. Pocket,Clothes,45. Pocket#1,train
Clothes/45. Pocket/MVI_3862.MOV,45. Pocket,Clothes,45. Pocket#1,train
Clothes/45. Pocket/MVI_4011.MOV,45. Pocket,Clothes,45. Pocket#2,test
Clothes/45. Pocket/MVI_4012.MOV,45. Pocket,Clothes,45. Pocket#2,train
Clothes/45. Pocket/MVI_4013.MOV,45. Pocket,Clothes,45. Pocket#2,test
Clothes/45. Pocket/MVI_4205.MOV,45. Pocket,Clothes,45. Pocket#3,train
Clothes/45. Pocket/MVI_4890.MOV,45. Pocket,Clothes,45. Pocket#4,train
Clothes/45. Pocket/MVI_4891.MOV,45. Pocket,Clothes,45. Pocket#4,train
Clothes/45. Pocket/MVI_4892.MOV,45. Pocket,Clothes,45. Pocket#4,train
Clothes/45. Pocket/MVI_5031.MOV,45. Pocket,Clothes,45. Pocket#5,train
Clothes/45. Pocket/MVI_5032.MOV,45. Pocket,Clothes,45. Pocket#5,train
Clothes/45. Pocket/MVI_5033.MOV,45. Pocket,Clothes,45. Pocket#5,test
Clothes/45. Pocket/MVI_5178.MOV,45. Pocket,Clothes,45. Pocket#6,train
Clothes/45. Pocket/MVI_5179.MOV,45. Pocket,Clothes,45. Pocket#6,test
Clothes/45. Pocket/MVI_5180.MOV,45. Pocket,Clothes,45. Pocket#6,train
Clothes/45. Pocket/MVI_8610.MP4,45. Pocket,Clothes,45. Pocket#7,train
Clothes/46. Clothing/MVI_3716.MOV,46. Clothing,Clothes,46. Clothing#0,train
Clothes/46. Clothing/MVI_3717.MOV,46. Clothing,Clothes,46. Clothing#0,test
Clothes/46. Clothing/MVI_3718.MOV,46. Clothing,Clothes,46. Clothing#0,train
Clothes/46. Clothing/MVI_3863.MOV,46. Clothing,Clothes,46. Clothing#1,train
Clothes/46. Clothing/MVI_3864.MOV,46. Clothing,Clothes,46. Clothing#1,train
Clothes/46. Clothing/MVI_3865.MOV,46. Clothing,Clothes,46. Clothing#1,train
Clothes/46. Clothing/MVI_4014.MOV,46. Clothing,Clothes,46. Clothing#2,test
Clothes/46. Clothing/MVI_4015.MOV,46. Clothing,Clothes,46. Clothing#2,train
Clothes/46. Clothing/MVI_4016.MOV,46. Clothing,Clothes,46. Clothing#2,train
Clothes/46. Clothing/MVI_4206.MOV,46. Clothing,Clothes,46. Clothing#3,test
Clothes/46. Clothing/MVI_4894.MOV,46. Clothing,Clothes,46. Clothing#4,train
Clothes/46. Clothing/MVI_4895.MOV,46. Clothing,Clothes,46. Clothing#4,train
Clothes/46. Clothing/MVI_4896.MOV,46. Clothing,Clothes,46. Clothing#4,train
Clothes/46. Clothing/MVI_5034.MOV,46. Clothing,Clothes,46. Clothing#5,train
Clothes/46. Clothing/MVI_5035.MOV,46. Clothing,Clothes,46. Clothing#5,train
Clothes/46. Clothing/MVI_5036.MOV,46. Clothing,Clothes,46. Clothing#5,train
Clothes/46. Clothing/MVI_5181.MOV,46. Clothing,Clothes,46. Clothing#6,val
Clothes/46. Clothing/MVI_5182.MOV,46. Clothing,Clothes,46. Clothing#6,train
Clothes/46. Clothing/MVI_5183.MOV,46. Clothing,Clothes,46. Clothing#6,test
Clothes/46. Clothing/MVI_8611.MP4,46. Clothing,Clothes,46. Clothing#7,val
Colours/47. Red/MVI_3719.MOV,47. Red,Colours,47. Red#0,train
Colours/47. Red/MVI_3720.MOV,47. Red,Colours,47. Red#0,train
Colours/47. Red/MVI_3721.MOV,47. Red,Colours,47. Red#0,train
Colours/47. Red/MVI_3866.MOV,47. Red,Colours,47. Red#1,train
Colours/47. Red/MVI_3867.MOV,47. Red,Colours,47. Red#1,train
Colours/47. Red/MVI_3868.MOV,47. Red,Colours,47. Red#1,test
Colours/47. Red/MVI_4017.MOV,47. Red,Colours,47. Red#2,train
Colours/47. Red/MVI_4018.MOV,47. Red,Colours,47. Red#2,train
Colours/47. Red/MVI_4019.MOV,47. Red,Colours,47. Red#2,train
Colours/47. Red/MVI_4207.MOV,47. Red,Colours,47. Red#3,train
Colours/47. Red/MVI_4897.MOV,47. Red,Colours,47. Red#4,train
Colours/47. Red/MVI_4898.MOV,47. Red,Colours,47. Red#4,test
Colours/47. Red/MVI_4899.MOV,47. Red,Colours,47. Red#4,train
Colours/47. Red/MVI_5037.MOV,47. Red,Colours,47. Red#5,test
Colours/47. Red/MVI_5038.MOV,47. Red,Colours,47. Red#5,train
Colours/47. Red/MVI_5039.MOV,47. Red,Colours,47. Red#5,val
Colours/47. Red/MVI_5184.MOV,47. Red,Colours,47. Red#6,train
Colours/47. Red/MVI_5185.MOV,47. Red,Colours,47. Red#6,train
Colours/47. Red/MVI_5186.MOV,47. Red,Colours,47. Red#6,test
Colours/47. Red/MVI_8612.MP4,47. Red,Colours,47. Red#7,val
Colours/48. Green/MVI_3722.MOV,48. Green,Colours,48. Green#0,train
Colours/48. Green/MVI_3723.MOV,48. Green,Colours,48. Green#0,test
Colours/48. Green/MVI_3724.MOV,48. Green,Colours,48. Green#0,val
Colours/48. Green/MVI_3869.MOV,48. Green,Colours,48. Green#1,train
Colours/48. Green/MVI_3870.MOV,48. Green,Colours,48. Green#1,train
Colours/48. Green/MVI_3871.MOV,48. Green,Colours,48. Green#1,train
Colours/48. Green/MVI_4020.MOV,48. Green,Colours,48. Green#2,val
Colours/48. Green/MVI_4021.MOV,48. Green,Colours,48. Green#2,test
Colours/48. Green/MVI_4022.MOV,48. Green,Colours,48. Green#2,train
Colours/48. Green/MVI_4208.MOV,48. Green,Colours,48. Green#3,train
Colours/48. Green/MVI_4900.MOV,48. Green,Colours,48. Green#4,train
Colours/48. Green/MVI_4901.MOV,48. Green,Colours,48. Green#4,train
Colours/48. Green/MVI_4902.MOV,48. Green,Colours,48. Green#4,train
Colours/48. Green/MVI_5040.MOV,48. Green,Colours,48. Green#5,train
Colours/48. Green/MVI_5041.MOV,48. Green,Colours,48. Green#5,train
Colours/48. Green/MVI_5042.MOV,48. Green,Colours,48. Green#5,train
Colours/48. Green/MVI_5187.MOV,48. Green,Colours,48. Green#6,train
Colours/48. Green/MVI_5188.MOV,48. Green,Colours,48. Green#6,train
Colours/48. Green/MVI_5189.MOV,48. Green,Colours,48. Green#6,test
Colours/48. Green/MVI_8613.MP4,48. Green,Colours,48. Green#7,test
Colours/49. Blue/MVI_3725.MOV,49. Blue,Colours,49. Blue#0,train
Colours/49. Blue/MVI_3726.MOV,49. Blue,Colours,49. Blue#0,train
Colours/49. Blue/MVI_3727.MOV,49. Blue,Colours,49. Blue#0,train
Colours/49. Blue/MVI_3872.MOV,49. Blue,Colours,49. Blue#1,val
Colours/49. Blue/MVI_3873.MOV,49. Blue,Colours,49. Blue#1,train
Colours/49. Blue/MVI_3874.MOV,49. Blue,Colours,49. Blue#1,test
Colours/49. Blue/MVI_4024.MOV,49. Blue,Colours,49. Blue#2,val
Colours/49. Blue/MVI_4025.MOV,49. Blue,Colours,49. Blue#2,train
Colours/49. Blue/MVI_4026.MOV,49. Blue,Colours,49. Blue#2,train
Colours/49. Blue/MVI_4209.MOV,49. Blue,Colours,49. Blue#3,train
Colours/49. Blue/MVI_4903.MOV,49. Blue,Colours,49. Blue#4,test
Colours/49. Blue/MVI_4904.MOV,49. Blue,Colours,49. Blue#4,test
Colours/49. Blue/MVI_4905.MOV,49. Blue,Colours,49. Blue#4,test
Colours/49. Blue/MVI_5043.MOV,49. Blue,Colours,49. Blue#5,train
Colours/49. Blue/MVI_5044.MOV,49. Blue,Colours,49. Blue#5,train
Colours/49. Blue/MVI_5045.MOV,49. Blue,Colours,49. Blue#5,train
Colours/49. Blue/MVI_5190.MOV,49. Blue,Colours,49. Blue#6,train
Colours/49. Blue/MVI_5191.MOV,49. Blue,Colours,49. Blue#6,train
Colours/49. Blue/MVI_5192.MOV,49. Blue,Colours,49. Blue#6,train
Colours/49. Blue/MVI_8614.MP4,49. Blue,Colours,49. Blue#7,train
Colours/50. Yellow/MVI_3728.MOV,50. Yellow,Colours,50. Yellow#0,test
Colours/50. Yellow/MVI_3729.MOV,50. Yellow,Colours,50. Yellow#0,train
Colours/50. Yellow/MVI_3730.MOV,50. Yellow,Colours,50. Yellow#0,test
Colours/50. Yellow/MVI_3875.MOV,50. Yellow,Colours,50. Yellow#1,train
Colours/50. Yellow/MVI_3876.MOV,50. Yellow,Colours,50. Yellow#1,train
Colours/50. Yellow/MVI_3877.MOV,50. Yellow,Colours,50. Yellow#1,train
Colours/50. Yellow/MVI_4027.MOV,50. Yellow,Colours,50. Yellow#2,train
Colours/50. Yellow/MVI_4028.MOV,50. Yellow,Colours,50. Yellow#2,train
Colours/50. Yellow/MVI_4029.MOV,50. Yellow,Colours,50. Yellow#2,train
Colours/50. Yellow/MVI_4211.MOV,50. Yellow,Colours,50. Yellow#3,train
Colours/50. Yellow/MVI_4906.MOV,50. Yellow,Colours,50. Yellow#4,train
Colours/50. Yellow/MVI_4907.MOV,50. Yellow,Colours,50. Yellow#4,val
Colours/50. Yellow/MVI_4908.MOV,50. Yellow,Colours,50. Yellow#4,test
Colours/50. Yellow/MVI_5046.MOV,50. Yellow,Colours,50. Yellow#5,train
Colours/50. Yellow/MVI_5047.MOV,50. Yellow,Colours,50. Yellow#5,train
Colours/50. Yellow/MVI_5048.MOV,50. Yellow,Colours,50. Yellow#5,val
Colours/50. Yellow/MVI_5193.MOV,50. Yellow,Colours,50. Yellow#6,test
Colours/50. Yellow/MVI_5194.MOV,50. Yellow,Colours,50. Yellow#6,train
Colours/50. Yellow/MVI_5195.MOV,50. Yellow,Colours,50. Yellow#6,train
Colours/50. Yellow/MVI_8615.MP4,50. Yellow,Colours,50. Yellow#7,train
Colours/51. Brown/MVI_3731.MOV,51. Brown,Colours,51. Brown#0,train
Colours/51. Brown/MVI_3732.MOV,51. Brown,Colours,51. Brown#0,train
Colours/51. Brown/MVI_3733.MOV,51. Brown,Colours,51. Brown#0,test
Colours/51. Brown/MVI_3878.MOV,51. Brown,Colours,51. Brown#1,test
Colours/51. Brown/MVI_3879.MOV,51. Brown,Colours,51. Brown#1,train
Colours/51. Brown/MVI_3880.MOV,51. Brown,Colours,51. Brown#1,train
Colours/51. Brown/MVI_4030.MOV,51. Brown,Colours,51. Brown#2,val
Colours/51. Brown/MVI_4031.MOV,51. Brown,Colours,51. Brown#2,train
Colours/51. Brown/MVI_4032.MOV,51. Brown,Colours,51. Brown#2,test
Colours/51. Brown/MVI_4212.MOV,51. Brown,Colours,51. Brown#3,train
Colours/51. Brown/MVI_4909.MOV,51. Brown,Colours,51. Brown#4,train
Colours/51. Brown/MVI_4910.MOV,51. Brown,Colours,51. Brown#4,train
Colours/51. Brown/MVI_4911.MOV,51. Brown,Colours,51. Brown#4,test
Colours/51. Brown/MVI_5049.MOV,51. Brown,Colours,51. Brown#5,val
Colours/51. Brown/MVI_5050.MOV,51. Brown,Colours,51. Brown#5,train
Colours/51. Brown/MVI_5051.MOV,51. Brown,Colours,51. Brown#5,train
Colours/51. Brown/MVI_5196.MOV,51. Brown,Colours,51. Brown#6,val
Colours/51. Brown/MVI_5197.MOV,51. Brown,Colours,51. Brown#6,train
Colours/51. Brown/MVI_5198.MOV,51. Brown,Colours,51. Brown#6,train
Colours/51. Brown/MVI_5199.MOV,51. Brown,Colours,51. Brown#6,train
Colours/51. Brown/MVI_8616.MP4,51. Brown,Colours,51. Brown#7,train
Colours/52. Pink/MVI_3734.MOV,52. Pink,Colours,52. Pink#0,train
Colours/52. Pink/MVI_3735.MOV,52. Pink,Colours,52. Pink#0,test
Colours/52. Pink/MVI_3736.MOV,52. Pink,Colours,52. Pink#0,train
Colours/52. Pink/MVI_3881.MOV,52. Pink,Colours,52. Pink#1,train
Colours/52. Pink/MVI_3882.MOV,52. Pink,Colours,52. Pink#1,train
Colours/52. Pink/MVI_3883.MOV,52. Pink,Colours,52. Pink#1,train
Colours/52. Pink/MVI_4033.MOV,52. Pink,Colours,52. Pink#2,val
Colours/52. Pink/MVI_4034.MOV,52. Pink,Colours,52. Pink#2,test
Colours/52. Pink/MVI_4035.MOV,52. Pink,Colours,52. Pink#2,train
Colours/52. Pink/MVI_4213.MOV,52. Pink,Colours,52. Pink#3,train
Colours/52. Pink/MVI_4912.MOV,52. Pink,Colours,52. Pink#4,train
Colours/52. Pink/MVI_4913.MOV,52. Pink,Colours,52. Pink#4,train
Colours/52. Pink/MVI_4914.MOV,52. Pink,Colours,52. Pink#4,train
Colours/52. Pink/MVI_5052.MOV,52. Pink,Colours,52. Pink#5,train
Colours/52. Pink/MVI_5053.MOV,52. Pink,Colours,52. Pink#5,train
Colours/52. Pink/MVI_5054.MOV,52. Pink,Colours,52. Pink#5,train
Colours/52. Pink/MVI_5200.MOV,52. Pink,Colours,52. Pink#6,test
Colours/52. Pink/MVI_5201.MOV,52. Pink,Colours,52. Pink#6,test
Colours/52. Pink/MVI_5202.MOV,52. Pink,Colours,52. Pink#6,train
Colours/52. Pink/MVI_8617.MP4,52. Pink,Colours,52. Pink#7,val
Colours/53. Orange/MVI_3737.MOV,53. Orange,Colours,53. Orange#0,train
Colours/53. Orange/MVI_3738.MOV,53. Orange,Colours,53. Orange#0,train
Colours/53. Orange/MVI_3739.MOV,53. Orange,Colours,53. Orange#0,train
Colours/53. Orange/MVI_3884.MOV,53. Orange,Colours,53. Orange#1,train
Colours/53. Orange/MVI_3885.MOV,53. Orange,Colours,53. Orange#1,train
Colours/53. Orange/MVI_3886.MOV,53. Orange,Colours,53. Orange#1,train
Colours/53. Orange/MVI_4036.MOV,53. Orange,Colours,53. Orange#2,test
Colours/53. Orange/MVI_4037.MOV,53. Orange,Colours,53. Orange#2,val
Colours/53. Orange/MVI_4038.MOV,53. Orange,Colours,53. Orange#2,val
Colours/53. Orange/MVI_4214.MOV,53. Orange,Colours,53. Orange#3,train
Colours/53. Orange/MVI_4915.MOV,53. Orange,Colours,53. Orange#4,train
Colours/53. Orange/MVI_4916.MOV,53. Orange,Colours,53. Orange#4,train
Colours/53. Orange/MVI_4917.MOV,53. Orange,Colours,53. Orange#4,train
Colours/53. Orange/MVI_5055.MOV,53. Orange,Colours,53. Orange#5,train
Colours/53. Orange/MVI_5056.MOV,53. Orange,Colours,53. Orange#5,test
Colours/53. Orange/MVI_5057.MOV,53. Orange,Colours,53. Orange#5,train
Colours/53. Orange/MVI_5203.MOV,53. Orange,Colours,53. Orange#6,train
Colours/53. Orange/MVI_5204.MOV,53. Orange,Colours,53. Orange#6,test
Colours/53. Orange/MVI_5205.MOV,53. Orange,Colours,53. Orange#6,test
Colours/53. Orange/MVI_8618.MP4,53. Orange,Colours,53. Orange#7,train
Colours/54. Black/MVI_3740.MOV,54. Black,Colours,54. Black#0,train
Colours/54. Black/MVI_3741.MOV,54. Black,Colours,54. Black#0,train
Colours/54. Black/MVI_3742.MOV,54. Black,Colours,54. Black#0,val
Colours/54. Black/MVI_3887.MOV,54. Black,Colours,54. Black#1,val
Colours/54. Black/MVI_3888.MOV,54. Black,Colours,54. Black#1,test
Colours/54. Black/MVI_3889.MOV,54. Black,Colours,54. Black#1,train
Colours/54. Black/MVI_4039.MOV,54. Black,Colours,54. Black#2,train
Colours/54. Black/MVI_4040.MOV,54. Black,Colours,54. Black#2,train
Colours/54. Black/MVI_4041.MOV,54. Black,Colours,54. Black#2,train
Colours/54. Black/MVI_4215.MOV,54. Black,Colours,54. Black#3,test
Colours/54. Black/MVI_4918.MOV,54. Black,Colours,54. Black#4,train
Colours/54. Black/MVI_4919.MOV,54. Black,Colours,54. Black#4,train
Colours/54. Black/MVI_4920.MOV,54. Black,Colours,54. Black#4,train
Colours/54. Black/MVI_5058.MOV,54. Black,Colours,54. Black#5,train
Colours/54. Black/MVI_5059.MOV,54. Black,Colours,54. Black#5,test
Colours/54. Black/MVI_5060.MOV,54. Black,Colours,54. Black#5,train
Colours/54. Black/MVI_5206.MOV,54. Black,Colours,54. Black#6,test
Colours/54. Black/MVI_5207.MOV,54. Black,Colours,54. Black#6,train
Colours/54. Black/MVI_5208.MOV,54. Black,Colours,54. Black#6,train
Colours/54. Black/MVI_8619.MP4,54. Black,Colours,54. Black#7,train
Colours/55. White/MVI_3743.MOV,55. White,Colours,55. White#0,train
Colours/55. White/MVI_3744.MOV,55. White,Colours,55. White#0,train
Colours/55. White/MVI_3745.MOV,55. White,Colours,55. White#0,test
Colours/55. White/MVI_3890.MOV,55. White,Colours,55. White#1,val
Colours/55. White/MVI_3891.MOV,55. White,Colours,55. White#1,train
Colours/55. White/MVI_3892.MOV,55. White,Colours,55. White#1,train
Colours/55. White/MVI_4042.MOV,55. White,Colours,55. White#2,test
Colours/55. White/MVI_4043.MOV,55. White,Colours,55. White#2,train
Colours/55. White/MVI_4044.MOV,55. White,Colours,55. White#2,train
Colours/55. White/MVI_4216.MOV,55. White,Colours,55. White#3,val
Colours/55. White/MVI_4921.MOV,55. White,Colours,55. White#4,test
Colours/55. White/MVI_4922.MOV,55. White,Colours,55. White#4,train
Colours/55. White/MVI_4923.MOV,55. White,Colours,55. White#4,train
Colours/55. White/MVI_5061.MOV,55. White,Colours,55. White#5,train
Colours/55. White/MVI_5062.MOV,55. White,Colours,55. White#5,train
Colours/55. White/MVI_5063.MOV,55. White,Colours,55. White#5,train
Colours/55. White/MVI_5209.MOV,55. White,Colours,55. White#6,train
Colours/55. White/MVI_5210.MOV,55. White,Colours,55. White#6,train
Colours/55. White/MVI_5211.MOV,55. White,Colours,55. White#6,train
Colours/55. White/MVI_8620.MP4,55. White,Colours,55. White#7,test
Colours/56. Grey/MVI_3746.MOV,56. Grey,Colours,56. Grey#0,test
Colours/56. Grey/MVI_3747.MOV,56. Grey,Colours,56. Grey#0,train
Colours/56. Grey/MVI_3748.MOV,56. Grey,Colours,56. Grey#0,train
Colours/56. Grey/MVI_3749.MOV,56. Grey,Colours,56. Grey#0,test
Colours/56. Grey/MVI_3894.MOV,56. Grey,Colours,56. Grey#1,train
Colours/56. Grey/MVI_3895.MOV,56. Grey,Colours,56. Grey#1,train
Colours/56. Grey/MVI_3896.MOV,56. Grey,Colours,56. Grey#1,train
Colours/56. Grey/MVI_4045.MOV,56. Grey,Colours,56. Grey#2,train
Colours/56. Grey/MVI_4046.MOV,56. Grey,Colours,56. Grey#2,train
Colours/56. Grey/MVI_4047.MOV,56. Grey,Colours,56. Grey#2,train
Colours/56. Grey/MVI_4217.MOV,56. Grey,Colours,56. Grey#3,train
Colours/56. Grey/MVI_4924.MOV,56. Grey,Colours,56. Grey#4,train
Colours/56. Grey/MVI_4926.MOV,56. Grey,Colours,56. Grey#4,test
Colours/56. Grey/MVI_4927.MOV,56. Grey,Colours,56. Grey#4,val
Colours/56. Grey/MVI_5064.MOV,56. Grey,Colours,56. Grey#5,train
Colours/56. Grey/MVI_5065.MOV,56. Grey,Colours,56. Grey#5,test
Colours/56. Grey/MVI_5066.MOV,56. Grey,Colours,56. Grey#5,train
Colours/56. Grey/MVI_5212.MOV,56. Grey,Colours,56. Grey#6,val
Colours/56. Grey/MVI_5213.MOV,56. Grey,Colours,56. Grey#6,train
Colours/56. Grey/MVI_5214.MOV,56. Grey,Colours,56. Grey#6,train
Colours/56. Grey/MVI_8621.MP4,56. Grey,Colours,56. Grey#7,val
Colours/57. Colour/MVI_3750.MOV,57. Colour,Colours,57. Colour#0,val
Colours/57. Colour/MVI_3751.MOV,57. Colour,Colours,57. Colour#0,train
Colours/57. Colour/MVI_3752.MOV,57. Colour,Colours,57. Colour#0,train
Colours/57. Colour/MVI_3897.MOV,57. Colour,Colours,57. Colour#1,train
Colours/57. Colour/MVI_3898.MOV,57. Colour,Colours,57. Colour#1,test
Colours/57. Colour/MVI_3899.MOV,57. Colour,Colours,57. Colour#1,train
Colours/57. Colour/MVI_4048.MOV,57. Colour,Colours,57. Colour#2,train
Colours/57. Colour/MVI_4049.MOV,57. Colour,Colours,57. Colour#2,train
Colours/57. Colour/MVI_4050.MOV,57. Colour,Colours,57. Colour#2,train
Colours/57. Colour/MVI_4218.MOV,57. Colour,Colours,57. Colour#3,train
Colours/57. Colour/MVI_4928.MOV,57. Colour,Colours,57. Colour#4,train
Colours/57. Colour/MVI_4929.MOV,57. Colour,Colours,57. Colour#4,train
Colours/57. Colour/MVI_4930.MOV,57. Colour,Colours,57. Colour#4,train
Colours/57. Colour/MVI_5068.MOV,57. Colour,Colours,57. Colour#5,train
Colours/57. Colour/MVI_5069.MOV,57. Colour,Colours,57. Colour#5,train
Colours/57. Colour/MVI_5070.MOV,57. Colour,Colours,57. Colour#5,test
Colours/57. Colour/MVI_5215.MOV,57. Colour,Colours,57. Colour#6,test
Colours/57. Colour/MVI_5216.MOV,57. Colour,Colours,57. Colour#6,train
Colours/57. Colour/MVI_5217.MOV,57. Colour,Colours,57. Colour#6,test
Colours/57. Colour/MVI_8622.MP4,57. Colour,Colours,57. Colour#7,val
Days_and_Time/66. Sunday/MVI_4586.MOV,66. Sunday,Days_and_Time,66. Sunday#0,test
Days_and_Time/66. Sunday/MVI_4588.MOV,66. Sunday,Days_and_Time,66. Sunday#0,train
Days_and_Time/66. Sunday/MVI_4589.MOV,66. Sunday,Days_and_Time,66. Sunday#0,val
Days_and_Time/66. Sunday/MVI_4590.MOV,66. Sunday,Days_and_Time,66. Sunday#0,test
Days_and_Time/66. Sunday/MVI_5005.MOV,66. Sunday,Days_and_Time,66. Sunday#1,val
Days_and_Time/66. Sunday/MVI_5006.MOV,66. Sunday,Days_and_Time,66. Sunday#1,train
Days_and_Time/66. Sunday/MVI_5008.MOV,66. Sunday,Days_and_Time,66. Sunday#1,train
Days_and_Time/66. Sunday/MVI_5442.MOV,66. Sunday,Days_and_Time,66. Sunday#2,test
Days_and_Time/66. Sunday/MVI_5443.MOV,66. Sunday,Days_and_Time,66. Sunday#2,train
Days_and_Time/66. Sunday/MVI_5444.MOV,66. Sunday,Days_and_Time,66. Sunday#2,train
Days_and_Time/66. Sunday/MVI_5445.MOV,66. Sunday,Days_and_Time,66. Sunday#2,train
Days_and_Time/66. Sunday/MVI_9139.MP4,66. Sunday,Days_and_Time,66. Sunday#3,train
Days_and_Time/66. Sunday/MVI_9140.MP4,66. Sunday,Days_and_Time,66. Sunday#3,train
Days_and_Time/66. Sunday/MVI_9141.MP4,66. Sunday,Days_and_Time,66. Sunday#3,train
Days_and_Time/67. Monday/MVI_4591.MOV,67. Monday,Days_and_Time,67. Monday#0,test
Days_and_Time/67. Monday/MVI_4592.MOV,67. Monday,Days_and_Time,67. Monday#0,val
Days_and_Time/67. Monday/MVI_4593.MOV,67. Monday,Days_and_Time,67. Monday#0,val
Days_and_Time/67. Monday/MVI_4594.MOV,67. Monday,Days_and_Time,67. Monday#0,train
Days_and_Time/67. Monday/MVI_5009.MOV,67. Monday,Days_and_Time,67. Monday#1,train
Days_and_Time/67. Monday/MVI_5010.MOV,67. Monday,Days_and_Time,67. Monday#1,test
Days_and_Time/67. Monday/MVI_5011.MOV,67. Monday,Days_and_Time,67. Monday#1,test
Days_and_Time/67. Monday/MVI_5446.MOV,67. Monday,Days_and_Time,67. Monday#2,train
Days_and_Time/67. Monday/MVI_5447.MOV,67. Monday,Days_and_Time,67. Monday#2,train
Days_and_Time/67. Monday/MVI_5448.MOV,67. Monday,Days_and_Time,67. Monday#2,train
Days_and_Time/67. Monday/MVI_5449.MOV,67. Monday,Days_and_Time,67. Monday#2,train
Days_and_Time/67. Monday/MVI_9142.MP4,67. Monday,Days_and_Time,67. Monday#3,train
Days_and_Time/67. Monday/MVI_9143.MP4,67. Monday,Days_and_Time,67. Monday#3,train
Days_and_Time/67. Monday/MVI_9144.MP4,67. Monday,Days_and_Time,67. Monday#3,train
Days_and_Time/68. Tuesday/MVI_4595.MOV,68. Tuesday,Days_and_Time,68. Tuesday#0,val
Days_and_Time/68. Tuesday/MVI_4596.MOV,68. Tuesday,Days_and_Time,68. Tuesday#0,train
Days_and_Time/68. Tuesday/MVI_4597.MOV,68. Tuesday,Days_and_Time,68. Tuesday#0,test
Days_and_Time/68. Tuesday/MVI_4598.MOV,68. Tuesday,Days_and_Time,68. Tuesday#0,train
Days_and_Time/68. Tuesday/MVI_5012.MOV,68. Tuesday,Days_and_Time,68. Tuesday#1,test
Days_and_Time/68. Tuesday/MVI_5013.MOV,68. Tuesday,Days_and_Time,68. Tuesday#1,train
Days_and_Time/68. Tuesday/MVI_5014.MOV,68. Tuesday,Days_and_Time,68. Tuesday#1,train
Days_and_Time/68. Tuesday/MVI_5450.MOV,68. Tuesday,Days_and_Time,68. Tuesday#2,train
Days_and_Time/68. Tuesday/MVI_5451.MOV,68. Tuesday,Days_and_Time,68. Tuesday#2,train
Days_and_Time/68. Tuesday/MVI_5452.MOV,68. Tuesday,Days_and_Time,68. Tuesday#2,test
Days_and_Time/68. Tuesday/MVI_5453.MOV,68. Tuesday,Days_and_Time,68. Tuesday#2,val
Days_and_Time/68. Tuesday/MVI_9145.MP4,68. Tuesday,Days_and_Time,68. Tuesday#3,train
Days_and_Time/68. Tuesday/MVI_9146.MP4,68. Tuesday,Days_and_Time,68. Tuesday#3,train
Days_and_Time/68. Tuesday/MVI_9147.MP4,68. Tuesday,Days_and_Time,68. Tuesday#3,train
Days_and_Time/69. Wednesday/MVI_4599.MOV,69. Wednesday,Days_and_Time,69. Wednesday#0,train
Days_and_Time/69. Wednesday/MVI_4600.MOV,69. Wednesday,Days_and_Time,69. Wednesday#0,test
Days_and_Time/69. Wednesday/MVI_4601.MOV,69. Wednesday,Days_and_Time,69. Wednesday#0,val
Days_and_Time/69. Wednesday/MVI_4602.MOV,69. Wednesday,Days_and_Time,69. Wednesday#0,train
Days_and_Time/69. Wednesday/MVI_5016.MOV,69. Wednesday,Days_and_Time,69. Wednesday#1,train
Days_and_Time/69. Wednesday/MVI_5017.MOV,69. Wednesday,Days_and_Time,69. Wednesday#1,train
Days_and_Time/69. Wednesday/MVI_5018.MOV,69. Wednesday,Days_and_Time,69. Wednesday#1,test
Days_and_Time/69. Wednesday/MVI_5454.MOV,69. Wednesday,Days_and_Time,69. Wednesday#2,train
Days_and_Time/69. Wednesday/MVI_5455.MOV,69. Wednesday,Days_and_Time,69. Wednesday#2,train
Days_and_Time/69. Wednesday/MVI_5456.MOV,69. Wednesday,Days_and_Time,69. Wednesday#2,val
Days_and_Time/69. Wednesday/MVI_5457.MOV,69. Wednesday,Days_and_Time,69. Wednesday#2,test
Days_and_Time/69. Wednesday/MVI_9148.MP4,69. Wednesday,Days_and_Time,69. Wednesday#3,train
Days_and_Time/69. Wednesday/MVI_9149.MP4,69. Wednesday,Days_and_Time,69. Wednesday#3,train
Days_and_Time/69. Wednesday/MVI_9150.MP4,69. Wednesday,Days_and_Time,69. Wednesday#3,train
Days_and_Time/70. Thursday/MVI_4603.MOV,70. Thursday,Days_and_Time,70. Thursday#0,test
Days_and_Time/70. Thursday/MVI_4604.MOV,70. Thursday,Days_and_Time,70. Thursday#0,val
Days_and_Time/70. Thursday/MVI_4605.MOV,70. Thursday,Days_and_Time,70. Thursday#0,train
Days_and_Time/70. Thursday/MVI_4606.MOV,70. Thursday,Days_and_Time,70. Thursday#0,train
Days_and_Time/70. Thursday/MVI_5019.MOV,70. Thursday,Days_and_Time,70. Thursday#1,test
Days_and_Time/70. Thursday/MVI_5020.MOV,70. Thursday,Days_and_Time,70. Thursday#1,train
Days_and_Time/70. Thursday/MVI_5021.MOV,70. Thursday,Days_and_Time,70. Thursday#1,train
Days_and_Time/70. Thursday/MVI_5458.MOV,70. Thursday,Days_and_Time,70. Thursday#2,train
Days_and_Time/70. Thursday/MVI_5459.MOV,70. Thursday,Days_and_Time,70. Thursday#2,train
Days_and_Time/70. Thursday/MVI_5460.MOV,70. Thursday,Days_and_Time,70. Thursday#2,test
Days_and_Time/70. Thursday/MVI_5461.MOV,70. Thursday,Days_and_Time,70. Thursday#2,val
Days_and_Time/70. Thursday/MVI_9151.MP4,70. Thursday,Days_and_Time,70. Thursday#3,train
Days_and_Time/70. Thursday/MVI_9152.MP4,70. Thursday,Days_and_Time,70. Thursday#3,train
Days_and_Time/70. Thursday/MVI_9153.MP4,70. Thursday,Days_and_Time,70. Thursday#3,train
Days_and_Time/71. Friday/MVI_4607.MOV,71. Friday,Days_and_Time,71. Friday#0,train
Days_and_Time/71. Friday/MVI_4608.MOV,71. Friday,Days_and_Time,71. Friday#0,train
Days_and_Time/71. Friday/MVI_4609.MOV,71. Friday,Days_and_Time,71. Friday#0,val
Days_and_Time/71. Friday/MVI_4610.MOV,71. Friday,Days_and_Time,71. Friday#0,test
Days_and_Time/71. Friday/MVI_5022.MOV,71. Friday,Days_and_Time,71. Friday#1,train
Days_and_Time/71. Friday/MVI_5023.MOV,71. Friday,Days_and_Time,71. Friday#1,val
Days_and_Time/71. Friday/MVI_5026.MOV,71. Friday,Days_and_Time,71. Friday#1,train
Days_and_Time/71. Friday/MVI_5462.MOV,71. Friday,Days_and_Time,71. Friday#2,train
Days_and_Time/71. Friday/MVI_5463.MOV,71. Friday,Days_and_Time,71. Friday#2,train
Days_and_Time/71. Friday/MVI_5464.MOV,71. Friday,Days_and_Time,71. Friday#2,test
Days_and_Time/71. Friday/MVI_5465.MOV,71. Friday,Days_and_Time,71. Friday#2,train
Days_and_Time/71. Friday/MVI_9154.MP4,71. Friday,Days_and_Time,71. Friday#3,train
Days_and_Time/71. Friday/MVI_9155.MP4,71. Friday,Days_and_Time,71. Friday#3,train
Days_and_Time/71. Friday/MVI_9156.MP4,71. Friday,Days_and_Time,71. Friday#3,test
Days_and_Time/72. Saturday/MVI_4611.MOV,72. Saturday,Days_and_Time,72. Saturday#0,train
Days_and_Time/72. Saturday/MVI_4612.MOV,72. Saturday,Days_and_Time,72. Saturday#0,train
Days_and_Time/72. Saturday/MVI_4613.MOV,72. Saturday,Days_and_Time,72. Saturday#0,val
Days_and_Time/72. Saturday/MVI_4614.MOV,72. Saturday,Days_and_Time,72. Saturday#0,test
Days_and_Time/72. Saturday/MVI_5027.MOV,72. Saturday,Days_and_Time,72. Saturday#1,train
Days_and_Time/72. Saturday/MVI_5028.MOV,72. Saturday,Days_and_Time,72. Saturday#1,val
Days_and_Time/72. Saturday/MVI_5030.MOV,72. Saturday,Days_and_Time,72. Saturday#1,train
Days_and_Time/72. Saturday/MVI_5466.MOV,72. Saturday,Days_and_Time,72. Saturday#2,train
Days_and_Time/72. Saturday/MVI_5467.MOV,72. Saturday,Days_and_Time,72. Saturday#2,test
Days_and_Time/72. Saturday/MVI_5468.MOV,72. Saturday,Days_and_Time,72. Saturday#2,test
Days_and_Time/72. Saturday/MVI_5469.MOV,72. Saturday,Days_and_Time,72. Saturday#2,train
Days_and_Time/72. Saturday/MVI_9157.MP4,72. Saturday,Days_and_Time,72. Saturday#3,train
Days_and_Time/72. Saturday/MVI_9158.MP4,72. Saturday,Days_and_Time,72. Saturday#3,train
Days_and_Time/72. Saturday/MVI_9159.MP4,72. Saturday,Days_and_Time,72. Saturday#3,train
Days_and_Time/73. Today/MVI_4615.MOV,73. Today,Days_and_Time,73. Today#0,train
Days_and_Time/73. Today/MVI_4616.MOV,73. Today,Days_and_Time,73. Today#0,val
Days_and_Time/73. Today/MVI_4617.MOV,73. Today,Days_and_Time,73. Today#0,train
Days_and_Time/73. Today/MVI_4618.MOV,73. Today,Days_and_Time,73. Today#0,test
Days_and_Time/73. Today/MVI_5031.MOV,73. Today,Days_and_Time,73. Today#1,train
Days_and_Time/73. Today/MVI_5032.MOV,73. Today,Days_and_Time,73. Today#1,train
Days_and_Time/73. Today/MVI_5033.MOV,73. Today,Days_and_Time,73. Today#1,train
Days_and_Time/73. Today/MVI_5470.MOV,73. Today,Days_and_Time,73. Today#2,test
Days_and_Time/73. Today/MVI_5471.MOV,73. Today,Days_and_Time,73. Today#2,train
Days_and_Time/73. Today/MVI_5472.MOV,73. Today,Days_and_Time,73. Today#2,train
Days_and_Time/73. Today/MVI_5473.MOV,73. Today,Days_and_Time,73. Today#2,test
Days_and_Time/73. Today/MVI_9160.MP4,73. Today,Days_and_Time,73. Today#3,val
Days_and_Time/73. Today/MVI_9161.MP4,73. Today,Days_and_Time,73. Today#3,train
Days_and_Time/73. Today/MVI_9162.MP4,73. Today,Days_and_Time,73. Today#3,train
Days_and_Time/74. Tomorrow/MVI_4619.MOV,74. Tomorrow,Days_and_Time,74. Tomorrow#0,train
Days_and_Time/74. Tomorrow/MVI_4620.MOV,74. Tomorrow,Days_and_Time,74. Tomorrow#0,train
Days_and_Time/74. Tomorrow/MVI_4621.MOV,74. Tomorrow,Days_and_Time,74. Tomorrow#0,train
Days_and_Time/74. Tomorrow/MVI_4622.MOV,74. Tomorrow,Days_and_Time,74. Tomorrow#0,train
Days_and_Time/74. Tomorrow/MVI_5034.MOV,74. Tomorrow,Days_and_Time,74. Tomorrow#1,train
Days_and_Time/74. Tomorrow/MVI_5035.MOV,74. Tomorrow,Days_and_Time,74. Tomorrow#1,val
Days_and_Time/74. Tomorrow/MVI_5036.MOV,74. Tomorrow,Days_and_Time,74. Tomorrow#1,train
Days_and_Time/74. Tomorrow/MVI_5474.MOV,74. Tomorrow,Days_and_Time,74. Tomorrow#2,train
Days_and_Time/74. Tomorrow/MVI_5475.MOV,74. Tomorrow,Days_and_Time,74. Tomorrow#2,train
Days_and_Time/74. Tomorrow/MVI_5476.MOV,74. Tomorrow,Days_and_Time,74. Tomorrow#2,test
Days_and_Time/74. Tomorrow/MVI_5477.MOV,74. Tomorrow,Days_and_Time,74. Tomorrow#2,val
Days_and_Time/74. Tomorrow/MVI_9163.MP4,74. Tomorrow,Days_and_Time,74. Tomorrow#3,train
Days_and_Time/74. Tomorrow/MVI_9164.MP4,74. Tomorrow,Days_and_Time,74. Tomorrow#3,test
Days_and_Time/74. Tomorrow/MVI_9165.MP4,74. Tomorrow,Days_and_Time,74. Tomorrow#3,test
Days_and_Time/75. Yesterday/MVI_4623.MOV,75. Yesterday,Days_and_Time,75. Yesterday#0,train
Days_and_Time/75. Yesterday/MVI_4624.MOV,75. Yesterday,Days_and_Time,75. Yesterday#0,test
Days_and_Time/75. Yesterday/MVI_4625.MOV,75. Yesterday,Days_and_Time,75. Yesterday#0,train
Days_and_Time/75. Yesterday/MVI_4626.MOV,75. Yesterday,Days_and_Time,75. Yesterday#0,test
Days_and_Time/75. Yesterday/MVI_5037.MOV,75. Yesterday,Days_and_Time,75. Yesterday#1,train
Days_and_Time/75. Yesterday/MVI_5038.MOV,75. Yesterday,Days_and_Time,75. Yesterday#1,val
Days_and_Time/75. Yesterday/MVI_5040.MOV,75. Yesterday,Days_and_Time,75. Yesterday#1,train
Days_and_Time/75. Yesterday/MVI_5478.MOV,75. Yesterday,Days_and_Time,75. Yesterday#2,train
Days_and_Time/75. Yesterday/MVI_5479.MOV,75. Yesterday,Days_and_Time,75. Yesterday#2,train
Days_and_Time/75. Yesterday/MVI_5480.MOV,75. Yesterday,Days_and_Time,75. Yesterday#2,val
Days_and_Time/75. Yesterday/MVI_5481.MOV,75. Yesterday,Days_and_Time,75. Yesterday#2,test
Days_and_Time/75. Yesterday/MVI_9166.MP4,75. Yesterday,Days_and_Time,75. Yesterday#3,train
Days_and_Time/75. Yesterday/MVI_9167.MP4,75. Yesterday,Days_and_Time,75. Yesterday#3,train
Days_and_Time/75. Yesterday/MVI_9168.MP4,75. Yesterday,Days_and_Time,75. Yesterday#3,train
Days_and_Time/76. Week/MVI_4627.MOV,76. Week,Days_and_Time,76. Week#0,test
Days_and_Time/76. Week/MVI_4628.MOV,76. Week,Days_and_Time,76. Week#0,train
Days_and_Time/76. Week/MVI_4629.MOV,76. Week,Days_and_Time,76. Week#0,train
Days_and_Time/76. Week/MVI_4630.MOV,76. Week,Days_and_Time,76. Week#0,test
Days_and_Time/76. Week/MVI_5041.MOV,76. Week,Days_and_Time,76. Week#1,val
Days_and_Time/76. Week/MVI_5042.MOV,76. Week,Days_and_Time,76. Week#1,val
Days_and_Time/76. Week/MVI_5043.MOV,76. Week,Days_and_Time,76. Week#1,train
Days_and_Time/76. Week/MVI_5482.MOV,76. Week,Days_and_Time,76. Week#2,train
Days_and_Time/76. Week/MVI_5484.MOV,76. Week,Days_and_Time,76. Week#2,train
Days_and_Time/76. Week/MVI_5485.MOV,76. Week,Days_and_Time,76. Week#2,train
Days_and_Time/76. Week/MVI_5486.MOV,76. Week,Days_and_Time,76. Week#2,train
Days_and_Time/76. Week/MVI_9169.MP4,76. Week,Days_and_Time,76. Week#3,test
Days_and_Time/76. Week/MVI_9170.MP4,76. Week,Days_and_Time,76. Week#3,train
Days_and_Time/76. Week/MVI_9171.MP4,76. Week,Days_and_Time,76. Week#3,train
Days_and_Time/77. Month/MVI_4631.MOV,77. Month,Days_and_Time,77. Month#0,train
Days_and_Time/77. Month/MVI_4632.MOV,77. Month,Days_and_Time,77. Month#0,train
Days_and_Time/77. Month/MVI_4633.MOV,77. Month,Days_and_Time,77. Month#0,val
Days_and_Time/77. Month/MVI_4634.MOV,77. Month,Days_and_Time,77. Month#0,train
Days_and_Time/77. Month/MVI_5044.MOV,77. Month,Days_and_Time,77. Month#1,train
Days_and_Time/77. Month/MVI_5045.MOV,77. Month,Days_and_Time,77. Month#1,val
Days_and_Time/77. Month/MVI_5046.MOV,77. Month,Days_and_Time,77. Month#1,train
Days_and_Time/77. Month/MVI_5487.MOV,77. Month,Days_and_Time,77. Month#2,train
Days_and_Time/77. Month/MVI_5488.MOV,77. Month,Days_and_Time,77. Month#2,test
Days_and_Time/77. Month/MVI_5489.MOV,77. Month,Days_and_Time,77. Month#2,test
Days_and_Time/77. Month/MVI_5490.MOV,77. Month,Days_and_Time,77. Month#2,test
Days_and_Time/77. Month/MVI_9172.MP4,77. Month,Days_and_Time,77. Month#3,train
Days_and_Time/77. Month/MVI_9173.MP4,77. Month,Days_and_Time,77. Month#3,train
Days_and_Time/77. Month/MVI_9174.MP4,77. Month,Days_and_Time,77. Month#3,train
Days_and_Time/78. Year/MVI_4635.MOV,78. Year,Days_and_Time,78. Year#0,train
Days_and_Time/78. Year/MVI_4636.MOV,78. Year,Days_and_Time,78. Year#0,train
Days_and_Time/78. Year/MVI_4637.MOV,78. Year,Days_and_Time,78. Year#0,train
Days_and_Time/78. Year/MVI_4638.MOV,78. Year,Days_and_Time,78. Year#0,train
Days_and_Time/78. Year/MVI_5047.MOV,78. Year,Days_and_Time,78. Year#1,val
Days_and_Time/78. Year/MVI_5048.MOV,78. Year,Days_and_Time,78. Year#1,test
Days_and_Time/78. Year/MVI_5049.MOV,78. Year,Days_and_Time,78. Year#1,test
Days_and_Time/78. Year/MVI_5491.MOV,78. Year,Days_and_Time,78. Year#2,val
Days_and_Time/78. Year/MVI_5492.MOV,78. Year,Days_and_Time,78. Year#2,train
Days_and_Time/78. Year/MVI_5493.MOV,78. Year,Days_and_Time,78. Year#2,train
Days_and_Time/78. Year/MVI_5494.MOV,78. Year,Days_and_Time,78. Year#2,train
Days_and_Time/78. Year/MVI_9175.MP4,78. Year,Days_and_Time,78. Year#3,test
Days_and_Time/78. Year/MVI_9176.MP4,78. Year,Days_and_Time,78. Year#3,train
Days_and_Time/78. Year/MVI_9177.MP4,78. Year,Days_and_Time,78. Year#3,train
Days_and_Time/78. Year/MVI_9178.MP4,78. Year,Days_and_Time,78. Year#3,train
Days_and_Time/79. Hour/MVI_4639.MOV,79. Hour,Days_and_Time,79. Hour#0,test
Days_and_Time/79. Hour/MVI_4640.MOV,79. Hour,Days_and_Time,79. Hour#0,train
Days_and_Time/79. Hour/MVI_4641.MOV,79. Hour,Days_and_Time,79. Hour#0,train
Days_and_Time/79. Hour/MVI_4642.MOV,79. Hour,Days_and_Time,79. Hour#0,val
Days_and_Time/79. Hour/MVI_5050.MOV,79. Hour,Days_and_Time,79. Hour#1,test
Days_and_Time/79. Hour/MVI_5051.MOV,79. Hour,Days_and_Time,79. Hour#1,train
Days_and_Time/79. Hour/MVI_5052.MOV,79. Hour,Days_and_Time,79. Hour#1,train
Days_and_Time/79. Hour/MVI_5495.MOV,79. Hour,Days_and_Time,79. Hour#2,test
Days_and_Time/79. Hour/MVI_5496.MOV,79. Hour,Days_and_Time,79. Hour#2,train
Days_and_Time/79. Hour/MVI_5497.MOV,79. Hour,Days_and_Time,79. Hour#2,train
Days_and_Time/79. Hour/MVI_5498.MOV,79. Hour,Days_and_Time,79. Hour#2,train
Days_and_Time/79. Hour/MVI_9179.MP4,79. Hour,Days_and_Time,79. Hour#3,train
Days_and_Time/79. Hour/MVI_9180.MP4,79. Hour,Days_and_Time,79. Hour#3,train
Days_and_Time/79. Hour/MVI_9181.MP4,79. Hour,Days_and_Time,79. Hour#3,val
Days_and_Time/80. Minute/MVI_4643.MOV,80. Minute,Days_and_Time,80. Minute#0,train
Days_and_Time/80. Minute/MVI_4644.MOV,80. Minute,Days_and_Time,80. Minute#0,val
Days_and_Time/80. Minute/MVI_4645.MOV,80. Minute,Days_and_Time,80. Minute#0,train
Days_and_Time/80. Minute/MVI_4646.MOV,80. Minute,Days_and_Time,80. Minute#0,train
Days_and_Time/80. Minute/MVI_5053.MOV,80. Minute,Days_and_Time,80. Minute#1,test
Days_and_Time/80. Minute/MVI_5054.MOV,80. Minute,Days_and_Time,80. Minute#1,train
Days_and_Time/80. Minute/MVI_5055.MOV,80. Minute,Days_and_Time,80. Minute#1,test
Days_and_Time/80. Minute/MVI_5499.MOV,80. Minute,Days_and_Time,80. Minute#2,train
Days_and_Time/80. Minute/MVI_5500.MOV,80. Minute,Days_and_Time,80. Minute#2,train
Days_and_Time/80. Minute/MVI_5501.MOV,80. Minute,Days_and_Time,80. Minute#2,train
Days_and_Time/80. Minute/MVI_5502.MOV,80. Minute,Days_and_Time,80. Minute#2,test
Days_and_Time/80. Minute/MVI_9182.MP4,80. Minute,Days_and_Time,80. Minute#3,train
Days_and_Time/80. Minute/MVI_9183.MP4,80. Minute,Days_and_Time,80. Minute#3,train
Days_and_Time/80. Minute/MVI_9184.MP4,80. Minute,Days_and_Time,80. Minute#3,val
Days_and_Time/81. Second/MVI_5056.MOV,81. Second,Days_and_Time,81. Second#0,train
Days_and_Time/81. Second/MVI_5057.MOV,81. Second,Days_and_Time,81. Second#0,train
Days_and_Time/81. Second/MVI_5058.MOV,81. Second,Days_and_Time,81. Second#0,test
Days_and_Time/81. Second/MVI_9185.MP4,81. Second,Days_and_Time,81. Second#1,train
Days_and_Time/81. Second/MVI_9186.MP4,81. Second,Days_and_Time,81. Second#1,train
Days_and_Time/81. Second/MVI_9187.MP4,81. Second,Days_and_Time,81. Second#1,train
Days_and_Time/81. Second/MVI_9208.MP4,81. Second,Days_and_Time,81. Second#2,train
Days_and_Time/81. Second/MVI_9209.MP4,81. Second,Days_and_Time,81. Second#2,train
Days_and_Time/81. Second/MVI_9210.MP4,81. Second,Days_and_Time,81. Second#2,train
Days_and_Time/81. Second/MVI_9211.MP4,81. Second,Days_and_Time,81. Second#2,train
Days_and_Time/81. Second/MVI_9212.MP4,81. Second,Days_and_Time,81. Second#2,val
Days_and_Time/81. Second/MVI_9213.MP4,81. Second,Days_and_Time,81. Second#2,test
Days_and_Time/81. Second/MVI_9214.MP4,81. Second,Days_and_Time,81. Second#2,val
Days_and_Time/81. Second/MVI_9215.MP4,81. Second,Days_and_Time,81. Second#2,test
Days_and_Time/81. Second/MVI_9216.MP4,81. Second,Days_and_Time,81. Second#2,train
Days_and_Time/82. Morning/MVI_4651.MOV,82. Morning,Days_and_Time,82. Morning#0,train
Days_and_Time/82. Morning/MVI_4652.MOV,82. Morning,Days_and_Time,82. Morning#0,val
Days_and_Time/82. Morning/MVI_4653.MOV,82. Morning,Days_and_Time,82. Morning#0,test
Days_and_Time/82. Morning/MVI_4654.MOV,82. Morning,Days_and_Time,82. Morning#0,train
Days_and_Time/82. Morning/MVI_5060.MOV,82. Morning,Days_and_Time,82. Morning#1,train
Days_and_Time/82. Morning/MVI_5061.MOV,82. Morning,Days_and_Time,82. Morning#1,train
Days_and_Time/82. Morning/MVI_5062.MOV,82. Morning,Days_and_Time,82. Morning#1,train
Days_and_Time/82. Morning/MVI_5507.MOV,82. Morning,Days_and_Time,82. Morning#2,train
Days_and_Time/82. Morning/MVI_5508.MOV,82. Morning,Days_and_Time,82. Morning#2,train
Days_and_Time/82. Morning/MVI_5509.MOV,82. Morning,Days_and_Time,82. Morning#2,train
Days_and_Time/82. Morning/MVI_5510.MOV,82. Morning,Days_and_Time,82. Morning#2,test
Days_and_Time/82. Morning/MVI_9188.MP4,82. Morning,Days_and_Time,82. Morning#3,train
Days_and_Time/82. Morning/MVI_9189.MP4,82. Morning,Days_and_Time,82. Morning#3,test
Days_and_Time/82. Morning/MVI_9190.MP4,82. Morning,Days_and_Time,82. Morning#3,val
Days_and_Time/83. Afternoon/MVI_4655.MOV,83. Afternoon,Days_and_Time,83. Afternoon#0,test
Days_and_Time/83. Afternoon/MVI_4656.MOV,83. Afternoon,Days_and_Time,83. Afternoon#0,val
Days_and_Time/83. Afternoon/MVI_4657.MOV,83. Afternoon,Days_and_Time,83. Afternoon#0,test
Days_and_Time/83. Afternoon/MVI_4658.MOV,83. Afternoon,Days_and_Time,83. Afternoon#0,train
Days_and_Time/83. Afternoon/MVI_5063.MOV,83. Afternoon,Days_and_Time,83. Afternoon#1,train
Days_and_Time/83. Afternoon/MVI_5064.MOV,83. Afternoon,Days_and_Time,83. Afternoon#1,val
Days_and_Time/83. Afternoon/MVI_5065.MOV,83. Afternoon,Days_and_Time,83. Afternoon#1,train
Days_and_Time/83. Afternoon/MVI_5511.MOV,83. Afternoon,Days_and_Time,83. Afternoon#2,train
Days_and_Time/83. Afternoon/MVI_5512.MOV,83. Afternoon,Days_and_Time,83. Afternoon#2,train
Days_and_Time/83. Afternoon/MVI_5513.MOV,83. Afternoon,Days_and_Time,83. Afternoon#2,train
Days_and_Time/83. Afternoon/MVI_5514.MOV,83. Afternoon,Days_and_Time,83. Afternoon#2,test
Days_and_Time/83. Afternoon/MVI_9191.MP4,83. Afternoon,Days_and_Time,83. Afternoon#3,train
Days_and_Time/83. Afternoon/MVI_9192.MP4,83. Afternoon,Days_and_Time,83. Afternoon#3,train
Days_and_Time/83. Afternoon/MVI_9193.MP4,83. Afternoon,Days_and_Time,83. Afternoon#3,train
Days_and_Time/84. Evening/MVI_4659.MOV,84. Evening,Days_and_Time,84. Evening#0,train
Days_and_Time/84. Evening/MVI_4660.MOV,84. Evening,Days_and_Time,84. Evening#0,train
Days_and_Time/84. Evening/MVI_4661.MOV,84. Evening,Days_and_Time,84. Evening#0,test
Days_and_Time/84. Evening/MVI_4662.MOV,84. Evening,Days_and_Time,84. Evening#0,train
Days_and_Time/84. Evening/MVI_5070.MOV,84. Evening,Days_and_Time,84. Evening#1,train
Days_and_Time/84. Evening/MVI_5071.MOV,84. Evening,Days_and_Time,84. Evening#1,val
Days_and_Time/84. Evening/MVI_5072.MOV,84. Evening,Days_and_Time,84. Evening#1,train
Days_and_Time/84. Evening/MVI_5515.MOV,84. Evening,Days_and_Time,84. Evening#2,train
Days_and_Time/84. Evening/MVI_5517.MOV,84. Evening,Days_and_Time,84. Evening#2,train
Days_and_Time/84. Evening/MVI_5518.MOV,84. Evening,Days_and_Time,84. Evening#2,test
Days_and_Time/84. Evening/MVI_5519.MOV,84. Evening,Days_and_Time,84. Evening#2,test
Days_and_Time/84. Evening/MVI_9194.MP4,84. Evening,Days_and_Time,84. Evening#3,train
Days_and_Time/84. Evening/MVI_9195.MP4,84. Evening,Days_and_Time,84. Evening#3,val
Days_and_Time/84. Evening/MVI_9196.MP4,84. Evening,Days_and_Time,84. Evening#3,train
Days_and_Time/85. Night/MVI_4663.MOV,85. Night,Days_and_Time,85. Night#0,train
Days_and_Time/85. Night/MVI_4664.MOV,85. Night,Days_and_Time,85. Night#0,train
Days_and_Time/85. Night/MVI_4665.MOV,85. Night,Days_and_Time,85. Night#0,test
Days_and_Time/85. Night/MVI_4666.MOV,85. Night,Days_and_Time,85. Night#0,train
Days_and_Time/85. Night/MVI_5073.MOV,85. Night,Days_and_Time,85. Night#1,test
Days_and_Time/85. Night/MVI_5074.MOV,85. Night,Days_and_Time,85. Night#1,train
Days_and_Time/85. Night/MVI_5076.MOV,85. Night,Days_and_Time,85. Night#1,train
Days_and_Time/85. Night/MVI_5520.MOV,85. Night,Days_and_Time,85. Night#2,train
Days_and_Time/85. Night/MVI_5521.MOV,85. Night,Days_and_Time,85. Night#2,val
Days_and_Time/85. Night/MVI_5522.MOV,85. Night,Days_and_Time,85. Night#2,train
Days_and_Time/85. Night/MVI_5523.MOV,85. Night,Days_and_Time,85. Night#2,train
Days_and_Time/85. Night/MVI_9197.MP4,85. Night,Days_and_Time,85. Night#3,train
Days_and_Time/85. Night/MVI_9198.MP4,85. Night,Days_and_Time,85. Night#3,train
Days_and_Time/85. Night/MVI_9199.MP4,85. Night,Days_and_Time,85. Night#3,val
Days_and_Time/85. Night/MVI_9200.MP4,85. Night,Days_and_Time,85. Night#3,test
Days_and_Time/86. Time/MVI_4667.MOV,86. Time,Days_and_Time,86. Time#0,val
Days_and_Time/86. Time/MVI_4668.MOV,86. Time,Days_and_Time,86. Time#0,val
Days_and_Time/86. Time/MVI_4669.MOV,86. Time,Days_and_Time,86. Time#0,train
Days_and_Time/86. Time/MVI_4670.MOV,86. Time,Days_and_Time,86. Time#0,train
Days_and_Time/86. Time/MVI_5077.MOV,86. Time,Days_and_Time,86. Time#1,train
Days_and_Time/86. Time/MVI_5078.MOV,86. Time,Days_and_Time,86. Time#1,train
Days_and_Time/86. Time/MVI_5079.MOV,86. Time,Days_and_Time,86. Time#1,test
Days_and_Time/86. Time/MVI_5524.MOV,86. Time,Days_and_Time,86. Time#2,train
Days_and_Time/86. Time/MVI_5525.MOV,86. Time,Days_and_Time,86. Time#2,train
Days_and_Time/86. Time/MVI_5526.MOV,86. Time,Days_and_Time,86. Time#2,train
Days_and_Time/86. Time/MVI_5527.MOV,86. Time,Days_and_Time,86. Time#2,test
Days_and_Time/86. Time/MVI_9201.MP4,86. Time,Days_and_Time,86. Time#3,train
Days_and_Time/86. Time/MVI_9202.MP4,86. Time,Days_and_Time,86. Time#3,test
Days_and_Time/86. Time/MVI_9203.MP4,86. Time,Days_and_Time,86. Time#3,train
Days_and_Time/86. Time/MVI_9204.MP4,86. Time,Days_and_Time,86. Time#3,train
Electronics/51. Clock/MVI_4524.MOV,51. Clock,Electronics,51. Clock#0,train
Electronics/51. Clock/MVI_4525.MOV,51. Clock,Electronics,51. Clock#0,test
Electronics/51. Clock/MVI_4526.MOV,51. Clock,Electronics,51. Clock#0,train
Electronics/51. Clock/MVI_4527.MOV,51. Clock,Electronics,51. Clock#0,val
Electronics/51. Clock/MVI_4959.MOV,51. Clock,Electronics,51. Clock#1,train
Electronics/51. Clock/MVI_4960.MOV,51. Clock,Electronics,51. Clock#1,val
Electronics/51. Clock/MVI_5379.MOV,51. Clock,Electronics,51. Clock#2,train
Electronics/51. Clock/MVI_5380.MOV,51. Clock,Electronics,51. Clock#2,train
Electronics/51. Clock/MVI_5381.MOV,51. Clock,Electronics,51. Clock#2,test
Electronics/51. Clock/MVI_5382.MOV,51. Clock,Electronics,51. Clock#2,train
Electronics/51. Clock/MVI_9091.MP4,51. Clock,Electronics,51. Clock#3,train
Electronics/51. Clock/MVI_9092.MP4,51. Clock,Electronics,51. Clock#3,train
Electronics/51. Clock/MVI_9093.MP4,51. Clock,Electronics,51. Clock#3,test
Electronics/52. Lamp/MVI_4528.MOV,52. Lamp,Electronics,52. Lamp#0,train
Electronics/52. Lamp/MVI_4529.MOV,52. Lamp,Electronics,52. Lamp#0,train
Electronics/52. Lamp/MVI_4530.MOV,52. Lamp,Electronics,52. Lamp#0,train
Electronics/52. Lamp/MVI_4531.MOV,52. Lamp,Electronics,52. Lamp#0,test
Electronics/52. Lamp/MVI_4961.MOV,52. Lamp,Electronics,52. Lamp#1,test
Electronics/52. Lamp/MVI_4962.MOV,52. Lamp,Electronics,52. Lamp#1,test
Electronics/52. Lamp/MVI_4963.MOV,52. Lamp,Electronics,52. Lamp#1,train
Electronics/52. Lamp/MVI_5383.MOV,52. Lamp,Electronics,52. Lamp#2,val
Electronics/52. Lamp/MVI_5384.MOV,52. Lamp,Electronics,52. Lamp#2,train
Electronics/52. Lamp/MVI_5385.MOV,52. Lamp,Electronics,52. Lamp#2,train
Electronics/52. Lamp/MVI_5386.MOV,52. Lamp,Electronics,52. Lamp#2,train
Electronics/52. Lamp/MVI_9094.MP4,52. Lamp,Electronics,52. Lamp#3,val
Electronics/52. Lamp/MVI_9095.MP4,52. Lamp,Electronics,52. Lamp#3,train
Electronics/52. Lamp/MVI_9096.MP4,52. Lamp,Electronics,52. Lamp#3,train
Electronics/53. Fan/MVI_4532.MOV,53. Fan,Electronics,53. Fan#0,train
Electronics/53. Fan/MVI_4533.MOV,53. Fan,Electronics,53. Fan#0,train
Electronics/53. Fan/MVI_4534.MOV,53. Fan,Electronics,53. Fan#0,val
Electronics/53. Fan/MVI_4535.MOV,53. Fan,Electronics,53. Fan#0,train
Electronics/53. Fan/MVI_4536.MOV,53. Fan,Electronics,53. Fan#0,train
Electronics/53. Fan/MVI_4964.MOV,53. Fan,Electronics,53. Fan#1,val
Electronics/53. Fan/MVI_4965.MOV,53. Fan,Electronics,53. Fan#1,train
Electronics/53. Fan/MVI_4966.MOV,53. Fan,Electronics,53. Fan#1,test
Electronics/53. Fan/MVI_5387.MOV,53. Fan,Electronics,53. Fan#2,train
Electronics/53. Fan/MVI_5388.MOV,53. Fan,Electronics,53. Fan#2,train
Electronics/53. Fan/MVI_5389.MOV,53. Fan,Electronics,53. Fan#2,test
Electronics/53. Fan/MVI_5390.MOV,53. Fan,Electronics,53. Fan#2,test
Electronics/53. Fan/MVI_9097.MP4,53. Fan,Electronics,53. Fan#3,train
Electronics/53. Fan/MVI_9098.MP4,53. Fan,Electronics,53. Fan#3,train
Electronics/53. Fan/MVI_9099.MP4,53. Fan,Electronics,53. Fan#3,train
Electronics/54. Cell phone/MVI_4537.MOV,54. Cell phone,Electronics,54. Cell phone#0,train
Electronics/54. Cell phone/MVI_4538.MOV,54. Cell phone,Electronics,54. Cell phone#0,train
Electronics/54. Cell phone/MVI_4539.MOV,54. Cell phone,Electronics,54. Cell phone#0,train
Electronics/54. Cell phone/MVI_4540.MOV,54. Cell phone,Electronics,54. Cell phone#0,train
Electronics/54. Cell phone/MVI_4967.MOV,54. Cell phone,Electronics,54. Cell phone#1,train
Electronics/54. Cell phone/MVI_4968.MOV,54. Cell phone,Electronics,54. Cell phone#1,val
Electronics/54. Cell phone/MVI_4969.MOV,54. Cell phone,Electronics,54. Cell phone#1,train
Electronics/54. Cell phone/MVI_5391.MOV,54. Cell phone,Electronics,54. Cell phone#2,train
Electronics/54. Cell phone/MVI_5392.MOV,54. Cell phone,Electronics,54. Cell phone#2,test
Electronics/54. Cell phone/MVI_5393.MOV,54. Cell phone,Electronics,54. Cell phone#2,train
Electronics/54. Cell phone/MVI_5394.MOV,54. Cell phone,Electronics,54. Cell phone#2,test
Electronics/54. Cell phone/MVI_9100.MP4,54. Cell phone,Electronics,54. Cell phone#3,train
Electronics/54. Cell phone/MVI_9101.MP4,54. Cell phone,Electronics,54. Cell phone#3,test
Electronics/54. Cell phone/MVI_9102.MP4,54. Cell phone,Electronics,54. Cell phone#3,val
Electronics/55. Computer/MVI_4541.MOV,55. Computer,Electronics,55. Computer#0,train
Electronics/55. Computer/MVI_4542.MOV,55. Computer,Electronics,55. Computer#0,train
Electronics/55. Computer/MVI_4543.MOV,55. Computer,Electronics,55. Computer#0,train
Electronics/55. Computer/MVI_4544.MOV,55. Computer,Electronics,55. Computer#0,test
Electronics/55. Computer/MVI_4970.MOV,55. Computer,Electronics,55. Computer#1,train
Electronics/55. Computer/MVI_4971.MOV,55. Computer,Electronics,55. Computer#1,val
Electronics/55. Computer/MVI_4972.MOV,55. Computer,Electronics,55. Computer#1,train
Electronics/55. Computer/MVI_5395.MOV,55. Computer,Electronics,55. Computer#2,train
Electronics/55. Computer/MVI_5396.MOV,55. Computer,Electronics,55. Computer#2,test
Electronics/55. Computer/MVI_5397.MOV,55. Computer,Electronics,55. Computer#2,train
Electronics/55. Computer/MVI_5398.MOV,55. Computer,Electronics,55. Computer#2,train
Electronics/55. Computer/MVI_9103.MP4,55. Computer,Electronics,55. Computer#3,train
Electronics/55. Computer/MVI_9104.MP4,55. Computer,Electronics,55. Computer#3,test
Electronics/55. Computer/MVI_9105.MP4,55. Computer,Electronics,55. Computer#3,val
Electronics/56. Laptop/MVI_4545.MOV,56. Laptop,Electronics,56. Laptop#0,val
Electronics/56. Laptop/MVI_4546.MOV,56. Laptop,Electronics,56. Laptop#0,test
Electronics/56. Laptop/MVI_4547.MOV,56. Laptop,Electronics,56. Laptop#0,train
Electronics/56. Laptop/MVI_4548.MOV,56. Laptop,Electronics,56. Laptop#0,val
Electronics/56. Laptop/MVI_4973.MOV,56. Laptop,Electronics,56. Laptop#1,test
Electronics/56. Laptop/MVI_4974.MOV,56. Laptop,Electronics,56. Laptop#1,train
Electronics/56. Laptop/MVI_4975.MOV,56. Laptop,Electronics,56. Laptop#1,train
Electronics/56. Laptop/MVI_5399.MOV,56. Laptop,Electronics,56. Laptop#2,train
Electronics/56. Laptop/MVI_5400.MOV,56. Laptop,Electronics,56. Laptop#2,test
Electronics/56. Laptop/MVI_5401.MOV,56. Laptop,Electronics,56. Laptop#2,train
Electronics/56. Laptop/MVI_5402.MOV,56. Laptop,Electronics,56. Laptop#2,train
Electronics/56. Laptop/MVI_9106.MP4,56. Laptop,Electronics,56. Laptop#3,train
Electronics/56. Laptop/MVI_9107.MP4,56. Laptop,Electronics,56. Laptop#3,train
Electronics/56. Laptop/MVI_9108.MP4,56. Laptop,Electronics,56. Laptop#3,train
Electronics/57. Screen/MVI_4549.MOV,57. Screen,Electronics,57. Screen#0,train
Electronics/57. Screen/MVI_4550.MOV,57. Screen,Electronics,57. Screen#0,test
Electronics/57. Screen/MVI_4551.MOV,57. Screen,Electronics,57. Screen#0,val
Electronics/57. Screen/MVI_4552.MOV,57. Screen,Electronics,57. Screen#0,train
Electronics/57. Screen/MVI_4976.MOV,57. Screen,Electronics,57. Screen#1,train
Electronics/57. Screen/MVI_4977.MOV,57. Screen,Electronics,57. Screen#1,train
Electronics/57. Screen/MVI_4978.MOV,57. Screen,Electronics,57. Screen#1,train
Electronics/57. Screen/MVI_5403.MOV,57. Screen,Electronics,57. Screen#2,train
Electronics/57. Screen/MVI_5404.MOV,57. Screen,Electronics,57. Screen#2,train
Electronics/57. Screen/MVI_5405.MOV,57. Screen,Electronics,57. Screen#2,train
Electronics/57. Screen/MVI_5406.MOV,57. Screen,Electronics,57. Screen#2,train
Electronics/57. Screen/MVI_9110.MP4,57. Screen,Electronics,57. Screen#3,test
Electronics/57. Screen/MVI_9111.MP4,57. Screen,Electronics,57. Screen#3,val
Electronics/57. Screen/MVI_9112.MP4,57. Screen,Electronics,57. Screen#3,test
Electronics/58. Camera/MVI_4553.MOV,58. Camera,Electronics,58. Camera#0,train
Electronics/58. Camera/MVI_4554.MOV,58. Camera,Electronics,58. Camera#0,train
Electronics/58. Camera/MVI_4555.MOV,58. Camera,Electronics,58. Camera#0,val
Electronics/58. Camera/MVI_4556.MOV,58. Camera,Electronics,58. Camera#0,test
Electronics/58. Camera/MVI_4979.MOV,58. Camera,Electronics,58. Camera#1,train
Electronics/58. Camera/MVI_4980.MOV,58. Camera,Electronics,58. Camera#1,train
Electronics/58. Camera/MVI_4981.MOV,58. Camera,Electronics,58. Camera#1,train
Electronics/58. Camera/MVI_5407.MOV,58. Camera,Electronics,58. Camera#2,train
Electronics/58. Camera/MVI_5408.MOV,58. Camera,Electronics,58. Camera#2,val
Electronics/58. Camera/MVI_5409.MOV,58. Camera,Electronics,58. Camera#2,train
Electronics/58. Camera/MVI_5410.MOV,58. Camera,Electronics,58. Camera#2,train
Electronics/58. Camera/MVI_9113.MP4,58. Camera,Electronics,58. Camera#3,test
Electronics/58. Camera/MVI_9114.MP4,58. Camera,Electronics,58. Camera#3,test
Electronics/58. Camera/MVI_9115.MP4,58. Camera,Electronics,58. Camera#3,train
Electronics/59. Television/MVI_4557.MOV,59. Television,Electronics,59. Television#0,train
Electronics/59. Television/MVI_4558.MOV,59. Television,Electronics,59. Television#0,test
Electronics/59. Television/MVI_4559.MOV,59. Television,Electronics,59. Television#0,train
Electronics/59. Television/MVI_4560.MOV,59. Television,Electronics,59. Television#0,test
Electronics/59. Television/MVI_4982.MOV,59. Television,Electronics,59. Television#1,train
Electronics/59. Television/MVI_4985.MOV,59. Television,Electronics,59. Television#1,train
Electronics/59. Television/MVI_4986.MOV,59. Television,Electronics,59. Television#1,train
Electronics/59. Television/MVI_5412.MOV,59. Television,Electronics,59. Television#2,test
Electronics/59. Television/MVI_5413.MOV,59. Television,Electronics,59. Television#2,train
Electronics/59. Television/MVI_5414.MOV,59. Television,Electronics,59. Television#2,train
Electronics/59. Television/MVI_5415.MOV,59. Television,Electronics,59. Television#2,train
Electronics/59. Television/MVI_9116.MP4,59. Television,Electronics,59. Television#3,train
Electronics/59. Television/MVI_9117.MP4,59. Television,Electronics,59. Television#3,val
Electronics/59. Television/MVI_9118.MP4,59. Television,Electronics,59. Television#3,val
Electronics/60. Radio/MVI_4561.MOV,60. Radio,Electronics,60. Radio#0,train
Electronics/60. Radio/MVI_4562.MOV,60. Radio,Electronics,60. Radio#0,val
Electronics/60. Radio/MVI_4563.MOV,60. Radio,Electronics,60. Radio#0,train
Electronics/60. Radio/MVI_4564.MOV,60. Radio,Electronics,60. Radio#0,test
Electronics/60. Radio/MVI_4987.MOV,60. Radio,Electronics,60. Radio#1,train
Electronics/60. Radio/MVI_4988.MOV,60. Radio,Electronics,60. Radio#1,test
Electronics/60. Radio/MVI_4989.MOV,60. Radio,Electronics,60. Radio#1,train
Electronics/60. Radio/MVI_5416.MOV,60. Radio,Electronics,60. Radio#2,test
Electronics/60. Radio/MVI_5417.MOV,60. Radio,Electronics,60. Radio#2,train
Electronics/60. Radio/MVI_5418.MOV,60. Radio,Electronics,60. Radio#2,train
Electronics/60. Radio/MVI_5419.MOV,60. Radio,Electronics,60. Radio#2,train
Electronics/60. Radio/MVI_9119.MP4,60. Radio,Electronics,60. Radio#3,val
Electronics/60. Radio/MVI_9120.MP4,60. Radio,Electronics,60. Radio#3,train
Electronics/60. Radio/MVI_9121.MP4,60. Radio,Electronics,60. Radio#3,train
Greetings/48. Hello/MVI_0029.MOV,48. Hello,Greetings,48. Hello#0,train
Greetings/48. Hello/MVI_0030.MOV,48. Hello,Greetings,48. Hello#0,train
Greetings/48. Hello/MVI_0031.MOV,48. Hello,Greetings,48. Hello#0,train
Greetings/48. Hello/MVI_0032.MOV,48. Hello,Greetings,48. Hello#0,val
Greetings/48. Hello/MVI_0037.MOV,48. Hello,Greetings,48. Hello#0,train
Greetings/48. Hello/MVI_0038.MOV,48. Hello,Greetings,48. Hello#0,val
Greetings/48. Hello/MVI_0039.MOV,48. Hello,Greetings,48. Hello#0,test
Greetings/48. Hello/MVI_0089.MOV,48. Hello,Greetings,48. Hello#1,train
Greetings/48. Hello/MVI_0090.MOV,48. Hello,Greetings,48. Hello#1,train
Greetings/48. Hello/MVI_0091.MOV,48. Hello,Greetings,48. Hello#1,val
Greetings/48. Hello/MVI_9914.MOV,48. Hello,Greetings,48. Hello#2,train
Greetings/48. Hello/MVI_9915.MOV,48. Hello,Greetings,48. Hello#2,test
Greetings/48. Hello/MVI_9916.MOV,48. Hello,Greetings,48. Hello#2,train
Greetings/48. Hello/MVI_9917.MOV,48. Hello,Greetings,48. Hello#2,train
Greetings/48. Hello/MVI_9954.MOV,48. Hello,Greetings,48. Hello#3,train
Greetings/48. Hello/MVI_9955.MOV,48. Hello,Greetings,48. Hello#3,test
Greetings/48. Hello/MVI_9956.MOV,48. Hello,Greetings,48. Hello#3,train
Greetings/48. Hello/MVI_9957.MOV,48. Hello,Greetings,48. Hello#3,test
Greetings/48. Hello/MVI_9982.MOV,48. Hello,Greetings,48. Hello#4,train
Greetings/48. Hello/MVI_9983.MOV,48. Hello,Greetings,48. Hello#4,train
Greetings/48. Hello/MVI_9984.MOV,48. Hello,Greetings,48. Hello#4,train
Greetings/49. How are you/MVI_0033.MOV,49. How are you,Greetings,49. How are you#0,test
Greetings/49. How are you/MVI_0034.MOV,49. How are you,Greetings,49. How are you#0,val
Greetings/49. How are you/MVI_0035.MOV,49. How are you,Greetings,49. How are you#0,train
Greetings/49. How are you/MVI_0036.MOV,49. How are you,Greetings,49. How are you#0,train
Greetings/49. How are you/MVI_0040.MOV,49. How are you,Greetings,49. How are you#0,test
Greetings/49. How are you/MVI_0041.MOV,49. How are you,Greetings,49. How are you#0,train
Greetings/49. How are you/MVI_0042.MOV,49. How are you,Greetings,49. How are you#0,train
Greetings/49. How are you/MVI_0092.MOV,49. How are you,Greetings,49. How are you#1,train
Greetings/49. How are you/MVI_0093.MOV,49. How are you,Greetings,49. How are you#1,val
Greetings/49. How are you/MVI_0094.MOV,49. How are you,Greetings,49. How are you#1,train
Greetings/49. How are you/MVI_9918.MOV,49. How are you,Greetings,49. How are you#2,test
Greetings/49. How are you/MVI_9919.MOV,49. How are you,Greetings,49. How are you#2,train
Greetings/49. How are you/MVI_9920.MOV,49. How are you,Greetings,49. How are you#2,val
Greetings/49. How are you/MVI_9921.MOV,49. How are you,Greetings,49. How are you#2,train
Greetings/49. How are you/MVI_9959.MOV,49. How are you,Greetings,49. How are you#3,train
Greetings/49. How are you/MVI_9960.MOV,49. How are you,Greetings,49. How are you#3,train
Greetings/49. How are you/MVI_9961.MOV,49. How are you,Greetings,49. How are you#3,test
Greetings/49. How are you/MVI_9962.MOV,49. How are you,Greetings,49. How are you#3,train
Greetings/49. How are you/MVI_9985.MOV,49. How are you,Greetings,49. How are you#4,train
Greetings/49. How are you/MVI_9986.MOV,49. How are you,Greetings,49. How are you#4,train
Greetings/49. How are you/MVI_9987.MOV,49. How are you,Greetings,49. How are you#4,train
Greetings/50. Alright/MVI_0037.MOV,50. Alright,Greetings,50. Alright#0,train
Greetings/50. Alright/MVI_0038.MOV,50. Alright,Greetings,50. Alright#0,train
Greetings/50. Alright/MVI_0039.MOV,50. Alright,Greetings,50. Alright#0,train
Greetings/50. Alright/MVI_0040.MOV,50. Alright,Greetings,50. Alright#0,val
Greetings/50. Alright/MVI_0043.MOV,50. Alright,Greetings,50. Alright#0,train
Greetings/50. Alright/MVI_0044.MOV,50. Alright,Greetings,50. Alright#0,train
Greetings/50. Alright/MVI_0045.MOV,50. Alright,Greetings,50. Alright#0,val
Greetings/50. Alright/MVI_0095.MOV,50. Alright,Greetings,50. Alright#1,test
Greetings/50. Alright/MVI_0096.MOV,50. Alright,Greetings,50. Alright#1,train
Greetings/50. Alright/MVI_0097.MOV,50. Alright,Greetings,50. Alright#1,train
Greetings/50. Alright/MVI_9923.MOV,50. Alright,Greetings,50. Alright#2,train
Greetings/50. Alright/MVI_9924.MOV,50. Alright,Greetings,50. Alright#2,train
Greetings/50. Alright/MVI_9925.MOV,50. Alright,Greetings,50. Alright#2,train
Greetings/50. Alright/MVI_9926.MOV,50. Alright,Greetings,50. Alright#2,test
Greetings/50. Alright/MVI_9963.MOV,50. Alright,Greetings,50. Alright#3,train
Greetings/50. Alright/MVI_9964.MOV,50. Alright,Greetings,50. Alright#3,train
Greetings/50. Alright/MVI_9965.MOV,50. Alright,Greetings,50. Alright#3,val
Greetings/50. Alright/MVI_9966.MOV,50. Alright,Greetings,50. Alright#3,train
Greetings/50. Alright/MVI_9988.MOV,50. Alright,Greetings,50. Alright#4,test
Greetings/50. Alright/MVI_9989.MOV,50. Alright,Greetings,50. Alright#4,train
Greetings/50. Alright/MVI_9990.MOV,50. Alright,Greetings,50. Alright#4,test
Greetings/51. Good Morning/MVI_0042.MOV,51. Good Morning,Greetings,51. Good Morning#0,train
Greetings/51. Good Morning/MVI_0043.MOV,51. Good Morning,Greetings,51. Good Morning#0,train
Greetings/51. Good Morning/MVI_0044.MOV,51. Good Morning,Greetings,51. Good Morning#0,test
Greetings/51. Good Morning/MVI_0045.MOV,51. Good Morning,Greetings,51. Good Morning#0,train
Greetings/51. Good Morning/MVI_0046.MOV,51. Good Morning,Greetings,51. Good Morning#0,train
Greetings/51. Good Morning/MVI_0047.MOV,51. Good Morning,Greetings,51. Good Morning#0,train
Greetings/51. Good Morning/MVI_0048.MOV,51. Good Morning,Greetings,51. Good Morning#0,test
Greetings/51. Good Morning/MVI_0098.MOV,51. Good Morning,Greetings,51. Good Morning#1,test
Greetings/51. Good Morning/MVI_0099.MOV,51. Good Morning,Greetings,51. Good Morning#1,train
Greetings/51. Good Morning/MVI_0100.MOV,51. Good Morning,Greetings,51. Good Morning#1,train
Greetings/51. Good Morning/MVI_9932.MOV,51. Good Morning,Greetings,51. Good Morning#2,val
Greetings/51. Good Morning/MVI_9933.MOV,51. Good Morning,Greetings,51. Good Morning#2,train
Greetings/51. Good Morning/MVI_9934.MOV,51. Good Morning,Greetings,51. Good Morning#2,train
Greetings/51. Good Morning/MVI_9935.MOV,51. Good Morning,Greetings,51. Good Morning#2,train
Greetings/51. Good Morning/MVI_9968.MOV,51. Good Morning,Greetings,51. Good Morning#3,val
Greetings/51. Good Morning/MVI_9969.MOV,51. Good Morning,Greetings,51. Good Morning#3,val
Greetings/51. Good Morning/MVI_9970.MOV,51. Good Morning,Greetings,51. Good Morning#3,train
Greetings/51. Good Morning/MVI_9971.MOV,51. Good Morning,Greetings,51. Good Morning#3,train
Greetings/51. Good Morning/MVI_9991.MOV,51. Good Morning,Greetings,51. Good Morning#4,train
Greetings/51. Good Morning/MVI_9992.MOV,51. Good Morning,Greetings,51. Good Morning#4,test
Greetings/51. Good Morning/MVI_9993.MOV,51. Good Morning,Greetings,51. Good Morning#4,train
Greetings/52. Good afternoon/MVI_0046.MOV,52. Good afternoon,Greetings,52. Good afternoon#0,val
Greetings/52. Good afternoon/MVI_0047.MOV,52. Good afternoon,Greetings,52. Good afternoon#0,train
Greetings/52. Good afternoon/MVI_0048.MOV,52. Good afternoon,Greetings,52. Good afternoon#0,train
Greetings/52. Good afternoon/MVI_0049.MOV,52. Good afternoon,Greetings,52. Good afternoon#0,train
Greetings/52. Good afternoon/MVI_0050.MOV,52. Good afternoon,Greetings,52. Good afternoon#0,train
Greetings/52. Good afternoon/MVI_0050_ (1).MOV,52. Good afternoon,Greetings,52. Good afternoon#0,train
Greetings/52. Good afternoon/MVI_0050_ (2).MOV,52. Good afternoon,Greetings,52. Good afternoon#0,train
Greetings/52. Good afternoon/MVI_0051.MOV,52. Good afternoon,Greetings,52. Good afternoon#0,val
Greetings/52. Good afternoon/MVI_0101.MOV,52. Good afternoon,Greetings,52. Good afternoon#1,train
Greetings/52. Good afternoon/MVI_0102.MOV,52. Good afternoon,Greetings,52. Good afternoon#1,test
Greetings/52. Good afternoon/MVI_0103.MOV,52. Good afternoon,Greetings,52. Good afternoon#1,train
Greetings/52. Good afternoon/MVI_9936.MOV,52. Good afternoon,Greetings,52. Good afternoon#2,train
Greetings/52. Good afternoon/MVI_9937.MOV,52. Good afternoon,Greetings,52. Good afternoon#2,test
Greetings/52. Good afternoon/MVI_9938.MOV,52. Good afternoon,Greetings,52. Good afternoon#2,val
Greetings/52. Good afternoon/MVI_9939.MOV,52. Good afternoon,Greetings,52. Good afternoon#2,test
Greetings/52. Good afternoon/MVI_9972.MOV,52. Good afternoon,Greetings,52. Good afternoon#3,train
Greetings/52. Good afternoon/MVI_9973.MOV,52. Good afternoon,Greetings,52. Good afternoon#3,train
Greetings/52. Good afternoon/MVI_9974.MOV,52. Good afternoon,Greetings,52. Good afternoon#3,test
Greetings/52. Good afternoon/MVI_9975.MOV,52. Good afternoon,Greetings,52. Good afternoon#3,train
Greetings/52. Good afternoon/MVI_9994.MOV,52. Good afternoon,Greetings,52. Good afternoon#4,train
Greetings/52. Good afternoon/MVI_9995.MOV,52. Good afternoon,Greetings,52. Good afternoon#4,train
Greetings/52. Good afternoon/MVI_9996.MOV,52. Good afternoon,Greetings,52. Good afternoon#4,train
Greetings/53. Good evening/MVI_0001.MOV,53. Good evening,Greetings,53. Good evening#0,train
Greetings/53. Good evening/MVI_0052.MOV,53. Good evening,Greetings,53. Good evening#1,train
Greetings/53. Good evening/MVI_0053.MOV,53. Good evening,Greetings,53. Good evening#1,train
Greetings/53. Good evening/MVI_0054.MOV,53. Good evening,Greetings,53. Good evening#1,train
Greetings/53. Good evening/MVI_0055.MOV,53. Good evening,Greetings,53. Good evening#1,train
Greetings/53. Good evening/MVI_005_4 (1).MOV,53. Good evening,Greetings,53. Good evening#0,train
Greetings/53. Good evening/MVI_005_4 (2).MOV,53. Good evening,Greetings,53. Good evening#0,test
Greetings/53. Good evening/MVI_005_4 (3).MOV,53. Good evening,Greetings,53. Good evening#0,test
Greetings/53. Good evening/MVI_0105.MOV,53. Good evening,Greetings,53. Good evening#2,val
Greetings/53. Good evening/MVI_0106.MOV,53. Good evening,Greetings,53. Good evening#2,test
Greetings/53. Good evening/MVI_0107.MOV,53. Good evening,Greetings,53. Good evening#2,train
Greetings/53. Good evening/MVI_9940.MOV,53. Good evening,Greetings,53. Good evening#3,train
Greetings/53. Good evening/MVI_9941.MOV,53. Good evening,Greetings,53. Good evening#3,train
Greetings/53. Good evening/MVI_9942.MOV,53. Good evening,Greetings,53. Good evening#3,test
Greetings/53. Good evening/MVI_9943.MOV,53. Good evening,Greetings,53. Good evening#3,val
Greetings/53. Good evening/MVI_9976.MOV,53. Good evening,Greetings,53. Good evening#4,train
Greetings/53. Good evening/MVI_9977.MOV,53. Good evening,Greetings,53. Good evening#4,train
Greetings/53. Good evening/MVI_9978.MOV,53. Good evening,Greetings,53. Good evening#4,train
Greetings/53. Good evening/MVI_9979.MOV,53. Good evening,Greetings,53. Good evening#4,train
Greetings/53. Good evening/MVI_9998.MOV,53. Good evening,Greetings,53. Good evening#5,val
Greetings/53. Good evening/MVI_9999.MOV,53. Good evening,Greetings,53. Good evening#5,train
Greetings/54. Good night/MVI_0002.MOV,54. Good night,Greetings,54. Good night#0,val
Greetings/54. Good night/MVI_0003.MOV,54. Good night,Greetings,54. Good night#0,train
Greetings/54. Good night/MVI_0004.MOV,54. Good night,Greetings,54. Good night#0,train
Greetings/54. Good night/MVI_0055.MOV,54. Good night,Greetings,54. Good night#1,train
Greetings/54. Good night/MVI_0056.MOV,54. Good night,Greetings,54. Good night#1,train
Greetings/54. Good night/MVI_0057.MOV,54. Good night,Greetings,54. Good night#1,train
Greetings/54. Good night/MVI_0057_.MOV,54. Good night,Greetings,54. Good night#1,train
Greetings/54. Good night/MVI_0058.MOV,54. Good night,Greetings,54. Good night#1,train
Greetings/54. Good night/MVI_0059.MOV,54. Good night,Greetings,54. Good night#1,train
Greetings/54. Good night/MVI_005_6.MOV,54. Good night,Greetings,54. Good night#0,train
Greetings/54. Good night/MVI_0108.MOV,54. Good night,Greetings,54. Good night#2,train
Greetings/54. Good night/MVI_0109.MOV,54. Good night,Greetings,54. Good night#2,val
Greetings/54. Good night/MVI_0110.MOV,54. Good night,Greetings,54. Good night#2,val
Greetings/54. Good night/MVI_9944.MOV,54. Good night,Greetings,54. Good night#3,train
Greetings/54. Good night/MVI_9945.MOV,54. Good night,Greetings,54. Good night#3,train
Greetings/54. Good night/MVI_9946.MOV,54. Good night,Greetings,54. Good night#3,test
Greetings/54. Good night/MVI_9947.MOV,54. Good night,Greetings,54. Good night#3,test
Greetings/54. Good night/MVI_9980.MOV,54. Good night,Greetings,54. Good night#4,test
Greetings/54. Good night/MVI_9981.MOV,54. Good night,Greetings,54. Good night#4,train
Greetings/54. Good night/MVI_9982.MOV,54. Good night,Greetings,54. Good night#4,train
Greetings/54. Good night/MVI_9983.MOV,54. Good night,Greetings,54. Good night#4,test
Greetings/55. Thank you/MVI_0006.MOV,55. Thank you,Greetings,55. Thank you#0,train
Greetings/55. Thank you/MVI_0007.MOV,55. Thank you,Greetings,55. Thank you#0,train
Greetings/55. Thank you/MVI_0008.MOV,55. Thank you,Greetings,55. Thank you#0,train
Greetings/55. Thank you/MVI_0058.MOV,55. Thank you,Greetings,55. Thank you#1,val
Greetings/55. Thank you/MVI_0059.MOV,55. Thank you,Greetings,55. Thank you#1,test
Greetings/55. Thank you/MVI_0060.MOV,55. Thank you,Greetings,55. Thank you#1,train
Greetings/55. Thank you/MVI_0060_.MOV,55. Thank you,Greetings,55. Thank you#1,train
Greetings/55. Thank you/MVI_0061.MOV,55. Thank you,Greetings,55. Thank you#1,train
Greetings/55. Thank you/MVI_0062.MOV,55. Thank you,Greetings,55. Thank you#1,train
Greetings/55. Thank you/MVI_0063.MOV,55. Thank you,Greetings,55. Thank you#1,test
Greetings/55. Thank you/MVI_0111.MOV,55. Thank you,Greetings,55. Thank you#2,train
Greetings/55. Thank you/MVI_0112.MOV,55. Thank you,Greetings,55. Thank you#2,train
Greetings/55. Thank you/MVI_0113.MOV,55. Thank you,Greetings,55. Thank you#2,test
Greetings/55. Thank you/MVI_9948.MOV,55. Thank you,Greetings,55. Thank you#3,val
Greetings/55. Thank you/MVI_9949.MOV,55. Thank you,Greetings,55. Thank you#3,train
Greetings/55. Thank you/MVI_9950.MOV,55. Thank you,Greetings,55. Thank you#3,test
Greetings/55. Thank you/MVI_9951.MOV,55. Thank you,Greetings,55. Thank you#3,train
Greetings/55. Thank you/MVI_9984.MOV,55. Thank you,Greetings,55. Thank you#4,train
Greetings/55. Thank you/MVI_9985.MOV,55. Thank you,Greetings,55. Thank you#4,val
Greetings/55. Thank you/MVI_9986.MOV,55. Thank you,Greetings,55. Thank you#4,train
Greetings/55. Thank you/MVI_9987.MOV,55. Thank you,Greetings,55. Thank you#4,train
Greetings/56. Pleased/MVI_0009.MOV,56. Pleased,Greetings,56. Pleased#0,test
Greetings/56. Pleased/MVI_0010.MOV,56. Pleased,Greetings,56. Pleased#0,train
Greetings/56. Pleased/MVI_0011.MOV,56. Pleased,Greetings,56. Pleased#0,train
Greetings/56. Pleased/MVI_0061.MOV,56. Pleased,Greetings,56. Pleased#1,train
Greetings/56. Pleased/MVI_0062.MOV,56. Pleased,Greetings,56. Pleased#1,train
Greetings/56. Pleased/MVI_0063.MOV,56. Pleased,Greetings,56. Pleased#1,test
Greetings/56. Pleased/MVI_0065.MOV,56. Pleased,Greetings,56. Pleased#1,train
Greetings/56. Pleased/MVI_0066.MOV,56. Pleased,Greetings,56. Pleased#1,train
Greetings/56. Pleased/MVI_0067.MOV,56. Pleased,Greetings,56. Pleased#1,val
Greetings/56. Pleased/MVI_0068.MOV,56. Pleased,Greetings,56. Pleased#1,val
Greetings/56. Pleased/MVI_0114.MOV,56. Pleased,Greetings,56. Pleased#2,train
Greetings/56. Pleased/MVI_0115.MOV,56. Pleased,Greetings,56. Pleased#2,train
Greetings/56. Pleased/MVI_0116.MOV,56. Pleased,Greetings,56. Pleased#2,train
Greetings/56. Pleased/MVI_9952.MOV,56. Pleased,Greetings,56. Pleased#3,train
Greetings/56. Pleased/MVI_9953.MOV,56. Pleased,Greetings,56. Pleased#3,train
Greetings/56. Pleased/MVI_9954.MOV,56. Pleased,Greetings,56. Pleased#3,train
Greetings/56. Pleased/MVI_9955.MOV,56. Pleased,Greetings,56. Pleased#3,train
Greetings/56. Pleased/MVI_9988.MOV,56. Pleased,Greetings,56. Pleased#4,test
Greetings/56. Pleased/MVI_9989.MOV,56. Pleased,Greetings,56. Pleased#4,train
Greetings/56. Pleased/MVI_9990.MOV,56. Pleased,Greetings,56. Pleased#4,val
Greetings/56. Pleased/MVI_9991.MOV,56. Pleased,Greetings,56. Pleased#4,test
Home/24. Table/MVI_4344.MOV,24. Table,Home,24. Table#0,test
Home/24. Table/MVI_4345.MOV,24. Table,Home,24. Table#0,train
Home/24. Table/MVI_4346.MOV,24. Table,Home,24. Table#0,train
Home/24. Table/MVI_4347.MOV,24. Table,Home,24. Table#0,train
Home/24. Table/MVI_4869.MOV,24. Table,Home,24. Table#1,train
Home/24. Table/MVI_4870.MOV,24. Table,Home,24. Table#1,train
Home/24. Table/MVI_4871.MOV,24. Table,Home,24. Table#1,test
Home/24. Table/MVI_8750.MP4,24. Table,Home,24. Table#2,train
Home/24. Table/MVI_8751.MP4,24. Table,Home,24. Table#2,val
Home/24. Table/MVI_8752.MP4,24. Table,Home,24. Table#2,test
Home/24. Table/MVI_8753.MP4,24. Table,Home,24. Table#2,train
Home/24. Table/MVI_9001.MP4,24. Table,Home,24. Table#3,train
Home/24. Table/MVI_9002.MP4,24. Table,Home,24. Table#3,train
Home/24. Table/MVI_9003.MP4,24. Table,Home,24. Table#3,val
Home/25. Chair/MVI_4348.MOV,25. Chair,Home,25. Chair#0,test
Home/25. Chair/MVI_4349.MOV,25. Chair,Home,25. Chair#0,train
Home/25. Chair/MVI_4350.MOV,25. Chair,Home,25. Chair#0,val
Home/25. Chair/MVI_4351.MOV,25. Chair,Home,25. Chair#0,test
Home/25. Chair/MVI_4872.MOV,25. Chair,Home,25. Chair#1,train
Home/25. Chair/MVI_4873.MOV,25. Chair,Home,25. Chair#1,test
Home/25. Chair/MVI_4874.MOV,25. Chair,Home,25. Chair#1,train
Home/25. Chair/MVI_8754.MP4,25. Chair,Home,25. Chair#2,val
Home/25. Chair/MVI_8755.MP4,25. Chair,Home,25. Chair#2,train
Home/25. Chair/MVI_8756.MP4,25. Chair,Home,25. Chair#2,train
Home/25. Chair/MVI_8757.MP4,25. Chair,Home,25. Chair#2,train
Home/25. Chair/MVI_9004.MP4,25. Chair,Home,25. Chair#3,train
Home/25. Chair/MVI_9005.MP4,25. Chair,Home,25. Chair#3,train
Home/25. Chair/MVI_9006.MP4,25. Chair,Home,25. Chair#3,train
Home/26. Bed/MVI_4352.MOV,26. Bed,Home,26. Bed#0,train
Home/26. Bed/MVI_4353.MOV,26. Bed,Home,26. Bed#0,train
Home/26. Bed/MVI_4354.MOV,26. Bed,Home,26. Bed#0,val
Home/26. Bed/MVI_4355.MOV,26. Bed,Home,26. Bed#0,train
Home/26. Bed/MVI_4875.MOV,26. Bed,Home,26. Bed#1,val
Home/26. Bed/MVI_4876.MOV,26. Bed,Home,26. Bed#1,train
Home/26. Bed/MVI_4877.MOV,26. Bed,Home,26. Bed#1,test
Home/26. Bed/MVI_8758.MP4,26. Bed,Home,26. Bed#2,test
Home/26. Bed/MVI_8759.MP4,26. Bed,Home,26. Bed#2,train
Home/26. Bed/MVI_8760.MP4,26. Bed,Home,26. Bed#2,train
Home/26. Bed/MVI_8761.MP4,26. Bed,Home,26. Bed#2,test
Home/26. Bed/MVI_9007.MP4,26. Bed,Home,26. Bed#3,train
Home/26. Bed/MVI_9008.MP4,26. Bed,Home,26. Bed#3,train
Home/26. Bed/MVI_9009.MP4,26. Bed,Home,26. Bed#3,train
Home/27. Dream/MVI_4357.MOV,27. Dream,Home,27. Dream#0,train
Home/27. Dream/MVI_4359.MOV,27. Dream,Home,27. Dream#0,train
Home/27. Dream/MVI_4360.MOV,27. Dream,Home,27. Dream#0,train
Home/27. Dream/MVI_4361.MOV,27. Dream,Home,27. Dream#0,train
Home/27. Dream/MVI_4878.MOV,27. Dream,Home,27. Dream#1,test
Home/27. Dream/MVI_4879.MOV,27. Dream,Home,27. Dream#1,test
Home/27. Dream/MVI_4880.MOV,27. Dream,Home,27. Dream#1,train
Home/27. Dream/MVI_8762.MP4,27. Dream,Home,27. Dream#2,train
Home/27. Dream/MVI_8763.MP4,27. Dream,Home,27. Dream#2,train
Home/27. Dream/MVI_8764.MP4,27. Dream,Home,27. Dream#2,val
Home/27. Dream/MVI_8765.MP4,27. Dream,Home,27. Dream#2,train
Home/27. Dream/MVI_9010.MP4,27. Dream,Home,27. Dream#3,train
Home/27. Dream/MVI_9011.MP4,27. Dream,Home,27. Dream#3,test
Home/27. Dream/MVI_9012.MP4,27. Dream,Home,27. Dream#3,val
Home/28. Window/MVI_4362.MOV,28. Window,Home,28. Window#0,train
Home/28. Window/MVI_4363.MOV,28. Window,Home,28. Window#0,train
Home/28. Window/MVI_4364.MOV,28. Window,Home,28. Window#0,test
Home/28. Window/MVI_4365.MOV,28. Window,Home,28. Window#0,train
Home/28. Window/MVI_4881.MOV,28. Window,Home,28. Window#1,train
Home/28. Window/MVI_4882.MOV,28. Window,Home,28. Window#1,train
Home/28. Window/MVI_4883.MOV,28. Window,Home,28. Window#1,train
Home/28. Window/MVI_8766.MP4,28. Window,Home,28. Window#2,train
Home/28. Window/MVI_8767.MP4,28. Window,Home,28. Window#2,train
Home/28. Window/MVI_8768.MP4,28. Window,Home,28. Window#2,test
Home/28. Window/MVI_8769.MP4,28. Window,Home,28. Window#2,test
Home/28. Window/MVI_9013.MP4,28. Window,Home,28. Window#3,val
Home/28. Window/MVI_9014.MP4,28. Window,Home,28. Window#3,val
Home/28. Window/MVI_9015.MP4,28. Window,Home,28. Window#3,train
Home/29. Door/MVI_4366.MOV,29. Door,Home,29. Door#0,train
Home/29. Door/MVI_4367.MOV,29. Door,Home,29. Door#0,train
Home/29. Door/MVI_4368.MOV,29. Door,Home,29. Door#0,test
Home/29. Door/MVI_4369.MOV,29. Door,Home,29. Door#0,train
Home/29. Door/MVI_4884.MOV,29. Door,Home,29. Door#1,train
Home/29. Door/MVI_4885.MOV,29. Door,Home,29. Door#1,train
Home/29. Door/MVI_4886.MOV,29. Door,Home,29. Door#1,test
Home/29. Door/MVI_8770.MP4,29. Door,Home,29. Door#2,train
Home/29. Door/MVI_8771.MP4,29. Door,Home,29. Door#2,train
Home/29. Door/MVI_8772.MP4,29. Door,Home,29. Door#2,val
Home/29. Door/MVI_8773.MP4,29. Door,Home,29. Door#2,val
Home/29. Door/MVI_9016.MP4,29. Door,Home,29. Door#3,test
Home/29. Door/MVI_9017.MP4,29. Door,Home,29. Door#3,train
Home/29. Door/MVI_9018.MP4,29. Door,Home,29. Door#3,train
Home/30. Bedroom/MVI_4370.MOV,30. Bedroom,Home,30. Bedroom#0,train
Home/30. Bedroom/MVI_4371.MOV,30. Bedroom,Home,30. Bedroom#0,val
Home/30. Bedroom/MVI_4372.MOV,30. Bedroom,Home,30. Bedroom#0,train
Home/30. Bedroom/MVI_4373.MOV,30. Bedroom,Home,30. Bedroom#0,train
Home/30. Bedroom/MVI_4887.MOV,30. Bedroom,Home,30. Bedroom#1,train
Home/30. Bedroom/MVI_4888.MOV,30. Bedroom,Home,30. Bedroom#1,val
Home/30. Bedroom/MVI_4896.MOV,30. Bedroom,Home,30. Bedroom#2,train
Home/30. Bedroom/MVI_8774.MP4,30. Bedroom,Home,30. Bedroom#3,train
Home/30. Bedroom/MVI_8775.MP4,30. Bedroom,Home,30. Bedroom#3,train
Home/30. Bedroom/MVI_8776.MP4,30. Bedroom,Home,30. Bedroom#3,train
Home/30. Bedroom/MVI_8777.MP4,30. Bedroom,Home,30. Bedroom#3,test
Home/30. Bedroom/MVI_9019.MP4,30. Bedroom,Home,30. Bedroom#4,train
Home/30. Bedroom/MVI_9020.MP4,30. Bedroom,Home,30. Bedroom#4,test
Home/30. Bedroom/MVI_9021.MP4,30. Bedroom,Home,30. Bedroom#4,test
Home/31. Kitchen/MVI_4374.MOV,31. Kitchen,Home,31. Kitchen#0,val
Home/31. Kitchen/MVI_4375.MOV,31. Kitchen,Home,31. Kitchen#0,train
Home/31. Kitchen/MVI_4376.MOV,31. Kitchen,Home,31. Kitchen#0,train
Home/31. Kitchen/MVI_4377.MOV,31. Kitchen,Home,31. Kitchen#0,train
Home/31. Kitchen/MVI_4897.MOV,31. Kitchen,Home,31. Kitchen#1,train
Home/31. Kitchen/MVI_4898.MOV,31. Kitchen,Home,31. Kitchen#1,test
Home/31. Kitchen/MVI_4899.MOV,31. Kitchen,Home,31. Kitchen#1,test
Home/31. Kitchen/MVI_8778.MP4,31. Kitchen,Home,31. Kitchen#2,train
Home/31. Kitchen/MVI_8779.MP4,31. Kitchen,Home,31. Kitchen#2,train
Home/31. Kitchen/MVI_8780.MP4,31. Kitchen,Home,31. Kitchen#2,test
Home/31. Kitchen/MVI_8781.MP4,31. Kitchen,Home,31. Kitchen#2,train
Home/31. Kitchen/MVI_9022.MP4,31. Kitchen,Home,31. Kitchen#3,val
Home/31. Kitchen/MVI_9023.MP4,31. Kitchen,Home,31. Kitchen#3,train
Home/31. Kitchen/MVI_9024.MP4,31. Kitchen,Home,31. Kitchen#3,train
Home/32. Bathroom/MVI_4378.MOV,32. Bathroom,Home,32. Bathroom#0,test
Home/32. Bathroom/MVI_4379.MOV,32. Bathroom,Home,32. Bathroom#0,train
Home/32. Bathroom/MVI_4380.MOV,32. Bathroom,Home,32. Bathroom#0,train
Home/32. Bathroom/MVI_4381.MOV,32. Bathroom,Home,32. Bathroom#0,train
Home/32. Bathroom/MVI_4900.MOV,32. Bathroom,Home,32. Bathroom#1,train
Home/32. Bathroom/MVI_4901.MOV,32. Bathroom,Home,32. Bathroom#1,test
Home/32. Bathroom/MVI_4902.MOV,32. Bathroom,Home,32. Bathroom#1,train
Home/32. Bathroom/MVI_8782.MP4,32. Bathroom,Home,32. Bathroom#2,val
Home/32. Bathroom/MVI_8783.MP4,32. Bathroom,Home,32. Bathroom#2,train
Home/32. Bathroom/MVI_8784.MP4,32. Bathroom,Home,32. Bathroom#2,train
Home/32. Bathroom/MVI_8785.MP4,32. Bathroom,Home,32. Bathroom#2,train
Home/32. Bathroom/MVI_9025.MP4,32. Bathroom,Home,32. Bathroom#3,train
Home/32. Bathroom/MVI_9026.MP4,32. Bathroom,Home,32. Bathroom#3,val
Home/32. Bathroom/MVI_9027.MP4,32. Bathroom,Home,32. Bathroom#3,test
Home/33. Pencil/MVI_4383.MOV,33. Pencil,Home,33. Pencil#0,train
Home/33. Pencil/MVI_4384.MOV,33. Pencil,Home,33. Pencil#0,val
Home/33. Pencil/MVI_4385.MOV,33. Pencil,Home,33. Pencil#0,train
Home/33. Pencil/MVI_4386.MOV,33. Pencil,Home,33. Pencil#0,test
Home/33. Pencil/MVI_4903.MOV,33. Pencil,Home,33. Pencil#1,train
Home/33. Pencil/MVI_4904.MOV,33. Pencil,Home,33. Pencil#1,train
Home/33. Pencil/MVI_4905.MOV,33. Pencil,Home,33. Pencil#1,train
Home/33. Pencil/MVI_8786.MP4,33. Pencil,Home,33. Pencil#2,test
Home/33. Pencil/MVI_8787.MP4,33. Pencil,Home,33. Pencil#2,train
Home/33. Pencil/MVI_8788.MP4,33. Pencil,Home,33. Pencil#2,train
Home/33. Pencil/MVI_8789.MP4,33. Pencil,Home,33. Pencil#2,val
Home/33. Pencil/MVI_9029.MP4,33. Pencil,Home,33. Pencil#3,train
Home/33. Pencil/MVI_9030.MP4,33. Pencil,Home,33. Pencil#3,test
Home/33. Pencil/MVI_9031.MP4,33. Pencil,Home,33. Pencil#3,train
Home/34. Pen/MVI_4387.MOV,34. Pen,Home,34. Pen#0,val
Home/34. Pen/MVI_4388.MOV,34. Pen,Home,34. Pen#0,train
Home/34. Pen/MVI_4389.MOV,34. Pen,Home,34. Pen#0,train
Home/34. Pen/MVI_4390.MOV,34. Pen,Home,34. Pen#0,train
Home/34. Pen/MVI_4906.MOV,34. Pen,Home,34. Pen#1,train
Home/34. Pen/MVI_4907.MOV,34. Pen,Home,34. Pen#1,train
Home/34. Pen/MVI_4908.MOV,34. Pen,Home,34. Pen#1,train
Home/34. Pen/MVI_8791.MP4,34. Pen,Home,34. Pen#2,test
Home/34. Pen/MVI_8793.MP4,34. Pen,Home,34. Pen#2,train
Home/34. Pen/MVI_8794.MP4,34. Pen,Home,34. Pen#2,test
Home/34. Pen/MVI_8795.MP4,34. Pen,Home,34. Pen#2,train
Home/34. Pen/MVI_9032.MP4,34. Pen,Home,34. Pen#3,test
Home/34. Pen/MVI_9033.MP4,34. Pen,Home,34. Pen#3,val
Home/34. Pen/MVI_9034.MP4,34. Pen,Home,34. Pen#3,train
Home/35. Photograph/MVI_4391.MOV,35. Photograph,Home,35. Photograph#0,train
Home/35. Photograph/MVI_4392.MOV,35. Photograph,Home,35. Photograph#0,val
Home/35. Photograph/MVI_4393.MOV,35. Photograph,Home,35. Photograph#0,test
Home/35. Photograph/MVI_4394.MOV,35. Photograph,Home,35. Photograph#0,train
Home/35. Photograph/MVI_4909.MOV,35. Photograph,Home,35. Photograph#1,train
Home/35. Photograph/MVI_4910.MOV,35. Photograph,Home,35. Photograph#1,train
Home/35. Photograph/MVI_4911.MOV,35. Photograph,Home,35. Photograph#1,train
Home/35. Photograph/MVI_8796.MP4,35. Photograph,Home,35. Photograph#2,val
Home/35. Photograph/MVI_8797.MP4,35. Photograph,Home,35. Photograph#2,test
Home/35. Photograph/MVI_8798.MP4,35. Photograph,Home,35. Photograph#2,train
Home/35. Photograph/MVI_8799.MP4,35. Photograph,Home,35. Photograph#2,train
Home/35. Photograph/MVI_9035.MP4,35. Photograph,Home,35. Photograph#3,test
Home/35. Photograph/MVI_9036.MP4,35. Photograph,Home,35. Photograph#3,train
Home/35. Photograph/MVI_9037.MP4,35. Photograph,Home,35. Photograph#3,train
Home/36. Soap/MVI_4395.MOV,36. Soap,Home,36. Soap#0,test
Home/36. Soap/MVI_4396.MOV,36. Soap,Home,36. Soap#0,train
Home/36. Soap/MVI_4397.MOV,36. Soap,Home,36. Soap#0,train
Home/36. Soap/MVI_4398.MOV,36. Soap,Home,36. Soap#0,train
Home/36. Soap/MVI_4912.MOV,36. Soap,Home,36. Soap#1,train
Home/36. Soap/MVI_4913.MOV,36. Soap,Home,36. Soap#1,train
Home/36. Soap/MVI_4914.MOV,36. Soap,Home,36. Soap#1,test
Home/36. Soap/MVI_8800.MP4,36. Soap,Home,36. Soap#2,val
Home/36. Soap/MVI_8801.MP4,36. Soap,Home,36. Soap#2,val
Home/36. Soap/MVI_8802.MP4,36. Soap,Home,36. Soap#2,train
Home/36. Soap/MVI_8803.MP4,36. Soap,Home,36. Soap#2,train
Home/36. Soap/MVI_9038.MP4,36. Soap,Home,36. Soap#3,train
Home/36. Soap/MVI_9039.MP4,36. Soap,Home,36. Soap#3,train
Home/36. Soap/MVI_9040.MP4,36. Soap,Home,36. Soap#3,test
Home/37. Book/MVI_4399.MOV,37. Book,Home,37. Book#0,train
Home/37. Book/MVI_4400.MOV,37. Book,Home,37. Book#0,val
Home/37. Book/MVI_4401.MOV,37. Book,Home,37. Book#0,train
Home/37. Book/MVI_4402.MOV,37. Book,Home,37. Book#0,test
Home/37. Book/MVI_4915.MOV,37. Book,Home,37. Book#1,test
Home/37. Book/MVI_4916.MOV,37. Book,Home,37. Book#1,train
Home/37. Book/MVI_4919.MOV,37. Book,Home,37. Book#1,train
Home/37. Book/MVI_8804.MP4,37. Book,Home,37. Book#2,train
Home/37. Book/MVI_8805.MP4,37. Book,Home,37. Book#2,train
Home/37. Book/MVI_8806.MP4,37. Book,Home,37. Book#2,test
Home/37. Book/MVI_8807.MP4,37. Book,Home,37. Book#2,train
Home/37. Book/MVI_9041.MP4,37. Book,Home,37. Book#3,train
Home/37. Book/MVI_9042.MP4,37. Book,Home,37. Book#3,val
Home/37. Book/MVI_9043.MP4,37. Book,Home,37. Book#3,train
Home/38. Page/MVI_4403.MOV,38. Page,Home,38. Page#0,train
Home/38. Page/MVI_4404.MOV,38. Page,Home,38. Page#0,test
Home/38. Page/MVI_4405.MOV,38. Page,Home,38. Page#0,test
Home/38. Page/MVI_4407.MOV,38. Page,Home,38. Page#0,train
Home/38. Page/MVI_4920.MOV,38. Page,Home,38. Page#1,val
Home/38. Page/MVI_4921.MOV,38. Page,Home,38. Page#1,train
Home/38. Page/MVI_4922.MOV,38. Page,Home,38. Page#1,test
Home/38. Page/MVI_8809.MP4,38. Page,Home,38. Page#2,train
Home/38. Page/MVI_8810.MP4,38. Page,Home,38. Page#2,train
Home/38. Page/MVI_8811.MP4,38. Page,Home,38. Page#2,val
Home/38. Page/MVI_8812.MP4,38. Page,Home,38. Page#2,train
Home/38. Page/MVI_9045.MP4,38. Page,Home,38. Page#3,train
Home/38. Page/MVI_9046.MP4,38. Page,Home,38. Page#3,train
Home/38. Page/MVI_9047.MP4,38. Page,Home,38. Page#3,train
Home/39. Key/MVI_4408.MOV,39. Key,Home,39. Key#0,train
Home/39. Key/MVI_4409.MOV,39. Key,Home,39. Key#0,train
Home/39. Key/MVI_4410.MOV,39. Key,Home,39. Key#0,val
Home/39. Key/MVI_4411.MOV,39. Key,Home,39. Key#0,train
Home/39. Key/MVI_4923.MOV,39. Key,Home,39. Key#1,test
Home/39. Key/MVI_4924.MOV,39. Key,Home,39. Key#1,test
Home/39. Key/MVI_4925.MOV,39. Key,Home,39. Key#1,train
Home/39. Key/MVI_8813.MP4,39. Key,Home,39. Key#2,train
Home/39. Key/MVI_8814.MP4,39. Key,Home,39. Key#2,train
Home/39. Key/MVI_8815.MP4,39. Key,Home,39. Key#2,train
Home/39. Key/MVI_8816.MP4,39. Key,Home,39. Key#2,train
Home/39. Key/MVI_9048.MP4,39. Key,Home,39. Key#3,train
Home/39. Key/MVI_9049.MP4,39. Key,Home,39. Key#3,test
Home/39. Key/MVI_9050.MP4,39. Key,Home,39. Key#3,val
Home/40. Paint/MVI_4412.MOV,40. Paint,Home,40. Paint#0,train
Home/40. Paint/MVI_4413.MOV,40. Paint,Home,40. Paint#0,test
Home/40. Paint/MVI_4414.MOV,40. Paint,Home,40. Paint#0,val
Home/40. Paint/MVI_4415.MOV,40. Paint,Home,40. Paint#0,test
Home/40. Paint/MVI_4926.MOV,40. Paint,Home,40. Paint#1,train
Home/40. Paint/MVI_4927.MOV,40. Paint,Home,40. Paint#1,train
Home/40. Paint/MVI_4928.MOV,40. Paint,Home,40. Paint#1,train
Home/40. Paint/MVI_8817.MP4,40. Paint,Home,40. Paint#2,train
Home/40. Paint/MVI_8818.MP4,40. Paint,Home,40. Paint#2,val
Home/40. Paint/MVI_8819.MP4,40. Paint,Home,40. Paint#2,train
Home/40. Paint/MVI_8820.MP4,40. Paint,Home,40. Paint#2,test
Home/40. Paint/MVI_8821.MP4,40. Paint,Home,40. Paint#2,train
Home/40. Paint/MVI_9051.MP4,40. Paint,Home,40. Paint#3,train
Home/40. Paint/MVI_9052.MP4,40. Paint,Home,40. Paint#3,train
Home/40. Paint/MVI_9053.MP4,40. Paint,Home,40. Paint#3,train
Home/41. Letter/MVI_4416.MOV,41. Letter,Home,41. Letter#0,train
Home/41. Letter/MVI_4417.MOV,41. Letter,Home,41. Letter#0,val
Home/41. Letter/MVI_4418.MOV,41. Letter,Home,41. Letter#0,train
Home/41. Letter/MVI_4419.MOV,41. Letter,Home,41. Letter#0,train
Home/41. Letter/MVI_4929.MOV,41. Letter,Home,41. Letter#1,train
Home/41. Letter/MVI_4930.MOV,41. Letter,Home,41. Letter#1,train
Home/41. Letter/MVI_4931.MOV,41. Letter,Home,41. Letter#1,val
Home/41. Letter/MVI_8822.MP4,41. Letter,Home,41. Letter#2,train
Home/41. Letter/MVI_8823.MP4,41. Letter,Home,41. Letter#2,train
Home/41. Letter/MVI_8824.MP4,41. Letter,Home,41. Letter#2,test
Home/41. Letter/MVI_8825.MP4,41. Letter,Home,41. Letter#2,train
Home/41. Letter/MVI_9054.MP4,41. Letter,Home,41. Letter#3,test
Home/41. Letter/MVI_9055.MP4,41. Letter,Home,41. Letter#3,train
Home/41. Letter/MVI_9056.MP4,41. Letter,Home,41. Letter#3,test
Home/42. Paper/MVI_4420.MOV,42. Paper,Home,42. Paper#0,train
Home/42. Paper/MVI_4421.MOV,42. Paper,Home,42. Paper#0,test
Home/42. Paper/MVI_4422.MOV,42. Paper,Home,42. Paper#0,val
Home/42. Paper/MVI_4423.MOV,42. Paper,Home,42. Paper#0,train
Home/42. Paper/MVI_4932.MOV,42. Paper,Home,42. Paper#1,train
Home/42. Paper/MVI_4933.MOV,42. Paper,Home,42. Paper#1,test
Home/42. Paper/MVI_4934.MOV,42. Paper,Home,42. Paper#1,train
Home/42. Paper/MVI_8826.MP4,42. Paper,Home,42. Paper#2,train
Home/42. Paper/MVI_8827.MP4,42. Paper,Home,42. Paper#2,train
Home/42. Paper/MVI_8828.MP4,42. Paper,Home,42. Paper#2,test
Home/42. Paper/MVI_8829.MP4,42. Paper,Home,42. Paper#2,train
Home/42. Paper/MVI_9057.MP4,42. Paper,Home,42. Paper#3,train
Home/42. Paper/MVI_9058.MP4,42. Paper,Home,42. Paper#3,val
Home/42. Paper/MVI_9059.MP4,42. Paper,Home,42. Paper#3,train
Home/43. Lock/MVI_4424.MOV,43. Lock,Home,43. Lock#0,train
Home/43. Lock/MVI_4425.MOV,43. Lock,Home,43. Lock#0,val
Home/43. Lock/MVI_4426.MOV,43. Lock,Home,43. Lock#0,train
Home/43. Lock/MVI_4427.MOV,43. Lock,Home,43. Lock#0,val
Home/43. Lock/MVI_4935.MOV,43. Lock,Home,43. Lock#1,train
Home/43. Lock/MVI_4936.MOV,43. Lock,Home,43. Lock#1,train
Home/43. Lock/MVI_4937.MOV,43. Lock,Home,43. Lock#1,test
Home/43. Lock/MVI_8830.MP4,43. Lock,Home,43. Lock#2,test
Home/43. Lock/MVI_8831.MP4,43. Lock,Home,43. Lock#2,train
Home/43. Lock/MVI_8832.MP4,43. Lock,Home,43. Lock#2,train
Home/43. Lock/MVI_8833.MP4,43. Lock,Home,43. Lock#2,test
Home/43. Lock/MVI_9060.MP4,43. Lock,Home,43. Lock#3,train
Home/43. Lock/MVI_9061.MP4,43. Lock,Home,43. Lock#3,train
Home/43. Lock/MVI_9062.MP4,43. Lock,Home,43. Lock#3,train
Home/44. Telephone/MVI_4428.MOV,44. Telephone,Home,44. Telephone#0,val
Home/44. Telephone/MVI_4429.MOV,44. Telephone,Home,44. Telephone#0,train
Home/44. Telephone/MVI_4430.MOV,44. Telephone,Home,44. Telephone#0,train
Home/44. Telephone/MVI_4431.MOV,44. Telephone,Home,44. Telephone#0,train
Home/44. Telephone/MVI_4938.MOV,44. Telephone,Home,44. Telephone#1,val
Home/44. Telephone/MVI_4939.MOV,44. Telephone,Home,44. Telephone#1,test
Home/44. Telephone/MVI_4940.MOV,44. Telephone,Home,44. Telephone#1,train
Home/44. Telephone/MVI_8834.MP4,44. Telephone,Home,44. Telephone#2,train
Home/44. Telephone/MVI_8835.MP4,44. Telephone,Home,44. Telephone#2,train
Home/44. Telephone/MVI_8836.MP4,44. Telephone,Home,44. Telephone#2,test
Home/44. Telephone/MVI_8837.MP4,44. Telephone,Home,44. Telephone#2,train
Home/44. Telephone/MVI_9070.MP4,44. Telephone,Home,44. Telephone#3,train
Home/44. Telephone/MVI_9071.MP4,44. Telephone,Home,44. Telephone#3,test
Home/44. Telephone/MVI_9072.MP4,44. Telephone,Home,44. Telephone#3,train
Home/45. Bag/MVI_4432.MOV,45. Bag,Home,45. Bag#0,val
Home/45. Bag/MVI_4433.MOV,45. Bag,Home,45. Bag#0,train
Home/45. Bag/MVI_4434.MOV,45. Bag,Home,45. Bag#0,train
Home/45. Bag/MVI_4436.MOV,45. Bag,Home,45. Bag#0,train
Home/45. Bag/MVI_4941.MOV,45. Bag,Home,45. Bag#1,train
Home/45. Bag/MVI_4942.MOV,45. Bag,Home,45. Bag#1,test
Home/45. Bag/MVI_4943.MOV,45. Bag,Home,45. Bag#1,test
Home/45. Bag/MVI_8838.MP4,45. Bag,Home,45. Bag#2,val
Home/45. Bag/MVI_8839.MP4,45. Bag,Home,45. Bag#2,train
Home/45. Bag/MVI_8840.MP4,45. Bag,Home,45. Bag#2,train
Home/45. Bag/MVI_8841.MP4,45. Bag,Home,45. Bag#2,train
Home/45. Bag/MVI_9073.MP4,45. Bag,Home,45. Bag#3,train
Home/45. Bag/MVI_9074.MP4,45. Bag,Home,45. Bag#3,train
Home/45. Bag/MVI_9075.MP4,45. Bag,Home,45. Bag#3,test
Home/46. Box/MVI_4437.MOV,46. Box,Home,46. Box#0,train
Home/46. Box/MVI_4438.MOV,46. Box,Home,46. Box#0,train
Home/46. Box/MVI_4439.MOV,46. Box,Home,46. Box#0,test
Home/46. Box/MVI_4440.MOV,46. Box,Home,46. Box#0,train
Home/46. Box/MVI_4944.MOV,46. Box,Home,46. Box#1,train
Home/46. Box/MVI_4945.MOV,46. Box,Home,46. Box#1,val
Home/46. Box/MVI_4946.MOV,46. Box,Home,46. Box#1,train
Home/46. Box/MVI_8842.MP4,46. Box,Home,46. Box#2,train
Home/46. Box/MVI_8843.MP4,46. Box,Home,46. Box#2,train
Home/46. Box/MVI_8844.MP4,46. Box,Home,46. Box#2,test
Home/46. Box/MVI_8845.MP4,46. Box,Home,46. Box#2,train
Home/46. Box/MVI_9076.MP4,46. Box,Home,46. Box#3,train
Home/46. Box/MVI_9077.MP4,46. Box,Home,46. Box#3,val
Home/46. Box/MVI_9078.MP4,46. Box,Home,46. Box#3,test
Home/47. Gift/MVI_4441.MOV,47. Gift,Home,47. Gift#0,val
Home/47. Gift/MVI_4442.MOV,47. Gift,Home,47. Gift#0,train
Home/47. Gift/MVI_4443.MOV,47. Gift,Home,47. Gift#0,train
Home/47. Gift/MVI_4444.MOV,47. Gift,Home,47. Gift#0,test
Home/47. Gift/MVI_4947.MOV,47. Gift,Home,47. Gift#1,train
Home/47. Gift/MVI_4948.MOV,47. Gift,Home,47. Gift#1,train
Home/47. Gift/MVI_4949.MOV,47. Gift,Home,47. Gift#1,test
Home/47. Gift/MVI_8846.MP4,47. Gift,Home,47. Gift#2,train
Home/47. Gift/MVI_8847.MP4,47. Gift,Home,47. Gift#2,test
Home/47. Gift/MVI_8848.MP4,47. Gift,Home,47. Gift#2,train
Home/47. Gift/MVI_8849.MP4,47. Gift,Home,47. Gift#2,val
Home/47. Gift/MVI_9079.MP4,47. Gift,Home,47. Gift#3,train
Home/47. Gift/MVI_9080.MP4,47. Gift,Home,47. Gift#3,train
Home/47. Gift/MVI_9081.MP4,47. Gift,Home,47. Gift#3,train
Home/48. Card/MVI_4445.MOV,48. Card,Home,48. Card#0,train
Home/48. Card/MVI_4446.MOV,48. Card,Home,48. Card#0,train
Home/48. Card/MVI_4447.MOV,48. Card,Home,48. Card#0,test
Home/48. Card/MVI_4448.MOV,48. Card,Home,48. Card#0,train
Home/48. Card/MVI_4950.MOV,48. Card,Home,48. Card#1,train
Home/48. Card/MVI_4951.MOV,48. Card,Home,48. Card#1,train
Home/48. Card/MVI_4952.MOV,48. Card,Home,48. Card#1,train
Home/48. Card/MVI_8851.MP4,48. Card,Home,48. Card#2,test
Home/48. Card/MVI_8852.MP4,48. Card,Home,48. Card#2,train
Home/48. Card/MVI_8853.MP4,48. Card,Home,48. Card#2,train
Home/48. Card/MVI_8854.MP4,48. Card,Home,48. Card#2,val
Home/48. Card/MVI_9082.MP4,48. Card,Home,48. Card#3,test
Home/48. Card/MVI_9083.MP4,48. Card,Home,48. Card#3,train
Home/48. Card/MVI_9084.MP4,48. Card,Home,48. Card#3,val
Home/49. Ring/MVI_4449.MOV,49. Ring,Home,49. Ring#0,train
Home/49. Ring/MVI_4450.MOV,49. Ring,Home,49. Ring#0,train
Home/49. Ring/MVI_4451.MOV,49. Ring,Home,49. Ring#0,val
Home/49. Ring/MVI_4452.MOV,49. Ring,Home,49. Ring#0,test
Home/49. Ring/MVI_4953.MOV,49. Ring,Home,49. Ring#1,test
Home/49. Ring/MVI_4954.MOV,49. Ring,Home,49. Ring#1,train
Home/49. Ring/MVI_4955.MOV,49. Ring,Home,49. Ring#1,train
Home/49. Ring/MVI_8856.MP4,49. Ring,Home,49. Ring#2,train
Home/49. Ring/MVI_8857.MP4,49. Ring,Home,49. Ring#2,val
Home/49. Ring/MVI_8858.MP4,49. Ring,Home,49. Ring#2,train
Home/49. Ring/MVI_8859.MP4,49. Ring,Home,49. Ring#2,train
Home/49. Ring/MVI_9085.MP4,49. Ring,Home,49. Ring#3,train
Home/49. Ring/MVI_9086.MP4,49. Ring,Home,49. Ring#3,train
Home/49. Ring/MVI_9087.MP4,49. Ring,Home,49. Ring#3,test
Home/50. Tool/MVI_4453.MOV,50. Tool,Home,50. Tool#0,train
Home/50. Tool/MVI_4454.MOV,50. Tool,Home,50. Tool#0,train
Home/50. Tool/MVI_4455.MOV,50. Tool,Home,50. Tool#0,test
Home/50. Tool/MVI_4456.MOV,50. Tool,Home,50. Tool#0,test
Home/50. Tool/MVI_4956.MOV,50. Tool,Home,50. Tool#1,train
Home/50. Tool/MVI_4957.MOV,50. Tool,Home,50. Tool#1,train
Home/50. Tool/MVI_4958.MOV,50. Tool,Home,50. Tool#1,val
Home/50. Tool/MVI_8860.MP4,50. Tool,Home,50. Tool#2,train
Home/50. Tool/MVI_8861.MP4,50. Tool,Home,50. Tool#2,train
Home/50. Tool/MVI_8862.MP4,50. Tool,Home,50. Tool#2,test
Home/50. Tool/MVI_8863.MP4,50. Tool,Home,50. Tool#2,train
Home/50. Tool/MVI_9088.MP4,50. Tool,Home,50. Tool#3,train
Home/50. Tool/MVI_9089.MP4,50. Tool,Home,50. Tool#3,val
Home/50. Tool/MVI_9090.MP4,50. Tool,Home,50. Tool#3,train
Jobs/84. Teacher/MVI_4457.MOV,84. Teacher,Jobs,84. Teacher#0,train
Jobs/84. Teacher/MVI_4458.MOV,84. Teacher,Jobs,84. Teacher#0,test
Jobs/84. Teacher/MVI_4459.MOV,84. Teacher,Jobs,84. Teacher#0,train
Jobs/84. Teacher/MVI_4460.MOV,84. Teacher,Jobs,84. Teacher#0,train
Jobs/84. Teacher/MVI_4744.MOV,84. Teacher,Jobs,84. Teacher#1,test
Jobs/84. Teacher/MVI_4745.MOV,84. Teacher,Jobs,84. Teacher#1,train
Jobs/84. Teacher/MVI_4746.MOV,84. Teacher,Jobs,84. Teacher#1,train
Jobs/84. Teacher/MVI_5310.MOV,84. Teacher,Jobs,84. Teacher#2,val
Jobs/84. Teacher/MVI_5311.MOV,84. Teacher,Jobs,84. Teacher#2,train
Jobs/84. Teacher/MVI_5312.MOV,84. Teacher,Jobs,84. Teacher#2,train
Jobs/84. Teacher/MVI_5313.MOV,84. Teacher,Jobs,84. Teacher#2,train
Jobs/84. Teacher/MVI_8864.MP4,84. Teacher,Jobs,84. Teacher#3,train
Jobs/84. Teacher/MVI_8865.MP4,84. Teacher,Jobs,84. Teacher#3,val
Jobs/84. Teacher/MVI_8866.MP4,84. Teacher,Jobs,84. Teacher#3,test
Jobs/85. Student/MVI_4462.MOV,85. Student,Jobs,85. Student#0,train
Jobs/85. Student/MVI_4463.MOV,85. Student,Jobs,85. Student#0,train
Jobs/85. Student/MVI_4464.MOV,85. Student,Jobs,85. Student#0,train
Jobs/85. Student/MVI_4465.MOV,85. Student,Jobs,85. Student#0,train
Jobs/85. Student/MVI_4747.MOV,85. Student,Jobs,85. Student#1,train
Jobs/85. Student/MVI_4748.MOV,85. Student,Jobs,85. Student#1,val
Jobs/85. Student/MVI_4749.MOV,85. Student,Jobs,85. Student#1,train
Jobs/85. Student/MVI_5314.MOV,85. Student,Jobs,85. Student#2,train
Jobs/85. Student/MVI_5315.MOV,85. Student,Jobs,85. Student#2,val
Jobs/85. Student/MVI_5316.MOV,85. Student,Jobs,85. Student#2,test
Jobs/85. Student/MVI_5317.MOV,85. Student,Jobs,85. Student#2,test
Jobs/85. Student/MVI_8868.MP4,85. Student,Jobs,85. Student#3,train
Jobs/85. Student/MVI_8869.MP4,85. Student,Jobs,85. Student#3,train
Jobs/85. Student/MVI_8870.MP4,85. Student,Jobs,85. Student#3,test
Jobs/86. Lawyer/MVI_4466.MOV,86. Lawyer,Jobs,86. Lawyer#0,val
Jobs/86. Lawyer/MVI_4467.MOV,86. Lawyer,Jobs,86. Lawyer#0,train
Jobs/86. Lawyer/MVI_4468.MOV,86. Lawyer,Jobs,86. Lawyer#0,train
Jobs/86. Lawyer/MVI_4469.MOV,86. Lawyer,Jobs,86. Lawyer#0,train
Jobs/86. Lawyer/MVI_4750.MOV,86. Lawyer,Jobs,86. Lawyer#1,train
Jobs/86. Lawyer/MVI_4752.MOV,86. Lawyer,Jobs,86. Lawyer#1,test
Jobs/86. Lawyer/MVI_4753.MOV,86. Lawyer,Jobs,86. Lawyer#1,train
Jobs/86. Lawyer/MVI_5318.MOV,86. Lawyer,Jobs,86. Lawyer#2,train
Jobs/86. Lawyer/MVI_5319.MOV,86. Lawyer,Jobs,86. Lawyer#2,val
Jobs/86. Lawyer/MVI_5320.MOV,86. Lawyer,Jobs,86. Lawyer#2,train
Jobs/86. Lawyer/MVI_5321.MOV,86. Lawyer,Jobs,86. Lawyer#2,train
Jobs/86. Lawyer/MVI_8871.MP4,86. Lawyer,Jobs,86. Lawyer#3,test
Jobs/86. Lawyer/MVI_8872.MP4,86. Lawyer,Jobs,86. Lawyer#3,train
Jobs/86. Lawyer/MVI_8873.MP4,86. Lawyer,Jobs,86. Lawyer#3,test
Jobs/87. Doctor/MVI_4470.MOV,87. Doctor,Jobs,87. Doctor#0,val
Jobs/87. Doctor/MVI_4471.MOV,87. Doctor,Jobs,87. Doctor#0,train
Jobs/87. Doctor/MVI_4472.MOV,87. Doctor,Jobs,87. Doctor#0,train
Jobs/87. Doctor/MVI_4473.MOV,87. Doctor,Jobs,87. Doctor#0,train
Jobs/87. Doctor/MVI_4754.MOV,87. Doctor,Jobs,87. Doctor#1,train
Jobs/87. Doctor/MVI_4755.MOV,87. Doctor,Jobs,87. Doctor#1,test
Jobs/87. Doctor/MVI_4757.MOV,87. Doctor,Jobs,87. Doctor#1,train
Jobs/87. Doctor/MVI_5322.MOV,87. Doctor,Jobs,87. Doctor#2,train
Jobs/87. Doctor/MVI_5323.MOV,87. Doctor,Jobs,87. Doctor#2,test
Jobs/87. Doctor/MVI_5324.MOV,87. Doctor,Jobs,87. Doctor#2,val
Jobs/87. Doctor/MVI_5325.MOV,87. Doctor,Jobs,87. Doctor#2,test
Jobs/87. Doctor/MVI_8874.MP4,87. Doctor,Jobs,87. Doctor#3,train
Jobs/87. Doctor/MVI_8875.MP4,87. Doctor,Jobs,87. Doctor#3,train
Jobs/87. Doctor/MVI_8876.MP4,87. Doctor,Jobs,87. Doctor#3,train
Jobs/88. Patient/MVI_4474.MOV,88. Patient,Jobs,88. Patient#0,train
Jobs/88. Patient/MVI_4475.MOV,88. Patient,Jobs,88. Patient#0,train
Jobs/88. Patient/MVI_4476.MOV,88. Patient,Jobs,88. Patient#0,train
Jobs/88. Patient/MVI_4477.MOV,88. Patient,Jobs,88. Patient#0,val
Jobs/88. Patient/MVI_4758.MOV,88. Patient,Jobs,88. Patient#1,train
Jobs/88. Patient/MVI_4759.MOV,88. Patient,Jobs,88. Patient#1,test
Jobs/88. Patient/MVI_4760.MOV,88. Patient,Jobs,88. Patient#1,test
Jobs/88. Patient/MVI_5326.MOV,88. Patient,Jobs,88. Patient#2,train
Jobs/88. Patient/MVI_5327.MOV,88. Patient,Jobs,88. Patient#2,train
Jobs/88. Patient/MVI_5328.MOV,88. Patient,Jobs,88. Patient#2,train
Jobs/88. Patient/MVI_5329.MOV,88. Patient,Jobs,88. Patient#2,test
Jobs/88. Patient/MVI_8878.MP4,88. Patient,Jobs,88. Patient#3,train
Jobs/88. Patient/MVI_8879.MP4,88. Patient,Jobs,88. Patient#3,val
Jobs/88. Patient/MVI_8880.MP4,88. Patient,Jobs,88. Patient#3,train
Jobs/89. Waiter/MVI_4478.MOV,89. Waiter,Jobs,89. Waiter#0,train
Jobs/89. Waiter/MVI_4479.MOV,89. Waiter,Jobs,89. Waiter#0,train
Jobs/89. Waiter/MVI_4480.MOV,89. Waiter,Jobs,89. Waiter#0,train
Jobs/89. Waiter/MVI_4481.MOV,89. Waiter,Jobs,89. Waiter#0,train
Jobs/89. Waiter/MVI_4761.MOV,89. Waiter,Jobs,89. Waiter#1,val
Jobs/89. Waiter/MVI_4762.MOV,89. Waiter,Jobs,89. Waiter#1,train
Jobs/89. Waiter/MVI_4763.MOV,89. Waiter,Jobs,89. Waiter#1,train
Jobs/89. Waiter/MVI_5333.MOV,89. Waiter,Jobs,89. Waiter#2,test
Jobs/89. Waiter/MVI_5334.MOV,89. Waiter,Jobs,89. Waiter#2,train
Jobs/89. Waiter/MVI_5335.MOV,89. Waiter,Jobs,89. Waiter#2,test
Jobs/89. Waiter/MVI_5337.MOV,89. Waiter,Jobs,89. Waiter#2,test
Jobs/89. Waiter/MVI_8881.MP4,89. Waiter,Jobs,89. Waiter#3,train
Jobs/89. Waiter/MVI_8882.MP4,89. Waiter,Jobs,89. Waiter#3,train
Jobs/89. Waiter/MVI_8883.MP4,89. Waiter,Jobs,89. Waiter#3,val
Jobs/90. Secretary/MVI_4482.MOV,90. Secretary,Jobs,90. Secretary#0,val
Jobs/90. Secretary/MVI_4483.MOV,90. Secretary,Jobs,90. Secretary#0,train
Jobs/90. Secretary/MVI_4484.MOV,90. Secretary,Jobs,90. Secretary#0,train
Jobs/90. Secretary/MVI_4485.MOV,90. Secretary,Jobs,90. Secretary#0,train
Jobs/90. Secretary/MVI_4767.MOV,90. Secretary,Jobs,90. Secretary#1,train
Jobs/90. Secretary/MVI_4768.MOV,90. Secretary,Jobs,90. Secretary#1,train
Jobs/90. Secretary/MVI_4769.MOV,90. Secretary,Jobs,90. Secretary#1,train
Jobs/90. Secretary/MVI_5338.MOV,90. Secretary,Jobs,90. Secretary#2,val
Jobs/90. Secretary/MVI_5339.MOV,90. Secretary,Jobs,90. Secretary#2,train
Jobs/90. Secretary/MVI_5340.MOV,90. Secretary,Jobs,90. Secretary#2,test
Jobs/90. Secretary/MVI_5341.MOV,90. Secretary,Jobs,90. Secretary#2,train
Jobs/90. Secretary/MVI_8884.MP4,90. Secretary,Jobs,90. Secretary#3,train
Jobs/90. Secretary/MVI_8885.MP4,90. Secretary,Jobs,90. Secretary#3,test
Jobs/90. Secretary/MVI_8886.MP4,90. Secretary,Jobs,90. Secretary#3,test
Jobs/91. Priest/MVI_4486.MOV,91. Priest,Jobs,91. Priest#0,train
Jobs/91. Priest/MVI_4487.MOV,91. Priest,Jobs,91. Priest#0,train
Jobs/91. Priest/MVI_4488.MOV,91. Priest,Jobs,91. Priest#0,train
Jobs/91. Priest/MVI_4489.MOV,91. Priest,Jobs,91. Priest#0,train
Jobs/91. Priest/MVI_4490.MOV,91. Priest,Jobs,91. Priest#0,train
Jobs/91. Priest/MVI_4770.MOV,91. Priest,Jobs,91. Priest#1,val
Jobs/91. Priest/MVI_4771.MOV,91. Priest,Jobs,91. Priest#1,train
Jobs/91. Priest/MVI_4772.MOV,91. Priest,Jobs,91. Priest#1,test
Jobs/91. Priest/MVI_5342.MOV,91. Priest,Jobs,91. Priest#2,train
Jobs/91. Priest/MVI_5343.MOV,91. Priest,Jobs,91. Priest#2,train
Jobs/91. Priest/MVI_5344.MOV,91. Priest,Jobs,91. Priest#2,test
Jobs/91. Priest/MVI_5345.MOV,91. Priest,Jobs,91. Priest#2,train
Jobs/91. Priest/MVI_8887.MP4,91. Priest,Jobs,91. Priest#3,test
Jobs/91. Priest/MVI_8888.MP4,91. Priest,Jobs,91. Priest#3,train
Jobs/91. Priest/MVI_8889.MP4,91. Priest,Jobs,91. Priest#3,val
Jobs/92. Police/MVI_4491.MOV,92. Police,Jobs,92. Police#0,val
Jobs/92. Police/MVI_4492.MOV,92. Police,Jobs,92. Police#0,val
Jobs/92. Police/MVI_4493.MOV,92. Police,Jobs,92. Police#0,train
Jobs/92. Police/MVI_4494.MOV,92. Police,Jobs,92. Police#0,train
Jobs/92. Police/MVI_4773.MOV,92. Police,Jobs,92. Police#1,train
Jobs/92. Police/MVI_4774.MOV,92. Police,Jobs,92. Police#1,train
Jobs/92. Police/MVI_4775.MOV,92. Police,Jobs,92. Police#1,train
Jobs/92. Police/MVI_5346.MOV,92. Police,Jobs,92. Police#2,train
Jobs/92. Police/MVI_5347.MOV,92. Police,Jobs,92. Police#2,test
Jobs/92. Police/MVI_5348.MOV,92. Police,Jobs,92. Police#2,test
Jobs/92. Police/MVI_5349.MOV,92. Police,Jobs,92. Police#2,train
Jobs/92. Police/MVI_8890.MP4,92. Police,Jobs,92. Police#3,test
Jobs/92. Police/MVI_8891.MP4,92. Police,Jobs,92. Police#3,train
Jobs/92. Police/MVI_8892.MP4,92. Police,Jobs,92. Police#3,train
Jobs/93. Soldier/MVI_4495.MOV,93. Soldier,Jobs,93. Soldier#0,train
Jobs/93. Soldier/MVI_4496.MOV,93. Soldier,Jobs,93. Soldier#0,train
Jobs/93. Soldier/MVI_4497.MOV,93. Soldier,Jobs,93. Soldier#0,train
Jobs/93. Soldier/MVI_4498.MOV,93. Soldier,Jobs,93. Soldier#0,val
Jobs/93. Soldier/MVI_4776.MOV,93. Soldier,Jobs,93. Soldier#1,test
Jobs/93. Soldier/MVI_4777.MOV,93. Soldier,Jobs,93. Soldier#1,train
Jobs/93. Soldier/MVI_4778.MOV,93. Soldier,Jobs,93. Soldier#1,train
Jobs/93. Soldier/MVI_5350.MOV,93. Soldier,Jobs,93. Soldier#2,train
Jobs/93. Soldier/MVI_5351.MOV,93. Soldier,Jobs,93. Soldier#2,test
Jobs/93. Soldier/MVI_5352.MOV,93. Soldier,Jobs,93. Soldier#2,test
Jobs/93. Soldier/MVI_5353.MOV,93. Soldier,Jobs,93. Soldier#2,val
Jobs/93. Soldier/MVI_8893.MP4,93. Soldier,Jobs,93. Soldier#3,train
Jobs/93. Soldier/MVI_8894.MP4,93. Soldier,Jobs,93. Soldier#3,train
Jobs/93. Soldier/MVI_8895.MP4,93. Soldier,Jobs,93. Soldier#3,train
Jobs/94. Artist/MVI_4500.MOV,94. Artist,Jobs,94. Artist#0,test
Jobs/94. Artist/MVI_4501.MOV,94. Artist,Jobs,94. Artist#0,train
Jobs/94. Artist/MVI_4502.MOV,94. Artist,Jobs,94. Artist#0,train
Jobs/94. Artist/MVI_4503.MOV,94. Artist,Jobs,94. Artist#0,test
Jobs/94. Artist/MVI_4779.MOV,94. Artist,Jobs,94. Artist#1,train
Jobs/94. Artist/MVI_4780.MOV,94. Artist,Jobs,94. Artist#1,train
Jobs/94. Artist/MVI_4781.MOV,94. Artist,Jobs,94. Artist#1,train
Jobs/94. Artist/MVI_5354.MOV,94. Artist,Jobs,94. Artist#2,val
Jobs/94. Artist/MVI_5355.MOV,94. Artist,Jobs,94. Artist#2,test
Jobs/94. Artist/MVI_5356.MOV,94. Artist,Jobs,94. Artist#2,train
Jobs/94. Artist/MVI_5357.MOV,94. Artist,Jobs,94. Artist#2,train
Jobs/94. Artist/MVI_8896.MP4,94. Artist,Jobs,94. Artist#3,train
Jobs/94. Artist/MVI_8897.MP4,94. Artist,Jobs,94. Artist#3,train
Jobs/94. Artist/MVI_8898.MP4,94. Artist,Jobs,94. Artist#3,val
Jobs/95. Author/MVI_4504.MOV,95. Author,Jobs,95. Author#0,val
Jobs/95. Author/MVI_4505.MOV,95. Author,Jobs,95. Author#0,train
Jobs/95. Author/MVI_4506.MOV,95. Author,Jobs,95. Author#0,train
Jobs/95. Author/MVI_4507.MOV,95. Author,Jobs,95. Author#0,train
Jobs/95. Author/MVI_4782.MOV,95. Author,Jobs,95. Author#1,test
Jobs/95. Author/MVI_4783.MOV,95. Author,Jobs,95. Author#1,train
Jobs/95. Author/MVI_4784.MOV,95. Author,Jobs,95. Author#1,train
Jobs/95. Author/MVI_5358.MOV,95. Author,Jobs,95. Author#2,train
Jobs/95. Author/MVI_5359.MOV,95. Author,Jobs,95. Author#2,train
Jobs/95. Author/MVI_5360.MOV,95. Author,Jobs,95. Author#2,test
Jobs/95. Author/MVI_5361.MOV,95. Author,Jobs,95. Author#2,train
Jobs/95. Author/MVI_8911.MP4,95. Author,Jobs,95. Author#3,val
Jobs/95. Author/MVI_8912.MP4,95. Author,Jobs,95. Author#3,test
Jobs/95. Author/MVI_8913.MP4,95. Author,Jobs,95. Author#3,train
Jobs/96. Manager/MVI_4508.MOV,96. Manager,Jobs,96. Manager#0,test
Jobs/96. Manager/MVI_4509.MOV,96. Manager,Jobs,96. Manager#0,train
Jobs/96. Manager/MVI_4510.MOV,96. Manager,Jobs,96. Manager#0,train
Jobs/96. Manager/MVI_4511.MOV,96. Manager,Jobs,96. Manager#0,train
Jobs/96. Manager/MVI_4785.MOV,96. Manager,Jobs,96. Manager#1,train
Jobs/96. Manager/MVI_4786.MOV,96. Manager,Jobs,96. Manager#1,test
Jobs/96. Manager/MVI_4787.MOV,96. Manager,Jobs,96. Manager#1,val
Jobs/96. Manager/MVI_5362.MOV,96. Manager,Jobs,96. Manager#2,train
Jobs/96. Manager/MVI_5363.MOV,96. Manager,Jobs,96. Manager#2,val
Jobs/96. Manager/MVI_5364.MOV,96. Manager,Jobs,96. Manager#2,test
Jobs/96. Manager/MVI_5365.MOV,96. Manager,Jobs,96. Manager#2,train
Jobs/96. Manager/MVI_8914.MP4,96. Manager,Jobs,96. Manager#3,train
Jobs/96. Manager/MVI_8915.MP4,96. Manager,Jobs,96. Manager#3,train
Jobs/96. Manager/MVI_8916.MP4,96. Manager,Jobs,96. Manager#3,train
Jobs/97. Reporter/MVI_4512.MOV,97. Reporter,Jobs,97. Reporter#0,train
Jobs/97. Reporter/MVI_4513.MOV,97. Reporter,Jobs,97. Reporter#0,train
Jobs/97. Reporter/MVI_4514.MOV,97. Reporter,Jobs,97. Reporter#0,test
Jobs/97. Reporter/MVI_4515.MOV,97. Reporter,Jobs,97. Reporter#0,val
Jobs/97. Reporter/MVI_4788.MOV,97. Reporter,Jobs,97. Reporter#1,test
Jobs/97. Reporter/MVI_4789.MOV,97. Reporter,Jobs,97. Reporter#1,train
Jobs/97. Reporter/MVI_4790.MOV,97. Reporter,Jobs,97. Reporter#1,train
Jobs/97. Reporter/MVI_5366.MOV,97. Reporter,Jobs,97. Reporter#2,test
Jobs/97. Reporter/MVI_5367.MOV,97. Reporter,Jobs,97. Reporter#2,val
Jobs/97. Reporter/MVI_5368.MOV,97. Reporter,Jobs,97. Reporter#2,train
Jobs/97. Reporter/MVI_5369.MOV,97. Reporter,Jobs,97. Reporter#2,train
Jobs/97. Reporter/MVI_8917.MP4,97. Reporter,Jobs,97. Reporter#3,train
Jobs/97. Reporter/MVI_8918.MP4,97. Reporter,Jobs,97. Reporter#3,train
Jobs/97. Reporter/MVI_8919.MP4,97. Reporter,Jobs,97. Reporter#3,train
Jobs/98. Actor/MVI_4516.MOV,98. Actor,Jobs,98. Actor#0,val
Jobs/98. Actor/MVI_4517.MOV,98. Actor,Jobs,98. Actor#0,test
Jobs/98. Actor/MVI_4518.MOV,98. Actor,Jobs,98. Actor#0,train
Jobs/98. Actor/MVI_4519.MOV,98. Actor,Jobs,98. Actor#0,train
Jobs/98. Actor/MVI_4791.MOV,98. Actor,Jobs,98. Actor#1,val
Jobs/98. Actor/MVI_4792.MOV,98. Actor,Jobs,98. Actor#1,train
Jobs/98. Actor/MVI_4793.MOV,98. Actor,Jobs,98. Actor#1,test
Jobs/98. Actor/MVI_5371.MOV,98. Actor,Jobs,98. Actor#2,train
Jobs/98. Actor/MVI_5372.MOV,98. Actor,Jobs,98. Actor#2,train
Jobs/98. Actor/MVI_5373.MOV,98. Actor,Jobs,98. Actor#2,train
Jobs/98. Actor/MVI_5374.MOV,98. Actor,Jobs,98. Actor#2,train
Jobs/98. Actor/MVI_8921.MP4,98. Actor,Jobs,98. Actor#3,train
Jobs/98. Actor/MVI_8922.MP4,98. Actor,Jobs,98. Actor#3,test
Jobs/98. Actor/MVI_8923.MP4,98. Actor,Jobs,98. Actor#3,train
Jobs/99. Job/MVI_4520.MOV,99. Job,Jobs,99. Job#0,test
Jobs/99. Job/MVI_4521.MOV,99. Job,Jobs,99. Job#0,train
Jobs/99. Job/MVI_4522.MOV,99. Job,Jobs,99. Job#0,test
Jobs/99. Job/MVI_4523.MOV,99. Job,Jobs,99. Job#0,train
Jobs/99. Job/MVI_4794.MOV,99. Job,Jobs,99. Job#1,train
Jobs/99. Job/MVI_4795.MOV,99. Job,Jobs,99. Job#1,val
Jobs/99. Job/MVI_4796.MOV,99. Job,Jobs,99. Job#1,train
Jobs/99. Job/MVI_5375.MOV,99. Job,Jobs,99. Job#2,train
Jobs/99. Job/MVI_5376.MOV,99. Job,Jobs,99. Job#2,train
Jobs/99. Job/MVI_5377.MOV,99. Job,Jobs,99. Job#2,train
Jobs/99. Job/MVI_5378.MOV,99. Job,Jobs,99. Job#2,train
Jobs/99. Job/MVI_8924.MP4,99. Job,Jobs,99. Job#3,train
Jobs/99. Job/MVI_8925.MP4,99. Job,Jobs,99. Job#3,val
Jobs/99. Job/MVI_8926.MP4,99. Job,Jobs,99. Job#3,test
Means_of_Transportation/10. Plane/MVI_3113.MOV,10. Plane,Means_of_Transportation,10. Plane#0,train
Means_of_Transportation/10. Plane/MVI_3114.MOV,10. Plane,Means_of_Transportation,10. Plane#0,train
Means_of_Transportation/10. Plane/MVI_3115.MOV,10. Plane,Means_of_Transportation,10. Plane#0,train
Means_of_Transportation/10. Plane/MVI_3142.MOV,10. Plane,Means_of_Transportation,10. Plane#1,val
Means_of_Transportation/10. Plane/MVI_3143.MOV,10. Plane,Means_of_Transportation,10. Plane#1,train
Means_of_Transportation/10. Plane/MVI_3144.MOV,10. Plane,Means_of_Transportation,10. Plane#1,train
Means_of_Transportation/10. Plane/MVI_3171.MOV,10. Plane,Means_of_Transportation,10. Plane#2,test
Means_of_Transportation/10. Plane/MVI_3172.MOV,10. Plane,Means_of_Transportation,10. Plane#2,val
Means_of_Transportation/10. Plane/MVI_3173.MOV,10. Plane,Means_of_Transportation,10. Plane#2,train
Means_of_Transportation/10. Plane/MVI_3206.MOV,10. Plane,Means_of_Transportation,10. Plane#3,test
Means_of_Transportation/10. Plane/MVI_3207.MOV,10. Plane,Means_of_Transportation,10. Plane#3,test
Means_of_Transportation/10. Plane/MVI_3208.MOV,10. Plane,Means_of_Transportation,10. Plane#3,train
Means_of_Transportation/10. Plane/MVI_3234.MOV,10. Plane,Means_of_Transportation,10. Plane#4,train
Means_of_Transportation/10. Plane/MVI_3235.MOV,10. Plane,Means_of_Transportation,10. Plane#4,train
Means_of_Transportation/10. Plane/MVI_3236.MOV,10. Plane,Means_of_Transportation,10. Plane#4,val
Means_of_Transportation/10. Plane/MVI_3237.MOV,10. Plane,Means_of_Transportation,10. Plane#4,train
Means_of_Transportation/10. Plane/MVI_4173.MOV,10. Plane,Means_of_Transportation,10. Plane#5,train
Means_of_Transportation/10. Plane/MVI_4174.MOV,10. Plane,Means_of_Transportation,10. Plane#5,train
Means_of_Transportation/10. Plane/MVI_4175.MOV,10. Plane,Means_of_Transportation,10. Plane#5,test
Means_of_Transportation/10. Plane/MVI_8581.MP4,10. Plane,Means_of_Transportation,10. Plane#6,train
Means_of_Transportation/10. Plane/MVI_8582.MP4,10. Plane,Means_of_Transportation,10. Plane#6,train
Means_of_Transportation/11. Car/MVI_3116.MOV,11. Car,Means_of_Transportation,11. Car#0,train
Means_of_Transportation/11. Car/MVI_3117.MOV,11. Car,Means_of_Transportation,11. Car#0,train
Means_of_Transportation/11. Car/MVI_3118.MOV,11. Car,Means_of_Transportation,11. Car#0,train
Means_of_Transportation/11. Car/MVI_3145.MOV,11. Car,Means_of_Transportation,11. Car#1,test
Means_of_Transportation/11. Car/MVI_3146.MOV,11. Car,Means_of_Transportation,11. Car#1,val
Means_of_Transportation/11. Car/MVI_3147.MOV,11. Car,Means_of_Transportation,11. Car#1,train
Means_of_Transportation/11. Car/MVI_3174.MOV,11. Car,Means_of_Transportation,11. Car#2,train
Means_of_Transportation/11. Car/MVI_3175.MOV,11. Car,Means_of_Transportation,11. Car#2,train
Means_of_Transportation/11. Car/MVI_3176.MOV,11. Car,Means_of_Transportation,11. Car#2,test
Means_of_Transportation/11. Car/MVI_3209.MOV,11. Car,Means_of_Transportation,11. Car#3,train
Means_of_Transportation/11. Car/MVI_3210.MOV,11. Car,Means_of_Transportation,11. Car#3,train
Means_of_Transportation/11. Car/MVI_3211.MOV,11. Car,Means_of_Transportation,11. Car#3,train
Means_of_Transportation/11. Car/MVI_3238.MOV,11. Car,Means_of_Transportation,11. Car#4,test
Means_of_Transportation/11. Car/MVI_3239.MOV,11. Car,Means_of_Transportation,11. Car#4,train
Means_of_Transportation/11. Car/MVI_3240.MOV,11. Car,Means_of_Transportation,11. Car#4,train
Means_of_Transportation/11. Car/MVI_4176.MOV,11. Car,Means_of_Transportation,11. Car#5,test
Means_of_Transportation/11. Car/MVI_4177.MOV,11. Car,Means_of_Transportation,11. Car#5,val
Means_of_Transportation/11. Car/MVI_4178.MOV,11. Car,Means_of_Transportation,11. Car#5,train
Means_of_Transportation/11. Car/MVI_8583.MP4,11. Car,Means_of_Transportation,11. Car#6,train
Means_of_Transportation/11. Car/MVI_8584.MP4,11. Car,Means_of_Transportation,11. Car#6,train
Means_of_Transportation/12. Truck/MVI_3119.MOV,12. Truck,Means_of_Transportation,12. Truck#0,train
Means_of_Transportation/12. Truck/MVI_3120.MOV,12. Truck,Means_of_Transportation,12. Truck#0,train
Means_of_Transportation/12. Truck/MVI_3121.MOV,12. Truck,Means_of_Transportation,12. Truck#0,val
Means_of_Transportation/12. Truck/MVI_3148.MOV,12. Truck,Means_of_Transportation,12. Truck#1,val
Means_of_Transportation/12. Truck/MVI_3149.MOV,12. Truck,Means_of_Transportation,12. Truck#1,train
Means_of_Transportation/12. Truck/MVI_3150.MOV,12. Truck,Means_of_Transportation,12. Truck#1,train
Means_of_Transportation/12. Truck/MVI_3177.MOV,12. Truck,Means_of_Transportation,12. Truck#2,train
Means_of_Transportation/12. Truck/MVI_3178.MOV,12. Truck,Means_of_Transportation,12. Truck#2,train
Means_of_Transportation/12. Truck/MVI_3179.MOV,12. Truck,Means_of_Transportation,12. Truck#2,train
Means_of_Transportation/12. Truck/MVI_3180.MOV,12. Truck,Means_of_Transportation,12. Truck#2,test
Means_of_Transportation/12. Truck/MVI_3212.MOV,12. Truck,Means_of_Transportation,12. Truck#3,test
Means_of_Transportation/12. Truck/MVI_3213.MOV,12. Truck,Means_of_Transportation,12. Truck#3,train
Means_of_Transportation/12. Truck/MVI_3214.MOV,12. Truck,Means_of_Transportation,12. Truck#3,train
Means_of_Transportation/12. Truck/MVI_3241.MOV,12. Truck,Means_of_Transportation,12. Truck#4,train
Means_of_Transportation/12. Truck/MVI_3242.MOV,12. Truck,Means_of_Transportation,12. Truck#4,val
Means_of_Transportation/12. Truck/MVI_3243.MOV,12. Truck,Means_of_Transportation,12. Truck#4,train
Means_of_Transportation/12. Truck/MVI_4179.MOV,12. Truck,Means_of_Transportation,12. Truck#5,test
Means_of_Transportation/12. Truck/MVI_4180.MOV,12. Truck,Means_of_Transportation,12. Truck#5,test
Means_of_Transportation/12. Truck/MVI_4181.MOV,12. Truck,Means_of_Transportation,12. Truck#5,train
Means_of_Transportation/12. Truck/MVI_8585.MP4,12. Truck,Means_of_Transportation,12. Truck#6,train
Means_of_Transportation/12. Truck/MVI_8586.MP4,12. Truck,Means_of_Transportation,12. Truck#6,train
Means_of_Transportation/13. Bicycle/MVI_3122.MOV,13. Bicycle,Means_of_Transportation,13. Bicycle#0,train
Means_of_Transportation/13. Bicycle/MVI_3123.MOV,13. Bicycle,Means_of_Transportation,13. Bicycle#0,train
Means_of_Transportation/13. Bicycle/MVI_3125.MOV,13. Bicycle,Means_of_Transportation,13. Bicycle#0,train
Means_of_Transportation/13. Bicycle/MVI_3151.MOV,13. Bicycle,Means_of_Transportation,13. Bicycle#1,test
Means_of_Transportation/13. Bicycle/MVI_3152.MOV,13. Bicycle,Means_of_Transportation,13. Bicycle#1,train
Means_of_Transportation/13. Bicycle/MVI_3153.MOV,13. Bicycle,Means_of_Transportation,13. Bicycle#1,val
Means_of_Transportation/13. Bicycle/MVI_3181.MOV,13. Bicycle,Means_of_Transportation,13. Bicycle#2,val
Means_of_Transportation/13. Bicycle/MVI_3182.MOV,13. Bicycle,Means_of_Transportation,13. Bicycle#2,train
Means_of_Transportation/13. Bicycle/MVI_3183.MOV,13. Bicycle,Means_of_Transportation,13. Bicycle#2,test
Means_of_Transportation/13. Bicycle/MVI_3215.MOV,13. Bicycle,Means_of_Transportation,13. Bicycle#3,train
Means_of_Transportation/13. Bicycle/MVI_3216.MOV,13. Bicycle,Means_of_Transportation,13. Bicycle#3,train
Means_of_Transportation/13. Bicycle/MVI_3217.MOV,13. Bicycle,Means_of_Transportation,13. Bicycle#3,train
Means_of_Transportation/13. Bicycle/MVI_3244.MOV,13. Bicycle,Means_of_Transportation,13. Bicycle#4,train
Means_of_Transportation/13. Bicycle/MVI_3245.MOV,13. Bicycle,Means_of_Transportation,13. Bicycle#4,train
Means_of_Transportation/13. Bicycle/MVI_3246.MOV,13. Bicycle,Means_of_Transportation,13. Bicycle#4,test
Means_of_Transportation/13. Bicycle/MVI_4182.MOV,13. Bicycle,Means_of_Transportation,13. Bicycle#5,train
Means_of_Transportation/13. Bicycle/MVI_4183.MOV,13. Bicycle,Means_of_Transportation,13. Bicycle#5,train
Means_of_Transportation/13. Bicycle/MVI_4184.MOV,13. Bicycle,Means_of_Transportation,13. Bicycle#5,train
Means_of_Transportation/13. Bicycle/MVI_8587.MP4,13. Bicycle,Means_of_Transportation,13. Bicycle#6,test
Means_of_Transportation/13. Bicycle/MVI_8588.MP4,13. Bicycle,Means_of_Transportation,13. Bicycle#6,train
Means_of_Transportation/14. Bus/MVI_3126.MOV,14. Bus,Means_of_Transportation,14. Bus#0,train
Means_of_Transportation/14. Bus/MVI_3127.MOV,14. Bus,Means_of_Transportation,14. Bus#0,val
Means_of_Transportation/14. Bus/MVI_3128.MOV,14. Bus,Means_of_Transportation,14. Bus#0,train
Means_of_Transportation/14. Bus/MVI_3155.MOV,14. Bus,Means_of_Transportation,14. Bus#1,train
Means_of_Transportation/14. Bus/MVI_3156.MOV,14. Bus,Means_of_Transportation,14. Bus#1,train
Means_of_Transportation/14. Bus/MVI_3157.MOV,14. Bus,Means_of_Transportation,14. Bus#1,train
Means_of_Transportation/14. Bus/MVI_3184.MOV,14. Bus,Means_of_Transportation,14. Bus#2,val
Means_of_Transportation/14. Bus/MVI_3185.MOV,14. Bus,Means_of_Transportation,14. Bus#2,test
Means_of_Transportation/14. Bus/MVI_3186.MOV,14. Bus,Means_of_Transportation,14. Bus#2,test
Means_of_Transportation/14. Bus/MVI_3218.MOV,14. Bus,Means_of_Transportation,14. Bus#3,train
Means_of_Transportation/14. Bus/MVI_3219.MOV,14. Bus,Means_of_Transportation,14. Bus#3,train
Means_of_Transportation/14. Bus/MVI_3220.MOV,14. Bus,Means_of_Transportation,14. Bus#3,train
Means_of_Transportation/14. Bus/MVI_3247.MOV,14. Bus,Means_of_Transportation,14. Bus#4,test
Means_of_Transportation/14. Bus/MVI_3248.MOV,14. Bus,Means_of_Transportation,14. Bus#4,train
Means_of_Transportation/14. Bus/MVI_3249.MOV,14. Bus,Means_of_Transportation,14. Bus#4,train
Means_of_Transportation/14. Bus/MVI_4185.MOV,14. Bus,Means_of_Transportation,14. Bus#5,train
Means_of_Transportation/14. Bus/MVI_4186.MOV,14. Bus,Means_of_Transportation,14. Bus#5,test
Means_of_Transportation/14. Bus/MVI_4187.MOV,14. Bus,Means_of_Transportation,14. Bus#5,train
Means_of_Transportation/14. Bus/MVI_8589.MP4,14. Bus,Means_of_Transportation,14. Bus#6,train
Means_of_Transportation/14. Bus/MVI_8590.MP4,14. Bus,Means_of_Transportation,14. Bus#6,train
Means_of_Transportation/15. Boat/MVI_3129.MOV,15. Boat,Means_of_Transportation,15. Boat#0,train
Means_of_Transportation/15. Boat/MVI_3130.MOV,15. Boat,Means_of_Transportation,15. Boat#0,train
Means_of_Transportation/15. Boat/MVI_3131.MOV,15. Boat,Means_of_Transportation,15. Boat#0,test
Means_of_Transportation/15. Boat/MVI_3158.MOV,15. Boat,Means_of_Transportation,15. Boat#1,test
Means_of_Transportation/15. Boat/MVI_3159.MOV,15. Boat,Means_of_Transportation,15. Boat#1,train
Means_of_Transportation/15. Boat/MVI_3160.MOV,15. Boat,Means_of_Transportation,15. Boat#1,val
Means_of_Transportation/15. Boat/MVI_3187.MOV,15. Boat,Means_of_Transportation,15. Boat#2,train
Means_of_Transportation/15. Boat/MVI_3189.MOV,15. Boat,Means_of_Transportation,15. Boat#2,train
Means_of_Transportation/15. Boat/MVI_3190.MOV,15. Boat,Means_of_Transportation,15. Boat#2,train
Means_of_Transportation/15. Boat/MVI_3191.MOV,15. Boat,Means_of_Transportation,15. Boat#2,train
Means_of_Transportation/15. Boat/MVI_3221.MOV,15. Boat,Means_of_Transportation,15. Boat#3,train
Means_of_Transportation/15. Boat/MVI_3222.MOV,15. Boat,Means_of_Transportation,15. Boat#3,test
Means_of_Transportation/15. Boat/MVI_3223.MOV,15. Boat,Means_of_Transportation,15. Boat#3,train
Means_of_Transportation/15. Boat/MVI_3250.MOV,15. Boat,Means_of_Transportation,15. Boat#4,train
Means_of_Transportation/15. Boat/MVI_3251.MOV,15. Boat,Means_of_Transportation,15. Boat#4,train
Means_of_Transportation/15. Boat/MVI_3252.MOV,15. Boat,Means_of_Transportation,15. Boat#4,train
Means_of_Transportation/15. Boat/MVI_4188.MOV,15. Boat,Means_of_Transportation,15. Boat#5,test
Means_of_Transportation/15. Boat/MVI_4189.MOV,15. Boat,Means_of_Transportation,15. Boat#5,val
Means_of_Transportation/15. Boat/MVI_4190.MOV,15. Boat,Means_of_Transportation,15. Boat#5,train
Means_of_Transportation/15. Boat/MVI_8594.MP4,15. Boat,Means_of_Transportation,15. Boat#6,val
Means_of_Transportation/15. Boat/MVI_8595.MP4,15. Boat,Means_of_Transportation,15. Boat#6,train
Means_of_Transportation/16. train ticket/MVI_3132.MOV,16. train ticket,Means_of_Transportation,16. train ticket#0,train
Means_of_Transportation/16. train ticket/MVI_3133.MOV,16. train ticket,Means_of_Transportation,16. train ticket#0,train
Means_of_Transportation/16. train ticket/MVI_3134.MOV,16. train ticket,Means_of_Transportation,16. train ticket#0,test
Means_of_Transportation/16. train ticket/MVI_3162.MOV,16. train ticket,Means_of_Transportation,16. train ticket#1,train
Means_of_Transportation/16. train ticket/MVI_3163.MOV,16. train ticket,Means_of_Transportation,16. train ticket#1,test
Means_of_Transportation/16. train ticket/MVI_3164.MOV,16. train ticket,Means_of_Transportation,16. train ticket#1,train
Means_of_Transportation/16. train ticket/MVI_3194.MOV,16. train ticket,Means_of_Transportation,16. train ticket#2,test
Means_of_Transportation/16. train ticket/MVI_3195.MOV,16. train ticket,Means_of_Transportation,16. train ticket#2,val
Means_of_Transportation/16. train ticket/MVI_3196.MOV,16. train ticket,Means_of_Transportation,16. train ticket#2,test
Means_of_Transportation/16. train ticket/MVI_3197.MOV,16. train ticket,Means_of_Transportation,16. train ticket#2,train
Means_of_Transportation/16. train ticket/MVI_3224.MOV,16. train ticket,Means_of_Transportation,16. train ticket#3,train
Means_of_Transportation/16. train ticket/MVI_3225.MOV,16. train ticket,Means_of_Transportation,16. train ticket#3,train
Means_of_Transportation/16. train ticket/MVI_3226.MOV,16. train ticket,Means_of_Transportation,16. train ticket#3,train
Means_of_Transportation/16. train ticket/MVI_3253.MOV,16. train ticket,Means_of_Transportation,16. train ticket#4,train
Means_of_Transportation/16. train ticket/MVI_3254.MOV,16. train ticket,Means_of_Transportation,16. train ticket#4,train
Means_of_Transportation/16. train ticket/MVI_3255.MOV,16. train ticket,Means_of_Transportation,16. train ticket#4,train
Means_of_Transportation/16. train ticket/MVI_4191.MOV,16. train ticket,Means_of_Transportation,16. train ticket#5,val
Means_of_Transportation/16. train ticket/MVI_4192.MOV,16. train ticket,Means_of_Transportation,16. train ticket#5,val
Means_of_Transportation/16. train ticket/MVI_4193.MOV,16. train ticket,Means_of_Transportation,16. train ticket#5,train
Means_of_Transportation/16. train ticket/MVI_8596.MP4,16. train ticket,Means_of_Transportation,16. train ticket#6,train
Means_of_Transportation/16. train ticket/MVI_8597.MP4,16. train ticket,Means_of_Transportation,16. train ticket#6,train
Means_of_Transportation/17. Transportation/MVI_3135.MOV,17. Transportation,Means_of_Transportation,17. Transportation#0,test
Means_of_Transportation/17. Transportation/MVI_3136.MOV,17. Transportation,Means_of_Transportation,17. Transportation#0,train
Means_of_Transportation/17. Transportation/MVI_3137.MOV,17. Transportation,Means_of_Transportation,17. Transportation#0,train
Means_of_Transportation/17. Transportation/MVI_3165.MOV,17. Transportation,Means_of_Transportation,17. Transportation#1,train
Means_of_Transportation/17. Transportation/MVI_3166.MOV,17. Transportation,Means_of_Transportation,17. Transportation#1,test
Means_of_Transportation/17. Transportation/MVI_3167.MOV,17. Transportation,Means_of_Transportation,17. Transportation#1,val
Means_of_Transportation/17. Transportation/MVI_3198.MOV,17. Transportation,Means_of_Transportation,17. Transportation#2,train
Means_of_Transportation/17. Transportation/MVI_3199.MOV,17. Transportation,Means_of_Transportation,17. Transportation#2,val
Means_of_Transportation/17. Transportation/MVI_3200.MOV,17. Transportation,Means_of_Transportation,17. Transportation#2,train
Means_of_Transportation/17. Transportation/MVI_3201.MOV,17. Transportation,Means_of_Transportation,17. Transportation#2,train
Means_of_Transportation/17. Transportation/MVI_3227.MOV,17. Transportation,Means_of_Transportation,17. Transportation#3,test
Means_of_Transportation/17. Transportation/MVI_3228.MOV,17. Transportation,Means_of_Transportation,17. Transportation#3,train
Means_of_Transportation/17. Transportation/MVI_3229.MOV,17. Transportation,Means_of_Transportation,17. Transportation#3,val
Means_of_Transportation/17. Transportation/MVI_3256.MOV,17. Transportation,Means_of_Transportation,17. Transportation#4,train
Means_of_Transportation/17. Transportation/MVI_3257.MOV,17. Transportation,Means_of_Transportation,17. Transportation#4,train
Means_of_Transportation/17. Transportation/MVI_3258.MOV,17. Transportation,Means_of_Transportation,17. Transportation#4,train
Means_of_Transportation/17. Transportation/MVI_4194.MOV,17. Transportation,Means_of_Transportation,17. Transportation#5,test
Means_of_Transportation/17. Transportation/MVI_4195.MOV,17. Transportation,Means_of_Transportation,17. Transportation#5,train
Means_of_Transportation/17. Transportation/MVI_4196.MOV,17. Transportation,Means_of_Transportation,17. Transportation#5,train
Means_of_Transportation/17. Transportation/MVI_8598.MP4,17. Transportation,Means_of_Transportation,17. Transportation#6,train
Means_of_Transportation/17. Transportation/MVI_8599.MP4,17. Transportation,Means_of_Transportation,17. Transportation#6,train
Means_of_Transportation/9. Train/MVI_3110.MOV,9. Train,Means_of_Transportation,9. Train#0,train
Means_of_Transportation/9. Train/MVI_3111.MOV,9. Train,Means_of_Transportation,9. Train#0,train
Means_of_Transportation/9. Train/MVI_3112.MOV,9. Train,Means_of_Transportation,9. Train#0,train
Means_of_Transportation/9. Train/MVI_3139.MOV,9. Train,Means_of_Transportation,9. Train#1,train
Means_of_Transportation/9. Train/MVI_3140.MOV,9. Train,Means_of_Transportation,9. Train#1,train
Means_of_Transportation/9. Train/MVI_3141.MOV,9. Train,Means_of_Transportation,9. Train#1,train
Means_of_Transportation/9. Train/MVI_3168.MOV,9. Train,Means_of_Transportation,9. Train#2,train
Means_of_Transportation/9. Train/MVI_3169.MOV,9. Train,Means_of_Transportation,9. Train#2,test
Means_of_Transportation/9. Train/MVI_3170.MOV,9. Train,Means_of_Transportation,9. Train#2,train
Means_of_Transportation/9. Train/MVI_3202.MOV,9. Train,Means_of_Transportation,9. Train#3,train
Means_of_Transportation/9. Train/MVI_3203.MOV,9. Train,Means_of_Transportation,9. Train#3,test
Means_of_Transportation/9. Train/MVI_3204.MOV,9. Train,Means_of_Transportation,9. Train#3,train
Means_of_Transportation/9. Train/MVI_3230.MOV,9. Train,Means_of_Transportation,9. Train#4,train
Means_of_Transportation/9. Train/MVI_3231.MOV,9. Train,Means_of_Transportation,9. Train#4,val
Means_of_Transportation/9. Train/MVI_3232.MOV,9. Train,Means_of_Transportation,9. Train#4,test
Means_of_Transportation/9. Train/MVI_3233.MOV,9. Train,Means_of_Transportation,9. Train#4,train
Means_of_Transportation/9. Train/MVI_4170.MOV,9. Train,Means_of_Transportation,9. Train#5,train
Means_of_Transportation/9. Train/MVI_4171.MOV,9. Train,Means_of_Transportation,9. Train#5,train
Means_of_Transportation/9. Train/MVI_4172.MOV,9. Train,Means_of_Transportation,9. Train#5,val
Means_of_Transportation/9. Train/MVI_8579.MP4,9. Train,Means_of_Transportation,9. Train#6,val
Means_of_Transportation/9. Train/MVI_8580.MP4,9. Train,Means_of_Transportation,9. Train#6,test
People/58. Son/MVI_3753.MOV,58. Son,People,58. Son#0,train
People/58. Son/MVI_3754.MOV,58. Son,People,58. Son#0,train
People/58. Son/MVI_3755.MOV,58. Son,People,58. Son#0,train
People/58. Son/MVI_3900.MOV,58. Son,People,58. Son#1,test
People/58. Son/MVI_3901.MOV,58. Son,People,58. Son#1,val
People/58. Son/MVI_3902.MOV,58. Son,People,58. Son#1,train
People/58. Son/MVI_4051.MOV,58. Son,People,58. Son#2,train
People/58. Son/MVI_4052.MOV,58. Son,People,58. Son#2,train
People/58. Son/MVI_4053.MOV,58. Son,People,58. Son#2,train
People/58. Son/MVI_4219.MOV,58. Son,People,58. Son#3,train
People/58. Son/MVI_4931.MOV,58. Son,People,58. Son#4,test
People/58. Son/MVI_4932.MOV,58. Son,People,58. Son#4,test
People/58. Son/MVI_4933.MOV,58. Son,People,58. Son#4,test
People/58. Son/MVI_5071.MOV,58. Son,People,58. Son#5,train
People/58. Son/MVI_5072.MOV,58. Son,People,58. Son#5,train
People/58. Son/MVI_5073.MOV,58. Son,People,58. Son#5,train
People/58. Son/MVI_5218.MOV,58. Son,People,58. Son#6,train
People/58. Son/MVI_5219.MOV,58. Son,People,58. Son#6,train
People/58. Son/MVI_5220.MOV,58. Son,People,58. Son#6,train
People/58. Son/MVI_8623.MP4,58. Son,People,58. Son#7,val
People/59. Daughter/MVI_3756.MOV,59. Daughter,People,59. Daughter#0,train
People/59. Daughter/MVI_3757.MOV,59. Daughter,People,59. Daughter#0,train
People/59. Daughter/MVI_3758.MOV,59. Daughter,People,59. Daughter#0,train
People/59. Daughter/MVI_3903.MOV,59. Daughter,People,59. Daughter#1,train
People/59. Daughter/MVI_3904.MOV,59. Daughter,People,59. Daughter#1,train
People/59. Daughter/MVI_3905.MOV,59. Daughter,People,59. Daughter#1,train
People/59. Daughter/MVI_4054.MOV,59. Daughter,People,59. Daughter#2,test
People/59. Daughter/MVI_4055.MOV,59. Daughter,People,59. Daughter#2,train
People/59. Daughter/MVI_4056.MOV,59. Daughter,People,59. Daughter#2,val
People/59. Daughter/MVI_4221.MOV,59. Daughter,People,59. Daughter#3,test
People/59. Daughter/MVI_4934.MOV,59. Daughter,People,59. Daughter#4,train
People/59. Daughter/MVI_4935.MOV,59. Daughter,People,59. Daughter#4,val
People/59. Daughter/MVI_4936.MOV,59. Daughter,People,59. Daughter#4,train
People/59. Daughter/MVI_5074.MOV,59. Daughter,People,59. Daughter#5,train
People/59. Daughter/MVI_5075.MOV,59. Daughter,People,59. Daughter#5,test
People/59. Daughter/MVI_5076.MOV,59. Daughter,People,59. Daughter#5,train
People/59. Daughter/MVI_5221.MOV,59. Daughter,People,59. Daughter#6,train
People/59. Daughter/MVI_5222.MOV,59. Daughter,People,59. Daughter#6,train
People/59. Daughter/MVI_5223.MOV,59. Daughter,People,59. Daughter#6,test
People/59. Daughter/MVI_8624.MP4,59. Daughter,People,59. Daughter#7,train
People/60. Mother/MVI_3760.MOV,60. Mother,People,60. Mother#0,train
People/60. Mother/MVI_3761.MOV,60. Mother,People,60. Mother#0,train
People/60. Mother/MVI_3762.MOV,60. Mother,People,60. Mother#0,train
People/60. Mother/MVI_3906.MOV,60. Mother,People,60. Mother#1,train
People/60. Mother/MVI_3907.MOV,60. Mother,People,60. Mother#1,train
People/60. Mother/MVI_3908.MOV,60. Mother,People,60. Mother#1,test
People/60. Mother/MVI_4057.MOV,60. Mother,People,60. Mother#2,train
People/60. Mother/MVI_4058.MOV,60. Mother,People,60. Mother#2,train
People/60. Mother/MVI_4059.MOV,60. Mother,People,60. Mother#2,test
People/60. Mother/MVI_4222.MOV,60. Mother,People,60. Mother#3,train
People/60. Mother/MVI_4937.MOV,60. Mother,People,60. Mother#4,train
People/60. Mother/MVI_4938.MOV,60. Mother,People,60. Mother#4,train
People/60. Mother/MVI_4939.MOV,60. Mother,People,60. Mother#4,train
People/60. Mother/MVI_5077.MOV,60. Mother,People,60. Mother#5,train
People/60. Mother/MVI_5078.MOV,60. Mother,People,60. Mother#5,test
People/60. Mother/MVI_5079.MOV,60. Mother,People,60. Mother#5,val
People/60. Mother/MVI_5224.MOV,60. Mother,People,60. Mother#6,val
People/60. Mother/MVI_5225.MOV,60. Mother,People,60. Mother#6,test
People/60. Mother/MVI_5226.MOV,60. Mother,People,60. Mother#6,train
People/60. Mother/MVI_8625.MP4,60. Mother,People,60. Mother#7,train
People/61. Father/MVI_3763.MOV,61. Father,People,61. Father#0,val
People/61. Father/MVI_3764.MOV,61. Father,People,61. Father#0,train
People/61. Father/MVI_3765.MOV,61. Father,People,61. Father#0,train
People/61. Father/MVI_3909.MOV,61. Father,People,61. Father#1,train
People/61. Father/MVI_3910.MOV,61. Father,People,61. Father#1,train
People/61. Father/MVI_3912.MOV,61. Father,People,61. Father#1,train
People/61. Father/MVI_4060.MOV,61. Father,People,61. Father#2,train
People/61. Father/MVI_4061.MOV,61. Father,People,61. Father#2,train
People/61. Father/MVI_4062.MOV,61. Father,People,61. Father#2,test
People/61. Father/MVI_4223.MOV,61. Father,People,61. Father#3,train
People/61. Father/MVI_4940.MOV,61. Father,People,61. Father#4,train
People/61. Father/MVI_4941.MOV,61. Father,People,61. Father#4,train
People/61. Father/MVI_4942.MOV,61. Father,People,61. Father#4,test
People/61. Father/MVI_5080.MOV,61. Father,People,61. Father#5,train
People/61. Father/MVI_5081.MOV,61. Father,People,61. Father#5,train
People/61. Father/MVI_5082.MOV,61. Father,People,61. Father#5,train
People/61. Father/MVI_5227.MOV,61. Father,People,61. Father#6,test
People/61. Father/MVI_5228.MOV,61. Father,People,61. Father#6,train
People/61. Father/MVI_5229.MOV,61. Father,People,61. Father#6,test
People/61. Father/MVI_8626.MP4,61. Father,People,61. Father#7,val
People/62. Parent/MVI_3766.MOV,62. Parent,People,62. Parent#0,train
People/62. Parent/MVI_3767.MOV,62. Parent,People,62. Parent#0,train
People/62. Parent/MVI_3768.MOV,62. Parent,People,62. Parent#0,train
People/62. Parent/MVI_3914.MOV,62. Parent,People,62. Parent#1,train
People/62. Parent/MVI_3915.MOV,62. Parent,People,62. Parent#1,test
People/62. Parent/MVI_3916.MOV,62. Parent,People,62. Parent#1,train
People/62. Parent/MVI_4063.MOV,62. Parent,People,62. Parent#2,test
People/62. Parent/MVI_4064.MOV,62. Parent,People,62. Parent#2,train
People/62. Parent/MVI_4065.MOV,62. Parent,People,62. Parent#2,test
People/62. Parent/MVI_4225.MOV,62. Parent,People,62. Parent#3,train
People/62. Parent/MVI_4943.MOV,62. Parent,People,62. Parent#4,train
People/62. Parent/MVI_4944.MOV,62. Parent,People,62. Parent#4,val
People/62. Parent/MVI_4945.MOV,62. Parent,People,62. Parent#4,val
People/62. Parent/MVI_5083.MOV,62. Parent,People,62. Parent#5,train
People/62. Parent/MVI_5084.MOV,62. Parent,People,62. Parent#5,test
People/62. Parent/MVI_5085.MOV,62. Parent,People,62. Parent#5,train
People/62. Parent/MVI_5231.MOV,62. Parent,People,62. Parent#6,train
People/62. Parent/MVI_5232.MOV,62. Parent,People,62. Parent#6,train
People/62. Parent/MVI_5233.MOV,62. Parent,People,62. Parent#6,train
People/62. Parent/MVI_8627.MP4,62. Parent,People,62. Parent#7,train
People/63. Baby/MVI_3769.MOV,63. Baby,People,63. Baby#0,train
People/63. Baby/MVI_3770.MOV,63. Baby,People,63. Baby#0,test
People/63. Baby/MVI_3771.MOV,63. Baby,People,63. Baby#0,test
People/63. Baby/MVI_3917.MOV,63. Baby,People,63. Baby#1,train
People/63. Baby/MVI_3918.MOV,63. Baby,People,63. Baby#1,train
People/63. Baby/MVI_3919.MOV,63. Baby,People,63. Baby#1,train
People/63. Baby/MVI_4066.MOV,63. Baby,People,63. Baby#2,train
People/63. Baby/MVI_4067.MOV,63. Baby,People,63. Baby#2,val
People/63. Baby/MVI_4068.MOV,63. Baby,People,63. Baby#2,train
People/63. Baby/MVI_4226.MOV,63. Baby,People,63. Baby#3,train
People/63. Baby/MVI_4946.MOV,63. Baby,People,63. Baby#4,train
People/63. Baby/MVI_4947.MOV,63. Baby,People,63. Baby#4,test
People/63. Baby/MVI_4948.MOV,63. Baby,People,63. Baby#4,val
People/63. Baby/MVI_5086.MOV,63. Baby,People,63. Baby#5,test
People/63. Baby/MVI_5087.MOV,63. Baby,People,63. Baby#5,train
People/63. Baby/MVI_5088.MOV,63. Baby,People,63. Baby#5,train
People/63. Baby/MVI_5234.MOV,63. Baby,People,63. Baby#6,train
People/63. Baby/MVI_5235.MOV,63. Baby,People,63. Baby#6,train
People/63. Baby/MVI_5236.MOV,63. Baby,People,63. Baby#6,train
People/63. Baby/MVI_8628.MP4,63. Baby,People,63. Baby#7,train
People/64. Man/MVI_3772.MOV,64. Man,People,64. Man#0,test
People/64. Man/MVI_3773.MOV,64. Man,People,64. Man#0,train
People/64. Man/MVI_3774.MOV,64. Man,People,64. Man#0,train
People/64. Man/MVI_3921.MOV,64. Man,People,64. Man#1,train
People/64. Man/MVI_3922.MOV,64. Man,People,64. Man#1,test
People/64. Man/MVI_3923.MOV,64. Man,People,64. Man#1,train
People/64. Man/MVI_4069.MOV,64. Man,People,64. Man#2,train
People/64. Man/MVI_4070.MOV,64. Man,People,64. Man#2,train
People/64. Man/MVI_4071.MOV,64. Man,People,64. Man#2,test
People/64. Man/MVI_4227.MOV,64. Man,People,64. Man#3,train
People/64. Man/MVI_4949.MOV,64. Man,People,64. Man#4,val
People/64. Man/MVI_4950.MOV,64. Man,People,64. Man#4,train
People/64. Man/MVI_4951.MOV,64. Man,People,64. Man#4,train
People/64. Man/MVI_5089.MOV,64. Man,People,64. Man#5,train
People/64. Man/MVI_5090.MOV,64. Man,People,64. Man#5,val
People/64. Man/MVI_5091.MOV,64. Man,People,64. Man#5,train
People/64. Man/MVI_5237.MOV,64. Man,People,64. Man#6,test
People/64. Man/MVI_5238.MOV,64. Man,People,64. Man#6,train
People/64. Man/MVI_5239.MOV,64. Man,People,64. Man#6,train
People/64. Man/MVI_8629.MP4,64. Man,People,64. Man#7,train
People/65. Woman/MVI_3775.MOV,65. Woman,People,65. Woman#0,train
People/65. Woman/MVI_3776.MOV,65. Woman,People,65. Woman#0,train
People/65. Woman/MVI_3777.MOV,65. Woman,People,65. Woman#0,train
People/65. Woman/MVI_3924.MOV,65. Woman,People,65. Woman#1,test
People/65. Woman/MVI_3925.MOV,65. Woman,People,65. Woman#1,train
People/65. Woman/MVI_3926.MOV,65. Woman,People,65. Woman#1,val
People/65. Woman/MVI_4072.MOV,65. Woman,People,65. Woman#2,train
People/65. Woman/MVI_4073.MOV,65. Woman,People,65. Woman#2,train
People/65. Woman/MVI_4074.MOV,65. Woman,People,65. Woman#2,train
People/65. Woman/MVI_4229.MOV,65. Woman,People,65. Woman#3,train
People/65. Woman/MVI_4952.MOV,65. Woman,People,65. Woman#4,test
People/65. Woman/MVI_4953.MOV,65. Woman,People,65. Woman#4,train
People/65. Woman/MVI_4954.MOV,65. Woman,People,65. Woman#4,train
People/65. Woman/MVI_5092.MOV,65. Woman,People,65. Woman#5,train
People/65. Woman/MVI_5093.MOV,65. Woman,People,65. Woman#5,test
People/65. Woman/MVI_5094.MOV,65. Woman,People,65. Woman#5,train
People/65. Woman/MVI_5240.MOV,65. Woman,People,65. Woman#6,val
People/65. Woman/MVI_5241.MOV,65. Woman,People,65. Woman#6,test
People/65. Woman/MVI_5242.MOV,65. Woman,People,65. Woman#6,train
People/65. Woman/MVI_8630.MP4,65. Woman,People,65. Woman#7,train
People/66. Brother/MVI_3778.MOV,66. Brother,People,66. Brother#0,val
People/66. Brother/MVI_3779.MOV,66. Brother,People,66. Brother#0,test
People/66. Brother/MVI_3780.MOV,66. Brother,People,66. Brother#0,val
People/66. Brother/MVI_3781.MOV,66. Brother,People,66. Brother#0,train
People/66. Brother/MVI_3927.MOV,66. Brother,People,66. Brother#1,train
People/66. Brother/MVI_3928.MOV,66. Brother,People,66. Brother#1,val
People/66. Brother/MVI_3929.MOV,66. Brother,People,66. Brother#1,train
People/66. Brother/MVI_4075.MOV,66. Brother,People,66. Brother#2,train
People/66. Brother/MVI_4076.MOV,66. Brother,People,66. Brother#2,train
People/66. Brother/MVI_4077.MOV,66. Brother,People,66. Brother#2,train
People/66. Brother/MVI_4230.MOV,66. Brother,People,66. Brother#3,test
People/66. Brother/MVI_4955.MOV,66. Brother,People,66. Brother#4,test
People/66. Brother/MVI_4956.MOV,66. Brother,People,66. Brother#4,train
People/66. Brother/MVI_4957.MOV,66. Brother,People,66. Brother#4,train
People/66. Brother/MVI_5095.MOV,66. Brother,People,66. Brother#5,train
People/66. Brother/MVI_5096.MOV,66. Brother,People,66. Brother#5,train
People/66. Brother/MVI_5097.MOV,66. Brother,People,66. Brother#5,train
People/66. Brother/MVI_5243.MOV,66. Brother,People,66. Brother#6,train
People/66. Brother/MVI_5244.MOV,66. Brother,People,66. Brother#6,train
People/66. Brother/MVI_5245.MOV,66. Brother,People,66. Brother#6,test
People/66. Brother/MVI_8631.MP4,66. Brother,People,66. Brother#7,train
People/67. Sister/MVI_3782.MOV,67. Sister,People,67. Sister#0,train
People/67. Sister/MVI_3784.MOV,67. Sister,People,67. Sister#0,train
People/67. Sister/MVI_3785.MOV,67. Sister,People,67. Sister#0,train
People/67. Sister/MVI_3930.MOV,67. Sister,People,67. Sister#1,train
People/67. Sister/MVI_3931.MOV,67. Sister,People,67. Sister#1,train
People/67. Sister/MVI_3932.MOV,67. Sister,People,67. Sister#1,val
People/67. Sister/MVI_4078.MOV,67. Sister,People,67. Sister#2,test
People/67. Sister/MVI_4079.MOV,67. Sister,People,67. Sister#2,train
People/67. Sister/MVI_4080.MOV,67. Sister,People,67. Sister#2,train
People/67. Sister/MVI_4231.MOV,67. Sister,People,67. Sister#3,test
People/67. Sister/MVI_4958.MOV,67. Sister,People,67. Sister#4,train
People/67. Sister/MVI_4959.MOV,67. Sister,People,67. Sister#4,train
People/67. Sister/MVI_4960.MOV,67. Sister,People,67. Sister#4,val
People/67. Sister/MVI_5098.MOV,67. Sister,People,67. Sister#5,train
People/67. Sister/MVI_5099.MOV,67. Sister,People,67. Sister#5,test
People/67. Sister/MVI_5100.MOV,67. Sister,People,67. Sister#5,train
People/67. Sister/MVI_5246.MOV,67. Sister,People,67. Sister#6,train
People/67. Sister/MVI_5247.MOV,67. Sister,People,67. Sister#6,test
People/67. Sister/MVI_5248.MOV,67. Sister,People,67. Sister#6,train
People/67. Sister/MVI_8632.MP4,67. Sister,People,67. Sister#7,train
People/68. Family/MVI_3787.MOV,68. Family,People,68. Family#0,train
People/68. Family/MVI_3788.MOV,68. Family,People,68. Family#0,train
People/68. Family/MVI_3789.MOV,68. Family,People,68. Family#0,train
People/68. Family/MVI_3933.MOV,68. Family,People,68. Family#1,test
People/68. Family/MVI_3934.MOV,68. Family,People,68. Family#1,test
People/68. Family/MVI_3935.MOV,68. Family,People,68. Family#1,train
People/68. Family/MVI_4081.MOV,68. Family,People,68. Family#2,train
People/68. Family/MVI_4082.MOV,68. Family,People,68. Family#2,train
People/68. Family/MVI_4083.MOV,68. Family,People,68. Family#2,val
People/68. Family/MVI_4232.MOV,68. Family,People,68. Family#3,train
People/68. Family/MVI_5101.MOV,68. Family,People,68. Family#4,train
People/68. Family/MVI_5102.MOV,68. Family,People,68. Family#4,train
People/68. Family/MVI_5103.MOV,68. Family,People,68. Family#4,test
People/68. Family/MVI_5249.MOV,68. Family,People,68. Family#5,train
People/68. Family/MVI_5250.MOV,68. Family,People,68. Family#5,train
People/68. Family/MVI_5251.MOV,68. Family,People,68. Family#5,train
People/68. Family/MVI_8635.MP4,68. Family,People,68. Family#6,val
People/69. Grandfather/MVI_3790.MOV,69. Grandfather,People,69. Grandfather#0,train
People/69. Grandfather/MVI_3791.MOV,69. Grandfather,People,69. Grandfather#0,train
People/69. Grandfather/MVI_3792.MOV,69. Grandfather,People,69. Grandfather#0,train
People/69. Grandfather/MVI_3937.MOV,69. Grandfather,People,69. Grandfather#1,train
People/69. Grandfather/MVI_3938.MOV,69. Grandfather,People,69. Grandfather#1,val
People/69. Grandfather/MVI_3939.MOV,69. Grandfather,People,69. Grandfather#1,test
People/69. Grandfather/MVI_4084.MOV,69. Grandfather,People,69. Grandfather#2,train
People/69. Grandfather/MVI_4085.MOV,69. Grandfather,People,69. Grandfather#2,train
People/69. Grandfather/MVI_4086.MOV,69. Grandfather,People,69. Grandfather#2,train
People/69. Grandfather/MVI_4234.MOV,69. Grandfather,People,69. Grandfather#3,train
People/69. Grandfather/MVI_5104.MOV,69. Grandfather,People,69. Grandfather#4,train
People/69. Grandfather/MVI_5105.MOV,69. Grandfather,People,69. Grandfather#4,val
People/69. Grandfather/MVI_5106.MOV,69. Grandfather,People,69. Grandfather#4,train
People/69. Grandfather/MVI_5252.MOV,69. Grandfather,People,69. Grandfather#5,test
People/69. Grandfather/MVI_5255.MOV,69. Grandfather,People,69. Grandfather#5,train
People/69. Grandfather/MVI_5256.MOV,69. Grandfather,People,69. Grandfather#5,train
People/69. Grandfather/MVI_8636.MP4,69. Grandfather,People,69. Grandfather#6,test
People/70. Grandmother/MVI_3793.MOV,70. Grandmother,People,70. Grandmother#0,train
People/70. Grandmother/MVI_3794.MOV,70. Grandmother,People,70. Grandmother#0,train
People/70. Grandmother/MVI_3795.MOV,70. Grandmother,People,70. Grandmother#0,train
People/70. Grandmother/MVI_3940.MOV,70. Grandmother,People,70. Grandmother#1,train
People/70. Grandmother/MVI_3941.MOV,70. Grandmother,People,70. Grandmother#1,train
People/70. Grandmother/MVI_3942.MOV,70. Grandmother,People,70. Grandmother#1,train
People/70. Grandmother/MVI_4087.MOV,70. Grandmother,People,70. Grandmother#2,val
People/70. Grandmother/MVI_4088.MOV,70. Grandmother,People,70. Grandmother#2,train
People/70. Grandmother/MVI_4089.MOV,70. Grandmother,People,70. Grandmother#2,val
People/70. Grandmother/MVI_4235.MOV,70. Grandmother,People,70. Grandmother#3,test
People/70. Grandmother/MVI_5107.MOV,70. Grandmother,People,70. Grandmother#4,test
People/70. Grandmother/MVI_5108.MOV,70. Grandmother,People,70. Grandmother#4,train
People/70. Grandmother/MVI_5109.MOV,70. Grandmother,People,70. Grandmother#4,train
People/70. Grandmother/MVI_5257.MOV,70. Grandmother,People,70. Grandmother#5,train
People/70. Grandmother/MVI_5258.MOV,70. Grandmother,People,70. Grandmother#5,train
People/70. Grandmother/MVI_5260.MOV,70. Grandmother,People,70. Grandmother#5,test
People/70. Grandmother/MVI_8637.MP4,70. Grandmother,People,70. Grandmother#6,train
People/71. Husband/MVI_3796.MOV,71. Husband,People,71. Husband#0,train
People/71. Husband/MVI_3797.MOV,71. Husband,People,71. Husband#0,train
People/71. Husband/MVI_3798.MOV,71. Husband,People,71. Husband#0,train
People/71. Husband/MVI_3943.MOV,71. Husband,People,71. Husband#1,test
People/71. Husband/MVI_3944.MOV,71. Husband,People,71. Husband#1,test
People/71. Husband/MVI_3945.MOV,71. Husband,People,71. Husband#1,train
People/71. Husband/MVI_4090.MOV,71. Husband,People,71. Husband#2,train
People/71. Husband/MVI_4091.MOV,71. Husband,People,71. Husband#2,train
People/71. Husband/MVI_4092.MOV,71. Husband,People,71. Husband#2,val
People/71. Husband/MVI_4236.MOV,71. Husband,People,71. Husband#3,train
People/71. Husband/MVI_4961.MOV,71. Husband,People,71. Husband#4,train
People/71. Husband/MVI_4962.MOV,71. Husband,People,71. Husband#4,train
People/71. Husband/MVI_4963.MOV,71. Husband,People,71. Husband#4,train
People/71. Husband/MVI_5112.MOV,71. Husband,People,71. Husband#5,train
People/71. Husband/MVI_5113.MOV,71. Husband,People,71. Husband#5,train
People/71. Husband/MVI_5114.MOV,71. Husband,People,71. Husband#5,test
People/71. Husband/MVI_5261.MOV,71. Husband,People,71. Husband#6,val
People/71. Husband/MVI_5262.MOV,71. Husband,People,71. Husband#6,train
People/71. Husband/MVI_5263.MOV,71. Husband,People,71. Husband#6,train
People/71. Husband/MVI_8638.MP4,71. Husband,People,71. Husband#7,test
People/72. Wife/MVI_3799.MOV,72. Wife,People,72. Wife#0,test
People/72. Wife/MVI_3800.MOV,72. Wife,People,72. Wife#0,train
People/72. Wife/MVI_3801.MOV,72. Wife,People,72. Wife#0,train
People/72. Wife/MVI_3947.MOV,72. Wife,People,72. Wife#1,train
People/72. Wife/MVI_3948.MOV,72. Wife,People,72. Wife#1,train
People/72. Wife/MVI_3949.MOV,72. Wife,People,72. Wife#1,train
People/72. Wife/MVI_4093.MOV,72. Wife,People,72. Wife#2,train
People/72. Wife/MVI_4094.MOV,72. Wife,People,72. Wife#2,train
People/72. Wife/MVI_4095.MOV,72. Wife,People,72. Wife#2,train
People/72. Wife/MVI_4237.MOV,72. Wife,People,72. Wife#3,test
People/72. Wife/MVI_4964.MOV,72. Wife,People,72. Wife#4,train
People/72. Wife/MVI_4965.MOV,72. Wife,People,72. Wife#4,train
People/72. Wife/MVI_4967.MOV,72. Wife,People,72. Wife#4,train
People/72. Wife/MVI_5117.MOV,72. Wife,People,72. Wife#5,test
People/72. Wife/MVI_5118.MOV,72. Wife,People,72. Wife#5,val
People/72. Wife/MVI_5119.MOV,72. Wife,People,72. Wife#5,val
People/72. Wife/MVI_5264.MOV,72. Wife,People,72. Wife#6,train
People/72. Wife/MVI_5265.MOV,72. Wife,People,72. Wife#6,train
People/72. Wife/MVI_5266.MOV,72. Wife,People,72. Wife#6,train
People/72. Wife/MVI_8639.MP4,72. Wife,People,72. Wife#7,test
People/73. King/MVI_3802.MOV,73. King,People,73. King#0,train
People/73. King/MVI_3803.MOV,73. King,People,73. King#0,test
People/73. King/MVI_3804.MOV,73. King,People,73. King#0,train
People/73. King/MVI_3950.MOV,73. King,People,73. King#1,train
People/73. King/MVI_3951.MOV,73. King,People,73. King#1,train
People/73. King/MVI_3952.MOV,73. King,People,73. King#1,test
People/73. King/MVI_4096.MOV,73. King,People,73. King#2,train
People/73. King/MVI_4097.MOV,73. King,People,73. King#2,train
People/73. King/MVI_4098.MOV,73. King,People,73. King#2,val
People/73. King/MVI_4238.MOV,73. King,People,73. King#3,train
People/73. King/MVI_4968.MOV,73. King,People,73. King#4,train
People/73. King/MVI_4969.MOV,73. King,People,73. King#4,train
People/73. King/MVI_4970.MOV,73. King,People,73. King#4,val
People/73. King/MVI_5120.MOV,73. King,People,73. King#5,train
People/73. King/MVI_5121.MOV,73. King,People,73. King#5,train
People/73. King/MVI_5122.MOV,73. King,People,73. King#5,train
People/73. King/MVI_5268.MOV,73. King,People,73. King#6,train
People/73. King/MVI_5269.MOV,73. King,People,73. King#6,test
People/73. King/MVI_5270.MOV,73. King,People,73. King#6,train
People/73. King/MVI_8640.MP4,73. King,People,73. King#7,test
People/74. Queen/MVI_3805.MOV,74. Queen,People,74. Queen#0,test
People/74. Queen/MVI_3806.MOV,74. Queen,People,74. Queen#0,train
People/74. Queen/MVI_3807.MOV,74. Queen,People,74. Queen#0,train
People/74. Queen/MVI_3953.MOV,74. Queen,People,74. Queen#1,test
People/74. Queen/MVI_3954.MOV,74. Queen,People,74. Queen#1,train
People/74. Queen/MVI_3955.MOV,74. Queen,People,74. Queen#1,val
People/74. Queen/MVI_4099.MOV,74. Queen,People,74. Queen#2,train
People/74. Queen/MVI_4100.MOV,74. Queen,People,74. Queen#2,train
People/74. Queen/MVI_4101.MOV,74. Queen,People,74. Queen#2,train
People/74. Queen/MVI_4239.MOV,74. Queen,People,74. Queen#3,test
People/74. Queen/MVI_4972.MOV,74. Queen,People,74. Queen#4,train
People/74. Queen/MVI_4973.MOV,74. Queen,People,74. Queen#4,train
People/74. Queen/MVI_4974.MOV,74. Queen,People,74. Queen#4,train
People/74. Queen/MVI_5123.MOV,74. Queen,People,74. Queen#5,train
People/74. Queen/MVI_5124.MOV,74. Queen,People,74. Queen#5,train
People/74. Queen/MVI_5125.MOV,74. Queen,People,74. Queen#5,test
People/74. Queen/MVI_5271.MOV,74. Queen,People,74. Queen#6,train
People/74. Queen/MVI_5272.MOV,74. Queen,People,74. Queen#6,train
People/74. Queen/MVI_5273.MOV,74. Queen,People,74. Queen#6,val
People/74. Queen/MVI_8641.MP4,74. Queen,People,74. Queen#7,train
People/75. President/MVI_3808.MOV,75. President,People,75. President#0,train
People/75. President/MVI_3809.MOV,75. President,People,75. President#0,train
People/75. President/MVI_3810.MOV,75. President,People,75. President#0,train
People/75. President/MVI_3956.MOV,75. President,People,75. President#1,test
People/75. President/MVI_3957.MOV,75. President,People,75. President#1,train
People/75. President/MVI_3958.MOV,75. President,People,75. President#1,train
People/75. President/MVI_4102.MOV,75. President,People,75. President#2,train
People/75. President/MVI_4103.MOV,75. President,People,75. President#2,train
People/75. President/MVI_4104.MOV,75. President,People,75. President#2,train
People/75. President/MVI_4240.MOV,75. President,People,75. President#3,test
People/75. President/MVI_4975.MOV,75. President,People,75. President#4,train
People/75. President/MVI_4976.MOV,75. President,People,75. President#4,train
People/75. President/MVI_4977.MOV,75. President,People,75. President#4,train
People/75. President/MVI_5126.MOV,75. President,People,75. President#5,train
People/75. President/MVI_5127.MOV,75. President,People,75. President#5,val
People/75. President/MVI_5128.MOV,75. President,People,75. President#5,test
People/75. President/MVI_5274.MOV,75. President,People,75. President#6,test
People/75. President/MVI_5275.MOV,75. President,People,75. President#6,train
People/75. President/MVI_5276.MOV,75. President,People,75. President#6,val
People/75. President/MVI_8642.MP4,75. President,People,75. President#7,train
People/76. Neighbour/MVI_3811.MOV,76. Neighbour,People,76. Neighbour#0,train
People/76. Neighbour/MVI_3812.MOV,76. Neighbour,People,76. Neighbour#0,train
People/76. Neighbour/MVI_3813.MOV,76. Neighbour,People,76. Neighbour#0,val
People/76. Neighbour/MVI_3959.MOV,76. Neighbour,People,76. Neighbour#1,train
People/76. Neighbour/MVI_3960.MOV,76. Neighbour,People,76. Neighbour#1,test
People/76. Neighbour/MVI_3961.MOV,76. Neighbour,People,76. Neighbour#1,train
People/76. Neighbour/MVI_4105.MOV,76. Neighbour,People,76. Neighbour#2,test
People/76. Neighbour/MVI_4106.MOV,76. Neighbour,People,76. Neighbour#2,train
People/76. Neighbour/MVI_4107.MOV,76. Neighbour,People,76. Neighbour#2,val
People/76. Neighbour/MVI_4241.MOV,76. Neighbour,People,76. Neighbour#3,test
People/76. Neighbour/MVI_4978.MOV,76. Neighbour,People,76. Neighbour#4,train
People/76. Neighbour/MVI_4979.MOV,76. Neighbour,People,76. Neighbour#4,train
People/76. Neighbour/MVI_4980.MOV,76. Neighbour,People,76. Neighbour#4,train
People/76. Neighbour/MVI_5129.MOV,76. Neighbour,People,76. Neighbour#5,train
People/76. Neighbour/MVI_5130.MOV,76. Neighbour,People,76. Neighbour#5,train
People/76. Neighbour/MVI_5131.MOV,76. Neighbour,People,76. Neighbour#5,train
People/76. Neighbour/MVI_5277.MOV,76. Neighbour,People,76. Neighbour#6,test
People/76. Neighbour/MVI_5278.MOV,76. Neighbour,People,76. Neighbour#6,train
People/76. Neighbour/MVI_5279.MOV,76. Neighbour,People,76. Neighbour#6,train
People/76. Neighbour/MVI_8643.MP4,76. Neighbour,People,76. Neighbour#7,train
People/77. Boy/MVI_3814.MOV,77. Boy,People,77. Boy#0,train
People/77. Boy/MVI_3815.MOV,77. Boy,People,77. Boy#0,val
People/77. Boy/MVI_3816.MOV,77. Boy,People,77. Boy#0,train
People/77. Boy/MVI_3962.MOV,77. Boy,People,77. Boy#1,train
People/77. Boy/MVI_3963.MOV,77. Boy,People,77. Boy#1,train
People/77. Boy/MVI_3964.MOV,77. Boy,People,77. Boy#1,test
People/77. Boy/MVI_4109.MOV,77. Boy,People,77. Boy#2,train
People/77. Boy/MVI_4110.MOV,77. Boy,People,77. Boy#2,train
People/77. Boy/MVI_4111.MOV,77. Boy,People,77. Boy#2,test
People/77. Boy/MVI_4112.MOV,77. Boy,People,77. Boy#2,train
People/77. Boy/MVI_4242.MOV,77. Boy,People,77. Boy#3,val
People/77. Boy/MVI_4981.MOV,77. Boy,People,77. Boy#4,train
People/77. Boy/MVI_4982.MOV,77. Boy,People,77. Boy#4,train
People/77. Boy/MVI_4983.MOV,77. Boy,People,77. Boy#4,train
People/77. Boy/MVI_5132.MOV,77. Boy,People,77. Boy#5,train
People/77. Boy/MVI_5133.MOV,77. Boy,People,77. Boy#5,train
People/77. Boy/MVI_5134.MOV,77. Boy,People,77. Boy#5,test
People/77. Boy/MVI_5285.MOV,77. Boy,People,77. Boy#6,test
People/77. Boy/MVI_5286.MOV,77. Boy,People,77. Boy#6,train
People/77. Boy/MVI_5287.MOV,77. Boy,People,77. Boy#6,val
People/77. Boy/MVI_8644.MP4,77. Boy,People,77. Boy#7,train
People/78. Girl/MVI_3817.MOV,78. Girl,People,78. Girl#0,train
People/78. Girl/MVI_3818.MOV,78. Girl,People,78. Girl#0,val
People/78. Girl/MVI_3819.MOV,78. Girl,People,78. Girl#0,test
People/78. Girl/MVI_3965.MOV,78. Girl,People,78. Girl#1,train
People/78. Girl/MVI_3966.MOV,78. Girl,People,78. Girl#1,train
People/78. Girl/MVI_3967.MOV,78. Girl,People,78. Girl#1,train
People/78. Girl/MVI_4113.MOV,78. Girl,People,78. Girl#2,train
People/78. Girl/MVI_4114.MOV,78. Girl,People,78. Girl#2,train
People/78. Girl/MVI_4115.MOV,78. Girl,People,78. Girl#2,train
People/78. Girl/MVI_4243.MOV,78. Girl,People,78. Girl#3,train
People/78. Girl/MVI_4984.MOV,78. Girl,People,78. Girl#4,train
People/78. Girl/MVI_4985.MOV,78. Girl,People,78. Girl#4,train
People/78. Girl/MVI_4986.MOV,78. Girl,People,78. Girl#4,train
People/78. Girl/MVI_5135.MOV,78. Girl,People,78. Girl#5,train
People/78. Girl/MVI_5136.MOV,78. Girl,People,78. Girl#5,test
People/78. Girl/MVI_5137.MOV,78. Girl,People,78. Girl#5,test
People/78. Girl/MVI_5288.MOV,78. Girl,People,78. Girl#6,train
People/78. Girl/MVI_5289.MOV,78. Girl,People,78. Girl#6,train
People/78. Girl/MVI_5290.MOV,78. Girl,People,78. Girl#6,test
People/78. Girl/MVI_8645.MP4,78. Girl,People,78. Girl#7,val
People/79. Child/MVI_3820.MOV,79. Child,People,79. Child#0,train
People/79. Child/MVI_3821.MOV,79. Child,People,79. Child#0,test
People/79. Child/MVI_3822.MOV,79. Child,People,79. Child#0,val
People/79. Child/MVI_3968.MOV,79. Child,People,79. Child#1,train
People/79. Child/MVI_3969.MOV,79. Child,People,79. Child#1,train
People/79. Child/MVI_3970.MOV,79. Child,People,79. Child#1,train
People/79. Child/MVI_4116.MOV,79. Child,People,79. Child#2,train
People/79. Child/MVI_4117.MOV,79. Child,People,79. Child#2,train
People/79. Child/MVI_4118.MOV,79. Child,People,79. Child#2,train
People/79. Child/MVI_4244.MOV,79. Child,People,79. Child#3,train
People/79. Child/MVI_4991.MOV,79. Child,People,79. Child#4,test
People/79. Child/MVI_4992.MOV,79. Child,People,79. Child#4,test
People/79. Child/MVI_4993.MOV,79. Child,People,79. Child#4,val
People/79. Child/MVI_5138.MOV,79. Child,People,79. Child#5,train
People/79. Child/MVI_5139.MOV,79. Child,People,79. Child#5,train
People/79. Child/MVI_5140.MOV,79. Child,People,79. Child#5,train
People/79. Child/MVI_5293.MOV,79. Child,People,79. Child#6,train
People/79. Child/MVI_5294.MOV,79. Child,People,79. Child#6,train
People/79. Child/MVI_5295.MOV,79. Child,People,79. Child#6,test
People/79. Child/MVI_8646.MP4,79. Child,People,79. Child#7,train
People/80. Adult/MVI_3823.MOV,80. Adult,People,80. Adult#0,val
People/80. Adult/MVI_3824.MOV,80. Adult,People,80. Adult#0,val
People/80. Adult/MVI_3825.MOV,80. Adult,People,80. Adult#0,test
People/80. Adult/MVI_3971.MOV,80. Adult,People,80. Adult#1,train
People/80. Adult/MVI_3972.MOV,80. Adult,People,80. Adult#1,train
People/80. Adult/MVI_3973.MOV,80. Adult,People,80. Adult#1,train
People/80. Adult/MVI_4119.MOV,80. Adult,People,80. Adult#2,train
People/80. Adult/MVI_4120.MOV,80. Adult,People,80. Adult#2,train
People/80. Adult/MVI_4121.MOV,80. Adult,People,80. Adult#2,train
People/80. Adult/MVI_4245.MOV,80. Adult,People,80. Adult#3,train
People/80. Adult/MVI_4994.MOV,80. Adult,People,80. Adult#4,train
People/80. Adult/MVI_4995.MOV,80. Adult,People,80. Adult#4,train
People/80. Adult/MVI_4996.MOV,80. Adult,People,80. Adult#4,train
People/80. Adult/MVI_5141.MOV,80. Adult,People,80. Adult#5,test
People/80. Adult/MVI_5142.MOV,80. Adult,People,80. Adult#5,train
People/80. Adult/MVI_5143.MOV,80. Adult,People,80. Adult#5,train
People/80. Adult/MVI_5296.MOV,80. Adult,People,80. Adult#6,train
People/80. Adult/MVI_5297.MOV,80. Adult,People,80. Adult#6,test
People/80. Adult/MVI_5298.MOV,80. Adult,People,80. Adult#6,test
People/80. Adult/MVI_8647.MP4,80. Adult,People,80. Adult#7,train
People/81. Friend/MVI_3826.MOV,81. Friend,People,81. Friend#0,train
People/81. Friend/MVI_3827.MOV,81. Friend,People,81. Friend#0,test
People/81. Friend/MVI_3828.MOV,81. Friend,People,81. Friend#0,train
People/81. Friend/MVI_3975.MOV,81. Friend,People,81. Friend#1,train
People/81. Friend/MVI_3976.MOV,81. Friend,People,81. Friend#1,train
People/81. Friend/MVI_3977.MOV,81. Friend,People,81. Friend#1,test
People/81. Friend/MVI_4122.MOV,81. Friend,People,81. Friend#2,train
People/81. Friend/MVI_4123.MOV,81. Friend,People,81. Friend#2,val
People/81. Friend/MVI_4124.MOV,81. Friend,People,81. Friend#2,test
People/81. Friend/MVI_4246.MOV,81. Friend,People,81. Friend#3,train
People/81. Friend/MVI_4997.MOV,81. Friend,People,81. Friend#4,train
People/81. Friend/MVI_4998.MOV,81. Friend,People,81. Friend#4,train
People/81. Friend/MVI_4999.MOV,81. Friend,People,81. Friend#4,train
People/81. Friend/MVI_5145.MOV,81. Friend,People,81. Friend#5,train
People/81. Friend/MVI_5146.MOV,81. Friend,People,81. Friend#5,train
People/81. Friend/MVI_5147.MOV,81. Friend,People,81. Friend#5,val
People/81. Friend/MVI_5299.MOV,81. Friend,People,81. Friend#6,train
People/81. Friend/MVI_5300.MOV,81. Friend,People,81. Friend#6,test
People/81. Friend/MVI_5301.MOV,81. Friend,People,81. Friend#6,train
People/81. Friend/MVI_8648.MP4,81. Friend,People,81. Friend#7,train
People/82. Player/MVI_3829.MOV,82. Player,People,82. Player#0,train
People/82. Player/MVI_3830.MOV,82. Player,People,82. Player#0,train
People/82. Player/MVI_3831.MOV,82. Player,People,82. Player#0,train
People/82. Player/MVI_3978.MOV,82. Player,People,82. Player#1,test
People/82. Player/MVI_3979.MOV,82. Player,People,82. Player#1,train
People/82. Player/MVI_3980.MOV,82. Player,People,82. Player#1,train
People/82. Player/MVI_4125.MOV,82. Player,People,82. Player#2,train
People/82. Player/MVI_4126.MOV,82. Player,People,82. Player#2,train
People/82. Player/MVI_4127.MOV,82. Player,People,82. Player#2,train
People/82. Player/MVI_4247.MOV,82. Player,People,82. Player#3,train
People/82. Player/MVI_5000.MOV,82. Player,People,82. Player#4,test
People/82. Player/MVI_5001.MOV,82. Player,People,82. Player#4,val
People/82. Player/MVI_5002.MOV,82. Player,People,82. Player#4,test
People/82. Player/MVI_5148.MOV,82. Player,People,82. Player#5,train
People/82. Player/MVI_5149.MOV,82. Player,People,82. Player#5,train
People/82. Player/MVI_5150.MOV,82. Player,People,82. Player#5,train
People/82. Player/MVI_5303.MOV,82. Player,People,82. Player#6,train
People/82. Player/MVI_5304.MOV,82. Player,People,82. Player#6,val
People/82. Player/MVI_5305.MOV,82. Player,People,82. Player#6,test
People/82. Player/MVI_8649.MP4,82. Player,People,82. Player#7,train
People/83. Crowd/MVI_3832.MOV,83. Crowd,People,83. Crowd#0,train
People/83. Crowd/MVI_3833.MOV,83. Crowd,People,83. Crowd#0,test
People/83. Crowd/MVI_3834.MOV,83. Crowd,People,83. Crowd#0,train
People/83. Crowd/MVI_3981.MOV,83. Crowd,People,83. Crowd#1,test
People/83. Crowd/MVI_3982.MOV,83. Crowd,People,83. Crowd#1,train
People/83. Crowd/MVI_3983.MOV,83. Crowd,People,83. Crowd#1,train
People/83. Crowd/MVI_4128.MOV,83. Crowd,People,83. Crowd#2,train
People/83. Crowd/MVI_4129.MOV,83. Crowd,People,83. Crowd#2,train
People/83. Crowd/MVI_4130.MOV,83. Crowd,People,83. Crowd#2,test
People/83. Crowd/MVI_4248.MOV,83. Crowd,People,83. Crowd#3,train
People/83. Crowd/MVI_5003.MOV,83. Crowd,People,83. Crowd#4,train
People/83. Crowd/MVI_5004.MOV,83. Crowd,People,83. Crowd#4,train
People/83. Crowd/MVI_5005.MOV,83. Crowd,People,83. Crowd#4,test
People/83. Crowd/MVI_5151.MOV,83. Crowd,People,83. Crowd#5,train
People/83. Crowd/MVI_5152.MOV,83. Crowd,People,83. Crowd#5,val
People/83. Crowd/MVI_5153.MOV,83. Crowd,People,83. Crowd#5,train
People/83. Crowd/MVI_5306.MOV,83. Crowd,People,83. Crowd#6,train
People/83. Crowd/MVI_5307.MOV,83. Crowd,People,83. Crowd#6,train
People/83. Crowd/MVI_5308.MOV,83. Crowd,People,83. Crowd#6,train
People/83. Crowd/MVI_8650.MP4,83. Crowd,People,83. Crowd#7,val
Places/18. City/MVI_3263.MOV,18. City,Places,18. City#0,train
Places/18. City/MVI_3264.MOV,18. City,Places,18. City#0,train
Places/18. City/MVI_3265.MOV,18. City,Places,18. City#0,train
Places/18. City/MVI_3266.MOV,18. City,Places,18. City#0,train
Places/18. City/MVI_3345.MOV,18. City,Places,18. City#1,train
Places/18. City/MVI_3346.MOV,18. City,Places,18. City#1,val
Places/18. City/MVI_3347.MOV,18. City,Places,18. City#1,val
Places/18. City/MVI_3348.MOV,18. City,Places,18. City#1,test
Places/18. City/MVI_3430.MOV,18. City,Places,18. City#2,train
Places/18. City/MVI_3431.MOV,18. City,Places,18. City#2,train
Places/18. City/MVI_3432.MOV,18. City,Places,18. City#2,test
Places/18. City/MVI_3434.MOV,18. City,Places,18. City#2,train
Places/18. City/MVI_3508.MOV,18. City,Places,18. City#3,test
Places/18. City/MVI_3509.MOV,18. City,Places,18. City#3,train
Places/18. City/MVI_3510.MOV,18. City,Places,18. City#3,test
Places/18. City/MVI_3512.MOV,18. City,Places,18. City#3,train
Places/18. City/MVI_3589.MOV,18. City,Places,18. City#4,train
Places/18. City/MVI_3590.MOV,18. City,Places,18. City#4,train
Places/18. City/MVI_3591.MOV,18. City,Places,18. City#4,train
Places/18. City/MVI_3592.MOV,18. City,Places,18. City#4,train
Places/19. House/MVI_3267.MOV,19. House,Places,19. House#0,train
Places/19. House/MVI_3268.MOV,19. House,Places,19. House#0,train
Places/19. House/MVI_3269.MOV,19. House,Places,19. House#0,train
Places/19. House/MVI_3270.MOV,19. House,Places,19. House#0,val
Places/19. House/MVI_3349.MOV,19. House,Places,19. House#1,val
Places/19. House/MVI_3350.MOV,19. House,Places,19. House#1,train
Places/19. House/MVI_3351.MOV,19. House,Places,19. House#1,train
Places/19. House/MVI_3352.MOV,19. House,Places,19. House#1,train
Places/19. House/MVI_3435.MOV,19. House,Places,19. House#2,train
Places/19. House/MVI_3436.MOV,19. House,Places,19. House#2,train
Places/19. House/MVI_3437.MOV,19. House,Places,19. House#2,test
Places/19. House/MVI_3438.MOV,19. House,Places,19. House#2,test
Places/19. House/MVI_3513.MOV,19. House,Places,19. House#3,test
Places/19. House/MVI_3514.MOV,19. House,Places,19. House#3,train
Places/19. House/MVI_3515.MOV,19. House,Places,19. House#3,train
Places/19. House/MVI_3516.MOV,19. House,Places,19. House#3,train
Places/19. House/MVI_3593.MOV,19. House,Places,19. House#4,test
Places/19. House/MVI_3594.MOV,19. House,Places,19. House#4,train
Places/19. House/MVI_3595.MOV,19. House,Places,19. House#4,train
Places/19. House/MVI_3596.MOV,19. House,Places,19. House#4,train
Places/20. Street or Road/MVI_3271.MOV,20. Street or Road,Places,20. Street or Road#0,train
Places/20. Street or Road/MVI_3272.MOV,20. Street or Road,Places,20. Street or Road#0,test
Places/20. Street or Road/MVI_3273.MOV,20. Street or Road,Places,20. Street or Road#0,train
Places/20. Street or Road/MVI_3274.MOV,20. Street or Road,Places,20. Street or Road#0,val
Places/20. Street or Road/MVI_3353.MOV,20. Street or Road,Places,20. Street or Road#1,test
Places/20. Street or Road/MVI_3354.MOV,20. Street or Road,Places,20. Street or Road#1,train
Places/20. Street or Road/MVI_3355.MOV,20. Street or Road,Places,20. Street or Road#1,train
Places/20. Street or Road/MVI_3356.MOV,20. Street or Road,Places,20. Street or Road#1,train
Places/20. Street or Road/MVI_3440.MOV,20. Street or Road,Places,20. Street or Road#2,train
Places/20. Street or Road/MVI_3441.MOV,20. Street or Road,Places,20. Street or Road#2,train
Places/20. Street or Road/MVI_3442.MOV,20. Street or Road,Places,20. Street or Road#2,train
Places/20. Street or Road/MVI_3443.MOV,20. Street or Road,Places,20. Street or Road#2,val
Places/20. Street or Road/MVI_3517.MOV,20. Street or Road,Places,20. Street or Road#3,train
Places/20. Street or Road/MVI_3518.MOV,20. Street or Road,Places,20. Street or Road#3,train
Places/20. Street or Road/MVI_3519.MOV,20. Street or Road,Places,20. Street or Road#3,train
Places/20. Street or Road/MVI_3520.MOV,20. Street or Road,Places,20. Street or Road#3,train
Places/20. Street or Road/MVI_3597.MOV,20. Street or Road,Places,20. Street or Road#4,test
Places/20. Street or Road/MVI_3598.MOV,20. Street or Road,Places,20. Street or Road#4,train
Places/20. Street or Road/MVI_3599.MOV,20. Street or Road,Places,20. Street or Road#4,train
Places/20. Street or Road/MVI_3600.MOV,20. Street or Road,Places,20. Street or Road#4,test
Places/21. Train Station/MVI_3275.MOV,21. Train Station,Places,21. Train Station#0,train
Places/21. Train Station/MVI_3276.MOV,21. Train Station,Places,21. Train Station#0,train
Places/21. Train Station/MVI_3277.MOV,21. Train Station,Places,21. Train Station#0,val
Places/21. Train Station/MVI_3278.MOV,21. Train Station,Places,21. Train Station#0,train
Places/21. Train Station/MVI_3357.MOV,21. Train Station,Places,21. Train Station#1,train
Places/21. Train Station/MVI_3358.MOV,21. Train Station,Places,21. Train Station#1,train
Places/21. Train Station/MVI_3359.MOV,21. Train Station,Places,21. Train Station#1,train
Places/21. Train Station/MVI_3360.MOV,21. Train Station,Places,21. Train Station#1,train
Places/21. Train Station/MVI_3444.MOV,21. Train Station,Places,21. Train Station#2,train
Places/21. Train Station/MVI_3445.MOV,21. Train Station,Places,21. Train Station#2,train
Places/21. Train Station/MVI_3446.MOV,21. Train Station,Places,21. Train Station#2,test
Places/21. Train Station/MVI_3447.MOV,21. Train Station,Places,21. Train Station#2,train
Places/21. Train Station/MVI_3521.MOV,21. Train Station,Places,21. Train Station#3,test
Places/21. Train Station/MVI_3522.MOV,21. Train Station,Places,21. Train Station#3,test
Places/21. Train Station/MVI_3524.MOV,21. Train Station,Places,21. Train Station#3,test
Places/21. Train Station/MVI_3525.MOV,21. Train Station,Places,21. Train Station#3,train
Places/21. Train Station/MVI_3601.MOV,21. Train Station,Places,21. Train Station#4,train
Places/21. Train Station/MVI_3602.MOV,21. Train Station,Places,21. Train Station#4,train
Places/21. Train Station/MVI_3603.MOV,21. Train Station,Places,21. Train Station#4,val
Places/21. Train Station/MVI_3604.MOV,21. Train Station,Places,21. Train Station#4,train
Places/22. Restaurant/MVI_3280.MOV,22. Restaurant,Places,22. Restaurant#0,test
Places/22. Restaurant/MVI_3281.MOV,22. Restaurant,Places,22. Restaurant#0,test
Places/22. Restaurant/MVI_3282.MOV,22. Restaurant,Places,22. Restaurant#0,train
Places/22. Restaurant/MVI_3283.MOV,22. Restaurant,Places,22. Restaurant#0,test
Places/22. Restaurant/MVI_3361.MOV,22. Restaurant,Places,22. Restaurant#1,train
Places/22. Restaurant/MVI_3362.MOV,22. Restaurant,Places,22. Restaurant#1,train
Places/22. Restaurant/MVI_3363.MOV,22. Restaurant,Places,22. Restaurant#1,train
Places/22. Restaurant/MVI_3364.MOV,22. Restaurant,Places,22. Restaurant#1,train
Places/22. Restaurant/MVI_3448.MOV,22. Restaurant,Places,22. Restaurant#2,train
Places/22. Restaurant/MVI_3449.MOV,22. Restaurant,Places,22. Restaurant#2,train
Places/22. Restaurant/MVI_3450.MOV,22. Restaurant,Places,22. Restaurant#2,train
Places/22. Restaurant/MVI_3451.MOV,22. Restaurant,Places,22. Restaurant#2,train
Places/22. Restaurant/MVI_3527.MOV,22. Restaurant,Places,22. Restaurant#3,train
Places/22. Restaurant/MVI_3528.MOV,22. Restaurant,Places,22. Restaurant#3,test
Places/22. Restaurant/MVI_3529.MOV,22. Restaurant,Places,22. Restaurant#3,val
Places/22. Restaurant/MVI_3530.MOV,22. Restaurant,Places,22. Restaurant#3,train
Places/22. Restaurant/MVI_3605.MOV,22. Restaurant,Places,22. Restaurant#4,train
Places/22. Restaurant/MVI_3606.MOV,22. Restaurant,Places,22. Restaurant#4,train
Places/22. Restaurant/MVI_3607.MOV,22. Restaurant,Places,22. Restaurant#4,val
Places/22. Restaurant/MVI_3608.MOV,22. Restaurant,Places,22. Restaurant#4,train
Places/23. Court/MVI_3284.MOV,23. Court,Places,23. Court#0,val
Places/23. Court/MVI_3285.MOV,23. Court,Places,23. Court#0,train
Places/23. Court/MVI_3286.MOV,23. Court,Places,23. Court#0,train
Places/23. Court/MVI_3287.MOV,23. Court,Places,23. Court#0,train
Places/23. Court/MVI_3365.MOV,23. Court,Places,23. Court#1,test
Places/23. Court/MVI_3366.MOV,23. Court,Places,23. Court#1,val
Places/23. Court/MVI_3367.MOV,23. Court,Places,23. Court#1,train
Places/23. Court/MVI_3370.MOV,23. Court,Places,23. Court#1,test
Places/23. Court/MVI_3452.MOV,23. Court,Places,23. Court#2,train
Places/23. Court/MVI_3453.MOV,23. Court,Places,23. Court#2,train
Places/23. Court/MVI_3454.MOV,23. Court,Places,23. Court#2,train
Places/23. Court/MVI_3455.MOV,23. Court,Places,23. Court#2,train
Places/23. Court/MVI_3531.MOV,23. Court,Places,23. Court#3,train
Places/23. Court/MVI_3532.MOV,23. Court,Places,23. Court#3,test
Places/23. Court/MVI_3533.MOV,23. Court,Places,23. Court#3,train
Places/23. Court/MVI_3534.MOV,23. Court,Places,23. Court#3,train
Places/23. Court/MVI_3609.MOV,23. Court,Places,23. Court#4,train
Places/23. Court/MVI_3610.MOV,23. Court,Places,23. Court#4,train
Places/23. Court/MVI_3611.MOV,23. Court,Places,23. Court#4,test
Places/23. Court/MVI_3612.MOV,23. Court,Places,23. Court#4,train
Places/24. School/MVI_3290.MOV,24. School,Places,24. School#0,train
Places/24. School/MVI_3291.MOV,24. School,Places,24. School#0,train
Places/24. School/MVI_3292.MOV,24. School,Places,24. School#0,train
Places/24. School/MVI_3293.MOV,24. School,Places,24. School#0,train
Places/24. School/MVI_3371.MOV,24. School,Places,24. School#1,train
Places/24. School/MVI_3372.MOV,24. School,Places,24. School#1,val
Places/24. School/MVI_3373.MOV,24. School,Places,24. School#1,val
Places/24. School/MVI_3374.MOV,24. School,Places,24. School#1,test
Places/24. School/MVI_3456.MOV,24. School,Places,24. School#2,train
Places/24. School/MVI_3457.MOV,24. School,Places,24. School#2,train
Places/24. School/MVI_3458.MOV,24. School,Places,24. School#2,train
Places/24. School/MVI_3459.MOV,24. School,Places,24. School#2,train
Places/24. School/MVI_3535.MOV,24. School,Places,24. School#3,test
Places/24. School/MVI_3536.MOV,24. School,Places,24. School#3,test
Places/24. School/MVI_3537.MOV,24. School,Places,24. School#3,train
Places/24. School/MVI_3538.MOV,24. School,Places,24. School#3,train
Places/24. School/MVI_3614.MOV,24. School,Places,24. School#4,test
Places/24. School/MVI_3615.MOV,24. School,Places,24. School#4,train
Places/24. School/MVI_3616.MOV,24. School,Places,24. School#4,train
Places/24. School/MVI_3617.MOV,24. School,Places,24. School#4,train
Places/25. Office/MVI_3294.MOV,25. Office,Places,25. Office#0,train
Places/25. Office/MVI_3295.MOV,25. Office,Places,25. Office#0,test
Places/25. Office/MVI_3296.MOV,25. Office,Places,25. Office#0,val
Places/25. Office/MVI_3297.MOV,25. Office,Places,25. Office#0,test
Places/25. Office/MVI_3460.MOV,25. Office,Places,25. Office#1,train
Places/25. Office/MVI_3461.MOV,25. Office,Places,25. Office#1,train
Places/25. Office/MVI_3462.MOV,25. Office,Places,25. Office#1,train
Places/25. Office/MVI_3463.MOV,25. Office,Places,25. Office#1,train
Places/25. Office/MVI_3539.MOV,25. Office,Places,25. Office#2,train
Places/25. Office/MVI_3540.MOV,25. Office,Places,25. Office#2,train
Places/25. Office/MVI_3541.MOV,25. Office,Places,25. Office#2,train
Places/25. Office/MVI_3542.MOV,25. Office,Places,25. Office#2,val
Places/25. Office/MVI_3618.MOV,25. Office,Places,25. Office#3,train
Places/25. Office/MVI_3619.MOV,25. Office,Places,25. Office#3,train
Places/25. Office/MVI_3620.MOV,25. Office,Places,25. Office#3,train
Places/25. Office/MVI_3621.MOV,25. Office,Places,25. Office#3,train
Places/25. Office/MVI_3675.MOV,25. Office,Places,25. Office#4,test
Places/25. Office/MVI_3676.MOV,25. Office,Places,25. Office#4,train
Places/25. Office/MVI_3677.MOV,25. Office,Places,25. Office#4,test
Places/25. Office/MVI_3678.MOV,25. Office,Places,25. Office#4,train
Places/26. University/MVI_3298.MOV,26. University,Places,26. University#0,val
Places/26. University/MVI_3299.MOV,26. University,Places,26. University#0,test
Places/26. University/MVI_3300.MOV,26. University,Places,26. University#0,train
Places/26. University/MVI_3301.MOV,26. University,Places,26. University#0,train
Places/26. University/MVI_3375.MOV,26. University,Places,26. University#1,train
Places/26. University/MVI_3376.MOV,26. University,Places,26. University#1,train
Places/26. University/MVI_3377.MOV,26. University,Places,26. University#1,test
Places/26. University/MVI_3378.MOV,26. University,Places,26. University#1,train
Places/26. University/MVI_3464.MOV,26. University,Places,26. University#2,train
Places/26. University/MVI_3465.MOV,26. University,Places,26. University#2,test
Places/26. University/MVI_3466.MOV,26. University,Places,26. University#2,train
Places/26. University/MVI_3467.MOV,26. University,Places,26. University#2,test
Places/26. University/MVI_3543.MOV,26. University,Places,26. University#3,val
Places/26. University/MVI_3544.MOV,26. University,Places,26. University#3,train
Places/26. University/MVI_3545.MOV,26. University,Places,26. University#3,train
Places/26. University/MVI_3546.MOV,26. University,Places,26. University#3,train
Places/26. University/MVI_3622.MOV,26. University,Places,26. University#4,train
Places/26. University/MVI_3623.MOV,26. University,Places,26. University#4,train
Places/26. University/MVI_3624.MOV,26. University,Places,26. University#4,train
Places/26. University/MVI_3625.MOV,26. University,Places,26. University#4,train
Places/27. Park/MVI_3302.MOV,27. Park,Places,27. Park#0,train
Places/27. Park/MVI_3303.MOV,27. Park,Places,27. Park#0,train
Places/27. Park/MVI_3304.MOV,27. Park,Places,27. Park#0,train
Places/27. Park/MVI_3305.MOV,27. Park,Places,27. Park#0,val
Places/27. Park/MVI_3380.MOV,27. Park,Places,27. Park#1,train
Places/27. Park/MVI_3381.MOV,27. Park,Places,27. Park#1,train
Places/27. Park/MVI_3382.MOV,27. Park,Places,27. Park#1,train
Places/27. Park/MVI_3383.MOV,27. Park,Places,27. Park#1,train
Places/27. Park/MVI_3468.MOV,27. Park,Places,27. Park#2,train
Places/27. Park/MVI_3469.MOV,27. Park,Places,27. Park#2,train
Places/27. Park/MVI_3470.MOV,27. Park,Places,27. Park#2,test
Places/27. Park/MVI_3471.MOV,27. Park,Places,27. Park#2,train
Places/27. Park/MVI_3548.MOV,27. Park,Places,27. Park#3,train
Places/27. Park/MVI_3549.MOV,27. Park,Places,27. Park#3,train
Places/27. Park/MVI_3550.MOV,27. Park,Places,27. Park#3,val
Places/27. Park/MVI_3551.MOV,27. Park,Places,27. Park#3,test
Places/27. Park/MVI_3627.MOV,27. Park,Places,27. Park#4,test
Places/27. Park/MVI_3628.MOV,27. Park,Places,27. Park#4,train
Places/27. Park/MVI_3629.MOV,27. Park,Places,27. Park#4,test
Places/27. Park/MVI_3630.MOV,27. Park,Places,27. Park#4,train
Places/28. Store or Shop/MVI_3307.MOV,28. Store or Shop,Places,28. Store or Shop#0,train
Places/28. Store or Shop/MVI_3308.MOV,28. Store or Shop,Places,28. Store or Shop#0,train
Places/28. Store or Shop/MVI_3309.MOV,28. Store or Shop,Places,28. Store or Shop#0,val
Places/28. Store or Shop/MVI_3310.MOV,28. Store or Shop,Places,28. Store or Shop#0,train
Places/28. Store or Shop/MVI_3384.MOV,28. Store or Shop,Places,28. Store or Shop#1,test
Places/28. Store or Shop/MVI_3385.MOV,28. Store or Shop,Places,28. Store or Shop#1,train
Places/28. Store or Shop/MVI_3386.MOV,28. Store or Shop,Places,28. Store or Shop#1,train
Places/28. Store or Shop/MVI_3387.MOV,28. Store or Shop,Places,28. Store or Shop#1,train
Places/28. Store or Shop/MVI_3472.MOV,28. Store or Shop,Places,28. Store or Shop#2,test
Places/28. Store or Shop/MVI_3473.MOV,28. Store or Shop,Places,28. Store or Shop#2,train
Places/28. Store or Shop/MVI_3474.MOV,28. Store or Shop,Places,28. Store or Shop#2,test
Places/28. Store or Shop/MVI_3475.MOV,28. Store or Shop,Places,28. Store or Shop#2,train
Places/28. Store or Shop/MVI_3552.MOV,28. Store or Shop,Places,28. Store or Shop#3,train
Places/28. Store or Shop/MVI_3553.MOV,28. Store or Shop,Places,28. Store or Shop#3,train
Places/28. Store or Shop/MVI_3554.MOV,28. Store or Shop,Places,28. Store or Shop#3,train
Places/28. Store or Shop/MVI_3555.MOV,28. Store or Shop,Places,28. Store or Shop#3,train
Places/28. Store or Shop/MVI_3632.MOV,28. Store or Shop,Places,28. Store or Shop#4,train
Places/28. Store or Shop/MVI_3633.MOV,28. Store or Shop,Places,28. Store or Shop#4,train
Places/28. Store or Shop/MVI_3634.MOV,28. Store or Shop,Places,28. Store or Shop#4,val
Places/28. Store or Shop/MVI_3635.MOV,28. Store or Shop,Places,28. Store or Shop#4,test
Places/29. Library/MVI_3311.MOV,29. Library,Places,29. Library#0,val
Places/29. Library/MVI_3312.MOV,29. Library,Places,29. Library#0,val
Places/29. Library/MVI_3313.MOV,29. Library,Places,29. Library#0,train
Places/29. Library/MVI_3314.MOV,29. Library,Places,29. Library#0,test
Places/29. Library/MVI_3389.MOV,29. Library,Places,29. Library#1,train
Places/29. Library/MVI_3390.MOV,29. Library,Places,29. Library#1,test
Places/29. Library/MVI_3391.MOV,29. Library,Places,29. Library#1,train
Places/29. Library/MVI_3392.MOV,29. Library,Places,29. Library#1,train
Places/29. Library/MVI_3476.MOV,29. Library,Places,29. Library#2,train
Places/29. Library/MVI_3477.MOV,29. Library,Places,29. Library#2,train
Places/29. Library/MVI_3478.MOV,29. Library,Places,29. Library#2,train
Places/29. Library/MVI_3479.MOV,29. Library,Places,29. Library#2,train
Places/29. Library/MVI_3556.MOV,29. Library,Places,29. Library#3,train
Places/29. Library/MVI_3557.MOV,29. Library,Places,29. Library#3,test
Places/29. Library/MVI_3558.MOV,29. Library,Places,29. Library#3,train
Places/29. Library/MVI_3559.MOV,29. Library,Places,29. Library#3,test
Places/29. Library/MVI_3665.MOV,29. Library,Places,29. Library#4,train
Places/29. Library/MVI_3666.MOV,29. Library,Places,29. Library#4,train
Places/29. Library/MVI_3667.MOV,29. Library,Places,29. Library#4,train
Places/29. Library/MVI_3668.MOV,29. Library,Places,29. Library#4,train
Places/30. Hospital/MVI_3315.MOV,30. Hospital,Places,30. Hospital#0,val
Places/30. Hospital/MVI_3316.MOV,30. Hospital,Places,30. Hospital#0,test
Places/30. Hospital/MVI_3317.MOV,30. Hospital,Places,30. Hospital#0,train
Places/30. Hospital/MVI_3318.MOV,30. Hospital,Places,30. Hospital#0,test
Places/30. Hospital/MVI_3397.MOV,30. Hospital,Places,30. Hospital#1,train
Places/30. Hospital/MVI_3398.MOV,30. Hospital,Places,30. Hospital#1,val
Places/30. Hospital/MVI_3399.MOV,30. Hospital,Places,30. Hospital#1,train
Places/30. Hospital/MVI_3400.MOV,30. Hospital,Places,30. Hospital#1,train
Places/30. Hospital/MVI_3480.MOV,30. Hospital,Places,30. Hospital#2,train
Places/30. Hospital/MVI_3481.MOV,30. Hospital,Places,30. Hospital#2,test
Places/30. Hospital/MVI_3482.MOV,30. Hospital,Places,30. Hospital#2,train
Places/30. Hospital/MVI_3483.MOV,30. Hospital,Places,30. Hospital#2,train
Places/30. Hospital/MVI_3560.MOV,30. Hospital,Places,30. Hospital#3,train
Places/30. Hospital/MVI_3561.MOV,30. Hospital,Places,30. Hospital#3,train
Places/30. Hospital/MVI_3562.MOV,30. Hospital,Places,30. Hospital#3,train
Places/30. Hospital/MVI_3563.MOV,30. Hospital,Places,30. Hospital#3,train
Places/30. Hospital/MVI_3638.MOV,30. Hospital,Places,30. Hospital#4,test
Places/30. Hospital/MVI_3639.MOV,30. Hospital,Places,30. Hospital#4,train
Places/30. Hospital/MVI_3640.MOV,30. Hospital,Places,30. Hospital#4,train
Places/30. Hospital/MVI_3641.MOV,30. Hospital,Places,30. Hospital#4,train
Places/31. Temple/MVI_3319.MOV,31. Temple,Places,31. Temple#0,train
Places/31. Temple/MVI_3320.MOV,31. Temple,Places,31. Temple#0,train
Places/31. Temple/MVI_3321.MOV,31. Temple,Places,31. Temple#0,val
Places/31. Temple/MVI_3322.MOV,31. Temple,Places,31. Temple#0,val
Places/31. Temple/MVI_3401.MOV,31. Temple,Places,31. Temple#1,train
Places/31. Temple/MVI_3402.MOV,31. Temple,Places,31. Temple#1,train
Places/31. Temple/MVI_3403.MOV,31. Temple,Places,31. Temple#1,test
Places/31. Temple/MVI_3404.MOV,31. Temple,Places,31. Temple#1,test
Places/31. Temple/MVI_3484.MOV,31. Temple,Places,31. Temple#2,test
Places/31. Temple/MVI_3485.MOV,31. Temple,Places,31. Temple#2,train
Places/31. Temple/MVI_3486.MOV,31. Temple,Places,31. Temple#2,train
Places/31. Temple/MVI_3487.MOV,31. Temple,Places,31. Temple#2,train
Places/31. Temple/MVI_3564.MOV,31. Temple,Places,31. Temple#3,train
Places/31. Temple/MVI_3565.MOV,31. Temple,Places,31. Temple#3,train
Places/31. Temple/MVI_3566.MOV,31. Temple,Places,31. Temple#3,train
Places/31. Temple/MVI_3567.MOV,31. Temple,Places,31. Temple#3,train
Places/31. Temple/MVI_3642.MOV,31. Temple,Places,31. Temple#4,train
Places/31. Temple/MVI_3643.MOV,31. Temple,Places,31. Temple#4,train
Places/31. Temple/MVI_3644.MOV,31. Temple,Places,31. Temple#4,test
Places/31. Temple/MVI_3645.MOV,31. Temple,Places,31. Temple#4,train
Places/32. Market/MVI_3323.MOV,32. Market,Places,32. Market#0,train
Places/32. Market/MVI_3324.MOV,32. Market,Places,32. Market#0,train
Places/32. Market/MVI_3325.MOV,32. Market,Places,32. Market#0,train
Places/32. Market/MVI_3326.MOV,32. Market,Places,32. Market#0,train
Places/32. Market/MVI_3405.MOV,32. Market,Places,32. Market#1,train
Places/32. Market/MVI_3406.MOV,32. Market,Places,32. Market#1,train
Places/32. Market/MVI_3407.MOV,32. Market,Places,32. Market#1,train
Places/32. Market/MVI_3408.MOV,32. Market,Places,32. Market#1,train
Places/32. Market/MVI_3488.MOV,32. Market,Places,32. Market#2,train
Places/32. Market/MVI_3489.MOV,32. Market,Places,32. Market#2,test
Places/32. Market/MVI_3490.MOV,32. Market,Places,32. Market#2,val
Places/32. Market/MVI_3491.MOV,32. Market,Places,32. Market#2,test
Places/32. Market/MVI_3569.MOV,32. Market,Places,32. Market#3,train
Places/32. Market/MVI_3570.MOV,32. Market,Places,32. Market#3,val
Places/32. Market/MVI_3571.MOV,32. Market,Places,32. Market#3,train
Places/32. Market/MVI_3572.MOV,32. Market,Places,32. Market#3,train
Places/32. Market/MVI_3647.MOV,32. Market,Places,32. Market#4,train
Places/32. Market/MVI_3648.MOV,32. Market,Places,32. Market#4,test
Places/32. Market/MVI_3649.MOV,32. Market,Places,32. Market#4,test
Places/32. Market/MVI_3650.MOV,32. Market,Places,32. Market#4,train
Places/33. India/MVI_3327.MOV,33. India,Places,33. India#0,train
Places/33. India/MVI_3328.MOV,33. India,Places,33. India#0,train
Places/33. India/MVI_3329.MOV,33. India,Places,33. India#0,train
Places/33. India/MVI_3330.MOV,33. India,Places,33. India#0,train
Places/33. India/MVI_3410.MOV,33. India,Places,33. India#1,val
Places/33. India/MVI_3411.MOV,33. India,Places,33. India#1,train
Places/33. India/MVI_3412.MOV,33. India,Places,33. India#1,train
Places/33. India/MVI_3413.MOV,33. India,Places,33. India#1,train
Places/33. India/MVI_3492.MOV,33. India,Places,33. India#2,train
Places/33. India/MVI_3493.MOV,33. India,Places,33. India#2,train
Places/33. India/MVI_3494.MOV,33. India,Places,33. India#2,train
Places/33. India/MVI_3495.MOV,33. India,Places,33. India#2,train
Places/33. India/MVI_3573.MOV,33. India,Places,33. India#3,train
Places/33. India/MVI_3574.MOV,33. India,Places,33. India#3,test
Places/33. India/MVI_3575.MOV,33. India,Places,33. India#3,train
Places/33. India/MVI_3576.MOV,33. India,Places,33. India#3,train
Places/33. India/MVI_3651.MOV,33. India,Places,33. India#4,test
Places/33. India/MVI_3652.MOV,33. India,Places,33. India#4,test
Places/33. India/MVI_3653.MOV,33. India,Places,33. India#4,val
Places/33. India/MVI_3654.MOV,33. India,Places,33. India#4,test
Places/34. Ground/MVI_3331.MOV,34. Ground,Places,34. Ground#0,val
Places/34. Ground/MVI_3332.MOV,34. Ground,Places,34. Ground#0,test
Places/34. Ground/MVI_3333.MOV,34. Ground,Places,34. Ground#0,train
Places/34. Ground/MVI_3334.MOV,34. Ground,Places,34. Ground#0,train
Places/34. Ground/MVI_3414.MOV,34. Ground,Places,34. Ground#1,train
Places/34. Ground/MVI_3415.MOV,34. Ground,Places,34. Ground#1,train
Places/34. Ground/MVI_3416.MOV,34. Ground,Places,34. Ground#1,test
Places/34. Ground/MVI_3417.MOV,34. Ground,Places,34. Ground#1,train
Places/34. Ground/MVI_3496.MOV,34. Ground,Places,34. Ground#2,train
Places/34. Ground/MVI_3497.MOV,34. Ground,Places,34. Ground#2,test
Places/34. Ground/MVI_3498.MOV,34. Ground,Places,34. Ground#2,train
Places/34. Ground/MVI_3499.MOV,34. Ground,Places,34. Ground#2,train
Places/34. Ground/MVI_3577.MOV,34. Ground,Places,34. Ground#3,train
Places/34. Ground/MVI_3578.MOV,34. Ground,Places,34. Ground#3,train
Places/34. Ground/MVI_3579.MOV,34. Ground,Places,34. Ground#3,val
Places/34. Ground/MVI_3580.MOV,34. Ground,Places,34. Ground#3,test
Places/34. Ground/MVI_3656.MOV,34. Ground,Places,34. Ground#4,train
Places/34. Ground/MVI_3657.MOV,34. Ground,Places,34. Ground#4,train
Places/34. Ground/MVI_3658.MOV,34. Ground,Places,34. Ground#4,train
Places/34. Ground/MVI_3659.MOV,34. Ground,Places,34. Ground#4,train
Places/35. Bank/MVI_3335.MOV,35. Bank,Places,35. Bank#0,test
Places/35. Bank/MVI_3336.MOV,35. Bank,Places,35. Bank#0,test
Places/35. Bank/MVI_3337.MOV,35. Bank,Places,35. Bank#0,train
Places/35. Bank/MVI_3338.MOV,35. Bank,Places,35. Bank#0,train
Places/35. Bank/MVI_3419.MOV,35. Bank,Places,35. Bank#1,train
Places/35. Bank/MVI_3421.MOV,35. Bank,Places,35. Bank#1,train
Places/35. Bank/MVI_3422.MOV,35. Bank,Places,35. Bank#1,test
Places/35. Bank/MVI_3423.MOV,35. Bank,Places,35. Bank#1,train
Places/35. Bank/MVI_3500.MOV,35. Bank,Places,35. Bank#2,train
Places/35. Bank/MVI_3501.MOV,35. Bank,Places,35. Bank#2,train
Places/35. Bank/MVI_3502.MOV,35. Bank,Places,35. Bank#2,train
Places/35. Bank/MVI_3503.MOV,35. Bank,Places,35. Bank#2,train
Places/35. Bank/MVI_3581.MOV,35. Bank,Places,35. Bank#3,test
Places/35. Bank/MVI_3582.MOV,35. Bank,Places,35. Bank#3,train
Places/35. Bank/MVI_3583.MOV,35. Bank,Places,35. Bank#3,train
Places/35. Bank/MVI_3584.MOV,35. Bank,Places,35. Bank#3,train
Places/35. Bank/MVI_3661.MOV,35. Bank,Places,35. Bank#4,train
Places/35. Bank/MVI_3662.MOV,35. Bank,Places,35. Bank#4,val
Places/35. Bank/MVI_3663.MOV,35. Bank,Places,35. Bank#4,val
Places/35. Bank/MVI_3664.MOV,35. Bank,Places,35. Bank#4,train
Places/36. Location/MVI_3341.MOV,36. Location,Places,36. Location#0,train
Places/36. Location/MVI_3342.MOV,36. Location,Places,36. Location#0,test
Places/36. Location/MVI_3343.MOV,36. Location,Places,36. Location#0,train
Places/36. Location/MVI_3344.MOV,36. Location,Places,36. Location#0,train
Places/36. Location/MVI_3425.MOV,36. Location,Places,36. Location#1,train
Places/36. Location/MVI_3426.MOV,36. Location,Places,36. Location#1,train
Places/36. Location/MVI_3427.MOV,36. Location,Places,36. Location#1,val
Places/36. Location/MVI_3428.MOV,36. Location,Places,36. Location#1,train
Places/36. Location/MVI_3504.MOV,36. Location,Places,36. Location#2,test
Places/36. Location/MVI_3505.MOV,36. Location,Places,36. Location#2,train
Places/36. Location/MVI_3506.MOV,36. Location,Places,36. Location#2,train
Places/36. Location/MVI_3507.MOV,36. Location,Places,36. Location#2,train
Places/36. Location/MVI_3585.MOV,36. Location,Places,36. Location#3,val
Places/36. Location/MVI_3586.MOV,36. Location,Places,36. Location#3,train
Places/36. Location/MVI_3587.MOV,36. Location,Places,36. Location#3,train
Places/36. Location/MVI_3588.MOV,36. Location,Places,36. Location#3,train
Places/36. Location/MVI_3669.MOV,36. Location,Places,36. Location#4,test
Places/36. Location/MVI_3671.MOV,36. Location,Places,36. Location#4,train
Places/36. Location/MVI_3672.MOV,36. Location,Places,36. Location#4,test
Places/36. Location/MVI_3673.MOV,36. Location,Places,36. Location#4,train
Pronouns/40. I/MVI_0001.MOV,40. I,Pronouns,40. I#0,val
Pronouns/40. I/MVI_0002.MOV,40. I,Pronouns,40. I#0,train
Pronouns/40. I/MVI_0003.MOV,40. I,Pronouns,40. I#0,train
Pronouns/40. I/MVI_0012.MOV,40. I,Pronouns,40. I#1,train
Pronouns/40. I/MVI_0013.MOV,40. I,Pronouns,40. I#1,train
Pronouns/40. I/MVI_0014.MOV,40. I,Pronouns,40. I#1,val
Pronouns/40. I/MVI_0064.MOV,40. I,Pronouns,40. I#2,train
Pronouns/40. I/MVI_0065.MOV,40. I,Pronouns,40. I#2,train
Pronouns/40. I/MVI_0066.MOV,40. I,Pronouns,40. I#2,train
Pronouns/40. I/MVI_9878.MOV,40. I,Pronouns,40. I#3,train
Pronouns/40. I/MVI_9879.MOV,40. I,Pronouns,40. I#3,val
Pronouns/40. I/MVI_9880.MOV,40. I,Pronouns,40. I#3,test
Pronouns/40. I/MVI_9881.MOV,40. I,Pronouns,40. I#3,train
Pronouns/40. I/MVI_9918.MOV,40. I,Pronouns,40. I#4,train
Pronouns/40. I/MVI_9919.MOV,40. I,Pronouns,40. I#4,test
Pronouns/40. I/MVI_9920.MOV,40. I,Pronouns,40. I#4,train
Pronouns/40. I/MVI_9922.MOV,40. I,Pronouns,40. I#4,test
Pronouns/40. I/MVI_9957.MOV,40. I,Pronouns,40. I#5,train
Pronouns/40. I/MVI_9958.MOV,40. I,Pronouns,40. I#5,test
Pronouns/40. I/MVI_9959.MOV,40. I,Pronouns,40. I#5,train
Pronouns/40. I/MVI_9995.MOV,40. I,Pronouns,40. I#6,train
Pronouns/41. you/MVI_0015.MOV,41. you,Pronouns,41. you#0,train
Pronouns/41. you/MVI_0016.MOV,41. you,Pronouns,41. you#0,train
Pronouns/41. you/MVI_0017.MOV,41. you,Pronouns,41. you#0,val
Pronouns/41. you/MVI_0067.MOV,41. you,Pronouns,41. you#1,val
Pronouns/41. you/MVI_0068.MOV,41. you,Pronouns,41. you#1,train
Pronouns/41. you/MVI_0069.MOV,41. you,Pronouns,41. you#1,train
Pronouns/41. you/MVI_9885.MOV,41. you,Pronouns,41. you#2,test
Pronouns/41. you/MVI_9886.MOV,41. you,Pronouns,41. you#2,train
Pronouns/41. you/MVI_9887.MOV,41. you,Pronouns,41. you#2,train
Pronouns/41. you/MVI_9888.MOV,41. you,Pronouns,41. you#2,train
Pronouns/41. you/MVI_9923.MOV,41. you,Pronouns,41. you#3,test
Pronouns/41. you/MVI_9924.MOV,41. you,Pronouns,41. you#3,train
Pronouns/41. you/MVI_9925.MOV,41. you,Pronouns,41. you#3,train
Pronouns/41. you/MVI_9926.MOV,41. you,Pronouns,41. you#3,train
Pronouns/41. you/MVI_9960.MOV,41. you,Pronouns,41. you#4,train
Pronouns/41. you/MVI_9961.MOV,41. you,Pronouns,41. you#4,test
Pronouns/41. you/MVI_9962.MOV,41. you,Pronouns,41. you#4,test
Pronouns/41. you/MVI_9996.MOV,41. you,Pronouns,41. you#5,train
Pronouns/41. you/MVI_9997.MOV,41. you,Pronouns,41. you#5,train
Pronouns/41. you/MVI_9998.MOV,41. you,Pronouns,41. you#5,train
Pronouns/41. you/MVI_9999.MOV,41. you,Pronouns,41. you#5,val
Pronouns/42. he/MVI_0005.MOV,42. he,Pronouns,42. he#0,train
Pronouns/42. he/MVI_0006.MOV,42. he,Pronouns,42. he#0,train
Pronouns/42. he/MVI_0007.MOV,42. he,Pronouns,42. he#0,test
Pronouns/42. he/MVI_0008.MOV,42. he,Pronouns,42. he#0,train
Pronouns/42. he/MVI_0018.MOV,42. he,Pronouns,42. he#1,train
Pronouns/42. he/MVI_0019.MOV,42. he,Pronouns,42. he#1,train
Pronouns/42. he/MVI_0020.MOV,42. he,Pronouns,42. he#1,train
Pronouns/42. he/MVI_0070.MOV,42. he,Pronouns,42. he#2,train
Pronouns/42. he/MVI_0071.MOV,42. he,Pronouns,42. he#2,train
Pronouns/42. he/MVI_0072.MOV,42. he,Pronouns,42. he#2,test
Pronouns/42. he/MVI_9889.MOV,42. he,Pronouns,42. he#3,test
Pronouns/42. he/MVI_9890.MOV,42. he,Pronouns,42. he#3,train
Pronouns/42. he/MVI_9891.MOV,42. he,Pronouns,42. he#3,test
Pronouns/42. he/MVI_9892.MOV,42. he,Pronouns,42. he#3,train
Pronouns/42. he/MVI_9927.MOV,42. he,Pronouns,42. he#4,train
Pronouns/42. he/MVI_9928.MOV,42. he,Pronouns,42. he#4,train
Pronouns/42. he/MVI_9930.MOV,42. he,Pronouns,42. he#4,train
Pronouns/42. he/MVI_9931.MOV,42. he,Pronouns,42. he#4,val
Pronouns/42. he/MVI_9963.MOV,42. he,Pronouns,42. he#5,val
Pronouns/42. he/MVI_9964.MOV,42. he,Pronouns,42. he#5,val
Pronouns/42. he/MVI_9965.MOV,42. he,Pronouns,42. he#5,train
Pronouns/43. she/MVI_0009.MOV,43. she,Pronouns,43. she#0,train
Pronouns/43. she/MVI_0010.MOV,43. she,Pronouns,43. she#0,train
Pronouns/43. she/MVI_0011.MOV,43. she,Pronouns,43. she#0,train
Pronouns/43. she/MVI_0012.MOV,43. she,Pronouns,43. she#0,train
Pronouns/43. she/MVI_0021.MOV,43. she,Pronouns,43. she#1,val
Pronouns/43. she/MVI_0022.MOV,43. she,Pronouns,43. she#1,test
Pronouns/43. she/MVI_0023.MOV,43. she,Pronouns,43. she#1,val
Pronouns/43. she/MVI_0073.MOV,43. she,Pronouns,43. she#2,train
Pronouns/43. she/MVI_0074.MOV,43. she,Pronouns,43. she#2,train
Pronouns/43. she/MVI_0075.MOV,43. she,Pronouns,43. she#2,test
Pronouns/43. she/MVI_9893.MOV,43. she,Pronouns,43. she#3,train
Pronouns/43. she/MVI_9894.MOV,43. she,Pronouns,43. she#3,train
Pronouns/43. she/MVI_9895.MOV,43. she,Pronouns,43. she#3,train
Pronouns/43. she/MVI_9896.MOV,43. she,Pronouns,43. she#3,test
Pronouns/43. she/MVI_9932.MOV,43. she,Pronouns,43. she#4,train
Pronouns/43. she/MVI_9933.MOV,43. she,Pronouns,43. she#4,train
Pronouns/43. she/MVI_9934.MOV,43. she,Pronouns,43. she#4,train
Pronouns/43. she/MVI_9935.MOV,43. she,Pronouns,43. she#4,val
Pronouns/43. she/MVI_9966.MOV,43. she,Pronouns,43. she#5,train
Pronouns/43. she/MVI_9967.MOV,43. she,Pronouns,43. she#5,train
Pronouns/43. she/MVI_9968.MOV,43. she,Pronouns,43. she#5,test
Pronouns/44. it/MVI_0013.MOV,44. it,Pronouns,44. it#0,test
Pronouns/44. it/MVI_0014.MOV,44. it,Pronouns,44. it#0,val
Pronouns/44. it/MVI_0015.MOV,44. it,Pronouns,44. it#0,train
Pronouns/44. it/MVI_0016.MOV,44. it,Pronouns,44. it#0,test
Pronouns/44. it/MVI_0024.MOV,44. it,Pronouns,44. it#1,train
Pronouns/44. it/MVI_0025.MOV,44. it,Pronouns,44. it#1,train
Pronouns/44. it/MVI_0026.MOV,44. it,Pronouns,44. it#1,train
Pronouns/44. it/MVI_0076.MOV,44. it,Pronouns,44. it#2,train
Pronouns/44. it/MVI_0077.MOV,44. it,Pronouns,44. it#2,train
Pronouns/44. it/MVI_0078.MOV,44. it,Pronouns,44. it#2,train
Pronouns/44. it/MVI_9897.MOV,44. it,Pronouns,44. it#3,train
Pronouns/44. it/MVI_9898.MOV,44. it,Pronouns,44. it#3,val
Pronouns/44. it/MVI_9899.MOV,44. it,Pronouns,44. it#3,val
Pronouns/44. it/MVI_9900.MOV,44. it,Pronouns,44. it#3,train
Pronouns/44. it/MVI_9936.MOV,44. it,Pronouns,44. it#4,train
Pronouns/44. it/MVI_9937.MOV,44. it,Pronouns,44. it#4,train
Pronouns/44. it/MVI_9938.MOV,44. it,Pronouns,44. it#4,test
Pronouns/44. it/MVI_9939.MOV,44. it,Pronouns,44. it#4,test
Pronouns/44. it/MVI_9969.MOV,44. it,Pronouns,44. it#5,train
Pronouns/44. it/MVI_9970.MOV,44. it,Pronouns,44. it#5,train
Pronouns/44. it/MVI_9971.MOV,44. it,Pronouns,44. it#5,train
Pronouns/45. we/MVI_0017.MOV,45. we,Pronouns,45. we#0,val
Pronouns/45. we/MVI_0018.MOV,45. we,Pronouns,45. we#0,train
Pronouns/45. we/MVI_0019.MOV,45. we,Pronouns,45. we#0,train
Pronouns/45. we/MVI_0020.MOV,45. we,Pronouns,45. we#0,train
Pronouns/45. we/MVI_0027.MOV,45. we,Pronouns,45. we#1,train
Pronouns/45. we/MVI_0028.MOV,45. we,Pronouns,45. we#1,train
Pronouns/45. we/MVI_0029.MOV,45. we,Pronouns,45. we#1,train
Pronouns/45. we/MVI_0079.MOV,45. we,Pronouns,45. we#2,train
Pronouns/45. we/MVI_0080.MOV,45. we,Pronouns,45. we#2,val
Pronouns/45. we/MVI_0081.MOV,45. we,Pronouns,45. we#2,train
Pronouns/45. we/MVI_9901.MOV,45. we,Pronouns,45. we#3,val
Pronouns/45. we/MVI_9902.MOV,45. we,Pronouns,45. we#3,test
Pronouns/45. we/MVI_9903.MOV,45. we,Pronouns,45. we#3,train
Pronouns/45. we/MVI_9904.MOV,45. we,Pronouns,45. we#3,train
Pronouns/45. we/MVI_9940.MOV,45. we,Pronouns,45. we#4,train
Pronouns/45. we/MVI_9941.MOV,45. we,Pronouns,45. we#4,test
Pronouns/45. we/MVI_9942.MOV,45. we,Pronouns,45. we#4,train
Pronouns/45. we/MVI_9943.MOV,45. we,Pronouns,45. we#4,test
Pronouns/45. we/MVI_9972.MOV,45. we,Pronouns,45. we#5,train
Pronouns/45. we/MVI_9973.MOV,45. we,Pronouns,45. we#5,test
Pronouns/45. we/MVI_9974.MOV,45. we,Pronouns,45. we#5,train
Pronouns/46. you (plural)/MVI_0021.MOV,46. you (plural),Pronouns,46. you (plural)#0,train
Pronouns/46. you (plural)/MVI_0022.MOV,46. you (plural),Pronouns,46. you (plural)#0,train
Pronouns/46. you (plural)/MVI_0023.MOV,46. you (plural),Pronouns,46. you (plural)#0,train
Pronouns/46. you (plural)/MVI_0024.MOV,46. you (plural),Pronouns,46. you (plural)#0,train
Pronouns/46. you (plural)/MVI_0030.MOV,46. you (plural),Pronouns,46. you (plural)#1,train
Pronouns/46. you (plural)/MVI_0031.MOV,46. you (plural),Pronouns,46. you (plural)#1,train
Pronouns/46. you (plural)/MVI_0032.MOV,46. you (plural),Pronouns,46. you (plural)#1,test
Pronouns/46. you (plural)/MVI_0082.MOV,46. you (plural),Pronouns,46. you (plural)#2,test
Pronouns/46. you (plural)/MVI_0083.MOV,46. you (plural),Pronouns,46. you (plural)#2,train
Pronouns/46. you (plural)/MVI_0084.MOV,46. you (plural),Pronouns,46. you (plural)#2,train
Pronouns/46. you (plural)/MVI_9905.MOV,46. you (plural),Pronouns,46. you (plural)#3,test
Pronouns/46. you (plural)/MVI_9907.MOV,46. you (plural),Pronouns,46. you (plural)#3,train
Pronouns/46. you (plural)/MVI_9908.MOV,46. you (plural),Pronouns,46. you (plural)#3,train
Pronouns/46. you (plural)/MVI_9909.MOV,46. you (plural),Pronouns,46. you (plural)#3,train
Pronouns/46. you (plural)/MVI_9945.MOV,46. you (plural),Pronouns,46. you (plural)#4,val
Pronouns/46. you (plural)/MVI_9946.MOV,46. you (plural),Pronouns,46. you (plural)#4,train
Pronouns/46. you (plural)/MVI_9947.MOV,46. you (plural),Pronouns,46. you (plural)#4,train
Pronouns/46. you (plural)/MVI_9948.MOV,46. you (plural),Pronouns,46. you (plural)#4,train
Pronouns/46. you (plural)/MVI_9975.MOV,46. you (plural),Pronouns,46. you (plural)#5,test
Pronouns/46. you (plural)/MVI_9976.MOV,46. you (plural),Pronouns,46. you (plural)#5,val
Pronouns/46. you (plural)/MVI_9977.MOV,46. you (plural),Pronouns,46. you (plural)#5,val
Pronouns/47. they/MVI_0025.MOV,47. they,Pronouns,47. they#0,test
Pronouns/47. they/MVI_0026.MOV,47. they,Pronouns,47. they#0,train
Pronouns/47. they/MVI_0027.MOV,47. they,Pronouns,47. they#0,train
Pronouns/47. they/MVI_0028.MOV,47. they,Pronouns,47. they#0,train
Pronouns/47. they/MVI_0033.MOV,47. they,Pronouns,47. they#0,val
Pronouns/47. they/MVI_0034.MOV,47. they,Pronouns,47. they#0,train
Pronouns/47. they/MVI_0035.MOV,47. they,Pronouns,47. they#0,train
Pronouns/47. they/MVI_0085.MOV,47. they,Pronouns,47. they#1,val
Pronouns/47. they/MVI_0087.MOV,47. they,Pronouns,47. they#1,test
Pronouns/47. they/MVI_0088.MOV,47. they,Pronouns,47. they#1,test
Pronouns/47. they/MVI_9910.MOV,47. they,Pronouns,47. they#2,train
Pronouns/47. they/MVI_9911.MOV,47. they,Pronouns,47. they#2,train
Pronouns/47. they/MVI_9912.MOV,47. they,Pronouns,47. they#2,train
Pronouns/47. they/MVI_9913.MOV,47. they,Pronouns,47. they#2,train
Pronouns/47. they/MVI_9950.MOV,47. they,Pronouns,47. they#3,train
Pronouns/47. they/MVI_9951.MOV,47. they,Pronouns,47. they#3,train
Pronouns/47. they/MVI_9952.MOV,47. they,Pronouns,47. they#3,test
Pronouns/47. they/MVI_9953.MOV,47. they,Pronouns,47. they#3,train
Pronouns/47. they/MVI_9979.MOV,47. they,Pronouns,47. they#4,train
Pronouns/47. they/MVI_9980.MOV,47. they,Pronouns,47. they#4,train
Pronouns/47. they/MVI_9981.MOV,47. they,Pronouns,47. they#4,val
Seasons/61. Summer/MVI_4565.MOV,61. Summer,Seasons,61. Summer#0,val
Seasons/61. Summer/MVI_4566.MOV,61. Summer,Seasons,61. Summer#0,train
Seasons/61. Summer/MVI_4567.MOV,61. Summer,Seasons,61. Summer#0,train
Seasons/61. Summer/MVI_4568.MOV,61. Summer,Seasons,61. Summer#0,test
Seasons/61. Summer/MVI_4990.MOV,61. Summer,Seasons,61. Summer#1,train
Seasons/61. Summer/MVI_4991.MOV,61. Summer,Seasons,61. Summer#1,train
Seasons/61. Summer/MVI_4992.MOV,61. Summer,Seasons,61. Summer#1,val
Seasons/61. Summer/MVI_5420.MOV,61. Summer,Seasons,61. Summer#2,train
Seasons/61. Summer/MVI_5421.MOV,61. Summer,Seasons,61. Summer#2,test
Seasons/61. Summer/MVI_5422.MOV,61. Summer,Seasons,61. Summer#2,test
Seasons/61. Summer/MVI_5424.MOV,61. Summer,Seasons,61. Summer#2,train
Seasons/61. Summer/MVI_9122.MP4,61. Summer,Seasons,61. Summer#3,train
Seasons/61. Summer/MVI_9123.MP4,61. Summer,Seasons,61. Summer#3,train
Seasons/61. Summer/MVI_9124.MP4,61. Summer,Seasons,61. Summer#3,train
Seasons/62. Spring/MVI_4569.MOV,62. Spring,Seasons,62. Spring#0,train
Seasons/62. Spring/MVI_4570.MOV,62. Spring,Seasons,62. Spring#0,test
Seasons/62. Spring/MVI_4571.MOV,62. Spring,Seasons,62. Spring#0,train
Seasons/62. Spring/MVI_4572.MOV,62. Spring,Seasons,62. Spring#0,train
Seasons/62. Spring/MVI_4993.MOV,62. Spring,Seasons,62. Spring#1,train
Seasons/62. Spring/MVI_4994.MOV,62. Spring,Seasons,62. Spring#1,val
Seasons/62. Spring/MVI_4995.MOV,62. Spring,Seasons,62. Spring#1,train
Seasons/62. Spring/MVI_5425.MOV,62. Spring,Seasons,62. Spring#2,train
Seasons/62. Spring/MVI_5426.MOV,62. Spring,Seasons,62. Spring#2,train
Seasons/62. Spring/MVI_5427.MOV,62. Spring,Seasons,62. Spring#2,train
Seasons/62. Spring/MVI_5428.MOV,62. Spring,Seasons,62. Spring#2,train
Seasons/62. Spring/MVI_9125.MP4,62. Spring,Seasons,62. Spring#3,test
Seasons/62. Spring/MVI_9126.MP4,62. Spring,Seasons,62. Spring#3,test
Seasons/62. Spring/MVI_9127.MP4,62. Spring,Seasons,62. Spring#3,val
Seasons/63. Winter/MVI_4573.MOV,63. Winter,Seasons,63. Winter#0,train
Seasons/63. Winter/MVI_4574.MOV,63. Winter,Seasons,63. Winter#0,val
Seasons/63. Winter/MVI_4575.MOV,63. Winter,Seasons,63. Winter#0,train
Seasons/63. Winter/MVI_4576.MOV,63. Winter,Seasons,63. Winter#0,train
Seasons/63. Winter/MVI_4996.MOV,63. Winter,Seasons,63. Winter#1,train
Seasons/63. Winter/MVI_4997.MOV,63. Winter,Seasons,63. Winter#1,test
Seasons/63. Winter/MVI_4998.MOV,63. Winter,Seasons,63. Winter#1,train
Seasons/63. Winter/MVI_5429.MOV,63. Winter,Seasons,63. Winter#2,train
Seasons/63. Winter/MVI_5430.MOV,63. Winter,Seasons,63. Winter#2,val
Seasons/63. Winter/MVI_5431.MOV,63. Winter,Seasons,63. Winter#2,test
Seasons/63. Winter/MVI_5432.MOV,63. Winter,Seasons,63. Winter#2,test
Seasons/63. Winter/MVI_9129.MP4,63. Winter,Seasons,63. Winter#3,train
Seasons/63. Winter/MVI_9130.MP4,63. Winter,Seasons,63. Winter#3,train
Seasons/63. Winter/MVI_9131.MP4,63. Winter,Seasons,63. Winter#3,train
Seasons/64. Fall/MVI_4577.MOV,64. Fall,Seasons,64. Fall#0,train
Seasons/64. Fall/MVI_4578.MOV,64. Fall,Seasons,64. Fall#0,train
Seasons/64. Fall/MVI_4579.MOV,64. Fall,Seasons,64. Fall#0,train
Seasons/64. Fall/MVI_4580.MOV,64. Fall,Seasons,64. Fall#0,train
Seasons/64. Fall/MVI_4999.MOV,64. Fall,Seasons,64. Fall#1,test
Seasons/64. Fall/MVI_5000.MOV,64. Fall,Seasons,64. Fall#1,train
Seasons/64. Fall/MVI_5001.MOV,64. Fall,Seasons,64. Fall#1,train
Seasons/64. Fall/MVI_5433.MOV,64. Fall,Seasons,64. Fall#2,train
Seasons/64. Fall/MVI_5434.MOV,64. Fall,Seasons,64. Fall#2,train
Seasons/64. Fall/MVI_5435.MOV,64. Fall,Seasons,64. Fall#2,train
Seasons/64. Fall/MVI_5436.MOV,64. Fall,Seasons,64. Fall#2,val
Seasons/64. Fall/MVI_9132.MP4,64. Fall,Seasons,64. Fall#3,test
Seasons/64. Fall/MVI_9133.MP4,64. Fall,Seasons,64. Fall#3,test
Seasons/64. Fall/MVI_9134.MP4,64. Fall,Seasons,64. Fall#3,train
Seasons/64. Fall/MVI_9135.MP4,64. Fall,Seasons,64. Fall#3,val
Seasons/65. Season/MVI_4581.MOV,65. Season,Seasons,65. Season#0,val
Seasons/65. Season/MVI_4582.MOV,65. Season,Seasons,65. Season#0,train
Seasons/65. Season/MVI_4584.MOV,65. Season,Seasons,65. Season#0,val
Seasons/65. Season/MVI_4585.MOV,65. Season,Seasons,65. Season#0,test
Seasons/65. Season/MVI_5002.MOV,65. Season,Seasons,65. Season#1,train
Seasons/65. Season/MVI_5003.MOV,65. Season,Seasons,65. Season#1,train
Seasons/65. Season/MVI_5004.MOV,65. Season,Seasons,65. Season#1,test
Seasons/65. Season/MVI_5437.MOV,65. Season,Seasons,65. Season#2,train
Seasons/65. Season/MVI_5438.MOV,65. Season,Seasons,65. Season#2,train
Seasons/65. Season/MVI_5439.MOV,65. Season,Seasons,65. Season#2,test
Seasons/65. Season/MVI_5441.MOV,65. Season,Seasons,65. Season#2,train
Seasons/65. Season/MVI_9136.MP4,65. Season,Seasons,65. Season#3,train
Seasons/65. Season/MVI_9137.MP4,65. Season,Seasons,65. Season#3,train
Seasons/65. Season/MVI_9138.MP4,65. Season,Seasons,65. Season#3,train
Seasons/Ex. Monsoon/MVI_4671.MOV,Ex. Monsoon,Seasons,Ex. Monsoon#0,train
Seasons/Ex. Monsoon/MVI_4672.MOV,Ex. Monsoon,Seasons,Ex. Monsoon#0,train
Seasons/Ex. Monsoon/MVI_4673.MOV,Ex. Monsoon,Seasons,Ex. Monsoon#0,val
Seasons/Ex. Monsoon/MVI_4674.MOV,Ex. Monsoon,Seasons,Ex. Monsoon#0,train
Seasons/Ex. Monsoon/MVI_5080.MOV,Ex. Monsoon,Seasons,Ex. Monsoon#1,train
Seasons/Ex. Monsoon/MVI_5081.MOV,Ex. Monsoon,Seasons,Ex. Monsoon#1,train
Seasons/Ex. Monsoon/MVI_5082.MOV,Ex. Monsoon,Seasons,Ex. Monsoon#1,val
Seasons/Ex. Monsoon/MVI_5528.MOV,Ex. Monsoon,Seasons,Ex. Monsoon#2,test
Seasons/Ex. Monsoon/MVI_5529.MOV,Ex. Monsoon,Seasons,Ex. Monsoon#2,train
Seasons/Ex. Monsoon/MVI_5530.MOV,Ex. Monsoon,Seasons,Ex. Monsoon#2,train
Seasons/Ex. Monsoon/MVI_5531.MOV,Ex. Monsoon,Seasons,Ex. Monsoon#2,test
Seasons/Ex. Monsoon/MVI_9205.MP4,Ex. Monsoon,Seasons,Ex. Monsoon#3,test
Seasons/Ex. Monsoon/MVI_9206.MP4,Ex. Monsoon,Seasons,Ex. Monsoon#3,train
Seasons/Ex. Monsoon/MVI_9207.MP4,Ex. Monsoon,Seasons,Ex. Monsoon#3,train
Society/1. Religion/MVI_4251.MOV,1. Religion,Society,1. Religion#0,train
Society/1. Religion/MVI_4252.MOV,1. Religion,Society,1. Religion#0,train
Society/1. Religion/MVI_4253.MOV,1. Religion,Society,1. Religion#0,val
Society/1. Religion/MVI_4254.MOV,1. Religion,Society,1. Religion#0,train
Society/1. Religion/MVI_4797.MOV,1. Religion,Society,1. Religion#1,train
Society/1. Religion/MVI_4798.MOV,1. Religion,Society,1. Religion#1,train
Society/1. Religion/MVI_4799.MOV,1. Religion,Society,1. Religion#1,train
Society/1. Religion/MVI_8657.MP4,1. Religion,Society,1. Religion#2,train
Society/1. Religion/MVI_8658.MP4,1. Religion,Society,1. Religion#2,val
Society/1. Religion/MVI_8659.MP4,1. Religion,Society,1. Religion#2,test
Society/1. Religion/MVI_8660.MP4,1. Religion,Society,1. Religion#2,test
Society/1. Religion/MVI_8927.MP4,1. Religion,Society,1. Religion#3,train
Society/1. Religion/MVI_8928.MP4,1. Religion,Society,1. Religion#3,test
Society/1. Religion/MVI_8929.MP4,1. Religion,Society,1. Religion#3,train
Society/10. Energy/MVI_4287.MOV,10. Energy,Society,10. Energy#0,train
Society/10. Energy/MVI_4288.MOV,10. Energy,Society,10. Energy#0,val
Society/10. Energy/MVI_4289.MOV,10. Energy,Society,10. Energy#0,val
Society/10. Energy/MVI_4290.MOV,10. Energy,Society,10. Energy#0,train
Society/10. Energy/MVI_4827.MOV,10. Energy,Society,10. Energy#1,train
Society/10. Energy/MVI_4828.MOV,10. Energy,Society,10. Energy#1,train
Society/10. Energy/MVI_4829.MOV,10. Energy,Society,10. Energy#1,train
Society/10. Energy/MVI_8693.MP4,10. Energy,Society,10. Energy#2,test
Society/10. Energy/MVI_8694.MP4,10. Energy,Society,10. Energy#2,test
Society/10. Energy/MVI_8695.MP4,10. Energy,Society,10. Energy#2,train
Society/10. Energy/MVI_8696.MP4,10. Energy,Society,10. Energy#2,test
Society/10. Energy/MVI_8954.MP4,10. Energy,Society,10. Energy#3,train
Society/10. Energy/MVI_8955.MP4,10. Energy,Society,10. Energy#3,train
Society/10. Energy/MVI_8956.MP4,10. Energy,Society,10. Energy#3,train
Society/11. War/MVI_4291.MOV,11. War,Society,11. War#0,test
Society/11. War/MVI_4292.MOV,11. War,Society,11. War#0,train
Society/11. War/MVI_4293.MOV,11. War,Society,11. War#0,train
Society/11. War/MVI_4294.MOV,11. War,Society,11. War#0,train
Society/11. War/MVI_4830.MOV,11. War,Society,11. War#1,train
Society/11. War/MVI_4831.MOV,11. War,Society,11. War#1,test
Society/11. War/MVI_4832.MOV,11. War,Society,11. War#1,train
Society/11. War/MVI_8697.MP4,11. War,Society,11. War#2,train
Society/11. War/MVI_8698.MP4,11. War,Society,11. War#2,train
Society/11. War/MVI_8699.MP4,11. War,Society,11. War#2,train
Society/11. War/MVI_8700.MP4,11. War,Society,11. War#2,train
Society/11. War/MVI_8957.MP4,11. War,Society,11. War#3,test
Society/11. War/MVI_8958.MP4,11. War,Society,11. War#3,val
Society/11. War/MVI_8959.MP4,11. War,Society,11. War#3,val
Society/12. Peace/MVI_4295.MOV,12. Peace,Society,12. Peace#0,test
Society/12. Peace/MVI_4296.MOV,12. Peace,Society,12. Peace#0,val
Society/12. Peace/MVI_4297.MOV,12. Peace,Society,12. Peace#0,val
Society/12. Peace/MVI_4298.MOV,12. Peace,Society,12. Peace#0,train
Society/12. Peace/MVI_4833.MOV,12. Peace,Society,12. Peace#1,train
Society/12. Peace/MVI_4834.MOV,12. Peace,Society,12. Peace#1,train
Society/12. Peace/MVI_4835.MOV,12. Peace,Society,12. Peace#1,train
Society/12. Peace/MVI_8702.MP4,12. Peace,Society,12. Peace#2,test
Society/12. Peace/MVI_8703.MP4,12. Peace,Society,12. Peace#2,train
Society/12. Peace/MVI_8704.MP4,12. Peace,Society,12. Peace#2,train
Society/12. Peace/MVI_8705.MP4,12. Peace,Society,12. Peace#2,train
Society/12. Peace/MVI_8960.MP4,12. Peace,Society,12. Peace#3,train
Society/12. Peace/MVI_8961.MP4,12. Peace,Society,12. Peace#3,train
Society/12. Peace/MVI_8962.MP4,12. Peace,Society,12. Peace#3,test
Society/13. Attack/MVI_4299.MOV,13. Attack,Society,13. Attack#0,train
Society/13. Attack/MVI_4300.MOV,13. Attack,Society,13. Attack#0,val
Society/13. Attack/MVI_4301.MOV,13. Attack,Society,13. Attack#0,train
Society/13. Attack/MVI_4302.MOV,13. Attack,Society,13. Attack#0,train
Society/13. Attack/MVI_4303.MOV,13. Attack,Society,13. Attack#0,train
Society/13. Attack/MVI_4836.MOV,13. Attack,Society,13. Attack#1,train
Society/13. Attack/MVI_4837.MOV,13. Attack,Society,13. Attack#1,test
Society/13. Attack/MVI_4838.MOV,13. Attack,Society,13. Attack#1,train
Society/13. Attack/MVI_8706.MP4,13. Attack,Society,13. Attack#2,train
Society/13. Attack/MVI_8707.MP4,13. Attack,Society,13. Attack#2,train
Society/13. Attack/MVI_8708.MP4,13. Attack,Society,13. Attack#2,test
Society/13. Attack/MVI_8709.MP4,13. Attack,Society,13. Attack#2,train
Society/13. Attack/MVI_8964.MP4,13. Attack,Society,13. Attack#3,test
Society/13. Attack/MVI_8965.MP4,13. Attack,Society,13. Attack#3,val
Society/13. Attack/MVI_8966.MP4,13. Attack,Society,13. Attack#3,train
Society/14. Election/MVI_4304.MOV,14. Election,Society,14. Election#0,train
Society/14. Election/MVI_4305.MOV,14. Election,Society,14. Election#0,val
Society/14. Election/MVI_4306.MOV,14. Election,Society,14. Election#0,test
Society/14. Election/MVI_4307.MOV,14. Election,Society,14. Election#0,train
Society/14. Election/MVI_4839.MOV,14. Election,Society,14. Election#1,test
Society/14. Election/MVI_4840.MOV,14. Election,Society,14. Election#1,train
Society/14. Election/MVI_4841.MOV,14. Election,Society,14. Election#1,train
Society/14. Election/MVI_8710.MP4,14. Election,Society,14. Election#2,train
Society/14. Election/MVI_8711.MP4,14. Election,Society,14. Election#2,train
Society/14. Election/MVI_8712.MP4,14. Election,Society,14. Election#2,test
Society/14. Election/MVI_8713.MP4,14. Election,Society,14. Election#2,train
Society/14. Election/MVI_8967.MP4,14. Election,Society,14. Election#3,train
Society/14. Election/MVI_8968.MP4,14. Election,Society,14. Election#3,train
Society/14. Election/MVI_8969.MP4,14. Election,Society,14. Election#3,val
Society/15. Newspaper/MVI_4308.MOV,15. Newspaper,Society,15. Newspaper#0,train
Society/15. Newspaper/MVI_4309.MOV,15. Newspaper,Society,15. Newspaper#0,train
Society/15. Newspaper/MVI_4310.MOV,15. Newspaper,Society,15. Newspaper#0,val
Society/15. Newspaper/MVI_4311.MOV,15. Newspaper,Society,15. Newspaper#0,val
Society/15. Newspaper/MVI_4842.MOV,15. Newspaper,Society,15. Newspaper#1,test
Society/15. Newspaper/MVI_4843.MOV,15. Newspaper,Society,15. Newspaper#1,train
Society/15. Newspaper/MVI_4844.MOV,15. Newspaper,Society,15. Newspaper#1,train
Society/15. Newspaper/MVI_8714.MP4,15. Newspaper,Society,15. Newspaper#2,test
Society/15. Newspaper/MVI_8715.MP4,15. Newspaper,Society,15. Newspaper#2,train
Society/15. Newspaper/MVI_8716.MP4,15. Newspaper,Society,15. Newspaper#2,train
Society/15. Newspaper/MVI_8717.MP4,15. Newspaper,Society,15. Newspaper#2,train
Society/15. Newspaper/MVI_8970.MP4,15. Newspaper,Society,15. Newspaper#3,test
Society/15. Newspaper/MVI_8971.MP4,15. Newspaper,Society,15. Newspaper#3,train
Society/15. Newspaper/MVI_8972.MP4,15. Newspaper,Society,15. Newspaper#3,train
Society/16. Gun/MVI_4312.MOV,16. Gun,Society,16. Gun#0,val
Society/16. Gun/MVI_4313.MOV,16. Gun,Society,16. Gun#0,train
Society/16. Gun/MVI_4314.MOV,16. Gun,Society,16. Gun#0,train
Society/16. Gun/MVI_4315.MOV,16. Gun,Society,16. Gun#0,train
Society/16. Gun/MVI_4845.MOV,16. Gun,Society,16. Gun#1,val
Society/16. Gun/MVI_4846.MOV,16. Gun,Society,16. Gun#1,test
Society/16. Gun/MVI_4847.MOV,16. Gun,Society,16. Gun#1,train
Society/16. Gun/MVI_8718.MP4,16. Gun,Society,16. Gun#2,test
Society/16. Gun/MVI_8719.MP4,16. Gun,Society,16. Gun#2,train
Society/16. Gun/MVI_8720.MP4,16. Gun,Society,16. Gun#2,train
Society/16. Gun/MVI_8721.MP4,16. Gun,Society,16. Gun#2,train
Society/16. Gun/MVI_8973.MP4,16. Gun,Society,16. Gun#3,test
Society/16. Gun/MVI_8974.MP4,16. Gun,Society,16. Gun#3,train
Society/16. Gun/MVI_8975.MP4,16. Gun,Society,16. Gun#3,train
Society/17. Sport/MVI_4316.MOV,17. Sport,Society,17. Sport#0,train
Society/17. Sport/MVI_4317.MOV,17. Sport,Society,17. Sport#0,test
Society/17. Sport/MVI_4318.MOV,17. Sport,Society,17. Sport#0,train
Society/17. Sport/MVI_4319.MOV,17. Sport,Society,17. Sport#0,val
Society/17. Sport/MVI_4848.MOV,17. Sport,Society,17. Sport#1,val
Society/17. Sport/MVI_4849.MOV,17. Sport,Society,17. Sport#1,test
Society/17. Sport/MVI_4850.MOV,17. Sport,Society,17. Sport#1,train
Society/17. Sport/MVI_8722.MP4,17. Sport,Society,17. Sport#2,train
Society/17. Sport/MVI_8723.MP4,17. Sport,Society,17. Sport#2,test
Society/17. Sport/MVI_8724.MP4,17. Sport,Society,17. Sport#2,train
Society/17. Sport/MVI_8725.MP4,17. Sport,Society,17. Sport#2,train
Society/17. Sport/MVI_8976.MP4,17. Sport,Society,17. Sport#3,train
Society/17. Sport/MVI_8977.MP4,17. Sport,Society,17. Sport#3,train
Society/17. Sport/MVI_8978.MP4,17. Sport,Society,17. Sport#3,train
Society/18. Exercise/MVI_4320.MOV,18. Exercise,Society,18. Exercise#0,test
Society/18. Exercise/MVI_4321.MOV,18. Exercise,Society,18. Exercise#0,train
Society/18. Exercise/MVI_4322.MOV,18. Exercise,Society,18. Exercise#0,test
Society/18. Exercise/MVI_4323.MOV,18. Exercise,Society,18. Exercise#0,train
Society/18. Exercise/MVI_4851.MOV,18. Exercise,Society,18. Exercise#1,train
Society/18. Exercise/MVI_4852.MOV,18. Exercise,Society,18. Exercise#1,val
Society/18. Exercise/MVI_4853.MOV,18. Exercise,Society,18. Exercise#1,train
Society/18. Exercise/MVI_8726.MP4,18. Exercise,Society,18. Exercise#2,train
Society/18. Exercise/MVI_8727.MP4,18. Exercise,Society,18. Exercise#2,train
Society/18. Exercise/MVI_8728.MP4,18. Exercise,Society,18. Exercise#2,test
Society/18. Exercise/MVI_8729.MP4,18. Exercise,Society,18. Exercise#2,train
Society/18. Exercise/MVI_8979.MP4,18. Exercise,Society,18. Exercise#3,val
Society/18. Exercise/MVI_8980.MP4,18. Exercise,Society,18. Exercise#3,train
Society/18. Exercise/MVI_8981.MP4,18. Exercise,Society,18. Exercise#3,train
Society/19. Ball/MVI_4324.MOV,19. Ball,Society,19. Ball#0,train
Society/19. Ball/MVI_4325.MOV,19. Ball,Society,19. Ball#0,train
Society/19. Ball/MVI_4326.MOV,19. Ball,Society,19. Ball#0,train
Society/19. Ball/MVI_4327.MOV,19. Ball,Society,19. Ball#0,train
Society/19. Ball/MVI_4854.MOV,19. Ball,Society,19. Ball#1,train
Society/19. Ball/MVI_4855.MOV,19. Ball,Society,19. Ball#1,train
Society/19. Ball/MVI_4856.MOV,19. Ball,Society,19. Ball#1,val
Society/19. Ball/MVI_8730.MP4,19. Ball,Society,19. Ball#2,test
Society/19. Ball/MVI_8731.MP4,19. Ball,Society,19. Ball#2,train
Society/19. Ball/MVI_8732.MP4,19. Ball,Society,19. Ball#2,train
Society/19. Ball/MVI_8733.MP4,19. Ball,Society,19. Ball#2,test
Society/19. Ball/MVI_8982.MP4,19. Ball,Society,19. Ball#3,train
Society/19. Ball/MVI_8983.MP4,19. Ball,Society,19. Ball#3,test
Society/19. Ball/MVI_8984.MP4,19. Ball,Society,19. Ball#3,val
Society/19. Ball/MVI_8985.MP4,19. Ball,Society,19. Ball#3,train
Society/2. Death/MVI_4255.MOV,2. Death,Society,2. Death#0,val
Society/2. Death/MVI_4256.MOV,2. Death,Society,2. Death#0,train
Society/2. Death/MVI_4257.MOV,2. Death,Society,2. Death#0,train
Society/2. Death/MVI_4258.MOV,2. Death,Society,2. Death#0,test
Society/2. Death/MVI_4800.MOV,2. Death,Society,2. Death#1,train
Society/2. Death/MVI_4801.MOV,2. Death,Society,2. Death#1,train
Society/2. Death/MVI_4802.MOV,2. Death,Society,2. Death#1,train
Society/2. Death/MVI_8661.MP4,2. Death,Society,2. Death#2,val
Society/2. Death/MVI_8662.MP4,2. Death,Society,2. Death#2,test
Society/2. Death/MVI_8663.MP4,2. Death,Society,2. Death#2,train
Society/2. Death/MVI_8664.MP4,2. Death,Society,2. Death#2,train
Society/2. Death/MVI_8930.MP4,2. Death,Society,2. Death#3,test
Society/2. Death/MVI_8931.MP4,2. Death,Society,2. Death#3,train
Society/2. Death/MVI_8932.MP4,2. Death,Society,2. Death#3,train
Society/20. Price/MVI_4328.MOV,20. Price,Society,20. Price#0,train
Society/20. Price/MVI_4329.MOV,20. Price,Society,20. Price#0,val
Society/20. Price/MVI_4330.MOV,20. Price,Society,20. Price#0,val
Society/20. Price/MVI_4331.MOV,20. Price,Society,20. Price#0,test
Society/20. Price/MVI_4857.MOV,20. Price,Society,20. Price#1,train
Society/20. Price/MVI_4858.MOV,20. Price,Society,20. Price#1,train
Society/20. Price/MVI_4859.MOV,20. Price,Society,20. Price#1,test
Society/20. Price/MVI_8734.MP4,20. Price,Society,20. Price#2,test
Society/20. Price/MVI_8735.MP4,20. Price,Society,20. Price#2,train
Society/20. Price/MVI_8736.MP4,20. Price,Society,20. Price#2,train
Society/20. Price/MVI_8737.MP4,20. Price,Society,20. Price#2,train
Society/20. Price/MVI_8986.MP4,20. Price,Society,20. Price#3,train
Society/20. Price/MVI_8987.MP4,20. Price,Society,20. Price#3,train
Society/20. Price/MVI_8988.MP4,20. Price,Society,20. Price#3,train
Society/21. Sign/MVI_4332.MOV,21. Sign,Society,21. Sign#0,train
Society/21. Sign/MVI_4333.MOV,21. Sign,Society,21. Sign#0,test
Society/21. Sign/MVI_4334.MOV,21. Sign,Society,21. Sign#0,train
Society/21. Sign/MVI_4335.MOV,21. Sign,Society,21. Sign#0,test
Society/21. Sign/MVI_4860.MOV,21. Sign,Society,21. Sign#1,train
Society/21. Sign/MVI_4861.MOV,21. Sign,Society,21. Sign#1,train
Society/21. Sign/MVI_4862.MOV,21. Sign,Society,21. Sign#1,train
Society/21. Sign/MVI_8738.MP4,21. Sign,Society,21. Sign#2,train
Society/21. Sign/MVI_8739.MP4,21. Sign,Society,21. Sign#2,val
Society/21. Sign/MVI_8740.MP4,21. Sign,Society,21. Sign#2,train
Society/21. Sign/MVI_8741.MP4,21. Sign,Society,21. Sign#2,test
Society/21. Sign/MVI_8989.MP4,21. Sign,Society,21. Sign#3,val
Society/21. Sign/MVI_8990.MP4,21. Sign,Society,21. Sign#3,train
Society/21. Sign/MVI_8991.MP4,21. Sign,Society,21. Sign#3,train
Society/22. Science/MVI_4336.MOV,22. Science,Society,22. Science#0,train
Society/22. Science/MVI_4337.MOV,22. Science,Society,22. Science#0,train
Society/22. Science/MVI_4338.MOV,22. Science,Society,22. Science#0,train
Society/22. Science/MVI_4339.MOV,22. Science,Society,22. Science#0,test
Society/22. Science/MVI_4863.MOV,22. Science,Society,22. Science#1,train
Society/22. Science/MVI_4864.MOV,22. Science,Society,22. Science#1,train
Society/22. Science/MVI_4865.MOV,22. Science,Society,22. Science#1,train
Society/22. Science/MVI_8742.MP4,22. Science,Society,22. Science#2,val
Society/22. Science/MVI_8743.MP4,22. Science,Society,22. Science#2,test
Society/22. Science/MVI_8744.MP4,22. Science,Society,22. Science#2,train
Society/22. Science/MVI_8745.MP4,22. Science,Society,22. Science#2,train
Society/22. Science/MVI_8992.MP4,22. Science,Society,22. Science#3,val
Society/22. Science/MVI_8993.MP4,22. Science,Society,22. Science#3,train
Society/22. Science/MVI_8994.MP4,22. Science,Society,22. Science#3,test
Society/23. God/MVI_4340.MOV,23. God,Society,23. God#0,train
Society/23. God/MVI_4341.MOV,23. God,Society,23. God#0,train
Society/23. God/MVI_4342.MOV,23. God,Society,23. God#0,val
Society/23. God/MVI_4343.MOV,23. God,Society,23. God#0,test
Society/23. God/MVI_4866.MOV,23. God,Society,23. God#1,val
Society/23. God/MVI_4867.MOV,23. God,Society,23. God#1,train
Society/23. God/MVI_4868.MOV,23. God,Society,23. God#1,test
Society/23. God/MVI_8746.MP4,23. God,Society,23. God#2,train
Society/23. God/MVI_8747.MP4,23. God,Society,23. God#2,train
Society/23. God/MVI_8748.MP4,23. God,Society,23. God#2,train
Society/23. God/MVI_8749.MP4,23. God,Society,23. God#2,test
Society/23. God/MVI_8995.MP4,23. God,Society,23. God#3,train
Society/23. God/MVI_8996.MP4,23. God,Society,23. God#3,train
Society/23. God/MVI_8997.MP4,23. God,Society,23. God#3,train
Society/3. Medicine/MVI_4259.MOV,3. Medicine,Society,3. Medicine#0,train
Society/3. Medicine/MVI_4260.MOV,3. Medicine,Society,3. Medicine#0,train
Society/3. Medicine/MVI_4261.MOV,3. Medicine,Society,3. Medicine#0,test
Society/3. Medicine/MVI_4262.MOV,3. Medicine,Society,3. Medicine#0,train
Society/3. Medicine/MVI_4803.MOV,3. Medicine,Society,3. Medicine#1,val
Society/3. Medicine/MVI_4804.MOV,3. Medicine,Society,3. Medicine#1,train
Society/3. Medicine/MVI_4805.MOV,3. Medicine,Society,3. Medicine#1,train
Society/3. Medicine/MVI_8665.MP4,3. Medicine,Society,3. Medicine#2,test
Society/3. Medicine/MVI_8666.MP4,3. Medicine,Society,3. Medicine#2,test
Society/3. Medicine/MVI_8667.MP4,3. Medicine,Society,3. Medicine#2,train
Society/3. Medicine/MVI_8668.MP4,3. Medicine,Society,3. Medicine#2,train
Society/3. Medicine/MVI_8933.MP4,3. Medicine,Society,3. Medicine#3,train
Society/3. Medicine/MVI_8934.MP4,3. Medicine,Society,3. Medicine#3,train
Society/3. Medicine/MVI_8935.MP4,3. Medicine,Society,3. Medicine#3,val
Society/4. Money/MVI_4263.MOV,4. Money,Society,4. Money#0,train
Society/4. Money/MVI_4264.MOV,4. Money,Society,4. Money#0,train
Society/4. Money/MVI_4265.MOV,4. Money,Society,4. Money#0,test
Society/4. Money/MVI_4266.MOV,4. Money,Society,4. Money#0,test
Society/4. Money/MVI_4806.MOV,4. Money,Society,4. Money#1,train
Society/4. Money/MVI_4807.MOV,4. Money,Society,4. Money#1,train
Society/4. Money/MVI_4808.MOV,4. Money,Society,4. Money#1,train
Society/4. Money/MVI_8669.MP4,4. Money,Society,4. Money#2,train
Society/4. Money/MVI_8670.MP4,4. Money,Society,4. Money#2,train
Society/4. Money/MVI_8671.MP4,4. Money,Society,4. Money#2,val
Society/4. Money/MVI_8672.MP4,4. Money,Society,4. Money#2,val
Society/4. Money/MVI_8936.MP4,4. Money,Society,4. Money#3,test
Society/4. Money/MVI_8937.MP4,4. Money,Society,4. Money#3,train
Society/4. Money/MVI_8938.MP4,4. Money,Society,4. Money#3,train
Society/5. Bill/MVI_4267.MOV,5. Bill,Society,5. Bill#0,train
Society/5. Bill/MVI_4268.MOV,5. Bill,Society,5. Bill#0,train
Society/5. Bill/MVI_4269.MOV,5. Bill,Society,5. Bill#0,train
Society/5. Bill/MVI_4270.MOV,5. Bill,Society,5. Bill#0,val
Society/5. Bill/MVI_4809.MOV,5. Bill,Society,5. Bill#1,train
Society/5. Bill/MVI_4810.MOV,5. Bill,Society,5. Bill#1,train
Society/5. Bill/MVI_4811.MOV,5. Bill,Society,5. Bill#1,train
Society/5. Bill/MVI_8673.MP4,5. Bill,Society,5. Bill#2,val
Society/5. Bill/MVI_8674.MP4,5. Bill,Society,5. Bill#2,test
Society/5. Bill/MVI_8675.MP4,5. Bill,Society,5. Bill#2,train
Society/5. Bill/MVI_8676.MP4,5. Bill,Society,5. Bill#2,test
Society/5. Bill/MVI_8939.MP4,5. Bill,Society,5. Bill#3,train
Society/5. Bill/MVI_8940.MP4,5. Bill,Society,5. Bill#3,test
Society/5. Bill/MVI_8941.MP4,5. Bill,Society,5. Bill#3,train
Society/6. Marriage/MVI_4271.MOV,6. Marriage,Society,6. Marriage#0,train
Society/6. Marriage/MVI_4272.MOV,6. Marriage,Society,6. Marriage#0,train
Society/6. Marriage/MVI_4273.MOV,6. Marriage,Society,6. Marriage#0,test
Society/6. Marriage/MVI_4274.MOV,6. Marriage,Society,6. Marriage#0,val
Society/6. Marriage/MVI_4815.MOV,6. Marriage,Society,6. Marriage#1,train
Society/6. Marriage/MVI_4816.MOV,6. Marriage,Society,6. Marriage#1,train
Society/6. Marriage/MVI_4817.MOV,6. Marriage,Society,6. Marriage#1,test
Society/6. Marriage/MVI_8677.MP4,6. Marriage,Society,6. Marriage#2,train
Society/6. Marriage/MVI_8678.MP4,6. Marriage,Society,6. Marriage#2,val
Society/6. Marriage/MVI_8679.MP4,6. Marriage,Society,6. Marriage#2,train
Society/6. Marriage/MVI_8680.MP4,6. Marriage,Society,6. Marriage#2,train
Society/6. Marriage/MVI_8942.MP4,6. Marriage,Society,6. Marriage#3,train
Society/6. Marriage/MVI_8943.MP4,6. Marriage,Society,6. Marriage#3,train
Society/6. Marriage/MVI_8944.MP4,6. Marriage,Society,6. Marriage#3,test
Society/7. Team/MVI_4275.MOV,7. Team,Society,7. Team#0,val
Society/7. Team/MVI_4276.MOV,7. Team,Society,7. Team#0,train
Society/7. Team/MVI_4277.MOV,7. Team,Society,7. Team#0,train
Society/7. Team/MVI_4278.MOV,7. Team,Society,7. Team#0,train
Society/7. Team/MVI_4818.MOV,7. Team,Society,7. Team#1,test
Society/7. Team/MVI_4819.MOV,7. Team,Society,7. Team#1,train
Society/7. Team/MVI_4820.MOV,7. Team,Society,7. Team#1,train
Society/7. Team/MVI_8681.MP4,7. Team,Society,7. Team#2,test
Society/7. Team/MVI_8682.MP4,7. Team,Society,7. Team#2,train
Society/7. Team/MVI_8683.MP4,7. Team,Society,7. Team#2,val
Society/7. Team/MVI_8684.MP4,7. Team,Society,7. Team#2,test
Society/7. Team/MVI_8945.MP4,7. Team,Society,7. Team#3,train
Society/7. Team/MVI_8946.MP4,7. Team,Society,7. Team#3,train
Society/7. Team/MVI_8947.MP4,7. Team,Society,7. Team#3,train
Society/8. Race (ethnicity)/MVI_4279.MOV,8. Race (ethnicity),Society,8. Race (ethnicity)#0,test
Society/8. Race (ethnicity)/MVI_4280.MOV,8. Race (ethnicity),Society,8. Race (ethnicity)#0,train
Society/8. Race (ethnicity)/MVI_4281.MOV,8. Race (ethnicity),Society,8. Race (ethnicity)#0,val
Society/8. Race (ethnicity)/MVI_4282.MOV,8. Race (ethnicity),Society,8. Race (ethnicity)#0,train
Society/8. Race (ethnicity)/MVI_4821.MOV,8. Race (ethnicity),Society,8. Race (ethnicity)#1,train
Society/8. Race (ethnicity)/MVI_4822.MOV,8. Race (ethnicity),Society,8. Race (ethnicity)#1,val
Society/8. Race (ethnicity)/MVI_4823.MOV,8. Race (ethnicity),Society,8. Race (ethnicity)#1,train
Society/8. Race (ethnicity)/MVI_8685.MP4,8. Race (ethnicity),Society,8. Race (ethnicity)#2,train
Society/8. Race (ethnicity)/MVI_8686.MP4,8. Race (ethnicity),Society,8. Race (ethnicity)#2,train
Society/8. Race (ethnicity)/MVI_8687.MP4,8. Race (ethnicity),Society,8. Race (ethnicity)#2,train
Society/8. Race (ethnicity)/MVI_8688.MP4,8. Race (ethnicity),Society,8. Race (ethnicity)#2,test
Society/8. Race (ethnicity)/MVI_8948.MP4,8. Race (ethnicity),Society,8. Race (ethnicity)#3,train
Society/8. Race (ethnicity)/MVI_8949.MP4,8. Race (ethnicity),Society,8. Race (ethnicity)#3,test
Society/8. Race (ethnicity)/MVI_8950.MP4,8. Race (ethnicity),Society,8. Race (ethnicity)#3,train
Society/9. Technology/MVI_4283.MOV,9. Technology,Society,9. Technology#0,train
Society/9. Technology/MVI_4284.MOV,9. Technology,Society,9. Technology#0,train
Society/9. Technology/MVI_4285.MOV,9. Technology,Society,9. Technology#0,test
Society/9. Technology/MVI_4286.MOV,9. Technology,Society,9. Technology#0,train
Society/9. Technology/MVI_4824.MOV,9. Technology,Society,9. Technology#1,test
Society/9. Technology/MVI_4825.MOV,9. Technology,Society,9. Technology#1,val
Society/9. Technology/MVI_4826.MOV,9. Technology,Society,9. Technology#1,test
Society/9. Technology/MVI_8689.MP4,9. Technology,Society,9. Technology#2,train
Society/9. Technology/MVI_8690.MP4,9. Technology,Society,9. Technology#2,train
Society/9. Technology/MVI_8691.MP4,9. Technology,Society,9. Technology#2,val
Society/9. Technology/MVI_8692.MP4,9. Technology,Society,9. Technology#2,train
Society/9. Technology/MVI_8951.MP4,9. Technology,Society,9. Technology#3,train
Society/9. Technology/MVI_8952.MP4,9. Technology,Society,9. Technology#3,train
Society/9. Technology/MVI_8953.MP4,9. Technology,Society,9. Technology#3,train
