video_path,label,parent_label,take_group,split,corpus
Adjectives/1. loud/MVI_5177.MOV,1. loud,Adjectives,1. loud#0,test,include
Adjectives/1. loud/MVI_5178.MOV,1. loud,Adjectives,1. loud#0,test,include
Adjectives/1. loud/MVI_5179.MOV,1. loud,Adjectives,1. loud#0,test,include
Adjectives/1. loud/MVI_5257.MOV,1. loud,Adjectives,1. loud#1,test,include
Adjectives/1. loud/MVI_5258.MOV,1. loud,Adjectives,1. loud#1,test,include
Adjectives/1. loud/MVI_5259.MOV,1. loud,Adjectives,1. loud#1,test,include
Adjectives/1. loud/MVI_5335.MOV,1. loud,Adjectives,1. loud#2,test,include
Adjectives/1. loud/MVI_5336.MOV,1. loud,Adjectives,1. loud#2,test,include
Adjectives/1. loud/MVI_5337.MOV,1. loud,Adjectives,1. loud#2,test,include
Adjectives/1. loud/MVI_9289.MOV,1. loud,Adjectives,1. loud#3,train,include
Adjectives/1. loud/MVI_9290.MOV,1. loud,Adjectives,1. loud#3,train,include
Adjectives/1. loud/MVI_9291.MOV,1. loud,Adjectives,1. loud#3,train,include
Adjectives/1. loud/MVI_9368.MOV,1. loud,Adjectives,1. loud#4,train,include
Adjectives/1. loud/MVI_9369.MOV,1. loud,Adjectives,1. loud#4,train,include
Adjectives/1. loud/MVI_9370.MOV,1. loud,Adjectives,1. loud#4,train,include
Adjectives/1. loud/MVI_9448.MOV,1. loud,Adjectives,1. loud#5,train,include
Adjectives/1. loud/MVI_9449.MOV,1. loud,Adjectives,1. loud#5,train,include
Adjectives/1. loud/MVI_9450.MOV,1. loud,Adjectives,1. loud#5,train,include
Adjectives/1. loud/MVI_9534.MOV,1. loud,Adjectives,1. loud#6,train,include
Adjectives/1. loud/MVI_9535.MOV,1. loud,Adjectives,1. loud#6,train,include
Adjectives/1. loud/MVI_9536.MOV,1. loud,Adjectives,1. loud#6,train,include
Adjectives/2. quiet/MVI_5180.MOV,2. quiet,Adjectives,2. quiet#0,test,include
Adjectives/2. quiet/MVI_5181.MOV,2. quiet,Adjectives,2. quiet#0,test,include
Adjectives/2. quiet/MVI_5182.MOV,2. quiet,Adjectives,2. quiet#0,test,include
Adjectives/2. quiet/MVI_5260.MOV,2. quiet,Adjectives,2. quiet#1,test,include
Adjectives/2. quiet/MVI_5261.MOV,2. quiet,Adjectives,2. quiet#1,test,include
Adjectives/2. quiet/MVI_5262.MOV,2. quiet,Adjectives,2. quiet#1,test,include
Adjectives/2. quiet/MVI_5338.MOV,2. quiet,Adjectives,2. quiet#2,test,include
Adjectives/2. quiet/MVI_5339.MOV,2. quiet,Adjectives,2. quiet#2,test,include
Adjectives/2. quiet/MVI_5340.MOV,2. quiet,Adjectives,2. quiet#2,test,include
Adjectives/2. quiet/MVI_9292.MOV,2. quiet,Adjectives,2. quiet#3,train,include
Adjectives/2. quiet/MVI_9293.MOV,2. quiet,Adjectives,2. quiet#3,train,include
Adjectives/2. quiet/MVI_9294.MOV,2. quiet,Adjectives,2. quiet#3,train,include
Adjectives/2. quiet/MVI_9371.MOV,2. quiet,Adjectives,2. quiet#4,train,include
Adjectives/2. quiet/MVI_9372.MOV,2. quiet,Adjectives,2. quiet#4,train,include
Adjectives/2. quiet/MVI_9373.MOV,2. quiet,Adjectives,2. quiet#4,train,include
Adjectives/2. quiet/MVI_9451.MOV,2. quiet,Adjectives,2. quiet#5,train,include
Adjectives/2. quiet/MVI_9452.MOV,2. quiet,Adjectives,2. quiet#5,train,include
Adjectives/2. quiet/MVI_9453.MOV,2. quiet,Adjectives,2. quiet#5,train,include
Adjectives/2. quiet/MVI_9537.MOV,2. quiet,Adjectives,2. quiet#6,train,include
Adjectives/2. quiet/MVI_9538.MOV,2. quiet,Adjectives,2. quiet#6,train,include
Adjectives/2. quiet/MVI_9539.MOV,2. quiet,Adjectives,2. quiet#6,train,include
Adjectives/3. happy/MVI_5183.MOV,3. happy,Adjectives,3. happy#0,test,include
Adjectives/3. happy/MVI_5184.MOV,3. happy,Adjectives,3. happy#0,test,include
Adjectives/3. happy/MVI_5185.MOV,3. happy,Adjectives,3. happy#0,test,include
Adjectives/3. happy/MVI_5263.MOV,3. happy,Adjectives,3. happy#1,test,include
Adjectives/3. happy/MVI_5264.MOV,3. happy,Adjectives,3. happy#1,test,include
Adjectives/3. happy/MVI_5265.MOV,3. happy,Adjectives,3. happy#1,test,include
Adjectives/3. happy/MVI_5341.MOV,3. happy,Adjectives,3. happy#2,test,include
Adjectives/3. happy/MVI_5342.MOV,3. happy,Adjectives,3. happy#2,test,include
Adjectives/3. happy/MVI_5343.MOV,3. happy,Adjectives,3. happy#2,test,include
Adjectives/3. happy/MVI_9295.MOV,3. happy,Adjectives,3. happy#3,train,include
Adjectives/3. happy/MVI_9296.MOV,3. happy,Adjectives,3. happy#3,train,include
Adjectives/3. happy/MVI_9297.MOV,3. happy,Adjectives,3. happy#3,train,include
Adjectives/3. happy/MVI_9374.MOV,3. happy,Adjectives,3. happy#4,train,include
Adjectives/3. happy/MVI_9375.MOV,3. happy,Adjectives,3. happy#4,train,include
Adjectives/3. happy/MVI_9376.MOV,3. happy,Adjectives,3. happy#4,train,include
Adjectives/3. happy/MVI_9454.MOV,3. happy,Adjectives,3. happy#5,train,include
Adjectives/3. happy/MVI_9455.MOV,3. happy,Adjectives,3. happy#5,train,include
Adjectives/3. happy/MVI_9456.MOV,3. happy,Adjectives,3. happy#5,train,include
Adjectives/3. happy/MVI_9540.MOV,3. happy,Adjectives,3. happy#6,train,include
Adjectives/3. happy/MVI_9541.MOV,3. happy,Adjectives,3. happy#6,train,include
Adjectives/3. happy/MVI_9542.MOV,3. happy,Adjectives,3. happy#6,train,include
Adjectives/78. long/MVI_5106.MOV,78. long,Adjectives,78. long#0,test,include
Adjectives/78. long/MVI_5107.MOV,78. long,Adjectives,78. long#0,test,include
Adjectives/78. long/MVI_5108.MOV,78. long,Adjectives,78. long#0,test,include
Adjectives/78. long/MVI_5186.MOV,78. long,Adjectives,78. long#1,test,include
Adjectives/78. long/MVI_5187.MOV,78. long,Adjectives,78. long#1,test,include
Adjectives/78. long/MVI_5188.MOV,78. long,Adjectives,78. long#1,test,include
Adjectives/78. long/MVI_5266.MOV,78. long,Adjectives,78. long#2,test,include
Adjectives/78. long/MVI_5267.MOV,78. long,Adjectives,78. long#2,test,include
Adjectives/78. long/MVI_5268.MOV,78. long,Adjectives,78. long#2,test,include
Adjectives/78. long/MVI_9217.MOV,78. long,Adjectives,78. long#3,train,include
Adjectives/78. long/MVI_9218.MOV,78. long,Adjectives,78. long#3,train,include
Adjectives/78. long/MVI_9219.MOV,78. long,Adjectives,78. long#3,train,include
Adjectives/78. long/MVI_9298.MOV,78. long,Adjectives,78. long#4,train,include
Adjectives/78. long/MVI_9299.MOV,78. long,Adjectives,78. long#4,train,include
Adjectives/78. long/MVI_9300.MOV,78. long,Adjectives,78. long#4,train,include
Adjectives/78. long/MVI_9377.MOV,78. long,Adjectives,78. long#5,train,include
Adjectives/78. long/MVI_9378.MOV,78. long,Adjectives,78. long#5,train,include
Adjectives/78. long/MVI_9379.MOV,78. long,Adjectives,78. long#5,train,include
Adjectives/78. long/MVI_9458.MOV,78. long,Adjectives,78. long#6,train,include
Adjectives/78. long/MVI_9459.MOV,78. long,Adjectives,78. long#6,train,include
Adjectives/78. long/MVI_9460.MOV,78. long,Adjectives,78. long#6,train,include
Adjectives/79. short/MVI_5110.MOV,79. short,Adjectives,79. short#0,test,include
Adjectives/79. short/MVI_5111.MOV,79. short,Adjectives,79. short#0,test,include
Adjectives/79. short/MVI_5112.MOV,79. short,Adjectives,79. short#0,test,include
Adjectives/79. short/MVI_5189.MOV,79. short,Adjectives,79. short#1,test,include
Adjectives/79. short/MVI_5190.MOV,79. short,Adjectives,79. short#1,test,include
Adjectives/79. short/MVI_5191.MOV,79. short,Adjectives,79. short#1,test,include
Adjectives/79. short/MVI_5269.MOV,79. short,Adjectives,79. short#2,test,include
Adjectives/79. short/MVI_5270.MOV,79. short,Adjectives,79. short#2,test,include
Adjectives/79. short/MVI_5271.MOV,79. short,Adjectives,79. short#2,test,include
Adjectives/79. short/MVI_9220.MOV,79. short,Adjectives,79. short#3,train,include
Adjectives/79. short/MVI_9221.MOV,79. short,Adjectives,79. short#3,train,include
Adjectives/79. short/MVI_9222.MOV,79. short,Adjectives,79. short#3,train,include
Adjectives/79. short/MVI_9301.MOV,79. short,Adjectives,79. short#4,train,include
Adjectives/79. short/MVI_9302.MOV,79. short,Adjectives,79. short#4,train,include
Adjectives/79. short/MVI_9303.MOV,79. short,Adjectives,79. short#4,train,include
Adjectives/79. short/MVI_9380.MOV,79. short,Adjectives,79. short#5,train,include
Adjectives/79. short/MVI_9381.MOV,79. short,Adjectives,79. short#5,train,include
Adjectives/79. short/MVI_9382.MOV,79. short,Adjectives,79. short#5,train,include
Adjectives/79. short/MVI_9461.MOV,79. short,Adjectives,79. short#6,train,include
Adjectives/79. short/MVI_9462.MOV,79. short,Adjectives,79. short#6,train,include
Adjectives/79. short/MVI_9463.MOV,79. short,Adjectives,79. short#6,train,include
Adjectives/80. tall/MVI_5114.MOV,80. tall,Adjectives,80. tall#0,test,include
Adjectives/80. tall/MVI_5115.MOV,80. tall,Adjectives,80. tall#0,test,include
Adjectives/80. tall/MVI_5116.MOV,80. tall,Adjectives,80. tall#0,test,include
Adjectives/80. tall/MVI_5194.MOV,80. tall,Adjectives,80. tall#1,test,include
Adjectives/80. tall/MVI_5195.MOV,80. tall,Adjectives,80. tall#1,test,include
Adjectives/80. tall/MVI_5196.MOV,80. tall,Adjectives,80. tall#1,test,include
Adjectives/80. tall/MVI_5273.MOV,80. tall,Adjectives,80. tall#2,test,include
Adjectives/80. tall/MVI_5274.MOV,80. tall,Adjectives,80. tall#2,test,include
Adjectives/80. tall/MVI_5276.MOV,80. tall,Adjectives,80. tall#2,test,include
Adjectives/80. tall/MVI_9223.MOV,80. tall,Adjectives,80. tall#3,train,include
Adjectives/80. tall/MVI_9224.MOV,80. tall,Adjectives,80. tall#3,train,include
Adjectives/80. tall/MVI_9225.MOV,80. tall,Adjectives,80. tall#3,train,include
Adjectives/80. tall/MVI_9307.MOV,80. tall,Adjectives,80. tall#4,train,include
Adjectives/80. tall/MVI_9308.MOV,80. tall,Adjectives,80. tall#4,train,include
Adjectives/80. tall/MVI_9309.MOV,80. tall,Adjectives,80. tall#4,train,include
Adjectives/80. tall/MVI_9384.MOV,80. tall,Adjectives,80. tall#5,train,include
Adjectives/80. tall/MVI_9386.MOV,80. tall,Adjectives,80. tall#5,train,include
Adjectives/80. tall/MVI_9387.MOV,80. tall,Adjectives,80. tall#5,train,include
Adjectives/80. tall/MVI_9464.MOV,80. tall,Adjectives,80. tall#6,train,include
Adjectives/80. tall/MVI_9465.MOV,80. tall,Adjectives,80. tall#6,train,include
Adjectives/80. tall/MVI_9466.MOV,80. tall,Adjectives,80. tall#6,train,include
Adjectives/81. wide/MVI_5117.MOV,81. wide,Adjectives,81. wide#0,test,include
Adjectives/81. wide/MVI_5118.MOV,81. wide,Adjectives,81. wide#0,test,include
Adjectives/81. wide/MVI_5119.MOV,81. wide,Adjectives,81. wide#0,test,include
Adjectives/81. wide/MVI_5197.MOV,81. wide,Adjectives,81. wide#1,test,include
Adjectives/81. wide/MVI_5198.MOV,81. wide,Adjectives,81. wide#1,test,include
Adjectives/81. wide/MVI_5199.MOV,81. wide,Adjectives,81. wide#1,test,include
Adjectives/81. wide/MVI_5277.MOV,81. wide,Adjectives,81. wide#2,test,include
Adjectives/81. wide/MVI_5278.MOV,81. wide,Adjectives,81. wide#2,test,include
Adjectives/81. wide/MVI_5279.MOV,81. wide,Adjectives,81. wide#2,test,include
Adjectives/81. wide/MVI_9227.MOV,81. wide,Adjectives,81. wide#3,train,include
Adjectives/81. wide/MVI_9228.MOV,81. wide,Adjectives,81. wide#3,train,include
Adjectives/81. wide/MVI_9229.MOV,81. wide,Adjectives,81. wide#3,train,include
Adjectives/81. wide/MVI_9310.MOV,81. wide,Adjectives,81. wide#4,train,include
Adjectives/81. wide/MVI_9311.MOV,81. wide,Adjectives,81. wide#4,train,include
Adjectives/81. wide/MVI_9312.MOV,81. wide,Adjectives,81. wide#4,train,include
Adjectives/81. wide/MVI_9388.MOV,81. wide,Adjectives,81. wide#5,train,include
Adjectives/81. wide/MVI_9389.MOV,81. wide,Adjectives,81. wide#5,train,include
Adjectives/81. wide/MVI_9390.MOV,81. wide,Adjectives,81. wide#5,train,include
Adjectives/81. wide/MVI_9467.MOV,81. wide,Adjectives,81. wide#6,train,include
Adjectives/81. wide/MVI_9468.MOV,81. wide,Adjectives,81. wide#6,train,include
Adjectives/81. wide/MVI_9469.MOV,81. wide,Adjectives,81. wide#6,train,include
Adjectives/82. narrow/MVI_5120.MOV,82. narrow,Adjectives,82. narrow#0,test,include
Adjectives/82. narrow/MVI_5121.MOV,82. narrow,Adjectives,82. narrow#0,test,include
Adjectives/82. narrow/MVI_5122.MOV,82. narrow,Adjectives,82. narrow#0,test,include
Adjectives/82. narrow/MVI_5200.MOV,82. narrow,Adjectives,82. narrow#1,test,include
Adjectives/82. narrow/MVI_5201.MOV,82. narrow,Adjectives,82. narrow#1,test,include
Adjectives/82. narrow/MVI_5202.MOV,82. narrow,Adjectives,82. narrow#1,test,include
Adjectives/82. narrow/MVI_5280.MOV,82. narrow,Adjectives,82. narrow#2,test,include
Adjectives/82. narrow/MVI_5281.MOV,82. narrow,Adjectives,82. narrow#2,test,include
Adjectives/82. narrow/MVI_5282.MOV,82. narrow,Adjectives,82. narrow#2,test,include
Adjectives/82. narrow/MVI_9230.MOV,82. narrow,Adjectives,82. narrow#3,train,include
Adjectives/82. narrow/MVI_9231.MOV,82. narrow,Adjectives,82. narrow#3,train,include
Adjectives/82. narrow/MVI_9232.MOV,82. narrow,Adjectives,82. narrow#3,train,include
Adjectives/82. narrow/MVI_9313.MOV,82. narrow,Adjectives,82. narrow#4,train,include
Adjectives/82. narrow/MVI_9314.MOV,82. narrow,Adjectives,82. narrow#4,train,include
Adjectives/82. narrow/MVI_9315.MOV,82. narrow,Adjectives,82. narrow#4,train,include
Adjectives/82. narrow/MVI_9391.MOV,82. narrow,Adjectives,82. narrow#5,train,include
Adjectives/82. narrow/MVI_9392.MOV,82. narrow,Adjectives,82. narrow#5,train,include
Adjectives/82. narrow/MVI_9393.MOV,82. narrow,Adjectives,82. narrow#5,train,include
Adjectives/82. narrow/MVI_9471.MOV,82. narrow,Adjectives,82. narrow#6,train,include
Adjectives/82. narrow/MVI_9472.MOV,82. narrow,Adjectives,82. narrow#6,train,include
Adjectives/82. narrow/MVI_9474.MOV,82. narrow,Adjectives,82. narrow#6,train,include
Adjectives/83. big large/MVI_5123.MOV,83. big large,Adjectives,83. big large#0,test,include
Adjectives/83. big large/MVI_5124.MOV,83. big large,Adjectives,83. big large#0,test,include
Adjectives/83. big large/MVI_5125.MOV,83. big large,Adjectives,83. big large#0,test,include
Adjectives/83. big large/MVI_5203.MOV,83. big large,Adjectives,83. big large#1,test,include
Adjectives/83. big large/MVI_5204.MOV,83. big large,Adjectives,83. big large#1,test,include
Adjectives/83. big large/MVI_5205.MOV,83. big large,Adjectives,83. big large#1,test,include
Adjectives/83. big large/MVI_5283.MOV,83. big large,Adjectives,83. big large#2,test,include
Adjectives/83. big large/MVI_5284.MOV,83. big large,Adjectives,83. big large#2,test,include
Adjectives/83. big large/MVI_5285.MOV,83. big large,Adjectives,83. big large#2,test,include
Adjectives/83. big large/MVI_9233.MOV,83. big large,Adjectives,83. big large#3,train,include
Adjectives/83. big large/MVI_9234.MOV,83. big large,Adjectives,83. big large#3,train,include
Adjectives/83. big large/MVI_9235.MOV,83. big large,Adjectives,83. big large#3,train,include
Adjectives/83. big large/MVI_9316.MOV,83. big large,Adjectives,83. big large#4,train,include
Adjectives/83. big large/MVI_9317.MOV,83. big large,Adjectives,83. big large#4,train,include
Adjectives/83. big large/MVI_9318.MOV,83. big large,Adjectives,83. big large#4,train,include
Adjectives/83. big large/MVI_9394.MOV,83. big large,Adjectives,83. big large#5,train,include
Adjectives/83. big large/MVI_9395.MOV,83. big large,Adjectives,83. big large#5,train,include
Adjectives/83. big large/MVI_9396.MOV,83. big large,Adjectives,83. big large#5,train,include
Adjectives/83. big large/MVI_9475.MOV,83. big large,Adjectives,83. big large#6,train,include
Adjectives/83. big large/MVI_9476.MOV,83. big large,Adjectives,83. big large#6,train,include
Adjectives/83. big large/MVI_9477.MOV,83. big large,Adjectives,83. big large#6,train,include
Adjectives/84. small little/MVI_5126.MOV,84. small little,Adjectives,84. small little#0,test,include
Adjectives/84. small little/MVI_5127.MOV,84. small little,Adjectives,84. small little#0,test,include
Adjectives/84. small little/MVI_5128.MOV,84. small little,Adjectives,84. small little#0,test,include
Adjectives/84. small little/MVI_5206.MOV,84. small little,Adjectives,84. small little#1,test,include
Adjectives/84. small little/MVI_5207.MOV,84. small little,Adjectives,84. small little#1,test,include
Adjectives/84. small little/MVI_5208.MOV,84. small little,Adjectives,84. small little#1,test,include
Adjectives/84. small little/MVI_5286.MOV,84. small little,Adjectives,84. small little#2,test,include
Adjectives/84. small little/MVI_5287.MOV,84. small little,Adjectives,84. small little#2,test,include
Adjectives/84. small little/MVI_5288.MOV,84. small little,Adjectives,84. small little#2,test,include
Adjectives/84. small little/MVI_9236.MOV,84. small little,Adjectives,84. small little#3,train,include
Adjectives/84. small little/MVI_9237.MOV,84. small little,Adjectives,84. small little#3,train,include
Adjectives/84. small little/MVI_9238.MOV,84. small little,Adjectives,84. small little#3,train,include
Adjectives/84. small little/MVI_9319.MOV,84. small little,Adjectives,84. small little#4,train,include
Adjectives/84. small little/MVI_9320.MOV,84. small little,Adjectives,84. small little#4,train,include
Adjectives/84. small little/MVI_9321.MOV,84. small little,Adjectives,84. small little#4,train,include
Adjectives/84. small little/MVI_9397.MOV,84. small little,Adjectives,84. small little#5,train,include
Adjectives/84. small little/MVI_9398.MOV,84. small little,Adjectives,84. small little#5,train,include
Adjectives/84. small little/MVI_9400.MOV,84. small little,Adjectives,84. small little#5,train,include
Adjectives/84. small little/MVI_9478.MOV,84. small little,Adjectives,84. small little#6,train,include
Adjectives/84. small little/MVI_9479.MOV,84. small little,Adjectives,84. small little#6,train,include
Adjectives/84. small little/MVI_9480.MOV,84. small little,Adjectives,84. small little#6,train,include
Adjectives/85. slow/MVI_5130.MOV,85. slow,Adjectives,85. slow#0,test,include
Adjectives/85. slow/MVI_5131.MOV,85. slow,Adjectives,85. slow#0,test,include
Adjectives/85. slow/MVI_5132.MOV,85. slow,Adjectives,85. slow#0,test,include
Adjectives/85. slow/MVI_5210.MOV,85. slow,Adjectives,85. slow#1,test,include
Adjectives/85. slow/MVI_5211.MOV,85. slow,Adjectives,85. slow#1,test,include
Adjectives/85. slow/MVI_5212.MOV,85. slow,Adjectives,85. slow#1,test,include
Adjectives/85. slow/MVI_5289.MOV,85. slow,Adjectives,85. slow#2,test,include
Adjectives/85. slow/MVI_5290.MOV,85. slow,Adjectives,85. slow#2,test,include
Adjectives/85. slow/MVI_5291.MOV,85. slow,Adjectives,85. slow#2,test,include
Adjectives/85. slow/MVI_9240.MOV,85. slow,Adjectives,85. slow#3,train,include
Adjectives/85. slow/MVI_9242.MOV,85. slow,Adjectives,85. slow#3,train,include
Adjectives/85. slow/MVI_9243.MOV,85. slow,Adjectives,85. slow#3,train,include
Adjectives/85. slow/MVI_9322.MOV,85. slow,Adjectives,85. slow#4,train,include
Adjectives/85. slow/MVI_9323.MOV,85. slow,Adjectives,85. slow#4,train,include
Adjectives/85. slow/MVI_9324.MOV,85. slow,Adjectives,85. slow#4,train,include
Adjectives/85. slow/MVI_9402.MOV,85. slow,Adjectives,85. slow#5,train,include
Adjectives/85. slow/MVI_9403.MOV,85. slow,Adjectives,85. slow#5,train,include
Adjectives/85. slow/MVI_9404.MOV,85. slow,Adjectives,85. slow#5,train,include
Adjectives/85. slow/MVI_9481.MOV,85. slow,Adjectives,85. slow#6,train,include
Adjectives/85. slow/MVI_9482.MOV,85. slow,Adjectives,85. slow#6,train,include
Adjectives/85. slow/MVI_9483.MOV,85. slow,Adjectives,85. slow#6,train,include
Adjectives/86. fast/MVI_5133.MOV,86. fast,Adjectives,86. fast#0,test,include
Adjectives/86. fast/MVI_5134.MOV,86. fast,Adjectives,86. fast#0,test,include
Adjectives/86. fast/MVI_5135.MOV,86. fast,Adjectives,86. fast#0,test,include
Adjectives/86. fast/MVI_5213.MOV,86. fast,Adjectives,86. fast#1,test,include
Adjectives/86. fast/MVI_5214.MOV,86. fast,Adjectives,86. fast#1,test,include
Adjectives/86. fast/MVI_5215.MOV,86. fast,Adjectives,86. fast#1,test,include
Adjectives/86. fast/MVI_5292.MOV,86. fast,Adjectives,86. fast#2,test,include
Adjectives/86. fast/MVI_5293.MOV,86. fast,Adjectives,86. fast#2,test,include
Adjectives/86. fast/MVI_5294.MOV,86. fast,Adjectives,86. fast#2,test,include
Adjectives/86. fast/MVI_9244.MOV,86. fast,Adjectives,86. fast#3,train,include
Adjectives/86. fast/MVI_9245.MOV,86. fast,Adjectives,86. fast#3,train,include
Adjectives/86. fast/MVI_9246.MOV,86. fast,Adjectives,86. fast#3,train,include
Adjectives/86. fast/MVI_9325.MOV,86. fast,Adjectives,86. fast#4,train,include
Adjectives/86. fast/MVI_9326.MOV,86. fast,Adjectives,86. fast#4,train,include
Adjectives/86. fast/MVI_9327.MOV,86. fast,Adjectives,86. fast#4,train,include
Adjectives/86. fast/MVI_9405.MOV,86. fast,Adjectives,86. fast#5,train,include
Adjectives/86. fast/MVI_9406.MOV,86. fast,Adjectives,86. fast#5,train,include
Adjectives/86. fast/MVI_9407.MOV,86. fast,Adjectives,86. fast#5,train,include
Adjectives/86. fast/MVI_9484.MOV,86. fast,Adjectives,86. fast#6,train,include
Adjectives/86. fast/MVI_9485.MOV,86. fast,Adjectives,86. fast#6,train,include
Adjectives/86. fast/MVI_9486.MOV,86. fast,Adjectives,86. fast#6,train,include
Adjectives/87. hot/MVI_5136.MOV,87. hot,Adjectives,87. hot#0,test,include
Adjectives/87. hot/MVI_5137.MOV,87. hot,Adjectives,87. hot#0,test,include
Adjectives/87. hot/MVI_5138.MOV,87. hot,Adjectives,87. hot#0,test,include
Adjectives/87. hot/MVI_5216.MOV,87. hot,Adjectives,87. hot#1,test,include
Adjectives/87. hot/MVI_5217.MOV,87. hot,Adjectives,87. hot#1,test,include
Adjectives/87. hot/MVI_5218.MOV,87. hot,Adjectives,87. hot#1,test,include
Adjectives/87. hot/MVI_5295.MOV,87. hot,Adjectives,87. hot#2,test,include
Adjectives/87. hot/MVI_5296.MOV,87. hot,Adjectives,87. hot#2,test,include
Adjectives/87. hot/MVI_5297.MOV,87. hot,Adjectives,87. hot#2,test,include
Adjectives/87. hot/MVI_9247.MOV,87. hot,Adjectives,87. hot#3,train,include
Adjectives/87. hot/MVI_9248.MOV,87. hot,Adjectives,87. hot#3,train,include
Adjectives/87. hot/MVI_9249.MOV,87. hot,Adjectives,87. hot#3,train,include
Adjectives/87. hot/MVI_9328.MOV,87. hot,Adjectives,87. hot#4,train,include
Adjectives/87. hot/MVI_9329.MOV,87. hot,Adjectives,87. hot#4,train,include
Adjectives/87. hot/MVI_9330.MOV,87. hot,Adjectives,87. hot#4,train,include
Adjectives/87. hot/MVI_9408.MOV,87. hot,Adjectives,87. hot#5,train,include
Adjectives/87. hot/MVI_9409.MOV,87. hot,Adjectives,87. hot#5,train,include
Adjectives/87. hot/MVI_9410.MOV,87. hot,Adjectives,87. hot#5,train,include
Adjectives/87. hot/MVI_9487.MOV,87. hot,Adjectives,87. hot#6,train,include
Adjectives/87. hot/MVI_9488.MOV,87. hot,Adjectives,87. hot#6,train,include
Adjectives/87. hot/MVI_9489.MOV,87. hot,Adjectives,87. hot#6,train,include
Adjectives/88. cold/MVI_5139.MOV,88. cold,Adjectives,88. cold#0,test,include
Adjectives/88. cold/MVI_5140.MOV,88. cold,Adjectives,88. cold#0,test,include
Adjectives/88. cold/MVI_5219.MOV,88. cold,Adjectives,88. cold#1,test,include
Adjectives/88. cold/MVI_5220.MOV,88. cold,Adjectives,88. cold#1,test,include
Adjectives/88. cold/MVI_5221.MOV,88. cold,Adjectives,88. cold#1,test,include
Adjectives/88. cold/MVI_5298.MOV,88. cold,Adjectives,88. cold#2,test,include
Adjectives/88. cold/MVI_5299.MOV,88. cold,Adjectives,88. cold#2,test,include
Adjectives/88. cold/MVI_5300.MOV,88. cold,Adjectives,88. cold#2,test,include
Adjectives/88. cold/MVI_9250.MOV,88. cold,Adjectives,88. cold#3,train,include
Adjectives/88. cold/MVI_9251.MOV,88. cold,Adjectives,88. cold#3,train,include
Adjectives/88. cold/MVI_9252.MOV,88. cold,Adjectives,88. cold#3,train,include
Adjectives/88. cold/MVI_9331.MOV,88. cold,Adjectives,88. cold#4,train,include
Adjectives/88. cold/MVI_9332.MOV,88. cold,Adjectives,88. cold#4,train,include
Adjectives/88. cold/MVI_9333.MOV,88. cold,Adjectives,88. cold#4,train,include
Adjectives/88. cold/MVI_9411.MOV,88. cold,Adjectives,88. cold#5,train,include
Adjectives/88. cold/MVI_9412.MOV,88. cold,Adjectives,88. cold#5,train,include
Adjectives/88. cold/MVI_9413.MOV,88. cold,Adjectives,88. cold#5,train,include
Adjectives/88. cold/MVI_9490.MOV,88. cold,Adjectives,88. cold#6,train,include
Adjectives/88. cold/MVI_9491.MOV,88. cold,Adjectives,88. cold#6,train,include
Adjectives/88. cold/MVI_9492.MOV,88. cold,Adjectives,88. cold#6,train,include
Adjectives/89. warm/MVI_5141.MOV,89. warm,Adjectives,89. warm#0,test,include
Adjectives/89. warm/MVI_5143.MOV,89. warm,Adjectives,89. warm#0,test,include
Adjectives/89. warm/MVI_5144.MOV,89. warm,Adjectives,89. warm#0,test,include
Adjectives/89. warm/MVI_5222.MOV,89. warm,Adjectives,89. warm#1,test,include
Adjectives/89. warm/MVI_5223.MOV,89. warm,Adjectives,89. warm#1,test,include
Adjectives/89. warm/MVI_5224.MOV,89. warm,Adjectives,89. warm#1,test,include
Adjectives/89. warm/MVI_5301.MOV,89. warm,Adjectives,89. warm#2,test,include
Adjectives/89. warm/MVI_5302.MOV,89. warm,Adjectives,89. warm#2,test,include
Adjectives/89. warm/MVI_5303.MOV,89. warm,Adjectives,89. warm#2,test,include
Adjectives/89. warm/MVI_9253.MOV,89. warm,Adjectives,89. warm#3,train,include
Adjectives/89. warm/MVI_9254.MOV,89. warm,Adjectives,89. warm#3,train,include
Adjectives/89. warm/MVI_9255.MOV,89. warm,Adjectives,89. warm#3,train,include
Adjectives/89. warm/MVI_9334.MOV,89. warm,Adjectives,89. warm#4,train,include
Adjectives/89. warm/MVI_9335.MOV,89. warm,Adjectives,89. warm#4,train,include
Adjectives/89. warm/MVI_9336.MOV,89. warm,Adjectives,89. warm#4,train,include
Adjectives/89. warm/MVI_9415.MOV,89. warm,Adjectives,89. warm#5,train,include
Adjectives/89. warm/MVI_9416.MOV,89. warm,Adjectives,89. warm#5,train,include
Adjectives/89. warm/MVI_9417.MOV,89. warm,Adjectives,89. warm#5,train,include
Adjectives/89. warm/MVI_9493.MOV,89. warm,Adjectives,89. warm#6,train,include
Adjectives/89. warm/MVI_9494.MOV,89. warm,Adjectives,89. warm#6,train,include
Adjectives/89. warm/MVI_9495.MOV,89. warm,Adjectives,89. warm#6,train,include
Adjectives/90. cool/MVI_5145.MOV,90. cool,Adjectives,90. cool#0,test,include
Adjectives/90. cool/MVI_5146.MOV,90. cool,Adjectives,90. cool#0,test,include
Adjectives/90. cool/MVI_5147.MOV,90. cool,Adjectives,90. cool#0,test,include
Adjectives/90. cool/MVI_5225.MOV,90. cool,Adjectives,90. cool#1,test,include
Adjectives/90. cool/MVI_5226.MOV,90. cool,Adjectives,90. cool#1,test,include
Adjectives/90. cool/MVI_5227.MOV,90. cool,Adjectives,90. cool#1,test,include
Adjectives/90. cool/MVI_5304.MOV,90. cool,Adjectives,90. cool#2,test,include
Adjectives/90. cool/MVI_5305.MOV,90. cool,Adjectives,90. cool#2,test,include
Adjectives/90. cool/MVI_5306.MOV,90. cool,Adjectives,90. cool#2,test,include
Adjectives/90. cool/MVI_9256.MOV,90. cool,Adjectives,90. cool#3,train,include
Adjectives/90. cool/MVI_9257.MOV,90. cool,Adjectives,90. cool#3,train,include
Adjectives/90. cool/MVI_9258.MOV,90. cool,Adjectives,90. cool#3,train,include
Adjectives/90. cool/MVI_9337.MOV,90. cool,Adjectives,90. cool#4,train,include
Adjectives/90. cool/MVI_9338.MOV,90. cool,Adjectives,90. cool#4,train,include
Adjectives/90. cool/MVI_9339.MOV,90. cool,Adjectives,90. cool#4,train,include
Adjectives/90. cool/MVI_9418.MOV,90. cool,Adjectives,90. cool#5,train,include
Adjectives/90. cool/MVI_9419.MOV,90. cool,Adjectives,90. cool#5,train,include
Adjectives/90. cool/MVI_9420.MOV,90. cool,Adjectives,90. cool#5,train,include
Adjectives/90. cool/MVI_9497.MOV,90. cool,Adjectives,90. cool#6,train,include
Adjectives/90. cool/MVI_9498.MOV,90. cool,Adjectives,90. cool#6,train,include
Adjectives/90. cool/MVI_9499.MOV,90. cool,Adjectives,90. cool#6,train,include
Adjectives/91. new/MVI_5148.MOV,91. new,Adjectives,91. new#0,test,include
Adjectives/91. new/MVI_5150.MOV,91. new,Adjectives,91. new#0,test,include
Adjectives/91. new/MVI_5151.MOV,91. new,Adjectives,91. new#0,test,include
Adjectives/91. new/MVI_5229.MOV,91. new,Adjectives,91. new#1,test,include
Adjectives/91. new/MVI_5230.MOV,91. new,Adjectives,91. new#1,test,include
Adjectives/91. new/MVI_5231.MOV,91. new,Adjectives,91. new#1,test,include
Adjectives/91. new/MVI_5307.MOV,91. new,Adjectives,91. new#2,test,include
Adjectives/91. new/MVI_5308.MOV,91. new,Adjectives,91. new#2,test,include
Adjectives/91. new/MVI_5309.MOV,91. new,Adjectives,91. new#2,test,include
Adjectives/91. new/MVI_9259.MOV,91. new,Adjectives,91. new#3,train,include
Adjectives/91. new/MVI_9260.MOV,91. new,Adjectives,91. new#3,train,include
Adjectives/91. new/MVI_9261.MOV,91. new,Adjectives,91. new#3,train,include
Adjectives/91. new/MVI_9340.MOV,91. new,Adjectives,91. new#4,train,include
Adjectives/91. new/MVI_9341.MOV,91. new,Adjectives,91. new#4,train,include
Adjectives/91. new/MVI_9342.MOV,91. new,Adjectives,91. new#4,train,include
Adjectives/91. new/MVI_9421.MOV,91. new,Adjectives,91. new#5,train,include
Adjectives/91. new/MVI_9422.MOV,91. new,Adjectives,91. new#5,train,include
Adjectives/91. new/MVI_9423.MOV,91. new,Adjectives,91. new#5,train,include
Adjectives/91. new/MVI_9500.MOV,91. new,Adjectives,91. new#6,train,include
Adjectives/91. new/MVI_9501.MOV,91. new,Adjectives,91. new#6,train,include
Adjectives/91. new/MVI_9502.MOV,91. new,Adjectives,91. new#6,train,include
Adjectives/92. old/MVI_5152.MOV,92. old,Adjectives,92. old#0,test,include
Adjectives/92. old/MVI_5153.MOV,92. old,Adjectives,92. old#0,test,include
Adjectives/92. old/MVI_5154.MOV,92. old,Adjectives,92. old#0,test,include
Adjectives/92. old/MVI_5232.MOV,92. old,Adjectives,92. old#1,test,include
Adjectives/92. old/MVI_5233.MOV,92. old,Adjectives,92. old#1,test,include
Adjectives/92. old/MVI_5234.MOV,92. old,Adjectives,92. old#1,test,include
Adjectives/92. old/MVI_5310.MOV,92. old,Adjectives,92. old#2,test,include
Adjectives/92. old/MVI_5311.MOV,92. old,Adjectives,92. old#2,test,include
Adjectives/92. old/MVI_5312.MOV,92. old,Adjectives,92. old#2,test,include
Adjectives/92. old/MVI_9262.MOV,92. old,Adjectives,92. old#3,train,include
Adjectives/92. old/MVI_9263.MOV,92. old,Adjectives,92. old#3,train,include
Adjectives/92. old/MVI_9264.MOV,92. old,Adjectives,92. old#3,train,include
Adjectives/92. old/MVI_9343.MOV,92. old,Adjectives,92. old#4,train,include
Adjectives/92. old/MVI_9344.MOV,92. old,Adjectives,92. old#4,train,include
Adjectives/92. old/MVI_9345.MOV,92. old,Adjectives,92. old#4,train,include
Adjectives/92. old/MVI_9424.MOV,92. old,Adjectives,92. old#5,train,include
Adjectives/92. old/MVI_9425.MOV,92. old,Adjectives,92. old#5,train,include
Adjectives/92. old/MVI_9426.MOV,92. old,Adjectives,92. old#5,train,include
Adjectives/92. old/MVI_9504.MOV,92. old,Adjectives,92. old#6,train,include
Adjectives/92. old/MVI_9505.MOV,92. old,Adjectives,92. old#6,train,include
Adjectives/92. old/MVI_9506.MOV,92. old,Adjectives,92. old#6,train,include
Adjectives/93. young/MVI_5155.MOV,93. young,Adjectives,93. young#0,test,include
Adjectives/93. young/MVI_5156.MOV,93. young,Adjectives,93. young#0,test,include
Adjectives/93. young/MVI_5157.MOV,93. young,Adjectives,93. young#0,test,include
Adjectives/93. young/MVI_5235.MOV,93. young,Adjectives,93. young#1,test,include
Adjectives/93. young/MVI_5236.MOV,93. young,Adjectives,93. young#1,test,include
Adjectives/93. young/MVI_5237.MOV,93. young,Adjectives,93. young#1,test,include
Adjectives/93. young/MVI_5313.MOV,93. young,Adjectives,93. young#2,test,include
Adjectives/93. young/MVI_5314.MOV,93. young,Adjectives,93. young#2,test,include
Adjectives/93. young/MVI_5315.MOV,93. young,Adjectives,93. young#2,test,include
Adjectives/93. young/MVI_9265.MOV,93. young,Adjectives,93. young#3,train,include
Adjectives/93. young/MVI_9266.MOV,93. young,Adjectives,93. young#3,train,include
Adjectives/93. young/MVI_9267.MOV,93. young,Adjectives,93. young#3,train,include
Adjectives/93. young/MVI_9346.MOV,93. young,Adjectives,93. young#4,train,include
Adjectives/93. young/MVI_9347.MOV,93. young,Adjectives,93. young#4,train,include
Adjectives/93. young/MVI_9348.MOV,93. young,Adjectives,93. young#4,train,include
Adjectives/93. young/MVI_9427.MOV,93. young,Adjectives,93. young#5,train,include
Adjectives/93. young/MVI_9428.MOV,93. young,Adjectives,93. young#5,train,include
Adjectives/93. young/MVI_9429.MOV,93. young,Adjectives,93. young#5,train,include
Adjectives/93. young/MVI_9507.MOV,93. young,Adjectives,93. young#6,train,include
Adjectives/93. young/MVI_9508.MOV,93. young,Adjectives,93. young#6,train,include
Adjectives/93. young/MVI_9509.MOV,93. young,Adjectives,93. young#6,train,include
Adjectives/94. good/MVI_5158.MOV,94. good,Adjectives,94. good#0,test,include
Adjectives/94. good/MVI_5159.MOV,94. good,Adjectives,94. good#0,test,include
Adjectives/94. good/MVI_5160.MOV,94. good,Adjectives,94. good#0,test,include
Adjectives/94. good/MVI_5238.MOV,94. good,Adjectives,94. good#1,test,include
Adjectives/94. good/MVI_5239.MOV,94. good,Adjectives,94. good#1,test,include
Adjectives/94. good/MVI_5240.MOV,94. good,Adjectives,94. good#1,test,include
Adjectives/94. good/MVI_5316.MOV,94. good,Adjectives,94. good#2,test,include
Adjectives/94. good/MVI_5317.MOV,94. good,Adjectives,94. good#2,test,include
Adjectives/94. good/MVI_5318.MOV,94. good,Adjectives,94. good#2,test,include
Adjectives/94. good/MVI_9268.MOV,94. good,Adjectives,94. good#3,train,include
Adjectives/94. good/MVI_9269.MOV,94. good,Adjectives,94. good#3,train,include
Adjectives/94. good/MVI_9270.MOV,94. good,Adjectives,94. good#3,train,include
Adjectives/94. good/MVI_9349.MOV,94. good,Adjectives,94. good#4,train,include
Adjectives/94. good/MVI_9350.MOV,94. good,Adjectives,94. good#4,train,include
Adjectives/94. good/MVI_9351.MOV,94. good,Adjectives,94. good#4,train,include
Adjectives/94. good/MVI_9430.MOV,94. good,Adjectives,94. good#5,train,include
Adjectives/94. good/MVI_9431.MOV,94. good,Adjectives,94. good#5,train,include
Adjectives/94. good/MVI_9432.MOV,94. good,Adjectives,94. good#5,train,include
Adjectives/94. good/MVI_9510.MOV,94. good,Adjectives,94. good#6,train,include
Adjectives/94. good/MVI_9511.MOV,94. good,Adjectives,94. good#6,train,include
Adjectives/94. good/MVI_9512.MOV,94. good,Adjectives,94. good#6,train,include
Adjectives/95. bad/MVI_5161.MOV,95. bad,Adjectives,95. bad#0,test,include
Adjectives/95. bad/MVI_5162.MOV,95. bad,Adjectives,95. bad#0,test,include
Adjectives/95. bad/MVI_5163.MOV,95. bad,Adjectives,95. bad#0,test,include
Adjectives/95. bad/MVI_5241.MOV,95. bad,Adjectives,95. bad#1,test,include
Adjectives/95. bad/MVI_5242.MOV,95. bad,Adjectives,95. bad#1,test,include
Adjectives/95. bad/MVI_5243.MOV,95. bad,Adjectives,95. bad#1,test,include
Adjectives/95. bad/MVI_5319.MOV,95. bad,Adjectives,95. bad#2,test,include
Adjectives/95. bad/MVI_5320.MOV,95. bad,Adjectives,95. bad#2,test,include
Adjectives/95. bad/MVI_5321.MOV,95. bad,Adjectives,95. bad#2,test,include
Adjectives/95. bad/MVI_9271.MOV,95. bad,Adjectives,95. bad#3,train,include
Adjectives/95. bad/MVI_9272.MOV,95. bad,Adjectives,95. bad#3,train,include
Adjectives/95. bad/MVI_9273.MOV,95. bad,Adjectives,95. bad#3,train,include
Adjectives/95. bad/MVI_9352.MOV,95. bad,Adjectives,95. bad#4,train,include
Adjectives/95. bad/MVI_9353.MOV,95. bad,Adjectives,95. bad#4,train,include
Adjectives/95. bad/MVI_9354.MOV,95. bad,Adjectives,95. bad#4,train,include
Adjectives/95. bad/MVI_9433.MOV,95. bad,Adjectives,95. bad#5,train,include
Adjectives/95. bad/MVI_9434.MOV,95. bad,Adjectives,95. bad#5,train,include
Adjectives/95. bad/MVI_9435.MOV,95. bad,Adjectives,95. bad#5,train,include
Adjectives/95. bad/MVI_9513.MOV,95. bad,Adjectives,95. bad#6,train,include
Adjectives/95. bad/MVI_9514.MOV,95. bad,Adjectives,95. bad#6,train,include
Adjectives/95. bad/MVI_9516.MOV,95. bad,Adjectives,95. bad#6,train,include
Adjectives/96. wet/MVI_5164.MOV,96. wet,Adjectives,96. wet#0,test,include
Adjectives/96. wet/MVI_5165.MOV,96. wet,Adjectives,96. wet#0,test,include
Adjectives/96. wet/MVI_5166.MOV,96. wet,Adjectives,96. wet#0,test,include
Adjectives/96. wet/MVI_5244.MOV,96. wet,Adjectives,96. wet#1,test,include
Adjectives/96. wet/MVI_5245.MOV,96. wet,Adjectives,96. wet#1,test,include
Adjectives/96. wet/MVI_5246.MOV,96. wet,Adjectives,96. wet#1,test,include
Adjectives/96. wet/MVI_5322.MOV,96. wet,Adjectives,96. wet#2,test,include
Adjectives/96. wet/MVI_5323.MOV,96. wet,Adjectives,96. wet#2,test,include
Adjectives/96. wet/MVI_5324.MOV,96. wet,Adjectives,96. wet#2,test,include
Adjectives/96. wet/MVI_9274.MOV,96. wet,Adjectives,96. wet#3,train,include
Adjectives/96. wet/MVI_9275.MOV,96. wet,Adjectives,96. wet#3,train,include
Adjectives/96. wet/MVI_9276.MOV,96. wet,Adjectives,96. wet#3,train,include
Adjectives/96. wet/MVI_9355.MOV,96. wet,Adjectives,96. wet#4,train,include
Adjectives/96. wet/MVI_9356.MOV,96. wet,Adjectives,96. wet#4,train,include
Adjectives/96. wet/MVI_9357.MOV,96. wet,Adjectives,96. wet#4,train,include
Adjectives/96. wet/MVI_9436.MOV,96. wet,Adjectives,96. wet#5,train,include
Adjectives/96. wet/MVI_9437.MOV,96. wet,Adjectives,96. wet#5,train,include
Adjectives/96. wet/MVI_9438.MOV,96. wet,Adjectives,96. wet#5,train,include
Adjectives/96. wet/MVI_9517.MOV,96. wet,Adjectives,96. wet#6,train,include
Adjectives/96. wet/MVI_9518.MOV,96. wet,Adjectives,96. wet#6,train,include
Adjectives/96. wet/MVI_9520.MOV,96. wet,Adjectives,96. wet#6,train,include
Adjectives/97. dry/MVI_5167.MOV,97. dry,Adjectives,97. dry#0,test,include
Adjectives/97. dry/MVI_5168.MOV,97. dry,Adjectives,97. dry#0,test,include
Adjectives/97. dry/MVI_5169.MOV,97. dry,Adjectives,97. dry#0,test,include
Adjectives/97. dry/MVI_5248.MOV,97. dry,Adjectives,97. dry#1,test,include
Adjectives/97. dry/MVI_5249.MOV,97. dry,Adjectives,97. dry#1,test,include
Adjectives/97. dry/MVI_5250.MOV,97. dry,Adjectives,97. dry#1,test,include
Adjectives/97. dry/MVI_5326.MOV,97. dry,Adjectives,97. dry#2,test,include
Adjectives/97. dry/MVI_5327.MOV,97. dry,Adjectives,97. dry#2,test,include
Adjectives/97. dry/MVI_5328.MOV,97. dry,Adjectives,97. dry#2,test,include
Adjectives/97. dry/MVI_9277.MOV,97. dry,Adjectives,97. dry#3,train,include
Adjectives/97. dry/MVI_9278.MOV,97. dry,Adjectives,97. dry#3,train,include
Adjectives/97. dry/MVI_9279.MOV,97. dry,Adjectives,97. dry#3,train,include
Adjectives/97. dry/MVI_9359.MOV,97. dry,Adjectives,97. dry#4,train,include
Adjectives/97. dry/MVI_9360.MOV,97. dry,Adjectives,97. dry#4,train,include
Adjectives/97. dry/MVI_9361.MOV,97. dry,Adjectives,97. dry#4,train,include
Adjectives/97. dry/MVI_9439.MOV,97. dry,Adjectives,97. dry#5,train,include
Adjectives/97. dry/MVI_9440.MOV,97. dry,Adjectives,97. dry#5,train,include
Adjectives/97. dry/MVI_9441.MOV,97. dry,Adjectives,97. dry#5,train,include
Adjectives/97. dry/MVI_9521.MOV,97. dry,Adjectives,97. dry#6,train,include
Adjectives/97. dry/MVI_9522.MOV,97. dry,Adjectives,97. dry#6,train,include
Adjectives/97. dry/MVI_9523.MOV,97. dry,Adjectives,97. dry#6,train,include
Adjectives/98. sick/MVI_5170.MOV,98. sick,Adjectives,98. sick#0,test,include
Adjectives/98. sick/MVI_5171.MOV,98. sick,Adjectives,98. sick#0,test,include
Adjectives/98. sick/MVI_5172.MOV,98. sick,Adjectives,98. sick#0,test,include
Adjectives/98. sick/MVI_5251.MOV,98. sick,Adjectives,98. sick#1,test,include
Adjectives/98. sick/MVI_5252.MOV,98. sick,Adjectives,98. sick#1,test,include
Adjectives/98. sick/MVI_5253.MOV,98. sick,Adjectives,98. sick#1,test,include
Adjectives/98. sick/MVI_5329.MOV,98. sick,Adjectives,98. sick#2,test,include
Adjectives/98. sick/MVI_5330.MOV,98. sick,Adjectives,98. sick#2,test,include
Adjectives/98. sick/MVI_5331.MOV,98. sick,Adjectives,98. sick#2,test,include
Adjectives/98. sick/MVI_9280.MOV,98. sick,Adjectives,98. sick#3,train,include
Adjectives/98. sick/MVI_9281.MOV,98. sick,Adjectives,98. sick#3,train,include
Adjectives/98. sick/MVI_9282.MOV,98. sick,Adjectives,98. sick#3,train,include
Adjectives/98. sick/MVI_9362.MOV,98. sick,Adjectives,98. sick#4,train,include
Adjectives/98. sick/MVI_9363.MOV,98. sick,Adjectives,98. sick#4,train,include
Adjectives/98. sick/MVI_9364.MOV,98. sick,Adjectives,98. sick#4,train,include
Adjectives/98. sick/MVI_9442.MOV,98. sick,Adjectives,98. sick#5,train,include
Adjectives/98. sick/MVI_9443.MOV,98. sick,Adjectives,98. sick#5,train,include
Adjectives/98. sick/MVI_9444.MOV,98. sick,Adjectives,98. sick#5,train,include
Adjectives/98. sick/MVI_9527.MOV,98. sick,Adjectives,98. sick#6,train,include
Adjectives/98. sick/MVI_9528.MOV,98. sick,Adjectives,98. sick#6,train,include
Adjectives/98. sick/MVI_9529.MOV,98. sick,Adjectives,98. sick#6,train,include
Adjectives/99. healthy/MVI_5173.MOV,99. healthy,Adjectives,99. healthy#0,test,include
Adjectives/99. healthy/MVI_5174.MOV,99. healthy,Adjectives,99. healthy#0,test,include
Adjectives/99. healthy/MVI_5175.MOV,99. healthy,Adjectives,99. healthy#0,test,include
Adjectives/99. healthy/MVI_5254.MOV,99. healthy,Adjectives,99. healthy#1,test,include
Adjectives/99. healthy/MVI_5255.MOV,99. healthy,Adjectives,99. healthy#1,test,include
Adjectives/99. healthy/MVI_5256.MOV,99. healthy,Adjectives,99. healthy#1,test,include
Adjectives/99. healthy/MVI_5332.MOV,99. healthy,Adjectives,99. healthy#2,test,include
Adjectives/99. healthy/MVI_5333.MOV,99. healthy,Adjectives,99. healthy#2,test,include
Adjectives/99. healthy/MVI_5334.MOV,99. healthy,Adjectives,99. healthy#2,test,include
Adjectives/99. healthy/MVI_9286.MOV,99. healthy,Adjectives,99. healthy#3,train,include
Adjectives/99. healthy/MVI_9287.MOV,99. healthy,Adjectives,99. healthy#3,train,include
Adjectives/99. healthy/MVI_9288.MOV,99. healthy,Adjectives,99. healthy#3,train,include
Adjectives/99. healthy/MVI_9365.MOV,99. healthy,Adjectives,99. healthy#4,train,include
Adjectives/99. healthy/MVI_9366.MOV,99. healthy,Adjectives,99. healthy#4,train,include
Adjectives/99. healthy/MVI_9367.MOV,99. healthy,Adjectives,99. healthy#4,train,include
Adjectives/99. healthy/MVI_9445.MOV,99. healthy,Adjectives,99. healthy#5,train,include
Adjectives/99. healthy/MVI_9446.MOV,99. healthy,Adjectives,99. healthy#5,train,include
Adjectives/99. healthy/MVI_9447.MOV,99. healthy,Adjectives,99. healthy#5,train,include
Adjectives/99. healthy/MVI_9530.MOV,99. healthy,Adjectives,99. healthy#6,train,include
Adjectives/99. healthy/MVI_9531.MOV,99. healthy,Adjectives,99. healthy#6,train,include
Adjectives/99. healthy/MVI_9532.MOV,99. healthy,Adjectives,99. healthy#6,train,include
Clothes/37. Hat/MVI_3688.MOV,37. Hat,Clothes,37. Hat#0,train,include
Clothes/37. Hat/MVI_3690.MOV,37. Hat,Clothes,37. Hat#0,train,include
Clothes/37. Hat/MVI_3691.MOV,37. Hat,Clothes,37. Hat#0,train,include
Clothes/37. Hat/MVI_3835.MOV,37. Hat,Clothes,37. Hat#1,train,include
Clothes/37. Hat/MVI_3836.MOV,37. Hat,Clothes,37. Hat#1,train,include
Clothes/37. Hat/MVI_3837.MOV,37. Hat,Clothes,37. Hat#1,train,include
Clothes/37. Hat/MVI_3984.MOV,37. Hat,Clothes,37. Hat#2,train,include
Clothes/37. Hat/MVI_3985.MOV,37. Hat,Clothes,37. Hat#2,train,include
Clothes/37. Hat/MVI_3986.MOV,37. Hat,Clothes,37. Hat#2,train,include
Clothes/37. Hat/MVI_4197.MOV,37. Hat,Clothes,37. Hat#3,train,include
Clothes/37. Hat/MVI_4865.MOV,37. Hat,Clothes,37. Hat#4,test,include
Clothes/37. Hat/MVI_4866.MOV,37. Hat,Clothes,37. Hat#4,test,include
Clothes/37. Hat/MVI_4867.MOV,37. Hat,Clothes,37. Hat#4,test,include
Clothes/37. Hat/MVI_5006.MOV,37. Hat,Clothes,37. Hat#5,test,include
Clothes/37. Hat/MVI_5007.MOV,37. Hat,Clothes,37. Hat#5,test,include
Clothes/37. Hat/MVI_5008.MOV,37. Hat,Clothes,37. Hat#5,test,include
Clothes/37. Hat/MVI_5154.MOV,37. Hat,Clothes,37. Hat#6,test,include
Clothes/37. Hat/MVI_5155.MOV,37. Hat,Clothes,37. Hat#6,test,include
Clothes/37. Hat/MVI_5156.MOV,37. Hat,Clothes,37. Hat#6,test,include
Clothes/37. Hat/MVI_8600.MP4,37. Hat,Clothes,37. Hat#7,test,include
Clothes/38. Dress/MVI_3693.MOV,38. Dress,Clothes,38. Dress#0,train,include
Clothes/38. Dress/MVI_3694.MOV,38. Dress,Clothes,38. Dress#0,train,include
Clothes/38. Dress/MVI_3696.MOV,38. Dress,Clothes,38. Dress#0,train,include
Clothes/38. Dress/MVI_3838.MOV,38. Dress,Clothes,38. Dress#1,train,include
Clothes/38. Dress/MVI_3839.MOV,38. Dress,Clothes,38. Dress#1,train,include
Clothes/38. Dress/MVI_3840.MOV,38. Dress,Clothes,38. Dress#1,train,include
Clothes/38. Dress/MVI_3987.MOV,38. Dress,Clothes,38. Dress#2,train,include
Clothes/38. Dress/MVI_3988.MOV,38. Dress,Clothes,38. Dress#2,train,include
Clothes/38. Dress/MVI_3989.MOV,38. Dress,Clothes,38. Dress#2,train,include
Clothes/38. Dress/MVI_4198.MOV,38. Dress,Clothes,38. Dress#3,train,include
Clothes/38. Dress/MVI_4868.MOV,38. Dress,Clothes,38. Dress#4,test,include
Clothes/38. Dress/MVI_4869.MOV,38. Dress,Clothes,38. Dress#4,test,include
Clothes/38. Dress/MVI_4870.MOV,38. Dress,Clothes,38. Dress#4,test,include
Clothes/38. Dress/MVI_5009.MOV,38. Dress,Clothes,38. Dress#5,test,include
Clothes/38. Dress/MVI_5010.MOV,38. Dress,Clothes,38. Dress#5,test,include
Clothes/38. Dress/MVI_5011.MOV,38. Dress,Clothes,38. Dress#5,test,include
Clothes/38. Dress/MVI_5157.MOV,38. Dress,Clothes,38. Dress#6,test,include
Clothes/38. Dress/MVI_5158.MOV,38. Dress,Clothes,38. Dress#6,test,include
Clothes/38. Dress/MVI_5159.MOV,38. Dress,Clothes,38. Dress#6,test,include
Clothes/38. Dress/MVI_8601.MP4,38. Dress,Clothes,38. Dress#7,test,include
Clothes/39. Suit/MVI_3697.MOV,39. Suit,Clothes,39. Suit#0,train,include
Clothes/39. Suit/MVI_3698.MOV,39. Suit,Clothes,39. Suit#0,train,include
Clothes/39. Suit/MVI_3841.MOV,39. Suit,Clothes,39. Suit#1,train,include
Clothes/39. Suit/MVI_3842.MOV,39. Suit,Clothes,39. Suit#1,train,include
Clothes/39. Suit/MVI_3843.MOV,39. Suit,Clothes,39. Suit#1,train,include
Clothes/39. Suit/MVI_3990.MOV,39. Suit,Clothes,39. Suit#2,train,include
Clothes/39. Suit/MVI_3991.MOV,39. Suit,Clothes,39. Suit#2,train,include
Clothes/39. Suit/MVI_3992.MOV,39. Suit,Clothes,39. Suit#2,train,include
Clothes/39. Suit/MVI_4199.MOV,39. Suit,Clothes,39. Suit#3,train,include
Clothes/39. Suit/MVI_4871.MOV,39. Suit,Clothes,39. Suit#4,test,include
Clothes/39. Suit/MVI_4872.MOV,39. Suit,Clothes,39. Suit#4,test,include
Clothes/39. Suit/MVI_4873.MOV,39. Suit,Clothes,39. Suit#4,test,include
Clothes/39. Suit/MVI_5012.MOV,39. Suit,Clothes,39. Suit#5,test,include
Clothes/39. Suit/MVI_5013.MOV,39. Suit,Clothes,39. Suit#5,test,include
Clothes/39. Suit/MVI_5014.MOV,39. Suit,Clothes,39. Suit#5,test,include
Clothes/39. Suit/MVI_5160.MOV,39. Suit,Clothes,39. Suit#6,test,include
Clothes/39. Suit/MVI_5161.MOV,39. Suit,Clothes,39. Suit#6,test,include
Clothes/39. Suit/MVI_5162.MOV,39. Suit,Clothes,39. Suit#6,test,include
Clothes/39. Suit/MVI_8602.MP4,39. Suit,Clothes,39. Suit#7,test,include
Clothes/40. Skirt/MVI_3699.MOV,40. Skirt,Clothes,40. Skirt#0,train,include
Clothes/40. Skirt/MVI_3700.MOV,40. Skirt,Clothes,40. Skirt#0,train,include
Clothes/40. Skirt/MVI_3844.MOV,40. Skirt,Clothes,40. Skirt#1,train,include
Clothes/40. Skirt/MVI_3845.MOV,40. Skirt,Clothes,40. Skirt#1,train,include
Clothes/40. Skirt/MVI_3846.MOV,40. Skirt,Clothes,40. Skirt#1,train,include
Clothes/40. Skirt/MVI_3996.MOV,40. Skirt,Clothes,40. Skirt#2,train,include
Clothes/40. Skirt/MVI_3997.MOV,40. Skirt,Clothes,40. Skirt#2,train,include
Clothes/40. Skirt/MVI_3998.MOV,40. Skirt,Clothes,40. Skirt#2,train,include
Clothes/40. Skirt/MVI_4200.MOV,40. Skirt,Clothes,40. Skirt#3,train,include
Clothes/40. Skirt/MVI_4874.MOV,40. Skirt,Clothes,40. Skirt#4,test,include
Clothes/40. Skirt/MVI_4875.MOV,40. Skirt,Clothes,40. Skirt#4,test,include
Clothes/40. Skirt/MVI_4876.MOV,40. Skirt,Clothes,40. Skirt#4,test,include
Clothes/40. Skirt/MVI_5015.MOV,40. Skirt,Clothes,40. Skirt#5,test,include
Clothes/40. Skirt/MVI_5016.MOV,40. Skirt,Clothes,40. Skirt#5,test,include
Clothes/40. Skirt/MVI_5017.MOV,40. Skirt,Clothes,40. Skirt#5,test,include
Clothes/40. Skirt/MVI_5163.MOV,40. Skirt,Clothes,40. Skirt#6,test,include
Clothes/40. Skirt/MVI_5164.MOV,40. Skirt,Clothes,40. Skirt#6,test,include
Clothes/40. Skirt/MVI_5165.MOV,40. Skirt,Clothes,40. Skirt#6,test,include
Clothes/40. Skirt/MVI_8604.MP4,40. Skirt,Clothes,40. Skirt#7,test,include
Clothes/41. Shirt/MVI_3701.MOV,41. Shirt,Clothes,41. Shirt#0,train,include
Clothes/41. Shirt/MVI_3702.MOV,41. Shirt,Clothes,41. Shirt#0,train,include
Clothes/41. Shirt/MVI_3703.MOV,41. Shirt,Clothes,41. Shirt#0,train,include
Clothes/41. Shirt/MVI_3847.MOV,41. Shirt,Clothes,41. Shirt#1,train,include
Clothes/41. Shirt/MVI_3848.MOV,41. Shirt,Clothes,41. Shirt#1,train,include
Clothes/41. Shirt/MVI_3849.MOV,41. Shirt,Clothes,41. Shirt#1,train,include
Clothes/41. Shirt/MVI_3999.MOV,41. Shirt,Clothes,41. Shirt#2,train,include
Clothes/41. Shirt/MVI_4000.MOV,41. Shirt,Clothes,41. Shirt#2,train,include
Clothes/41. Shirt/MVI_4001.MOV,41. Shirt,Clothes,41. Shirt#2,train,include
Clothes/41. Shirt/MVI_4201.MOV,41. Shirt,Clothes,41. Shirt#3,train,include
Clothes/41. Shirt/MVI_4877.MOV,41. Shirt,Clothes,41. Shirt#4,test,include
Clothes/41. Shirt/MVI_4879.MOV,41. Shirt,Clothes,41. Shirt#4,test,include
Clothes/41. Shirt/MVI_4880.MOV,41. Shirt,Clothes,41. Shirt#4,test,include
Clothes/41. Shirt/MVI_5018.MOV,41. Shirt,Clothes,41. Shirt#5,test,include
Clothes/41. Shirt/MVI_5019.MOV,41. Shirt,Clothes,41. Shirt#5,test,include
Clothes/41. Shirt/MVI_5020.MOV,41. Shirt,Clothes,41. Shirt#5,test,include
Clothes/41. Shirt/MVI_5166.MOV,41. Shirt,Clothes,41. Shirt#6,test,include
Clothes/41. Shirt/MVI_5167.MOV,41. Shirt,Clothes,41. Shirt#6,test,include
Clothes/41. Shirt/MVI_5168.MOV,41. Shirt,Clothes,41. Shirt#6,test,include
Clothes/41. Shirt/MVI_8605.MP4,41. Shirt,Clothes,41. Shirt#7,test,include
Clothes/42. T-Shirt/MVI_3704.MOV,42. T-Shirt,Clothes,42. T-Shirt#0,train,include
Clothes/42. T-Shirt/MVI_3705.MOV,42. T-Shirt,Clothes,42. T-Shirt#0,train,include
Clothes/42. T-Shirt/MVI_3706.MOV,42. T-Shirt,Clothes,42. T-Shirt#0,train,include
Clothes/42. T-Shirt/MVI_3850.MOV,42. T-Shirt,Clothes,42. T-Shirt#1,train,include
Clothes/42. T-Shirt/MVI_3851.MOV,42. T-Shirt,Clothes,42. T-Shirt#1,train,include
Clothes/42. T-Shirt/MVI_3852.MOV,42. T-Shirt,Clothes,42. T-Shirt#1,train,include
Clothes/42. T-Shirt/MVI_4002.MOV,42. T-Shirt,Clothes,42. T-Shirt#2,train,include
Clothes/42. T-Shirt/MVI_4003.MOV,42. T-Shirt,Clothes,42. T-Shirt#2,train,include
Clothes/42. T-Shirt/MVI_4004.MOV,42. T-Shirt,Clothes,42. T-Shirt#2,train,include
Clothes/42. T-Shirt/MVI_4202.MOV,42. T-Shirt,Clothes,42. T-Shirt#3,train,include
Clothes/42. T-Shirt/MVI_4881.MOV,42. T-Shirt,Clothes,42. T-Shirt#4,test,include
Clothes/42. T-Shirt/MVI_4882.MOV,42. T-Shirt,Clothes,42. T-Shirt#4,test,include
Clothes/42. T-Shirt/MVI_4883.MOV,42. T-Shirt,Clothes,42. T-Shirt#4,test,include
Clothes/42. T-Shirt/MVI_5021.MOV,42. T-Shirt,Clothes,42. T-Shirt#5,test,include
Clothes/42. T-Shirt/MVI_5022.MOV,42. T-Shirt,Clothes,42. T-Shirt#5,test,include
Clothes/42. T-Shirt/MVI_5023.MOV,42. T-Shirt,Clothes,42. T-Shirt#5,test,include
Clothes/42. T-Shirt/MVI_5169.MOV,42. T-Shirt,Clothes,42. T-Shirt#6,test,include
Clothes/42. T-Shirt/MVI_5170.MOV,42. T-Shirt,Clothes,42. T-Shirt#6,test,include
Clothes/42. T-Shirt/MVI_5171.MOV,42. T-Shirt,Clothes,42. T-Shirt#6,test,include
Clothes/42. T-Shirt/MVI_8606.MP4,42. T-Shirt,Clothes,42. T-Shirt#7,test,include
Clothes/43. Pant/MVI_3707.MOV,43. Pant,Clothes,43. Pant#0,train,include
Clothes/43. Pant/MVI_3708.MOV,43. Pant,Clothes,43. Pant#0,train,include
Clothes/43. Pant/MVI_3709.MOV,43. Pant,Clothes,43. Pant#0,train,include
Clothes/43. Pant/MVI_3853.MOV,43. Pant,Clothes,43. Pant#1,train,include
Clothes/43. Pant/MVI_3854.MOV,43. Pant,Clothes,43. Pant#1,train,include
Clothes/43. Pant/MVI_3855.MOV,43. Pant,Clothes,43. Pant#1,train,include
Clothes/43. Pant/MVI_4005.MOV,43. Pant,Clothes,43. Pant#2,train,include
Clothes/43. Pant/MVI_4006.MOV,43. Pant,Clothes,43. Pant#2,train,include
Clothes/43. Pant/MVI_4007.MOV,43. Pant,Clothes,43. Pant#2,train,include
Clothes/43. Pant/MVI_4203.MOV,43. Pant,Clothes,43. Pant#3,train,include
Clothes/43. Pant/MVI_4884.MOV,43. Pant,Clothes,43. Pant#4,test,include
Clothes/43. Pant/MVI_4885.MOV,43. Pant,Clothes,43. Pant#4,test,include
Clothes/43. Pant/MVI_4886.MOV,43. Pant,Clothes,43. Pant#4,test,include
Clothes/43. Pant/MVI_5024.MOV,43. Pant,Clothes,43. Pant#5,test,include
Clothes/43. Pant/MVI_5025.MOV,43. Pant,Clothes,43. Pant#5,test,include
Clothes/43. Pant/MVI_5026.MOV,43. Pant,Clothes,43. Pant#5,test,include
Clothes/43. Pant/MVI_5172.MOV,43. Pant,Clothes,43. Pant#6,test,include
Clothes/43. Pant/MVI_5173.MOV,43. Pant,Clothes,43. Pant#6,test,include
Clothes/43. Pant/MVI_5174.MOV,43. Pant,Clothes,43. Pant#6,test,include
Clothes/43. Pant/MVI_8607.MP4,43. Pant,Clothes,43. Pant#7,test,include
Clothes/44. Shoes/MVI_3710.MOV,44. Shoes,Clothes,44. Shoes#0,train,include
Clothes/44. Shoes/MVI_3711.MOV,44. Shoes,Clothes,44. Shoes#0,train,include
Clothes/44. Shoes/MVI_3712.MOV,44. Shoes,Clothes,44. Shoes#0,train,include
Clothes/44. Shoes/MVI_3856.MOV,44. Shoes,Clothes,44. Shoes#1,train,include
Clothes/44. Shoes/MVI_3857.MOV,44. Shoes,Clothes,44. Shoes#1,train,include
Clothes/44. Shoes/MVI_3858.MOV,44. Shoes,Clothes,44. Shoes#1,train,include
Clothes/44. Shoes/MVI_4008.MOV,44. Shoes,Clothes,44. Shoes#2,train,include
Clothes/44. Shoes/MVI_4009.MOV,44. Shoes,Clothes,44. Shoes#2,train,include
Clothes/44. Shoes/MVI_4010.MOV,44. Shoes,Clothes,44. Shoes#2,train,include
Clothes/44. Shoes/MVI_4204.MOV,44. Shoes,Clothes,44. Shoes#3,train,include
Clothes/44. Shoes/MVI_4887.MOV,44. Shoes,Clothes,44. Shoes#4,test,include
Clothes/44. Shoes/MVI_4888.MOV,44. Shoes,Clothes,44. Shoes#4,test,include
Clothes/44. Shoes/MVI_4889.MOV,44. Shoes,Clothes,44. Shoes#4,test,include
Clothes/44. Shoes/MVI_5028.MOV,44. Shoes,Clothes,44. Shoes#5,test,include
Clothes/44. Shoes/MVI_5029.MOV,44. Shoes,Clothes,44. Shoes#5,test,include
Clothes/44. Shoes/MVI_5030.MOV,44. Shoes,Clothes,44. Shoes#5,test,include
Clothes/44. Shoes/MVI_5175.MOV,44. Shoes,Clothes,44. Shoes#6,test,include
Clothes/44. Shoes/MVI_5176.MOV,44. Shoes,Clothes,44. Shoes#6,test,include
Clothes/44. Shoes/MVI_5177.MOV,44. Shoes,Clothes,44. Shoes#6,test,include
Clothes/44. Shoes/MVI_8608.MP4,44. Shoes,Clothes,44. Shoes#7,test,include
Clothes/45. Pocket/MVI_3713.MOV,45. Pocket,Clothes,45. Pocket#0,train,include
Clothes/45. Pocket/MVI_3714.MOV,45. Pocket,Clothes,45. Pocket#0,train,include
Clothes/45. Pocket/MVI_3715.MOV,45. Pocket,Clothes,45. Pocket#0,train,include
Clothes/45. Pocket/MVI_3859.MOV,45. Pocket,Clothes,45. Pocket#1,train,include
Clothes/45. Pocket/MVI_3861.MOV,45. Pocket,Clothes,45. Pocket#1,train,include
Clothes/45. Pocket/MVI_3862.MOV,45. Pocket,Clothes,45. Pocket#1,train,include
Clothes/45. Pocket/MVI_4011.MOV,45. Pocket,Clothes,45. Pocket#2,train,include
Clothes/45. Pocket/MVI_4012.MOV,45. Pocket,Clothes,45. Pocket#2,train,include
Clothes/45. Pocket/MVI_4013.MOV,45. Pocket,Clothes,45. Pocket#2,train,include
Clothes/45. Pocket/MVI_4205.MOV,45. Pocket,Clothes,45. Pocket#3,train,include
Clothes/45. Pocket/MVI_4890.MOV,45. Pocket,Clothes,45. Pocket#4,test,include
Clothes/45. Pocket/MVI_4891.MOV,45. Pocket,Clothes,45. Pocket#4,test,include
Clothes/45. Pocket/MVI_4892.MOV,45. Pocket,Clothes,45. Pocket#4,test,include
Clothes/45. Pocket/MVI_5031.MOV,45. Pocket,Clothes,45. Pocket#5,test,include
Clothes/45. Pocket/MVI_5032.MOV,45. Pocket,Clothes,45. Pocket#5,test,include
Clothes/45. Pocket/MVI_5033.MOV,45. Pocket,Clothes,45. Pocket#5,test,include
Clothes/45. Pocket/MVI_5178.MOV,45. Pocket,Clothes,45. Pocket#6,test,include
Clothes/45. Pocket/MVI_5179.MOV,45. Pocket,Clothes,45. Pocket#6,test,include
Clothes/45. Pocket/MVI_5180.MOV,45. Pocket,Clothes,45. Pocket#6,test,include
Clothes/45. Pocket/MVI_8610.MP4,45. Pocket,Clothes,45. Pocket#7,test,include
Clothes/46. Clothing/MVI_3716.MOV,46. Clothing,Clothes,46. Clothing#0,train,include
Clothes/46. Clothing/MVI_3717.MOV,46. Clothing,Clothes,46. Clothing#0,train,include
Clothes/46. Clothing/MVI_3718.MOV,46. Clothing,Clothes,46. Clothing#0,train,include
Clothes/46. Clothing/MVI_3863.MOV,46. Clothing,Clothes,46. Clothing#1,train,include
Clothes/46. Clothing/MVI_3864.MOV,46. Clothing,Clothes,46. Clothing#1,train,include
Clothes/46. Clothing/MVI_3865.MOV,46. Clothing,Clothes,46. Clothing#1,train,include
Clothes/46. Clothing/MVI_4014.MOV,46. Clothing,Clothes,46. Clothing#2,train,include
Clothes/46. Clothing/MVI_4015.MOV,46. Clothing,Clothes,46. Clothing#2,train,include
Clothes/46. Clothing/MVI_4016.MOV,46. Clothing,Clothes,46. Clothing#2,train,include
Clothes/46. Clothing/MVI_4206.MOV,46. Clothing,Clothes,46. Clothing#3,train,include
Clothes/46. Clothing/MVI_4894.MOV,46. Clothing,Clothes,46. Clothing#4,test,include
Clothes/46. Clothing/MVI_4895.MOV,46. Clothing,Clothes,46. Clothing#4,test,include
Clothes/46. Clothing/MVI_4896.MOV,46. Clothing,Clothes,46. Clothing#4,test,include
Clothes/46. Clothing/MVI_5034.MOV,46. Clothing,Clothes,46. Clothing#5,test,include
Clothes/46. Clothing/MVI_5035.MOV,46. Clothing,Clothes,46. Clothing#5,test,include
Clothes/46. Clothing/MVI_5036.MOV,46. Clothing,Clothes,46. Clothing#5,test,include
Clothes/46. Clothing/MVI_5181.MOV,46. Clothing,Clothes,46. Clothing#6,test,include
Clothes/46. Clothing/MVI_5182.MOV,46. Clothing,Clothes,46. Clothing#6,test,include
Clothes/46. Clothing/MVI_5183.MOV,46. Clothing,Clothes,46. Clothing#6,test,include
Clothes/46. Clothing/MVI_8611.MP4,46. Clothing,Clothes,46. Clothing#7,test,include
Colours/47. Red/MVI_3719.MOV,47. Red,Colours,47. Red#0,train,include
Colours/47. Red/MVI_3720.MOV,47. Red,Colours,47. Red#0,train,include
Colours/47. Red/MVI_3721.MOV,47. Red,Colours,47. Red#0,train,include
Colours/47. Red/MVI_3866.MOV,47. Red,Colours,47. Red#1,train,include
Colours/47. Red/MVI_3867.MOV,47. Red,Colours,47. Red#1,train,include
Colours/47. Red/MVI_3868.MOV,47. Red,Colours,47. Red#1,train,include
Colours/47. Red/MVI_4017.MOV,47. Red,Colours,47. Red#2,train,include
Colours/47. Red/MVI_4018.MOV,47. Red,Colours,47. Red#2,train,include
Colours/47. Red/MVI_4019.MOV,47. Red,Colours,47. Red#2,train,include
Colours/47. Red/MVI_4207.MOV,47. Red,Colours,47. Red#3,train,include
Colours/47. Red/MVI_4897.MOV,47. Red,Colours,47. Red#4,test,include
Colours/47. Red/MVI_4898.MOV,47. Red,Colours,47. Red#4,test,include
Colours/47. Red/MVI_4899.MOV,47. Red,Colours,47. Red#4,test,include
Colours/47. Red/MVI_5037.MOV,47. Red,Colours,47. Red#5,test,include
Colours/47. Red/MVI_5038.MOV,47. Red,Colours,47. Red#5,test,include
Colours/47. Red/MVI_5039.MOV,47. Red,Colours,47. Red#5,test,include
Colours/47. Red/MVI_5184.MOV,47. Red,Colours,47. Red#6,test,include
Colours/47. Red/MVI_5185.MOV,47. Red,Colours,47. Red#6,test,include
Colours/47. Red/MVI_5186.MOV,47. Red,Colours,47. Red#6,test,include
Colours/47. Red/MVI_8612.MP4,47. Red,Colours,47. Red#7,test,include
Colours/48. Green/MVI_3722.MOV,48. Green,Colours,48. Green#0,train,include
Colours/48. Green/MVI_3723.MOV,48. Green,Colours,48. Green#0,train,include
Colours/48. Green/MVI_3724.MOV,48. Green,Colours,48. Green#0,train,include
Colours/48. Green/MVI_3869.MOV,48. Green,Colours,48. Green#1,train,include
Colours/48. Green/MVI_3870.MOV,48. Green,Colours,48. Green#1,train,include
Colours/48. Green/MVI_3871.MOV,48. Green,Colours,48. Green#1,train,include
Colours/48. Green/MVI_4020.MOV,48. Green,Colours,48. Green#2,train,include
Colours/48. Green/MVI_4021.MOV,48. Green,Colours,48. Green#2,train,include
Colours/48. Green/MVI_4022.MOV,48. Green,Colours,48. Green#2,train,include
Colours/48. Green/MVI_4208.MOV,48. Green,Colours,48. Green#3,train,include
Colours/48. Green/MVI_4900.MOV,48. Green,Colours,48. Green#4,test,include
Colours/48. Green/MVI_4901.MOV,48. Green,Colours,48. Green#4,test,include
Colours/48. Green/MVI_4902.MOV,48. Green,Colours,48. Green#4,test,include
Colours/48. Green/MVI_5040.MOV,48. Green,Colours,48. Green#5,test,include
Colours/48. Green/MVI_5041.MOV,48. Green,Colours,48. Green#5,test,include
Colours/48. Green/MVI_5042.MOV,48. Green,Colours,48. Green#5,test,include
Colours/48. Green/MVI_5187.MOV,48. Green,Colours,48. Green#6,test,include
Colours/48. Green/MVI_5188.MOV,48. Green,Colours,48. Green#6,test,include
Colours/48. Green/MVI_5189.MOV,48. Green,Colours,48. Green#6,test,include
Colours/48. Green/MVI_8613.MP4,48. Green,Colours,48. Green#7,test,include
Colours/49. Blue/MVI_3725.MOV,49. Blue,Colours,49. Blue#0,train,include
Colours/49. Blue/MVI_3726.MOV,49. Blue,Colours,49. Blue#0,train,include
Colours/49. Blue/MVI_3727.MOV,49. Blue,Colours,49. Blue#0,train,include
Colours/49. Blue/MVI_3872.MOV,49. Blue,Colours,49. Blue#1,train,include
Colours/49. Blue/MVI_3873.MOV,49. Blue,Colours,49. Blue#1,train,include
Colours/49. Blue/MVI_3874.MOV,49. Blue,Colours,49. Blue#1,train,include
Colours/49. Blue/MVI_4024.MOV,49. Blue,Colours,49. Blue#2,train,include
Colours/49. Blue/MVI_4025.MOV,49. Blue,Colours,49. Blue#2,train,include
Colours/49. Blue/MVI_4026.MOV,49. Blue,Colours,49. Blue#2,train,include
Colours/49. Blue/MVI_4209.MOV,49. Blue,Colours,49. Blue#3,train,include
Colours/49. Blue/MVI_4903.MOV,49. Blue,Colours,49. Blue#4,test,include
Colours/49. Blue/MVI_4904.MOV,49. Blue,Colours,49. Blue#4,test,include
Colours/49. Blue/MVI_4905.MOV,49. Blue,Colours,49. Blue#4,test,include
Colours/49. Blue/MVI_5043.MOV,49. Blue,Colours,49. Blue#5,test,include
Colours/49. Blue/MVI_5044.MOV,49. Blue,Colours,49. Blue#5,test,include
Colours/49. Blue/MVI_5045.MOV,49. Blue,Colours,49. Blue#5,test,include
Colours/49. Blue/MVI_5190.MOV,49. Blue,Colours,49. Blue#6,test,include
Colours/49. Blue/MVI_5191.MOV,49. Blue,Colours,49. Blue#6,test,include
Colours/49. Blue/MVI_5192.MOV,49. Blue,Colours,49. Blue#6,test,include
Colours/49. Blue/MVI_8614.MP4,49. Blue,Colours,49. Blue#7,test,include
Colours/50. Yellow/MVI_3728.MOV,50. Yellow,Colours,50. Yellow#0,train,include
Colours/50. Yellow/MVI_3729.MOV,50. Yellow,Colours,50. Yellow#0,train,include
Colours/50. Yellow/MVI_3730.MOV,50. Yellow,Colours,50. Yellow#0,train,include
Colours/50. Yellow/MVI_3875.MOV,50. Yellow,Colours,50. Yellow#1,train,include
Colours/50. Yellow/MVI_3876.MOV,50. Yellow,Colours,50. Yellow#1,train,include
Colours/50. Yellow/MVI_3877.MOV,50. Yellow,Colours,50. Yellow#1,train,include
Colours/50. Yellow/MVI_4027.MOV,50. Yellow,Colours,50. Yellow#2,train,include
Colours/50. Yellow/MVI_4028.MOV,50. Yellow,Colours,50. Yellow#2,train,include
Colours/50. Yellow/MVI_4029.MOV,50. Yellow,Colours,50. Yellow#2,train,include
Colours/50. Yellow/MVI_4211.MOV,50. Yellow,Colours,50. Yellow#3,train,include
Colours/50. Yellow/MVI_4906.MOV,50. Yellow,Colours,50. Yellow#4,test,include
Colours/50. Yellow/MVI_4907.MOV,50. Yellow,Colours,50. Yellow#4,test,include
Colours/50. Yellow/MVI_4908.MOV,50. Yellow,Colours,50. Yellow#4,test,include
Colours/50. Yellow/MVI_5046.MOV,50. Yellow,Colours,50. Yellow#5,test,include
Colours/50. Yellow/MVI_5047.MOV,50. Yellow,Colours,50. Yellow#5,test,include
Colours/50. Yellow/MVI_5048.MOV,50. Yellow,Colours,50. Yellow#5,test,include
Colours/50. Yellow/MVI_5193.MOV,50. Yellow,Colours,50. Yellow#6,test,include
Colours/50. Yellow/MVI_5194.MOV,50. Yellow,Colours,50. Yellow#6,test,include
Colours/50. Yellow/MVI_5195.MOV,50. Yellow,Colours,50. Yellow#6,test,include
Colours/50. Yellow/MVI_8615.MP4,50. Yellow,Colours,50. Yellow#7,test,include
Colours/51. Brown/MVI_3731.MOV,51. Brown,Colours,51. Brown#0,train,include
Colours/51. Brown/MVI_3732.MOV,51. Brown,Colours,51. Brown#0,train,include
Colours/51. Brown/MVI_3733.MOV,51. Brown,Colours,51. Brown#0,train,include
Colours/51. Brown/MVI_3878.MOV,51. Brown,Colours,51. Brown#1,train,include
Colours/51. Brown/MVI_3879.MOV,51. Brown,Colours,51. Brown#1,train,include
Colours/51. Brown/MVI_3880.MOV,51. Brown,Colours,51. Brown#1,train,include
Colours/51. Brown/MVI_4030.MOV,51. Brown,Colours,51. Brown#2,train,include
Colours/51. Brown/MVI_4031.MOV,51. Brown,Colours,51. Brown#2,train,include
Colours/51. Brown/MVI_4032.MOV,51. Brown,Colours,51. Brown#2,train,include
Colours/51. Brown/MVI_4212.MOV,51. Brown,Colours,51. Brown#3,train,include
Colours/51. Brown/MVI_4909.MOV,51. Brown,Colours,51. Brown#4,test,include
Colours/51. Brown/MVI_4910.MOV,51. Brown,Colours,51. Brown#4,test,include
Colours/51. Brown/MVI_4911.MOV,51. Brown,Colours,51. Brown#4,test,include
Colours/51. Brown/MVI_5049.MOV,51. Brown,Colours,51. Brown#5,test,include
Colours/51. Brown/MVI_5050.MOV,51. Brown,Colours,51. Brown#5,test,include
Colours/51. Brown/MVI_5051.MOV,51. Brown,Colours,51. Brown#5,test,include
Colours/51. Brown/MVI_5196.MOV,51. Brown,Colours,51. Brown#6,test,include
Colours/51. Brown/MVI_5197.MOV,51. Brown,Colours,51. Brown#6,test,include
Colours/51. Brown/MVI_5198.MOV,51. Brown,Colours,51. Brown#6,test,include
Colours/51. Brown/MVI_5199.MOV,51. Brown,Colours,51. Brown#6,test,include
Colours/51. Brown/MVI_8616.MP4,51. Brown,Colours,51. Brown#7,test,include
Colours/52. Pink/MVI_3734.MOV,52. Pink,Colours,52. Pink#0,train,include
Colours/52. Pink/MVI_3735.MOV,52. Pink,Colours,52. Pink#0,train,include
Colours/52. Pink/MVI_3736.MOV,52. Pink,Colours,52. Pink#0,train,include
Colours/52. Pink/MVI_3881.MOV,52. Pink,Colours,52. Pink#1,train,include
Colours/52. Pink/MVI_3882.MOV,52. Pink,Colours,52. Pink#1,train,include
Colours/52. Pink/MVI_3883.MOV,52. Pink,Colours,52. Pink#1,train,include
Colours/52. Pink/MVI_4033.MOV,52. Pink,Colours,52. Pink#2,train,include
Colours/52. Pink/MVI_4034.MOV,52. Pink,Colours,52. Pink#2,train,include
Colours/52. Pink/MVI_4035.MOV,52. Pink,Colours,52. Pink#2,train,include
Colours/52. Pink/MVI_4213.MOV,52. Pink,Colours,52. Pink#3,train,include
Colours/52. Pink/MVI_4912.MOV,52. Pink,Colours,52. Pink#4,test,include
Colours/52. Pink/MVI_4913.MOV,52. Pink,Colours,52. Pink#4,test,include
Colours/52. Pink/MVI_4914.MOV,52. Pink,Colours,52. Pink#4,test,include
Colours/52. Pink/MVI_5052.MOV,52. Pink,Colours,52. Pink#5,test,include
Colours/52. Pink/MVI_5053.MOV,52. Pink,Colours,52. Pink#5,test,include
Colours/52. Pink/MVI_5054.MOV,52. Pink,Colours,52. Pink#5,test,include
Colours/52. Pink/MVI_5200.MOV,52. Pink,Colours,52. Pink#6,test,include
Colours/52. Pink/MVI_5201.MOV,52. Pink,Colours,52. Pink#6,test,include
Colours/52. Pink/MVI_5202.MOV,52. Pink,Colours,52. Pink#6,test,include
Colours/52. Pink/MVI_8617.MP4,52. Pink,Colours,52. Pink#7,test,include
Colours/53. Orange/MVI_3737.MOV,53. Orange,Colours,53. Orange#0,train,include
Colours/53. Orange/MVI_3738.MOV,53. Orange,Colours,53. Orange#0,train,include
Colours/53. Orange/MVI_3739.MOV,53. Orange,Colours,53. Orange#0,train,include
Colours/53. Orange/MVI_3884.MOV,53. Orange,Colours,53. Orange#1,train,include
Colours/53. Orange/MVI_3885.MOV,53. Orange,Colours,53. Orange#1,train,include
Colours/53. Orange/MVI_3886.MOV,53. Orange,Colours,53. Orange#1,train,include
Colours/53. Orange/MVI_4036.MOV,53. Orange,Colours,53. Orange#2,train,include
Colours/53. Orange/MVI_4037.MOV,53. Orange,Colours,53. Orange#2,train,include
Colours/53. Orange/MVI_4038.MOV,53. Orange,Colours,53. Orange#2,train,include
Colours/53. Orange/MVI_4214.MOV,53. Orange,Colours,53. Orange#3,train,include
Colours/53. Orange/MVI_4915.MOV,53. Orange,Colours,53. Orange#4,test,include
Colours/53. Orange/MVI_4916.MOV,53. Orange,Colours,53. Orange#4,test,include
Colours/53. Orange/MVI_4917.MOV,53. Orange,Colours,53. Orange#4,test,include
Colours/53. Orange/MVI_5055.MOV,53. Orange,Colours,53. Orange#5,test,include
Colours/53. Orange/MVI_5056.MOV,53. Orange,Colours,53. Orange#5,test,include
Colours/53. Orange/MVI_5057.MOV,53. Orange,Colours,53. Orange#5,test,include
Colours/53. Orange/MVI_5203.MOV,53. Orange,Colours,53. Orange#6,test,include
Colours/53. Orange/MVI_5204.MOV,53. Orange,Colours,53. Orange#6,test,include
Colours/53. Orange/MVI_5205.MOV,53. Orange,Colours,53. Orange#6,test,include
Colours/53. Orange/MVI_8618.MP4,53. Orange,Colours,53. Orange#7,test,include
Colours/54. Black/MVI_3740.MOV,54. Black,Colours,54. Black#0,train,include
Colours/54. Black/MVI_3741.MOV,54. Black,Colours,54. Black#0,train,include
Colours/54. Black/MVI_3742.MOV,54. Black,Colours,54. Black#0,train,include
Colours/54. Black/MVI_3887.MOV,54. Black,Colours,54. Black#1,train,include
Colours/54. Black/MVI_3888.MOV,54. Black,Colours,54. Black#1,train,include
Colours/54. Black/MVI_3889.MOV,54. Black,Colours,54. Black#1,train,include
Colours/54. Black/MVI_4039.MOV,54. Black,Colours,54. Black#2,train,include
Colours/54. Black/MVI_4040.MOV,54. Black,Colours,54. Black#2,train,include
Colours/54. Black/MVI_4041.MOV,54. Black,Colours,54. Black#2,train,include
Colours/54. Black/MVI_4215.MOV,54. Black,Colours,54. Black#3,train,include
Colours/54. Black/MVI_4918.MOV,54. Black,Colours,54. Black#4,test,include
Colours/54. Black/MVI_4919.MOV,54. Black,Colours,54. Black#4,test,include
Colours/54. Black/MVI_4920.MOV,54. Black,Colours,54. Black#4,test,include
Colours/54. Black/MVI_5058.MOV,54. Black,Colours,54. Black#5,test,include
Colours/54. Black/MVI_5059.MOV,54. Black,Colours,54. Black#5,test,include
Colours/54. Black/MVI_5060.MOV,54. Black,Colours,54. Black#5,test,include
Colours/54. Black/MVI_5206.MOV,54. Black,Colours,54. Black#6,test,include
Colours/54. Black/MVI_5207.MOV,54. Black,Colours,54. Black#6,test,include
Colours/54. Black/MVI_5208.MOV,54. Black,Colours,54. Black#6,test,include
Colours/54. Black/MVI_8619.MP4,54. Black,Colours,54. Black#7,test,include
Colours/55. White/MVI_3743.MOV,55. White,Colours,55. White#0,train,include
Colours/55. White/MVI_3744.MOV,55. White,Colours,55. White#0,train,include
Colours/55. White/MVI_3745.MOV,55. White,Colours,55. White#0,train,include
Colours/55. White/MVI_3890.MOV,55. White,Colours,55. White#1,train,include
Colours/55. White/MVI_3891.MOV,55. White,Colours,55. White#1,train,include
Colours/55. White/MVI_3892.MOV,55. White,Colours,55. White#1,train,include
Colours/55. White/MVI_4042.MOV,55. White,Colours,55. White#2,train,include
Colours/55. White/MVI_4043.MOV,55. White,Colours,55. White#2,train,include
Colours/55. White/MVI_4044.MOV,55. White,Colours,55. White#2,train,include
Colours/55. White/MVI_4216.MOV,55. White,Colours,55. White#3,train,include
Colours/55. White/MVI_4921.MOV,55. White,Colours,55. White#4,test,include
Colours/55. White/MVI_4922.MOV,55. White,Colours,55. White#4,test,include
Colours/55. White/MVI_4923.MOV,55. White,Colours,55. White#4,test,include
Colours/55. White/MVI_5061.MOV,55. White,Colours,55. White#5,test,include
Colours/55. White/MVI_5062.MOV,55. White,Colours,55. White#5,test,include
Colours/55. White/MVI_5063.MOV,55. White,Colours,55. White#5,test,include
Colours/55. White/MVI_5209.MOV,55. White,Colours,55. White#6,test,include
Colours/55. White/MVI_5210.MOV,55. White,Colours,55. White#6,test,include
Colours/55. White/MVI_5211.MOV,55. White,Colours,55. White#6,test,include
Colours/55. White/MVI_8620.MP4,55. White,Colours,55. White#7,test,include
Colours/56. Grey/MVI_3746.MOV,56. Grey,Colours,56. Grey#0,train,include
Colours/56. Grey/MVI_3747.MOV,56. Grey,Colours,56. Grey#0,train,include
Colours/56. Grey/MVI_3748.MOV,56. Grey,Colours,56. Grey#0,train,include
Colours/56. Grey/MVI_3749.MOV,56. Grey,Colours,56. Grey#0,train,include
Colours/56. Grey/MVI_3894.MOV,56. Grey,Colours,56. Grey#1,train,include
Colours/56. Grey/MVI_3895.MOV,56. Grey,Colours,56. Grey#1,train,include
Colours/56. Grey/MVI_3896.MOV,56. Grey,Colours,56. Grey#1,train,include
Colours/56. Grey/MVI_4045.MOV,56. Grey,Colours,56. Grey#2,train,include
Colours/56. Grey/MVI_4046.MOV,56. Grey,Colours,56. Grey#2,train,include
Colours/56. Grey/MVI_4047.MOV,56. Grey,Colours,56. Grey#2,train,include
Colours/56. Grey/MVI_4217.MOV,56. Grey,Colours,56. Grey#3,train,include
Colours/56. Grey/MVI_4924.MOV,56. Grey,Colours,56. Grey#4,test,include
Colours/56. Grey/MVI_4926.MOV,56. Grey,Colours,56. Grey#4,test,include
Colours/56. Grey/MVI_4927.MOV,56. Grey,Colours,56. Grey#4,test,include
Colours/56. Grey/MVI_5064.MOV,56. Grey,Colours,56. Grey#5,test,include
Colours/56. Grey/MVI_5065.MOV,56. Grey,Colours,56. Grey#5,test,include
Colours/56. Grey/MVI_5066.MOV,56. Grey,Colours,56. Grey#5,test,include
Colours/56. Grey/MVI_5212.MOV,56. Grey,Colours,56. Grey#6,test,include
Colours/56. Grey/MVI_5213.MOV,56. Grey,Colours,56. Grey#6,test,include
Colours/56. Grey/MVI_5214.MOV,56. Grey,Colours,56. Grey#6,test,include
Colours/56. Grey/MVI_8621.MP4,56. Grey,Colours,56. Grey#7,test,include
Colours/57. Colour/MVI_3750.MOV,57. Colour,Colours,57. Colour#0,train,include
Colours/57. Colour/MVI_3751.MOV,57. Colour,Colours,57. Colour#0,train,include
Colours/57. Colour/MVI_3752.MOV,57. Colour,Colours,57. Colour#0,train,include
Colours/57. Colour/MVI_3897.MOV,57. Colour,Colours,57. Colour#1,train,include
Colours/57. Colour/MVI_3898.MOV,57. Colour,Colours,57. Colour#1,train,include
Colours/57. Colour/MVI_3899.MOV,57. Colour,Colours,57. Colour#1,train,include
Colours/57. Colour/MVI_4048.MOV,57. Colour,Colours,57. Colour#2,train,include
Colours/57. Colour/MVI_4049.MOV,57. Colour,Colours,57. Colour#2,train,include
Colours/57. Colour/MVI_4050.MOV,57. Colour,Colours,57. Colour#2,train,include
Colours/57. Colour/MVI_4218.MOV,57. Colour,Colours,57. Colour#3,train,include
Colours/57. Colour/MVI_4928.MOV,57. Colour,Colours,57. Colour#4,test,include
Colours/57. Colour/MVI_4929.MOV,57. Colour,Colours,57. Colour#4,test,include
Colours/57. Colour/MVI_4930.MOV,57. Colour,Colours,57. Colour#4,test,include
Colours/57. Colour/MVI_5068.MOV,57. Colour,Colours,57. Colour#5,test,include
Colours/57. Colour/MVI_5069.MOV,57. Colour,Colours,57. Colour#5,test,include
Colours/57. Colour/MVI_5070.MOV,57. Colour,Colours,57. Colour#5,test,include
Colours/57. Colour/MVI_5215.MOV,57. Colour,Colours,57. Colour#6,test,include
Colours/57. Colour/MVI_5216.MOV,57. Colour,Colours,57. Colour#6,test,include
Colours/57. Colour/MVI_5217.MOV,57. Colour,Colours,57. Colour#6,test,include
Colours/57. Colour/MVI_8622.MP4,57. Colour,Colours,57. Colour#7,test,include
Days_and_Time/81. Second/MVI_5056.MOV,81. Second,Days_and_Time,81. Second#0,test,include
Days_and_Time/81. Second/MVI_5057.MOV,81. Second,Days_and_Time,81. Second#0,test,include
Days_and_Time/81. Second/MVI_5058.MOV,81. Second,Days_and_Time,81. Second#0,test,include
Days_and_Time/81. Second/MVI_9185.MP4,81. Second,Days_and_Time,81. Second#1,train,include
Days_and_Time/81. Second/MVI_9186.MP4,81. Second,Days_and_Time,81. Second#1,train,include
Days_and_Time/81. Second/MVI_9187.MP4,81. Second,Days_and_Time,81. Second#1,train,include
Days_and_Time/81. Second/MVI_9208.MP4,81. Second,Days_and_Time,81. Second#2,train,include
Days_and_Time/81. Second/MVI_9209.MP4,81. Second,Days_and_Time,81. Second#2,train,include
Days_and_Time/81. Second/MVI_9210.MP4,81. Second,Days_and_Time,81. Second#2,train,include
Days_and_Time/81. Second/MVI_9211.MP4,81. Second,Days_and_Time,81. Second#2,train,include
Days_and_Time/81. Second/MVI_9212.MP4,81. Second,Days_and_Time,81. Second#2,train,include
Days_and_Time/81. Second/MVI_9213.MP4,81. Second,Days_and_Time,81. Second#2,train,include
Days_and_Time/81. Second/MVI_9214.MP4,81. Second,Days_and_Time,81. Second#2,train,include
Days_and_Time/81. Second/MVI_9215.MP4,81. Second,Days_and_Time,81. Second#2,train,include
Days_and_Time/81. Second/MVI_9216.MP4,81. Second,Days_and_Time,81. Second#2,train,include
Greetings/48. Hello/MVI_0029.MOV,48. Hello,Greetings,48. Hello#0,test,include
Greetings/48. Hello/MVI_0030.MOV,48. Hello,Greetings,48. Hello#0,test,include
Greetings/48. Hello/MVI_0031.MOV,48. Hello,Greetings,48. Hello#0,test,include
Greetings/48. Hello/MVI_0032.MOV,48. Hello,Greetings,48. Hello#0,test,include
Greetings/48. Hello/MVI_0037.MOV,48. Hello,Greetings,48. Hello#0,test,include
Greetings/48. Hello/MVI_0038.MOV,48. Hello,Greetings,48. Hello#0,test,include
Greetings/48. Hello/MVI_0039.MOV,48. Hello,Greetings,48. Hello#0,test,include
Greetings/48. Hello/MVI_0089.MOV,48. Hello,Greetings,48. Hello#1,test,include
Greetings/48. Hello/MVI_0090.MOV,48. Hello,Greetings,48. Hello#1,test,include
Greetings/48. Hello/MVI_0091.MOV,48. Hello,Greetings,48. Hello#1,test,include
Greetings/48. Hello/MVI_9914.MOV,48. Hello,Greetings,48. Hello#2,train,include
Greetings/48. Hello/MVI_9915.MOV,48. Hello,Greetings,48. Hello#2,train,include
Greetings/48. Hello/MVI_9916.MOV,48. Hello,Greetings,48. Hello#2,train,include
Greetings/48. Hello/MVI_9917.MOV,48. Hello,Greetings,48. Hello#2,train,include
Greetings/48. Hello/MVI_9954.MOV,48. Hello,Greetings,48. Hello#3,train,include
Greetings/48. Hello/MVI_9955.MOV,48. Hello,Greetings,48. Hello#3,train,include
Greetings/48. Hello/MVI_9956.MOV,48. Hello,Greetings,48. Hello#3,train,include
Greetings/48. Hello/MVI_9957.MOV,48. Hello,Greetings,48. Hello#3,train,include
Greetings/48. Hello/MVI_9982.MOV,48. Hello,Greetings,48. Hello#4,train,include
Greetings/48. Hello/MVI_9983.MOV,48. Hello,Greetings,48. Hello#4,train,include
Greetings/48. Hello/MVI_9984.MOV,48. Hello,Greetings,48. Hello#4,train,include
Greetings/49. How are you/MVI_0033.MOV,49. How are you,Greetings,49. How are you#0,test,include
Greetings/49. How are you/MVI_0034.MOV,49. How are you,Greetings,49. How are you#0,test,include
Greetings/49. How are you/MVI_0035.MOV,49. How are you,Greetings,49. How are you#0,test,include
Greetings/49. How are you/MVI_0036.MOV,49. How are you,Greetings,49. How are you#0,test,include
Greetings/49. How are you/MVI_0040.MOV,49. How are you,Greetings,49. How are you#0,test,include
Greetings/49. How are you/MVI_0041.MOV,49. How are you,Greetings,49. How are you#0,test,include
Greetings/49. How are you/MVI_0042.MOV,49. How are you,Greetings,49. How are you#0,test,include
Greetings/49. How are you/MVI_0092.MOV,49. How are you,Greetings,49. How are you#1,test,include
Greetings/49. How are you/MVI_0093.MOV,49. How are you,Greetings,49. How are you#1,test,include
Greetings/49. How are you/MVI_0094.MOV,49. How are you,Greetings,49. How are you#1,test,include
Greetings/49. How are you/MVI_9918.MOV,49. How are you,Greetings,49. How are you#2,train,include
Greetings/49. How are you/MVI_9919.MOV,49. How are you,Greetings,49. How are you#2,train,include
Greetings/49. How are you/MVI_9920.MOV,49. How are you,Greetings,49. How are you#2,train,include
Greetings/49. How are you/MVI_9921.MOV,49. How are you,Greetings,49. How are you#2,train,include
Greetings/49. How are you/MVI_9959.MOV,49. How are you,Greetings,49. How are you#3,train,include
Greetings/49. How are you/MVI_9960.MOV,49. How are you,Greetings,49. How are you#3,train,include
Greetings/49. How are you/MVI_9961.MOV,49. How are you,Greetings,49. How are you#3,train,include
Greetings/49. How are you/MVI_9962.MOV,49. How are you,Greetings,49. How are you#3,train,include
Greetings/49. How are you/MVI_9985.MOV,49. How are you,Greetings,49. How are you#4,train,include
Greetings/49. How are you/MVI_9986.MOV,49. How are you,Greetings,49. How are you#4,train,include
Greetings/49. How are you/MVI_9987.MOV,49. How are you,Greetings,49. How are you#4,train,include
Greetings/50. Alright/MVI_0037.MOV,50. Alright,Greetings,50. Alright#0,test,include
Greetings/50. Alright/MVI_0038.MOV,50. Alright,Greetings,50. Alright#0,test,include
Greetings/50. Alright/MVI_0039.MOV,50. Alright,Greetings,50. Alright#0,test,include
Greetings/50. Alright/MVI_0040.MOV,50. Alright,Greetings,50. Alright#0,test,include
Greetings/50. Alright/MVI_0043.MOV,50. Alright,Greetings,50. Alright#0,test,include
Greetings/50. Alright/MVI_0044.MOV,50. Alright,Greetings,50. Alright#0,test,include
Greetings/50. Alright/MVI_0045.MOV,50. Alright,Greetings,50. Alright#0,test,include
Greetings/50. Alright/MVI_0095.MOV,50. Alright,Greetings,50. Alright#1,test,include
Greetings/50. Alright/MVI_0096.MOV,50. Alright,Greetings,50. Alright#1,test,include
Greetings/50. Alright/MVI_0097.MOV,50. Alright,Greetings,50. Alright#1,test,include
Greetings/50. Alright/MVI_9923.MOV,50. Alright,Greetings,50. Alright#2,train,include
Greetings/50. Alright/MVI_9924.MOV,50. Alright,Greetings,50. Alright#2,train,include
Greetings/50. Alright/MVI_9925.MOV,50. Alright,Greetings,50. Alright#2,train,include
Greetings/50. Alright/MVI_9926.MOV,50. Alright,Greetings,50. Alright#2,train,include
Greetings/50. Alright/MVI_9963.MOV,50. Alright,Greetings,50. Alright#3,train,include
Greetings/50. Alright/MVI_9964.MOV,50. Alright,Greetings,50. Alright#3,train,include
Greetings/50. Alright/MVI_9965.MOV,50. Alright,Greetings,50. Alright#3,train,include
Greetings/50. Alright/MVI_9966.MOV,50. Alright,Greetings,50. Alright#3,train,include
Greetings/50. Alright/MVI_9988.MOV,50. Alright,Greetings,50. Alright#4,train,include
Greetings/50. Alright/MVI_9989.MOV,50. Alright,Greetings,50. Alright#4,train,include
Greetings/50. Alright/MVI_9990.MOV,50. Alright,Greetings,50. Alright#4,train,include
Greetings/51. Good Morning/MVI_0042.MOV,51. Good Morning,Greetings,51. Good Morning#0,test,include
Greetings/51. Good Morning/MVI_0043.MOV,51. Good Morning,Greetings,51. Good Morning#0,test,include
Greetings/51. Good Morning/MVI_0044.MOV,51. Good Morning,Greetings,51. Good Morning#0,test,include
Greetings/51. Good Morning/MVI_0045.MOV,51. Good Morning,Greetings,51. Good Morning#0,test,include
Greetings/51. Good Morning/MVI_0046.MOV,51. Good Morning,Greetings,51. Good Morning#0,test,include
Greetings/51. Good Morning/MVI_0047.MOV,51. Good Morning,Greetings,51. Good Morning#0,test,include
Greetings/51. Good Morning/MVI_0048.MOV,51. Good Morning,Greetings,51. Good Morning#0,test,include
Greetings/51. Good Morning/MVI_0098.MOV,51. Good Morning,Greetings,51. Good Morning#1,test,include
Greetings/51. Good Morning/MVI_0099.MOV,51. Good Morning,Greetings,51. Good Morning#1,test,include
Greetings/51. Good Morning/MVI_0100.MOV,51. Good Morning,Greetings,51. Good Morning#1,test,include
Greetings/51. Good Morning/MVI_9932.MOV,51. Good Morning,Greetings,51. Good Morning#2,train,include
Greetings/51. Good Morning/MVI_9933.MOV,51. Good Morning,Greetings,51. Good Morning#2,train,include
Greetings/51. Good Morning/MVI_9934.MOV,51. Good Morning,Greetings,51. Good Morning#2,train,include
Greetings/51. Good Morning/MVI_9935.MOV,51. Good Morning,Greetings,51. Good Morning#2,train,include
Greetings/51. Good Morning/MVI_9968.MOV,51. Good Morning,Greetings,51. Good Morning#3,train,include
Greetings/51. Good Morning/MVI_9969.MOV,51. Good Morning,Greetings,51. Good Morning#3,train,include
Greetings/51. Good Morning/MVI_9970.MOV,51. Good Morning,Greetings,51. Good Morning#3,train,include
Greetings/51. Good Morning/MVI_9971.MOV,51. Good Morning,Greetings,51. Good Morning#3,train,include
Greetings/51. Good Morning/MVI_9991.MOV,51. Good Morning,Greetings,51. Good Morning#4,train,include
Greetings/51. Good Morning/MVI_9992.MOV,51. Good Morning,Greetings,51. Good Morning#4,train,include
Greetings/51. Good Morning/MVI_9993.MOV,51. Good Morning,Greetings,51. Good Morning#4,train,include
Greetings/52. Good afternoon/MVI_0046.MOV,52. Good afternoon,Greetings,52. Good afternoon#0,test,include
Greetings/52. Good afternoon/MVI_0047.MOV,52. Good afternoon,Greetings,52. Good afternoon#0,test,include
Greetings/52. Good afternoon/MVI_0048.MOV,52. Good afternoon,Greetings,52. Good afternoon#0,test,include
Greetings/52. Good afternoon/MVI_0049.MOV,52. Good afternoon,Greetings,52. Good afternoon#0,test,include
Greetings/52. Good afternoon/MVI_0050.MOV,52. Good afternoon,Greetings,52. Good afternoon#0,test,include
Greetings/52. Good afternoon/MVI_0050_ (1).MOV,52. Good afternoon,Greetings,52. Good afternoon#0,test,include
Greetings/52. Good afternoon/MVI_0050_ (2).MOV,52. Good afternoon,Greetings,52. Good afternoon#0,test,include
Greetings/52. Good afternoon/MVI_0051.MOV,52. Good afternoon,Greetings,52. Good afternoon#0,test,include
Greetings/52. Good afternoon/MVI_0101.MOV,52. Good afternoon,Greetings,52. Good afternoon#1,test,include
Greetings/52. Good afternoon/MVI_0102.MOV,52. Good afternoon,Greetings,52. Good afternoon#1,test,include
Greetings/52. Good afternoon/MVI_0103.MOV,52. Good afternoon,Greetings,52. Good afternoon#1,test,include
Greetings/52. Good afternoon/MVI_9936.MOV,52. Good afternoon,Greetings,52. Good afternoon#2,train,include
Greetings/52. Good afternoon/MVI_9937.MOV,52. Good afternoon,Greetings,52. Good afternoon#2,train,include
Greetings/52. Good afternoon/MVI_9938.MOV,52. Good afternoon,Greetings,52. Good afternoon#2,train,include
Greetings/52. Good afternoon/MVI_9939.MOV,52. Good afternoon,Greetings,52. Good afternoon#2,train,include
Greetings/52. Good afternoon/MVI_9972.MOV,52. Good afternoon,Greetings,52. Good afternoon#3,train,include
Greetings/52. Good afternoon/MVI_9973.MOV,52. Good afternoon,Greetings,52. Good afternoon#3,train,include
Greetings/52. Good afternoon/MVI_9974.MOV,52. Good afternoon,Greetings,52. Good afternoon#3,train,include
Greetings/52. Good afternoon/MVI_9975.MOV,52. Good afternoon,Greetings,52. Good afternoon#3,train,include
Greetings/52. Good afternoon/MVI_9994.MOV,52. Good afternoon,Greetings,52. Good afternoon#4,train,include
Greetings/52. Good afternoon/MVI_9995.MOV,52. Good afternoon,Greetings,52. Good afternoon#4,train,include
Greetings/52. Good afternoon/MVI_9996.MOV,52. Good afternoon,Greetings,52. Good afternoon#4,train,include
Greetings/53. Good evening/MVI_0001.MOV,53. Good evening,Greetings,53. Good evening#0,test,include
Greetings/53. Good evening/MVI_0052.MOV,53. Good evening,Greetings,53. Good evening#1,test,include
Greetings/53. Good evening/MVI_0053.MOV,53. Good evening,Greetings,53. Good evening#1,test,include
Greetings/53. Good evening/MVI_0054.MOV,53. Good evening,Greetings,53. Good evening#1,test,include
Greetings/53. Good evening/MVI_0055.MOV,53. Good evening,Greetings,53. Good evening#1,test,include
Greetings/53. Good evening/MVI_005_4 (1).MOV,53. Good evening,Greetings,53. Good evening#0,test,include
Greetings/53. Good evening/MVI_005_4 (2).MOV,53. Good evening,Greetings,53. Good evening#0,test,include
Greetings/53. Good evening/MVI_005_4 (3).MOV,53. Good evening,Greetings,53. Good evening#0,test,include
Greetings/53. Good evening/MVI_0105.MOV,53. Good evening,Greetings,53. Good evening#2,test,include
Greetings/53. Good evening/MVI_0106.MOV,53. Good evening,Greetings,53. Good evening#2,test,include
Greetings/53. Good evening/MVI_0107.MOV,53. Good evening,Greetings,53. Good evening#2,test,include
Greetings/53. Good evening/MVI_9940.MOV,53. Good evening,Greetings,53. Good evening#3,train,include
Greetings/53. Good evening/MVI_9941.MOV,53. Good evening,Greetings,53. Good evening#3,train,include
Greetings/53. Good evening/MVI_9942.MOV,53. Good evening,Greetings,53. Good evening#3,train,include
Greetings/53. Good evening/MVI_9943.MOV,53. Good evening,Greetings,53. Good evening#3,train,include
Greetings/53. Good evening/MVI_9976.MOV,53. Good evening,Greetings,53. Good evening#4,train,include
Greetings/53. Good evening/MVI_9977.MOV,53. Good evening,Greetings,53. Good evening#4,train,include
Greetings/53. Good evening/MVI_9978.MOV,53. Good evening,Greetings,53. Good evening#4,train,include
Greetings/53. Good evening/MVI_9979.MOV,53. Good evening,Greetings,53. Good evening#4,train,include
Greetings/53. Good evening/MVI_9998.MOV,53. Good evening,Greetings,53. Good evening#5,train,include
Greetings/53. Good evening/MVI_9999.MOV,53. Good evening,Greetings,53. Good evening#5,train,include
Home/24. Table/MVI_4344.MOV,24. Table,Home,24. Table#0,train,include
Home/24. Table/MVI_4345.MOV,24. Table,Home,24. Table#0,train,include
Home/24. Table/MVI_4346.MOV,24. Table,Home,24. Table#0,train,include
Home/24. Table/MVI_4347.MOV,24. Table,Home,24. Table#0,train,include
Home/24. Table/MVI_4869.MOV,24. Table,Home,24. Table#1,test,include
Home/24. Table/MVI_4870.MOV,24. Table,Home,24. Table#1,test,include
Home/24. Table/MVI_4871.MOV,24. Table,Home,24. Table#1,test,include
Home/24. Table/MVI_8750.MP4,24. Table,Home,24. Table#2,train,include
Home/24. Table/MVI_8751.MP4,24. Table,Home,24. Table#2,train,include
Home/24. Table/MVI_8752.MP4,24. Table,Home,24. Table#2,train,include
Home/24. Table/MVI_8753.MP4,24. Table,Home,24. Table#2,train,include
Home/24. Table/MVI_9001.MP4,24. Table,Home,24. Table#3,train,include
Home/24. Table/MVI_9002.MP4,24. Table,Home,24. Table#3,train,include
Home/24. Table/MVI_9003.MP4,24. Table,Home,24. Table#3,train,include
Home/25. Chair/MVI_4348.MOV,25. Chair,Home,25. Chair#0,train,include
Home/25. Chair/MVI_4349.MOV,25. Chair,Home,25. Chair#0,train,include
Home/25. Chair/MVI_4350.MOV,25. Chair,Home,25. Chair#0,train,include
Home/25. Chair/MVI_4351.MOV,25. Chair,Home,25. Chair#0,train,include
Home/25. Chair/MVI_4872.MOV,25. Chair,Home,25. Chair#1,test,include
Home/25. Chair/MVI_4873.MOV,25. Chair,Home,25. Chair#1,test,include
Home/25. Chair/MVI_4874.MOV,25. Chair,Home,25. Chair#1,test,include
Home/25. Chair/MVI_8754.MP4,25. Chair,Home,25. Chair#2,train,include
Home/25. Chair/MVI_8755.MP4,25. Chair,Home,25. Chair#2,train,include
Home/25. Chair/MVI_8756.MP4,25. Chair,Home,25. Chair#2,train,include
Home/25. Chair/MVI_8757.MP4,25. Chair,Home,25. Chair#2,train,include
Home/25. Chair/MVI_9004.MP4,25. Chair,Home,25. Chair#3,train,include
Home/25. Chair/MVI_9005.MP4,25. Chair,Home,25. Chair#3,train,include
Home/25. Chair/MVI_9006.MP4,25. Chair,Home,25. Chair#3,train,include
Home/26. Bed/MVI_4352.MOV,26. Bed,Home,26. Bed#0,train,include
Home/26. Bed/MVI_4353.MOV,26. Bed,Home,26. Bed#0,train,include
Home/26. Bed/MVI_4354.MOV,26. Bed,Home,26. Bed#0,train,include
Home/26. Bed/MVI_4355.MOV,26. Bed,Home,26. Bed#0,train,include
Home/26. Bed/MVI_4875.MOV,26. Bed,Home,26. Bed#1,test,include
Home/26. Bed/MVI_4876.MOV,26. Bed,Home,26. Bed#1,test,include
Home/26. Bed/MVI_4877.MOV,26. Bed,Home,26. Bed#1,test,include
Home/26. Bed/MVI_8758.MP4,26. Bed,Home,26. Bed#2,train,include
Home/26. Bed/MVI_8759.MP4,26. Bed,Home,26. Bed#2,train,include
Home/26. Bed/MVI_8760.MP4,26. Bed,Home,26. Bed#2,train,include
Home/26. Bed/MVI_8761.MP4,26. Bed,Home,26. Bed#2,train,include
Home/26. Bed/MVI_9007.MP4,26. Bed,Home,26. Bed#3,train,include
Home/26. Bed/MVI_9008.MP4,26. Bed,Home,26. Bed#3,train,include
Home/26. Bed/MVI_9009.MP4,26. Bed,Home,26. Bed#3,train,include
Home/27. Dream/MVI_4357.MOV,27. Dream,Home,27. Dream#0,train,include
Home/27. Dream/MVI_4359.MOV,27. Dream,Home,27. Dream#0,train,include
Home/27. Dream/MVI_4360.MOV,27. Dream,Home,27. Dream#0,train,include
Home/27. Dream/MVI_4361.MOV,27. Dream,Home,27. Dream#0,train,include
Home/27. Dream/MVI_4878.MOV,27. Dream,Home,27. Dream#1,test,include
Home/27. Dream/MVI_4879.MOV,27. Dream,Home,27. Dream#1,test,include
Home/27. Dream/MVI_4880.MOV,27. Dream,Home,27. Dream#1,test,include
Home/27. Dream/MVI_8762.MP4,27. Dream,Home,27. Dream#2,train,include
Home/27. Dream/MVI_8763.MP4,27. Dream,Home,27. Dream#2,train,include
Home/27. Dream/MVI_8764.MP4,27. Dream,Home,27. Dream#2,train,include
Home/27. Dream/MVI_8765.MP4,27. Dream,Home,27. Dream#2,train,include
Home/27. Dream/MVI_9010.MP4,27. Dream,Home,27. Dream#3,train,include
Home/27. Dream/MVI_9011.MP4,27. Dream,Home,27. Dream#3,train,include
Home/27. Dream/MVI_9012.MP4,27. Dream,Home,27. Dream#3,train,include
Home/28. Window/MVI_4362.MOV,28. Window,Home,28. Window#0,train,include
Home/28. Window/MVI_4363.MOV,28. Window,Home,28. Window#0,train,include
Home/28. Window/MVI_4364.MOV,28. Window,Home,28. Window#0,train,include
Home/28. Window/MVI_4365.MOV,28. Window,Home,28. Window#0,train,include
Home/28. Window/MVI_4881.MOV,28. Window,Home,28. Window#1,test,include
Home/28. Window/MVI_4882.MOV,28. Window,Home,28. Window#1,test,include
Home/28. Window/MVI_4883.MOV,28. Window,Home,28. Window#1,test,include
Home/28. Window/MVI_8766.MP4,28. Window,Home,28. Window#2,train,include
Home/28. Window/MVI_8767.MP4,28. Window,Home,28. Window#2,train,include
Home/28. Window/MVI_8768.MP4,28. Window,Home,28. Window#2,train,include
Home/28. Window/MVI_8769.MP4,28. Window,Home,28. Window#2,train,include
Home/28. Window/MVI_9013.MP4,28. Window,Home,28. Window#3,train,include
Home/28. Window/MVI_9014.MP4,28. Window,Home,28. Window#3,train,include
Home/28. Window/MVI_9015.MP4,28. Window,Home,28. Window#3,train,include
Home/29. Door/MVI_4366.MOV,29. Door,Home,29. Door#0,train,include
Home/29. Door/MVI_4367.MOV,29. Door,Home,29. Door#0,train,include
Home/29. Door/MVI_4368.MOV,29. Door,Home,29. Door#0,train,include
Home/29. Door/MVI_4369.MOV,29. Door,Home,29. Door#0,train,include
Home/29. Door/MVI_4884.MOV,29. Door,Home,29. Door#1,test,include
Home/29. Door/MVI_4885.MOV,29. Door,Home,29. Door#1,test,include
Home/29. Door/MVI_4886.MOV,29. Door,Home,29. Door#1,test,include
Home/29. Door/MVI_8770.MP4,29. Door,Home,29. Door#2,train,include
Home/29. Door/MVI_8771.MP4,29. Door,Home,29. Door#2,train,include
Home/29. Door/MVI_8772.MP4,29. Door,Home,29. Door#2,train,include
Home/29. Door/MVI_8773.MP4,29. Door,Home,29. Door#2,train,include
Home/29. Door/MVI_9016.MP4,29. Door,Home,29. Door#3,train,include
Home/29. Door/MVI_9017.MP4,29. Door,Home,29. Door#3,train,include
Home/29. Door/MVI_9018.MP4,29. Door,Home,29. Door#3,train,include
Home/30. Bedroom/MVI_4370.MOV,30. Bedroom,Home,30. Bedroom#0,train,include
Home/30. Bedroom/MVI_4371.MOV,30. Bedroom,Home,30. Bedroom#0,train,include
Home/30. Bedroom/MVI_4372.MOV,30. Bedroom,Home,30. Bedroom#0,train,include
Home/30. Bedroom/MVI_4373.MOV,30. Bedroom,Home,30. Bedroom#0,train,include
Home/30. Bedroom/MVI_4887.MOV,30. Bedroom,Home,30. Bedroom#1,test,include
Home/30. Bedroom/MVI_4888.MOV,30. Bedroom,Home,30. Bedroom#1,test,include
Home/30. Bedroom/MVI_4896.MOV,30. Bedroom,Home,30. Bedroom#2,test,include
Home/30. Bedroom/MVI_8774.MP4,30. Bedroom,Home,30. Bedroom#3,train,include
Home/30. Bedroom/MVI_8775.MP4,30. Bedroom,Home,30. Bedroom#3,train,include
Home/30. Bedroom/MVI_8776.MP4,30. Bedroom,Home,30. Bedroom#3,train,include
Home/30. Bedroom/MVI_8777.MP4,30. Bedroom,Home,30. Bedroom#3,train,include
Home/30. Bedroom/MVI_9019.MP4,30. Bedroom,Home,30. Bedroom#4,train,include
Home/30. Bedroom/MVI_9020.MP4,30. Bedroom,Home,30. Bedroom#4,train,include
Home/30. Bedroom/MVI_9021.MP4,30. Bedroom,Home,30. Bedroom#4,train,include
Home/31. Kitchen/MVI_4374.MOV,31. Kitchen,Home,31. Kitchen#0,train,include
Home/31. Kitchen/MVI_4375.MOV,31. Kitchen,Home,31. Kitchen#0,train,include
Home/31. Kitchen/MVI_4376.MOV,31. Kitchen,Home,31. Kitchen#0,train,include
Home/31. Kitchen/MVI_4377.MOV,31. Kitchen,Home,31. Kitchen#0,train,include
Home/31. Kitchen/MVI_4897.MOV,31. Kitchen,Home,31. Kitchen#1,test,include
Home/31. Kitchen/MVI_4898.MOV,31. Kitchen,Home,31. Kitchen#1,test,include
Home/31. Kitchen/MVI_4899.MOV,31. Kitchen,Home,31. Kitchen#1,test,include
Home/31. Kitchen/MVI_8778.MP4,31. Kitchen,Home,31. Kitchen#2,train,include
Home/31. Kitchen/MVI_8779.MP4,31. Kitchen,Home,31. Kitchen#2,train,include
Home/31. Kitchen/MVI_8780.MP4,31. Kitchen,Home,31. Kitchen#2,train,include
Home/31. Kitchen/MVI_8781.MP4,31. Kitchen,Home,31. Kitchen#2,train,include
Home/31. Kitchen/MVI_9022.MP4,31. Kitchen,Home,31. Kitchen#3,train,include
Home/31. Kitchen/MVI_9023.MP4,31. Kitchen,Home,31. Kitchen#3,train,include
Home/31. Kitchen/MVI_9024.MP4,31. Kitchen,Home,31. Kitchen#3,train,include
Home/32. Bathroom/MVI_4378.MOV,32. Bathroom,Home,32. Bathroom#0,train,include
Home/32. Bathroom/MVI_4379.MOV,32. Bathroom,Home,32. Bathroom#0,train,include
Home/32. Bathroom/MVI_4380.MOV,32. Bathroom,Home,32. Bathroom#0,train,include
Home/32. Bathroom/MVI_4381.MOV,32. Bathroom,Home,32. Bathroom#0,train,include
Home/32. Bathroom/MVI_4900.MOV,32. Bathroom,Home,32. Bathroom#1,test,include
Home/32. Bathroom/MVI_4901.MOV,32. Bathroom,Home,32. Bathroom#1,test,include
Home/32. Bathroom/MVI_4902.MOV,32. Bathroom,Home,32. Bathroom#1,test,include
Home/32. Bathroom/MVI_8782.MP4,32. Bathroom,Home,32. Bathroom#2,train,include
Home/32. Bathroom/MVI_8783.MP4,32. Bathroom,Home,32. Bathroom#2,train,include
Home/32. Bathroom/MVI_8784.MP4,32. Bathroom,Home,32. Bathroom#2,train,include
Home/32. Bathroom/MVI_8785.MP4,32. Bathroom,Home,32. Bathroom#2,train,include
Home/32. Bathroom/MVI_9025.MP4,32. Bathroom,Home,32. Bathroom#3,train,include
Home/32. Bathroom/MVI_9026.MP4,32. Bathroom,Home,32. Bathroom#3,train,include
Home/32. Bathroom/MVI_9027.MP4,32. Bathroom,Home,32. Bathroom#3,train,include
Home/33. Pencil/MVI_4383.MOV,33. Pencil,Home,33. Pencil#0,train,include
Home/33. Pencil/MVI_4384.MOV,33. Pencil,Home,33. Pencil#0,train,include
Home/33. Pencil/MVI_4385.MOV,33. Pencil,Home,33. Pencil#0,train,include
Home/33. Pencil/MVI_4386.MOV,33. Pencil,Home,33. Pencil#0,train,include
Home/33. Pencil/MVI_4903.MOV,33. Pencil,Home,33. Pencil#1,test,include
Home/33. Pencil/MVI_4904.MOV,33. Pencil,Home,33. Pencil#1,test,include
Home/33. Pencil/MVI_4905.MOV,33. Pencil,Home,33. Pencil#1,test,include
Home/33. Pencil/MVI_8786.MP4,33. Pencil,Home,33. Pencil#2,train,include
Home/33. Pencil/MVI_8787.MP4,33. Pencil,Home,33. Pencil#2,train,include
Home/33. Pencil/MVI_8788.MP4,33. Pencil,Home,33. Pencil#2,train,include
Home/33. Pencil/MVI_8789.MP4,33. Pencil,Home,33. Pencil#2,train,include
Home/33. Pencil/MVI_9029.MP4,33. Pencil,Home,33. Pencil#3,train,include
Home/33. Pencil/MVI_9030.MP4,33. Pencil,Home,33. Pencil#3,train,include
Home/33. Pencil/MVI_9031.MP4,33. Pencil,Home,33. Pencil#3,train,include
Home/40. Paint/MVI_4412.MOV,40. Paint,Home,40. Paint#0,train,include
Home/40. Paint/MVI_4413.MOV,40. Paint,Home,40. Paint#0,train,include
Home/40. Paint/MVI_4414.MOV,40. Paint,Home,40. Paint#0,train,include
Home/40. Paint/MVI_4415.MOV,40. Paint,Home,40. Paint#0,train,include
Home/40. Paint/MVI_4926.MOV,40. Paint,Home,40. Paint#1,test,include
Home/40. Paint/MVI_4927.MOV,40. Paint,Home,40. Paint#1,test,include
Home/40. Paint/MVI_4928.MOV,40. Paint,Home,40. Paint#1,test,include
Home/40. Paint/MVI_8817.MP4,40. Paint,Home,40. Paint#2,train,include
Home/40. Paint/MVI_8818.MP4,40. Paint,Home,40. Paint#2,train,include
Home/40. Paint/MVI_8819.MP4,40. Paint,Home,40. Paint#2,train,include
Home/40. Paint/MVI_8820.MP4,40. Paint,Home,40. Paint#2,train,include
Home/40. Paint/MVI_8821.MP4,40. Paint,Home,40. Paint#2,train,include
Home/40. Paint/MVI_9051.MP4,40. Paint,Home,40. Paint#3,train,include
Home/40. Paint/MVI_9052.MP4,40. Paint,Home,40. Paint#3,train,include
Home/40. Paint/MVI_9053.MP4,40. Paint,Home,40. Paint#3,train,include
People/58. Son/MVI_3753.MOV,58. Son,People,58. Son#0,train,include
People/58. Son/MVI_3754.MOV,58. Son,People,58. Son#0,train,include
People/58. Son/MVI_3755.MOV,58. Son,People,58. Son#0,train,include
People/58. Son/MVI_3900.MOV,58. Son,People,58. Son#1,train,include
People/58. Son/MVI_3901.MOV,58. Son,People,58. Son#1,train,include
People/58. Son/MVI_3902.MOV,58. Son,People,58. Son#1,train,include
People/58. Son/MVI_4051.MOV,58. Son,People,58. Son#2,train,include
People/58. Son/MVI_4052.MOV,58. Son,People,58. Son#2,train,include
People/58. Son/MVI_4053.MOV,58. Son,People,58. Son#2,train,include
People/58. Son/MVI_4219.MOV,58. Son,People,58. Son#3,train,include
People/58. Son/MVI_4931.MOV,58. Son,People,58. Son#4,test,include
People/58. Son/MVI_4932.MOV,58. Son,People,58. Son#4,test,include
People/58. Son/MVI_4933.MOV,58. Son,People,58. Son#4,test,include
People/58. Son/MVI_5071.MOV,58. Son,People,58. Son#5,test,include
People/58. Son/MVI_5072.MOV,58. Son,People,58. Son#5,test,include
People/58. Son/MVI_5073.MOV,58. Son,People,58. Son#5,test,include
People/58. Son/MVI_5218.MOV,58. Son,People,58. Son#6,test,include
People/58. Son/MVI_5219.MOV,58. Son,People,58. Son#6,test,include
People/58. Son/MVI_5220.MOV,58. Son,People,58. Son#6,test,include
People/58. Son/MVI_8623.MP4,58. Son,People,58. Son#7,test,include
People/59. Daughter/MVI_3756.MOV,59. Daughter,People,59. Daughter#0,train,include
People/59. Daughter/MVI_3757.MOV,59. Daughter,People,59. Daughter#0,train,include
People/59. Daughter/MVI_3758.MOV,59. Daughter,People,59. Daughter#0,train,include
People/59. Daughter/MVI_3903.MOV,59. Daughter,People,59. Daughter#1,train,include
People/59. Daughter/MVI_3904.MOV,59. Daughter,People,59. Daughter#1,train,include
People/59. Daughter/MVI_3905.MOV,59. Daughter,People,59. Daughter#1,train,include
People/59. Daughter/MVI_4054.MOV,59. Daughter,People,59. Daughter#2,train,include
People/59. Daughter/MVI_4055.MOV,59. Daughter,People,59. Daughter#2,train,include
People/59. Daughter/MVI_4056.MOV,59. Daughter,People,59. Daughter#2,train,include
People/59. Daughter/MVI_4221.MOV,59. Daughter,People,59. Daughter#3,train,include
People/59. Daughter/MVI_4934.MOV,59. Daughter,People,59. Daughter#4,test,include
People/59. Daughter/MVI_4935.MOV,59. Daughter,People,59. Daughter#4,test,include
People/59. Daughter/MVI_4936.MOV,59. Daughter,People,59. Daughter#4,test,include
People/59. Daughter/MVI_5074.MOV,59. Daughter,People,59. Daughter#5,test,include
People/59. Daughter/MVI_5075.MOV,59. Daughter,People,59. Daughter#5,test,include
People/59. Daughter/MVI_5076.MOV,59. Daughter,People,59. Daughter#5,test,include
People/59. Daughter/MVI_5221.MOV,59. Daughter,People,59. Daughter#6,test,include
People/59. Daughter/MVI_5222.MOV,59. Daughter,People,59. Daughter#6,test,include
People/59. Daughter/MVI_5223.MOV,59. Daughter,People,59. Daughter#6,test,include
People/59. Daughter/MVI_8624.MP4,59. Daughter,People,59. Daughter#7,test,include
People/60. Mother/MVI_3760.MOV,60. Mother,People,60. Mother#0,train,include
People/60. Mother/MVI_3761.MOV,60. Mother,People,60. Mother#0,train,include
People/60. Mother/MVI_3762.MOV,60. Mother,People,60. Mother#0,train,include
People/60. Mother/MVI_3906.MOV,60. Mother,People,60. Mother#1,train,include
People/60. Mother/MVI_3907.MOV,60. Mother,People,60. Mother#1,train,include
People/60. Mother/MVI_3908.MOV,60. Mother,People,60. Mother#1,train,include
People/60. Mother/MVI_4057.MOV,60. Mother,People,60. Mother#2,train,include
People/60. Mother/MVI_4058.MOV,60. Mother,People,60. Mother#2,train,include
People/60. Mother/MVI_4059.MOV,60. Mother,People,60. Mother#2,train,include
People/60. Mother/MVI_4222.MOV,60. Mother,People,60. Mother#3,train,include
People/60. Mother/MVI_4937.MOV,60. Mother,People,60. Mother#4,test,include
People/60. Mother/MVI_4938.MOV,60. Mother,People,60. Mother#4,test,include
People/60. Mother/MVI_4939.MOV,60. Mother,People,60. Mother#4,test,include
People/60. Mother/MVI_5077.MOV,60. Mother,People,60. Mother#5,test,include
People/60. Mother/MVI_5078.MOV,60. Mother,People,60. Mother#5,test,include
People/60. Mother/MVI_5079.MOV,60. Mother,People,60. Mother#5,test,include
People/60. Mother/MVI_5224.MOV,60. Mother,People,60. Mother#6,test,include
People/60. Mother/MVI_5225.MOV,60. Mother,People,60. Mother#6,test,include
People/60. Mother/MVI_5226.MOV,60. Mother,People,60. Mother#6,test,include
People/60. Mother/MVI_8625.MP4,60. Mother,People,60. Mother#7,test,include
People/61. Father/MVI_3763.MOV,61. Father,People,61. Father#0,train,include
People/61. Father/MVI_3764.MOV,61. Father,People,61. Father#0,train,include
People/61. Father/MVI_3765.MOV,61. Father,People,61. Father#0,train,include
People/61. Father/MVI_3909.MOV,61. Father,People,61. Father#1,train,include
People/61. Father/MVI_3910.MOV,61. Father,People,61. Father#1,train,include
People/61. Father/MVI_3912.MOV,61. Father,People,61. Father#1,train,include
People/61. Father/MVI_4060.MOV,61. Father,People,61. Father#2,train,include
People/61. Father/MVI_4061.MOV,61. Father,People,61. Father#2,train,include
People/61. Father/MVI_4062.MOV,61. Father,People,61. Father#2,train,include
People/61. Father/MVI_4223.MOV,61. Father,People,61. Father#3,train,include
People/61. Father/MVI_4940.MOV,61. Father,People,61. Father#4,test,include
People/61. Father/MVI_4941.MOV,61. Father,People,61. Father#4,test,include
People/61. Father/MVI_4942.MOV,61. Father,People,61. Father#4,test,include
People/61. Father/MVI_5080.MOV,61. Father,People,61. Father#5,test,include
People/61. Father/MVI_5081.MOV,61. Father,People,61. Father#5,test,include
People/61. Father/MVI_5082.MOV,61. Father,People,61. Father#5,test,include
People/61. Father/MVI_5227.MOV,61. Father,People,61. Father#6,test,include
People/61. Father/MVI_5228.MOV,61. Father,People,61. Father#6,test,include
People/61. Father/MVI_5229.MOV,61. Father,People,61. Father#6,test,include
People/61. Father/MVI_8626.MP4,61. Father,People,61. Father#7,test,include
People/62. Parent/MVI_3766.MOV,62. Parent,People,62. Parent#0,train,include
People/62. Parent/MVI_3767.MOV,62. Parent,People,62. Parent#0,train,include
People/62. Parent/MVI_3768.MOV,62. Parent,People,62. Parent#0,train,include
People/62. Parent/MVI_3914.MOV,62. Parent,People,62. Parent#1,train,include
People/62. Parent/MVI_3915.MOV,62. Parent,People,62. Parent#1,train,include
People/62. Parent/MVI_3916.MOV,62. Parent,People,62. Parent#1,train,include
People/62. Parent/MVI_4063.MOV,62. Parent,People,62. Parent#2,train,include
People/62. Parent/MVI_4064.MOV,62. Parent,People,62. Parent#2,train,include
People/62. Parent/MVI_4065.MOV,62. Parent,People,62. Parent#2,train,include
People/62. Parent/MVI_4225.MOV,62. Parent,People,62. Parent#3,train,include
People/62. Parent/MVI_4943.MOV,62. Parent,People,62. Parent#4,test,include
People/62. Parent/MVI_4944.MOV,62. Parent,People,62. Parent#4,test,include
People/62. Parent/MVI_4945.MOV,62. Parent,People,62. Parent#4,test,include
People/62. Parent/MVI_5083.MOV,62. Parent,People,62. Parent#5,test,include
People/62. Parent/MVI_5084.MOV,62. Parent,People,62. Parent#5,test,include
People/62. Parent/MVI_5085.MOV,62. Parent,People,62. Parent#5,test,include
People/62. Parent/MVI_5231.MOV,62. Parent,People,62. Parent#6,test,include
People/62. Parent/MVI_5232.MOV,62. Parent,People,62. Parent#6,test,include
People/62. Parent/MVI_5233.MOV,62. Parent,People,62. Parent#6,test,include
People/62. Parent/MVI_8627.MP4,62. Parent,People,62. Parent#7,test,include
People/63. Baby/MVI_3769.MOV,63. Baby,People,63. Baby#0,train,include
People/63. Baby/MVI_3770.MOV,63. Baby,People,63. Baby#0,train,include
People/63. Baby/MVI_3771.MOV,63. Baby,People,63. Baby#0,train,include
People/63. Baby/MVI_3917.MOV,63. Baby,People,63. Baby#1,train,include
People/63. Baby/MVI_3918.MOV,63. Baby,People,63. Baby#1,train,include
People/63. Baby/MVI_3919.MOV,63. Baby,People,63. Baby#1,train,include
People/63. Baby/MVI_4066.MOV,63. Baby,People,63. Baby#2,train,include
People/63. Baby/MVI_4067.MOV,63. Baby,People,63. Baby#2,train,include
People/63. Baby/MVI_4068.MOV,63. Baby,People,63. Baby#2,train,include
People/63. Baby/MVI_4226.MOV,63. Baby,People,63. Baby#3,train,include
People/63. Baby/MVI_4946.MOV,63. Baby,People,63. Baby#4,test,include
People/63. Baby/MVI_4947.MOV,63. Baby,People,63. Baby#4,test,include
People/63. Baby/MVI_4948.MOV,63. Baby,People,63. Baby#4,test,include
People/63. Baby/MVI_5086.MOV,63. Baby,People,63. Baby#5,test,include
People/63. Baby/MVI_5087.MOV,63. Baby,People,63. Baby#5,test,include
People/63. Baby/MVI_5088.MOV,63. Baby,People,63. Baby#5,test,include
People/63. Baby/MVI_5234.MOV,63. Baby,People,63. Baby#6,test,include
People/63. Baby/MVI_5235.MOV,63. Baby,People,63. Baby#6,test,include
People/63. Baby/MVI_5236.MOV,63. Baby,People,63. Baby#6,test,include
People/63. Baby/MVI_8628.MP4,63. Baby,People,63. Baby#7,test,include
People/64. Man/MVI_3772.MOV,64. Man,People,64. Man#0,train,include
People/64. Man/MVI_3773.MOV,64. Man,People,64. Man#0,train,include
People/64. Man/MVI_3774.MOV,64. Man,People,64. Man#0,train,include
People/64. Man/MVI_3921.MOV,64. Man,People,64. Man#1,train,include
People/64. Man/MVI_3922.MOV,64. Man,People,64. Man#1,train,include
People/64. Man/MVI_3923.MOV,64. Man,People,64. Man#1,train,include
People/64. Man/MVI_4069.MOV,64. Man,People,64. Man#2,train,include
People/64. Man/MVI_4070.MOV,64. Man,People,64. Man#2,train,include
People/64. Man/MVI_4071.MOV,64. Man,People,64. Man#2,train,include
People/64. Man/MVI_4227.MOV,64. Man,People,64. Man#3,train,include
People/64. Man/MVI_4949.MOV,64. Man,People,64. Man#4,test,include
People/64. Man/MVI_4950.MOV,64. Man,People,64. Man#4,test,include
People/64. Man/MVI_4951.MOV,64. Man,People,64. Man#4,test,include
People/64. Man/MVI_5089.MOV,64. Man,People,64. Man#5,test,include
People/64. Man/MVI_5090.MOV,64. Man,People,64. Man#5,test,include
People/64. Man/MVI_5091.MOV,64. Man,People,64. Man#5,test,include
People/64. Man/MVI_5237.MOV,64. Man,People,64. Man#6,test,include
People/64. Man/MVI_5238.MOV,64. Man,People,64. Man#6,test,include
People/64. Man/MVI_5239.MOV,64. Man,People,64. Man#6,test,include
People/64. Man/MVI_8629.MP4,64. Man,People,64. Man#7,test,include
People/65. Woman/MVI_3775.MOV,65. Woman,People,65. Woman#0,train,include
People/65. Woman/MVI_3776.MOV,65. Woman,People,65. Woman#0,train,include
People/65. Woman/MVI_3777.MOV,65. Woman,People,65. Woman#0,train,include
People/65. Woman/MVI_3924.MOV,65. Woman,People,65. Woman#1,train,include
People/65. Woman/MVI_3925.MOV,65. Woman,People,65. Woman#1,train,include
People/65. Woman/MVI_3926.MOV,65. Woman,People,65. Woman#1,train,include
People/65. Woman/MVI_4072.MOV,65. Woman,People,65. Woman#2,train,include
People/65. Woman/MVI_4073.MOV,65. Woman,People,65. Woman#2,train,include
People/65. Woman/MVI_4074.MOV,65. Woman,People,65. Woman#2,train,include
People/65. Woman/MVI_4229.MOV,65. Woman,People,65. Woman#3,train,include
People/65. Woman/MVI_4952.MOV,65. Woman,People,65. Woman#4,test,include
People/65. Woman/MVI_4953.MOV,65. Woman,People,65. Woman#4,test,include
People/65. Woman/MVI_4954.MOV,65. Woman,People,65. Woman#4,test,include
People/65. Woman/MVI_5092.MOV,65. Woman,People,65. Woman#5,test,include
People/65. Woman/MVI_5093.MOV,65. Woman,People,65. Woman#5,test,include
People/65. Woman/MVI_5094.MOV,65. Woman,People,65. Woman#5,test,include
People/65. Woman/MVI_5240.MOV,65. Woman,People,65. Woman#6,test,include
People/65. Woman/MVI_5241.MOV,65. Woman,People,65. Woman#6,test,include
People/65. Woman/MVI_5242.MOV,65. Woman,People,65. Woman#6,test,include
People/65. Woman/MVI_8630.MP4,65. Woman,People,65. Woman#7,test,include
People/66. Brother/MVI_3778.MOV,66. Brother,People,66. Brother#0,train,include
People/66. Brother/MVI_3779.MOV,66. Brother,People,66. Brother#0,train,include
People/66. Brother/MVI_3780.MOV,66. Brother,People,66. Brother#0,train,include
People/66. Brother/MVI_3781.MOV,66. Brother,People,66. Brother#0,train,include
People/66. Brother/MVI_3927.MOV,66. Brother,People,66. Brother#1,train,include
People/66. Brother/MVI_3928.MOV,66. Brother,People,66. Brother#1,train,include
People/66. Brother/MVI_3929.MOV,66. Brother,People,66. Brother#1,train,include
People/66. Brother/MVI_4075.MOV,66. Brother,People,66. Brother#2,train,include
People/66. Brother/MVI_4076.MOV,66. Brother,People,66. Brother#2,train,include
People/66. Brother/MVI_4077.MOV,66. Brother,People,66. Brother#2,train,include
People/66. Brother/MVI_4230.MOV,66. Brother,People,66. Brother#3,train,include
People/66. Brother/MVI_4955.MOV,66. Brother,People,66. Brother#4,test,include
People/66. Brother/MVI_4956.MOV,66. Brother,People,66. Brother#4,test,include
People/66. Brother/MVI_4957.MOV,66. Brother,People,66. Brother#4,test,include
People/66. Brother/MVI_5095.MOV,66. Brother,People,66. Brother#5,test,include
People/66. Brother/MVI_5096.MOV,66. Brother,People,66. Brother#5,test,include
People/66. Brother/MVI_5097.MOV,66. Brother,People,66. Brother#5,test,include
People/66. Brother/MVI_5243.MOV,66. Brother,People,66. Brother#6,test,include
People/66. Brother/MVI_5244.MOV,66. Brother,People,66. Brother#6,test,include
People/66. Brother/MVI_5245.MOV,66. Brother,People,66. Brother#6,test,include
People/66. Brother/MVI_8631.MP4,66. Brother,People,66. Brother#7,test,include
People/67. Sister/MVI_3782.MOV,67. Sister,People,67. Sister#0,train,include
People/67. Sister/MVI_3784.MOV,67. Sister,People,67. Sister#0,train,include
People/67. Sister/MVI_3785.MOV,67. Sister,People,67. Sister#0,train,include
People/67. Sister/MVI_3930.MOV,67. Sister,People,67. Sister#1,train,include
People/67. Sister/MVI_3931.MOV,67. Sister,People,67. Sister#1,train,include
People/67. Sister/MVI_3932.MOV,67. Sister,People,67. Sister#1,train,include
People/67. Sister/MVI_4078.MOV,67. Sister,People,67. Sister#2,train,include
People/67. Sister/MVI_4079.MOV,67. Sister,People,67. Sister#2,train,include
People/67. Sister/MVI_4080.MOV,67. Sister,People,67. Sister#2,train,include
People/67. Sister/MVI_4231.MOV,67. Sister,People,67. Sister#3,train,include
People/67. Sister/MVI_4958.MOV,67. Sister,People,67. Sister#4,test,include
People/67. Sister/MVI_4959.MOV,67. Sister,People,67. Sister#4,test,include
People/67. Sister/MVI_4960.MOV,67. Sister,People,67. Sister#4,test,include
People/67. Sister/MVI_5098.MOV,67. Sister,People,67. Sister#5,test,include
People/67. Sister/MVI_5099.MOV,67. Sister,People,67. Sister#5,test,include
People/67. Sister/MVI_5100.MOV,67. Sister,People,67. Sister#5,test,include
People/67. Sister/MVI_5246.MOV,67. Sister,People,67. Sister#6,test,include
People/67. Sister/MVI_5247.MOV,67. Sister,People,67. Sister#6,test,include
People/67. Sister/MVI_5248.MOV,67. Sister,People,67. Sister#6,test,include
People/67. Sister/MVI_8632.MP4,67. Sister,People,67. Sister#7,test,include
People/68. Family/MVI_3787.MOV,68. Family,People,68. Family#0,train,include
People/68. Family/MVI_3788.MOV,68. Family,People,68. Family#0,train,include
People/68. Family/MVI_3789.MOV,68. Family,People,68. Family#0,train,include
People/68. Family/MVI_3933.MOV,68. Family,People,68. Family#1,train,include
People/68. Family/MVI_3934.MOV,68. Family,People,68. Family#1,train,include
People/68. Family/MVI_3935.MOV,68. Family,People,68. Family#1,train,include
People/68. Family/MVI_4081.MOV,68. Family,People,68. Family#2,train,include
People/68. Family/MVI_4082.MOV,68. Family,People,68. Family#2,train,include
People/68. Family/MVI_4083.MOV,68. Family,People,68. Family#2,train,include
People/68. Family/MVI_4232.MOV,68. Family,People,68. Family#3,train,include
People/68. Family/MVI_5101.MOV,68. Family,People,68. Family#4,test,include
People/68. Family/MVI_5102.MOV,68. Family,People,68. Family#4,test,include
People/68. Family/MVI_5103.MOV,68. Family,People,68. Family#4,test,include
People/68. Family/MVI_5249.MOV,68. Family,People,68. Family#5,test,include
People/68. Family/MVI_5250.MOV,68. Family,People,68. Family#5,test,include
People/68. Family/MVI_5251.MOV,68. Family,People,68. Family#5,test,include
People/68. Family/MVI_8635.MP4,68. Family,People,68. Family#6,test,include
People/69. Grandfather/MVI_3790.MOV,69. Grandfather,People,69. Grandfather#0,train,include
People/69. Grandfather/MVI_3791.MOV,69. Grandfather,People,69. Grandfather#0,train,include
People/69. Grandfather/MVI_3792.MOV,69. Grandfather,People,69. Grandfather#0,train,include
People/69. Grandfather/MVI_3937.MOV,69. Grandfather,People,69. Grandfather#1,train,include
People/69. Grandfather/MVI_3938.MOV,69. Grandfather,People,69. Grandfather#1,train,include
People/69. Grandfather/MVI_3939.MOV,69. Grandfather,People,69. Grandfather#1,train,include
People/69. Grandfather/MVI_4084.MOV,69. Grandfather,People,69. Grandfather#2,train,include
People/69. Grandfather/MVI_4085.MOV,69. Grandfather,People,69. Grandfather#2,train,include
People/69. Grandfather/MVI_4086.MOV,69. Grandfather,People,69. Grandfather#2,train,include
People/69. Grandfather/MVI_4234.MOV,69. Grandfather,People,69. Grandfather#3,train,include
People/69. Grandfather/MVI_5104.MOV,69. Grandfather,People,69. Grandfather#4,test,include
People/69. Grandfather/MVI_5105.MOV,69. Grandfather,People,69. Grandfather#4,test,include
People/69. Grandfather/MVI_5106.MOV,69. Grandfather,People,69. Grandfather#4,test,include
People/69. Grandfather/MVI_5252.MOV,69. Grandfather,People,69. Grandfather#5,test,include
People/69. Grandfather/MVI_5255.MOV,69. Grandfather,People,69. Grandfather#5,test,include
People/69. Grandfather/MVI_5256.MOV,69. Grandfather,People,69. Grandfather#5,test,include
People/69. Grandfather/MVI_8636.MP4,69. Grandfather,People,69. Grandfather#6,test,include
People/70. Grandmother/MVI_3793.MOV,70. Grandmother,People,70. Grandmother#0,train,include
People/70. Grandmother/MVI_3794.MOV,70. Grandmother,People,70. Grandmother#0,train,include
People/70. Grandmother/MVI_3795.MOV,70. Grandmother,People,70. Grandmother#0,train,include
People/70. Grandmother/MVI_3940.MOV,70. Grandmother,People,70. Grandmother#1,train,include
People/70. Grandmother/MVI_3941.MOV,70. Grandmother,People,70. Grandmother#1,train,include
People/70. Grandmother/MVI_3942.MOV,70. Grandmother,People,70. Grandmother#1,train,include
People/70. Grandmother/MVI_4087.MOV,70. Grandmother,People,70. Grandmother#2,train,include
People/70. Grandmother/MVI_4088.MOV,70. Grandmother,People,70. Grandmother#2,train,include
People/70. Grandmother/MVI_4089.MOV,70. Grandmother,People,70. Grandmother#2,train,include
People/70. Grandmother/MVI_4235.MOV,70. Grandmother,People,70. Grandmother#3,train,include
People/70. Grandmother/MVI_5107.MOV,70. Grandmother,People,70. Grandmother#4,test,include
People/70. Grandmother/MVI_5108.MOV,70. Grandmother,People,70. Grandmother#4,test,include
People/70. Grandmother/MVI_5109.MOV,70. Grandmother,People,70. Grandmother#4,test,include
People/70. Grandmother/MVI_5257.MOV,70. Grandmother,People,70. Grandmother#5,test,include
People/70. Grandmother/MVI_5258.MOV,70. Grandmother,People,70. Grandmother#5,test,include
People/70. Grandmother/MVI_5260.MOV,70. Grandmother,People,70. Grandmother#5,test,include
People/70. Grandmother/MVI_8637.MP4,70. Grandmother,People,70. Grandmother#6,test,include
People/71. Husband/MVI_3796.MOV,71. Husband,People,71. Husband#0,train,include
People/71. Husband/MVI_3797.MOV,71. Husband,People,71. Husband#0,train,include
People/71. Husband/MVI_3798.MOV,71. Husband,People,71. Husband#0,train,include
People/71. Husband/MVI_3943.MOV,71. Husband,People,71. Husband#1,train,include
People/71. Husband/MVI_3944.MOV,71. Husband,People,71. Husband#1,train,include
People/71. Husband/MVI_3945.MOV,71. Husband,People,71. Husband#1,train,include
People/71. Husband/MVI_4090.MOV,71. Husband,People,71. Husband#2,train,include
People/71. Husband/MVI_4091.MOV,71. Husband,People,71. Husband#2,train,include
People/71. Husband/MVI_4092.MOV,71. Husband,People,71. Husband#2,train,include
People/71. Husband/MVI_4236.MOV,71. Husband,People,71. Husband#3,train,include
People/71. Husband/MVI_4961.MOV,71. Husband,People,71. Husband#4,test,include
People/71. Husband/MVI_4962.MOV,71. Husband,People,71. Husband#4,test,include
People/71. Husband/MVI_4963.MOV,71. Husband,People,71. Husband#4,test,include
People/71. Husband/MVI_5112.MOV,71. Husband,People,71. Husband#5,test,include
People/71. Husband/MVI_5113.MOV,71. Husband,People,71. Husband#5,test,include
People/71. Husband/MVI_5114.MOV,71. Husband,People,71. Husband#5,test,include
People/71. Husband/MVI_5261.MOV,71. Husband,People,71. Husband#6,test,include
People/71. Husband/MVI_5262.MOV,71. Husband,People,71. Husband#6,test,include
People/71. Husband/MVI_5263.MOV,71. Husband,People,71. Husband#6,test,include
People/71. Husband/MVI_8638.MP4,71. Husband,People,71. Husband#7,test,include
People/72. Wife/MVI_3799.MOV,72. Wife,People,72. Wife#0,train,include
People/72. Wife/MVI_3800.MOV,72. Wife,People,72. Wife#0,train,include
People/72. Wife/MVI_3801.MOV,72. Wife,People,72. Wife#0,train,include
People/72. Wife/MVI_3947.MOV,72. Wife,People,72. Wife#1,train,include
People/72. Wife/MVI_3948.MOV,72. Wife,People,72. Wife#1,train,include
People/72. Wife/MVI_3949.MOV,72. Wife,People,72. Wife#1,train,include
People/72. Wife/MVI_4093.MOV,72. Wife,People,72. Wife#2,train,include
People/72. Wife/MVI_4094.MOV,72. Wife,People,72. Wife#2,train,include
People/72. Wife/MVI_4095.MOV,72. Wife,People,72. Wife#2,train,include
People/72. Wife/MVI_4237.MOV,72. Wife,People,72. Wife#3,train,include
People/72. Wife/MVI_4964.MOV,72. Wife,People,72. Wife#4,test,include
People/72. Wife/MVI_4965.MOV,72. Wife,People,72. Wife#4,test,include
People/72. Wife/MVI_4967.MOV,72. Wife,People,72. Wife#4,test,include
People/72. Wife/MVI_5117.MOV,72. Wife,People,72. Wife#5,test,include
People/72. Wife/MVI_5118.MOV,72. Wife,People,72. Wife#5,test,include
People/72. Wife/MVI_5119.MOV,72. Wife,People,72. Wife#5,test,include
People/72. Wife/MVI_5264.MOV,72. Wife,People,72. Wife#6,test,include
People/72. Wife/MVI_5265.MOV,72. Wife,People,72. Wife#6,test,include
People/72. Wife/MVI_5266.MOV,72. Wife,People,72. Wife#6,test,include
People/72. Wife/MVI_8639.MP4,72. Wife,People,72. Wife#7,test,include
People/73. King/MVI_3802.MOV,73. King,People,73. King#0,train,include
People/73. King/MVI_3803.MOV,73. King,People,73. King#0,train,include
People/73. King/MVI_3804.MOV,73. King,People,73. King#0,train,include
People/73. King/MVI_3950.MOV,73. King,People,73. King#1,train,include
People/73. King/MVI_3951.MOV,73. King,People,73. King#1,train,include
People/73. King/MVI_3952.MOV,73. King,People,73. King#1,train,include
People/73. King/MVI_4096.MOV,73. King,People,73. King#2,train,include
People/73. King/MVI_4097.MOV,73. King,People,73. King#2,train,include
People/73. King/MVI_4098.MOV,73. King,People,73. King#2,train,include
People/73. King/MVI_4238.MOV,73. King,People,73. King#3,train,include
People/73. King/MVI_4968.MOV,73. King,People,73. King#4,test,include
People/73. King/MVI_4969.MOV,73. King,People,73. King#4,test,include
People/73. King/MVI_4970.MOV,73. King,People,73. King#4,test,include
People/73. King/MVI_5120.MOV,73. King,People,73. King#5,test,include
People/73. King/MVI_5121.MOV,73. King,People,73. King#5,test,include
People/73. King/MVI_5122.MOV,73. King,People,73. King#5,test,include
People/73. King/MVI_5268.MOV,73. King,People,73. King#6,test,include
People/73. King/MVI_5269.MOV,73. King,People,73. King#6,test,include
People/73. King/MVI_5270.MOV,73. King,People,73. King#6,test,include
People/73. King/MVI_8640.MP4,73. King,People,73. King#7,test,include
People/74. Queen/MVI_3805.MOV,74. Queen,People,74. Queen#0,train,include
People/74. Queen/MVI_3806.MOV,74. Queen,People,74. Queen#0,train,include
People/74. Queen/MVI_3807.MOV,74. Queen,People,74. Queen#0,train,include
People/74. Queen/MVI_3953.MOV,74. Queen,People,74. Queen#1,train,include
People/74. Queen/MVI_3954.MOV,74. Queen,People,74. Queen#1,train,include
People/74. Queen/MVI_3955.MOV,74. Queen,People,74. Queen#1,train,include
People/74. Queen/MVI_4099.MOV,74. Queen,People,74. Queen#2,train,include
People/74. Queen/MVI_4100.MOV,74. Queen,People,74. Queen#2,train,include
People/74. Queen/MVI_4101.MOV,74. Queen,People,74. Queen#2,train,include
People/74. Queen/MVI_4239.MOV,74. Queen,People,74. Queen#3,train,include
People/74. Queen/MVI_4972.MOV,74. Queen,People,74. Queen#4,test,include
People/74. Queen/MVI_4973.MOV,74. Queen,People,74. Queen#4,test,include
People/74. Queen/MVI_4974.MOV,74. Queen,People,74. Queen#4,test,include
People/74. Queen/MVI_5123.MOV,74. Queen,People,74. Queen#5,test,include
People/74. Queen/MVI_5124.MOV,74. Queen,People,74. Queen#5,test,include
People/74. Queen/MVI_5125.MOV,74. Queen,People,74. Queen#5,test,include
People/74. Queen/MVI_5271.MOV,74. Queen,People,74. Queen#6,test,include
People/74. Queen/MVI_5272.MOV,74. Queen,People,74. Queen#6,test,include
People/74. Queen/MVI_5273.MOV,74. Queen,People,74. Queen#6,test,include
People/74. Queen/MVI_8641.MP4,74. Queen,People,74. Queen#7,test,include
People/75. President/MVI_3808.MOV,75. President,People,75. President#0,train,include
People/75. President/MVI_3809.MOV,75. President,People,75. President#0,train,include
People/75. President/MVI_3810.MOV,75. President,People,75. President#0,train,include
People/75. President/MVI_3956.MOV,75. President,People,75. President#1,train,include
People/75. President/MVI_3957.MOV,75. President,People,75. President#1,train,include
People/75. President/MVI_3958.MOV,75. President,People,75. President#1,train,include
People/75. President/MVI_4102.MOV,75. President,People,75. President#2,train,include
People/75. President/MVI_4103.MOV,75. President,People,75. President#2,train,include
People/75. President/MVI_4104.MOV,75. President,People,75. President#2,train,include
People/75. President/MVI_4240.MOV,75. President,People,75. President#3,train,include
People/75. President/MVI_4975.MOV,75. President,People,75. President#4,test,include
People/75. President/MVI_4976.MOV,75. President,People,75. President#4,test,include
People/75. President/MVI_4977.MOV,75. President,People,75. President#4,test,include
People/75. President/MVI_5126.MOV,75. President,People,75. President#5,test,include
People/75. President/MVI_5127.MOV,75. President,People,75. President#5,test,include
People/75. President/MVI_5128.MOV,75. President,People,75. President#5,test,include
People/75. President/MVI_5274.MOV,75. President,People,75. President#6,test,include
People/75. President/MVI_5275.MOV,75. President,People,75. President#6,test,include
People/75. President/MVI_5276.MOV,75. President,People,75. President#6,test,include
People/75. President/MVI_8642.MP4,75. President,People,75. President#7,test,include
People/76. Neighbour/MVI_3811.MOV,76. Neighbour,People,76. Neighbour#0,train,include
People/76. Neighbour/MVI_3812.MOV,76. Neighbour,People,76. Neighbour#0,train,include
People/76. Neighbour/MVI_3813.MOV,76. Neighbour,People,76. Neighbour#0,train,include
People/76. Neighbour/MVI_3959.MOV,76. Neighbour,People,76. Neighbour#1,train,include
People/76. Neighbour/MVI_3960.MOV,76. Neighbour,People,76. Neighbour#1,train,include
People/76. Neighbour/MVI_3961.MOV,76. Neighbour,People,76. Neighbour#1,train,include
People/76. Neighbour/MVI_4105.MOV,76. Neighbour,People,76. Neighbour#2,train,include
People/76. Neighbour/MVI_4106.MOV,76. Neighbour,People,76. Neighbour#2,train,include
People/76. Neighbour/MVI_4107.MOV,76. Neighbour,People,76. Neighbour#2,train,include
People/76. Neighbour/MVI_4241.MOV,76. Neighbour,People,76. Neighbour#3,train,include
People/76. Neighbour/MVI_4978.MOV,76. Neighbour,People,76. Neighbour#4,test,include
People/76. Neighbour/MVI_4979.MOV,76. Neighbour,People,76. Neighbour#4,test,include
People/76. Neighbour/MVI_4980.MOV,76. Neighbour,People,76. Neighbour#4,test,include
People/76. Neighbour/MVI_5129.MOV,76. Neighbour,People,76. Neighbour#5,test,include
People/76. Neighbour/MVI_5130.MOV,76. Neighbour,People,76. Neighbour#5,test,include
People/76. Neighbour/MVI_5131.MOV,76. Neighbour,People,76. Neighbour#5,test,include
People/76. Neighbour/MVI_5277.MOV,76. Neighbour,People,76. Neighbour#6,test,include
People/76. Neighbour/MVI_5278.MOV,76. Neighbour,People,76. Neighbour#6,test,include
People/76. Neighbour/MVI_5279.MOV,76. Neighbour,People,76. Neighbour#6,test,include
People/76. Neighbour/MVI_8643.MP4,76. Neighbour,People,76. Neighbour#7,test,include
People/77. Boy/MVI_3814.MOV,77. Boy,People,77. Boy#0,train,include
People/77. Boy/MVI_3815.MOV,77. Boy,People,77. Boy#0,train,include
People/77. Boy/MVI_3816.MOV,77. Boy,People,77. Boy#0,train,include
People/77. Boy/MVI_3962.MOV,77. Boy,People,77. Boy#1,train,include
People/77. Boy/MVI_3963.MOV,77. Boy,People,77. Boy#1,train,include
People/77. Boy/MVI_3964.MOV,77. Boy,People,77. Boy#1,train,include
People/77. Boy/MVI_4109.MOV,77. Boy,People,77. Boy#2,train,include
People/77. Boy/MVI_4110.MOV,77. Boy,People,77. Boy#2,train,include
People/77. Boy/MVI_4111.MOV,77. Boy,People,77. Boy#2,train,include
People/77. Boy/MVI_4112.MOV,77. Boy,People,77. Boy#2,train,include
People/77. Boy/MVI_4242.MOV,77. Boy,People,77. Boy#3,train,include
People/77. Boy/MVI_4981.MOV,77. Boy,People,77. Boy#4,test,include
People/77. Boy/MVI_4982.MOV,77. Boy,People,77. Boy#4,test,include
People/77. Boy/MVI_4983.MOV,77. Boy,People,77. Boy#4,test,include
People/77. Boy/MVI_5132.MOV,77. Boy,People,77. Boy#5,test,include
People/77. Boy/MVI_5133.MOV,77. Boy,People,77. Boy#5,test,include
People/77. Boy/MVI_5134.MOV,77. Boy,People,77. Boy#5,test,include
People/77. Boy/MVI_5285.MOV,77. Boy,People,77. Boy#6,test,include
People/77. Boy/MVI_5286.MOV,77. Boy,People,77. Boy#6,test,include
People/77. Boy/MVI_5287.MOV,77. Boy,People,77. Boy#6,test,include
People/77. Boy/MVI_8644.MP4,77. Boy,People,77. Boy#7,test,include
People/78. Girl/MVI_3817.MOV,78. Girl,People,78. Girl#0,train,include
People/78. Girl/MVI_3818.MOV,78. Girl,People,78. Girl#0,train,include
People/78. Girl/MVI_3819.MOV,78. Girl,People,78. Girl#0,train,include
People/78. Girl/MVI_3965.MOV,78. Girl,People,78. Girl#1,train,include
People/78. Girl/MVI_3966.MOV,78. Girl,People,78. Girl#1,train,include
People/78. Girl/MVI_3967.MOV,78. Girl,People,78. Girl#1,train,include
People/78. Girl/MVI_4113.MOV,78. Girl,People,78. Girl#2,train,include
People/78. Girl/MVI_4114.MOV,78. Girl,People,78. Girl#2,train,include
People/78. Girl/MVI_4115.MOV,78. Girl,People,78. Girl#2,train,include
People/78. Girl/MVI_4243.MOV,78. Girl,People,78. Girl#3,train,include
People/78. Girl/MVI_4984.MOV,78. Girl,People,78. Girl#4,test,include
People/78. Girl/MVI_4985.MOV,78. Girl,People,78. Girl#4,test,include
People/78. Girl/MVI_4986.MOV,78. Girl,People,78. Girl#4,test,include
People/78. Girl/MVI_5135.MOV,78. Girl,People,78. Girl#5,test,include
People/78. Girl/MVI_5136.MOV,78. Girl,People,78. Girl#5,test,include
People/78. Girl/MVI_5137.MOV,78. Girl,People,78. Girl#5,test,include
People/78. Girl/MVI_5288.MOV,78. Girl,People,78. Girl#6,test,include
People/78. Girl/MVI_5289.MOV,78. Girl,People,78. Girl#6,test,include
People/78. Girl/MVI_5290.MOV,78. Girl,People,78. Girl#6,test,include
People/78. Girl/MVI_8645.MP4,78. Girl,People,78. Girl#7,test,include
People/79. Child/MVI_3820.MOV,79. Child,People,79. Child#0,train,include
People/79. Child/MVI_3821.MOV,79. Child,People,79. Child#0,train,include
People/79. Child/MVI_3822.MOV,79. Child,People,79. Child#0,train,include
People/79. Child/MVI_3968.MOV,79. Child,People,79. Child#1,train,include
People/79. Child/MVI_3969.MOV,79. Child,People,79. Child#1,train,include
People/79. Child/MVI_3970.MOV,79. Child,People,79. Child#1,train,include
People/79. Child/MVI_4116.MOV,79. Child,People,79. Child#2,train,include
People/79. Child/MVI_4117.MOV,79. Child,People,79. Child#2,train,include
People/79. Child/MVI_4118.MOV,79. Child,People,79. Child#2,train,include
People/79. Child/MVI_4244.MOV,79. Child,People,79. Child#3,train,include
People/79. Child/MVI_4991.MOV,79. Child,People,79. Child#4,test,include
People/79. Child/MVI_4992.MOV,79. Child,People,79. Child#4,test,include
People/79. Child/MVI_4993.MOV,79. Child,People,79. Child#4,test,include
People/79. Child/MVI_5138.MOV,79. Child,People,79. Child#5,test,include
People/79. Child/MVI_5139.MOV,79. Child,People,79. Child#5,test,include
People/79. Child/MVI_5140.MOV,79. Child,People,79. Child#5,test,include
People/79. Child/MVI_5293.MOV,79. Child,People,79. Child#6,test,include
People/79. Child/MVI_5294.MOV,79. Child,People,79. Child#6,test,include
People/79. Child/MVI_5295.MOV,79. Child,People,79. Child#6,test,include
People/79. Child/MVI_8646.MP4,79. Child,People,79. Child#7,test,include
People/80. Adult/MVI_3823.MOV,80. Adult,People,80. Adult#0,train,include
People/80. Adult/MVI_3824.MOV,80. Adult,People,80. Adult#0,train,include
People/80. Adult/MVI_3825.MOV,80. Adult,People,80. Adult#0,train,include
People/80. Adult/MVI_3971.MOV,80. Adult,People,80. Adult#1,train,include
People/80. Adult/MVI_3972.MOV,80. Adult,People,80. Adult#1,train,include
People/80. Adult/MVI_3973.MOV,80. Adult,People,80. Adult#1,train,include
People/80. Adult/MVI_4119.MOV,80. Adult,People,80. Adult#2,train,include
People/80. Adult/MVI_4120.MOV,80. Adult,People,80. Adult#2,train,include
People/80. Adult/MVI_4121.MOV,80. Adult,People,80. Adult#2,train,include
People/80. Adult/MVI_4245.MOV,80. Adult,People,80. Adult#3,train,include
People/80. Adult/MVI_4994.MOV,80. Adult,People,80. Adult#4,test,include
People/80. Adult/MVI_4995.MOV,80. Adult,People,80. Adult#4,test,include
People/80. Adult/MVI_4996.MOV,80. Adult,People,80. Adult#4,test,include
People/80. Adult/MVI_5141.MOV,80. Adult,People,80. Adult#5,test,include
People/80. Adult/MVI_5142.MOV,80. Adult,People,80. Adult#5,test,include
People/80. Adult/MVI_5143.MOV,80. Adult,People,80. Adult#5,test,include
People/80. Adult/MVI_5296.MOV,80. Adult,People,80. Adult#6,test,include
People/80. Adult/MVI_5297.MOV,80. Adult,People,80. Adult#6,test,include
People/80. Adult/MVI_5298.MOV,80. Adult,People,80. Adult#6,test,include
People/80. Adult/MVI_8647.MP4,80. Adult,People,80. Adult#7,test,include
People/81. Friend/MVI_3826.MOV,81. Friend,People,81. Friend#0,train,include
People/81. Friend/MVI_3827.MOV,81. Friend,People,81. Friend#0,train,include
People/81. Friend/MVI_3828.MOV,81. Friend,People,81. Friend#0,train,include
People/81. Friend/MVI_3975.MOV,81. Friend,People,81. Friend#1,train,include
People/81. Friend/MVI_3976.MOV,81. Friend,People,81. Friend#1,train,include
People/81. Friend/MVI_3977.MOV,81. Friend,People,81. Friend#1,train,include
People/81. Friend/MVI_4122.MOV,81. Friend,People,81. Friend#2,train,include
People/81. Friend/MVI_4123.MOV,81. Friend,People,81. Friend#2,train,include
People/81. Friend/MVI_4124.MOV,81. Friend,People,81. Friend#2,train,include
People/81. Friend/MVI_4246.MOV,81. Friend,People,81. Friend#3,train,include
People/81. Friend/MVI_4997.MOV,81. Friend,People,81. Friend#4,test,include
People/81. Friend/MVI_4998.MOV,81. Friend,People,81. Friend#4,test,include
People/81. Friend/MVI_4999.MOV,81. Friend,People,81. Friend#4,test,include
People/81. Friend/MVI_5145.MOV,81. Friend,People,81. Friend#5,test,include
People/81. Friend/MVI_5146.MOV,81. Friend,People,81. Friend#5,test,include
People/81. Friend/MVI_5147.MOV,81. Friend,People,81. Friend#5,test,include
People/81. Friend/MVI_5299.MOV,81. Friend,People,81. Friend#6,test,include
People/81. Friend/MVI_5300.MOV,81. Friend,People,81. Friend#6,test,include
People/81. Friend/MVI_5301.MOV,81. Friend,People,81. Friend#6,test,include
People/81. Friend/MVI_8648.MP4,81. Friend,People,81. Friend#7,test,include
People/82. Player/MVI_3829.MOV,82. Player,People,82. Player#0,train,include
People/82. Player/MVI_3830.MOV,82. Player,People,82. Player#0,train,include
People/82. Player/MVI_3831.MOV,82. Player,People,82. Player#0,train,include
People/82. Player/MVI_3978.MOV,82. Player,People,82. Player#1,train,include
People/82. Player/MVI_3979.MOV,82. Player,People,82. Player#1,train,include
People/82. Player/MVI_3980.MOV,82. Player,People,82. Player#1,train,include
People/82. Player/MVI_4125.MOV,82. Player,People,82. Player#2,train,include
People/82. Player/MVI_4126.MOV,82. Player,People,82. Player#2,train,include
People/82. Player/MVI_4127.MOV,82. Player,People,82. Player#2,train,include
People/82. Player/MVI_4247.MOV,82. Player,People,82. Player#3,train,include
People/82. Player/MVI_5000.MOV,82. Player,People,82. Player#4,test,include
People/82. Player/MVI_5001.MOV,82. Player,People,82. Player#4,test,include
People/82. Player/MVI_5002.MOV,82. Player,People,82. Player#4,test,include
People/82. Player/MVI_5148.MOV,82. Player,People,82. Player#5,test,include
People/82. Player/MVI_5149.MOV,82. Player,People,82. Player#5,test,include
People/82. Player/MVI_5150.MOV,82. Player,People,82. Player#5,test,include
People/82. Player/MVI_5303.MOV,82. Player,People,82. Player#6,test,include
People/82. Player/MVI_5304.MOV,82. Player,People,82. Player#6,test,include
People/82. Player/MVI_5305.MOV,82. Player,People,82. Player#6,test,include
People/82. Player/MVI_8649.MP4,82. Player,People,82. Player#7,test,include
People/83. Crowd/MVI_3832.MOV,83. Crowd,People,83. Crowd#0,train,include
People/83. Crowd/MVI_3833.MOV,83. Crowd,People,83. Crowd#0,train,include
People/83. Crowd/MVI_3834.MOV,83. Crowd,People,83. Crowd#0,train,include
People/83. Crowd/MVI_3981.MOV,83. Crowd,People,83. Crowd#1,train,include
People/83. Crowd/MVI_3982.MOV,83. Crowd,People,83. Crowd#1,train,include
People/83. Crowd/MVI_3983.MOV,83. Crowd,People,83. Crowd#1,train,include
People/83. Crowd/MVI_4128.MOV,83. Crowd,People,83. Crowd#2,train,include
People/83. Crowd/MVI_4129.MOV,83. Crowd,People,83. Crowd#2,train,include
People/83. Crowd/MVI_4130.MOV,83. Crowd,People,83. Crowd#2,train,include
People/83. Crowd/MVI_4248.MOV,83. Crowd,People,83. Crowd#3,train,include
People/83. Crowd/MVI_5003.MOV,83. Crowd,People,83. Crowd#4,test,include
People/83. Crowd/MVI_5004.MOV,83. Crowd,People,83. Crowd#4,test,include
People/83. Crowd/MVI_5005.MOV,83. Crowd,People,83. Crowd#4,test,include
People/83. Crowd/MVI_5151.MOV,83. Crowd,People,83. Crowd#5,test,include
People/83. Crowd/MVI_5152.MOV,83. Crowd,People,83. Crowd#5,test,include
People/83. Crowd/MVI_5153.MOV,83. Crowd,People,83. Crowd#5,test,include
People/83. Crowd/MVI_5306.MOV,83. Crowd,People,83. Crowd#6,test,include
People/83. Crowd/MVI_5307.MOV,83. Crowd,People,83. Crowd#6,test,include
People/83. Crowd/MVI_5308.MOV,83. Crowd,People,83. Crowd#6,test,include
People/83. Crowd/MVI_8650.MP4,83. Crowd,People,83. Crowd#7,test,include
Pronouns/40. I/MVI_0001.MOV,40. I,Pronouns,40. I#0,test,include
Pronouns/40. I/MVI_0002.MOV,40. I,Pronouns,40. I#0,test,include
Pronouns/40. I/MVI_0003.MOV,40. I,Pronouns,40. I#0,test,include
Pronouns/40. I/MVI_0012.MOV,40. I,Pronouns,40. I#1,test,include
Pronouns/40. I/MVI_0013.MOV,40. I,Pronouns,40. I#1,test,include
Pronouns/40. I/MVI_0014.MOV,40. I,Pronouns,40. I#1,test,include
Pronouns/40. I/MVI_0064.MOV,40. I,Pronouns,40. I#2,test,include
Pronouns/40. I/MVI_0065.MOV,40. I,Pronouns,40. I#2,test,include
Pronouns/40. I/MVI_0066.MOV,40. I,Pronouns,40. I#2,test,include
Pronouns/40. I/MVI_9878.MOV,40. I,Pronouns,40. I#3,train,include
Pronouns/40. I/MVI_9879.MOV,40. I,Pronouns,40. I#3,train,include
Pronouns/40. I/MVI_9880.MOV,40. I,Pronouns,40. I#3,train,include
Pronouns/40. I/MVI_9881.MOV,40. I,Pronouns,40. I#3,train,include
Pronouns/40. I/MVI_9918.MOV,40. I,Pronouns,40. I#4,train,include
Pronouns/40. I/MVI_9919.MOV,40. I,Pronouns,40. I#4,train,include
Pronouns/40. I/MVI_9920.MOV,40. I,Pronouns,40. I#4,train,include
Pronouns/40. I/MVI_9922.MOV,40. I,Pronouns,40. I#4,train,include
Pronouns/40. I/MVI_9957.MOV,40. I,Pronouns,40. I#5,train,include
Pronouns/40. I/MVI_9958.MOV,40. I,Pronouns,40. I#5,train,include
Pronouns/40. I/MVI_9959.MOV,40. I,Pronouns,40. I#5,train,include
Pronouns/40. I/MVI_9995.MOV,40. I,Pronouns,40. I#6,train,include
Pronouns/41. you/MVI_0015.MOV,41. you,Pronouns,41. you#0,test,include
Pronouns/41. you/MVI_0016.MOV,41. you,Pronouns,41. you#0,test,include
Pronouns/41. you/MVI_0017.MOV,41. you,Pronouns,41. you#0,test,include
Pronouns/41. you/MVI_0067.MOV,41. you,Pronouns,41. you#1,test,include
Pronouns/41. you/MVI_0068.MOV,41. you,Pronouns,41. you#1,test,include
Pronouns/41. you/MVI_0069.MOV,41. you,Pronouns,41. you#1,test,include
Pronouns/41. you/MVI_9885.MOV,41. you,Pronouns,41. you#2,train,include
Pronouns/41. you/MVI_9886.MOV,41. you,Pronouns,41. you#2,train,include
Pronouns/41. you/MVI_9887.MOV,41. you,Pronouns,41. you#2,train,include
Pronouns/41. you/MVI_9888.MOV,41. you,Pronouns,41. you#2,train,include
Pronouns/41. you/MVI_9923.MOV,41. you,Pronouns,41. you#3,train,include
Pronouns/41. you/MVI_9924.MOV,41. you,Pronouns,41. you#3,train,include
Pronouns/41. you/MVI_9925.MOV,41. you,Pronouns,41. you#3,train,include
Pronouns/41. you/MVI_9926.MOV,41. you,Pronouns,41. you#3,train,include
Pronouns/41. you/MVI_9960.MOV,41. you,Pronouns,41. you#4,train,include
Pronouns/41. you/MVI_9961.MOV,41. you,Pronouns,41. you#4,train,include
Pronouns/41. you/MVI_9962.MOV,41. you,Pronouns,41. you#4,train,include
Pronouns/41. you/MVI_9996.MOV,41. you,Pronouns,41. you#5,train,include
Pronouns/41. you/MVI_9997.MOV,41. you,Pronouns,41. you#5,train,include
Pronouns/41. you/MVI_9998.MOV,41. you,Pronouns,41. you#5,train,include
Pronouns/41. you/MVI_9999.MOV,41. you,Pronouns,41. you#5,train,include
Pronouns/42. he/MVI_0005.MOV,42. he,Pronouns,42. he#0,test,include
Pronouns/42. he/MVI_0006.MOV,42. he,Pronouns,42. he#0,test,include
Pronouns/42. he/MVI_0007.MOV,42. he,Pronouns,42. he#0,test,include
Pronouns/42. he/MVI_0008.MOV,42. he,Pronouns,42. he#0,test,include
Pronouns/42. he/MVI_0018.MOV,42. he,Pronouns,42. he#1,test,include
Pronouns/42. he/MVI_0019.MOV,42. he,Pronouns,42. he#1,test,include
Pronouns/42. he/MVI_0020.MOV,42. he,Pronouns,42. he#1,test,include
Pronouns/42. he/MVI_0070.MOV,42. he,Pronouns,42. he#2,test,include
Pronouns/42. he/MVI_0071.MOV,42. he,Pronouns,42. he#2,test,include
Pronouns/42. he/MVI_0072.MOV,42. he,Pronouns,42. he#2,test,include
Pronouns/42. he/MVI_9889.MOV,42. he,Pronouns,42. he#3,train,include
Pronouns/42. he/MVI_9890.MOV,42. he,Pronouns,42. he#3,train,include
Pronouns/42. he/MVI_9891.MOV,42. he,Pronouns,42. he#3,train,include
Pronouns/42. he/MVI_9892.MOV,42. he,Pronouns,42. he#3,train,include
Pronouns/42. he/MVI_9927.MOV,42. he,Pronouns,42. he#4,train,include
Pronouns/42. he/MVI_9928.MOV,42. he,Pronouns,42. he#4,train,include
Pronouns/42. he/MVI_9930.MOV,42. he,Pronouns,42. he#4,train,include
Pronouns/42. he/MVI_9931.MOV,42. he,Pronouns,42. he#4,train,include
Pronouns/42. he/MVI_9963.MOV,42. he,Pronouns,42. he#5,train,include
Pronouns/42. he/MVI_9964.MOV,42. he,Pronouns,42. he#5,train,include
Pronouns/42. he/MVI_9965.MOV,42. he,Pronouns,42. he#5,train,include
Pronouns/43. she/MVI_0009.MOV,43. she,Pronouns,43. she#0,test,include
Pronouns/43. she/MVI_0010.MOV,43. she,Pronouns,43. she#0,test,include
Pronouns/43. she/MVI_0011.MOV,43. she,Pronouns,43. she#0,test,include
Pronouns/43. she/MVI_0012.MOV,43. she,Pronouns,43. she#0,test,include
Pronouns/43. she/MVI_0021.MOV,43. she,Pronouns,43. she#1,test,include
Pronouns/43. she/MVI_0022.MOV,43. she,Pronouns,43. she#1,test,include
Pronouns/43. she/MVI_0023.MOV,43. she,Pronouns,43. she#1,test,include
Pronouns/43. she/MVI_0073.MOV,43. she,Pronouns,43. she#2,test,include
Pronouns/43. she/MVI_0074.MOV,43. she,Pronouns,43. she#2,test,include
Pronouns/43. she/MVI_0075.MOV,43. she,Pronouns,43. she#2,test,include
Pronouns/43. she/MVI_9893.MOV,43. she,Pronouns,43. she#3,train,include
Pronouns/43. she/MVI_9894.MOV,43. she,Pronouns,43. she#3,train,include
Pronouns/43. she/MVI_9895.MOV,43. she,Pronouns,43. she#3,train,include
Pronouns/43. she/MVI_9896.MOV,43. she,Pronouns,43. she#3,train,include
Pronouns/43. she/MVI_9932.MOV,43. she,Pronouns,43. she#4,train,include
Pronouns/43. she/MVI_9933.MOV,43. she,Pronouns,43. she#4,train,include
Pronouns/43. she/MVI_9934.MOV,43. she,Pronouns,43. she#4,train,include
Pronouns/43. she/MVI_9935.MOV,43. she,Pronouns,43. she#4,train,include
Pronouns/43. she/MVI_9966.MOV,43. she,Pronouns,43. she#5,train,include
Pronouns/43. she/MVI_9967.MOV,43. she,Pronouns,43. she#5,train,include
Pronouns/43. she/MVI_9968.MOV,43. she,Pronouns,43. she#5,train,include
Pronouns/44. it/MVI_0013.MOV,44. it,Pronouns,44. it#0,test,include
Pronouns/44. it/MVI_0014.MOV,44. it,Pronouns,44. it#0,test,include
Pronouns/44. it/MVI_0015.MOV,44. it,Pronouns,44. it#0,test,include
Pronouns/44. it/MVI_0016.MOV,44. it,Pronouns,44. it#0,test,include
Pronouns/44. it/MVI_0024.MOV,44. it,Pronouns,44. it#1,test,include
Pronouns/44. it/MVI_0025.MOV,44. it,Pronouns,44. it#1,test,include
Pronouns/44. it/MVI_0026.MOV,44. it,Pronouns,44. it#1,test,include
Pronouns/44. it/MVI_0076.MOV,44. it,Pronouns,44. it#2,test,include
Pronouns/44. it/MVI_0077.MOV,44. it,Pronouns,44. it#2,test,include
Pronouns/44. it/MVI_0078.MOV,44. it,Pronouns,44. it#2,test,include
Pronouns/44. it/MVI_9897.MOV,44. it,Pronouns,44. it#3,train,include
Pronouns/44. it/MVI_9898.MOV,44. it,Pronouns,44. it#3,train,include
Pronouns/44. it/MVI_9899.MOV,44. it,Pronouns,44. it#3,train,include
Pronouns/44. it/MVI_9900.MOV,44. it,Pronouns,44. it#3,train,include
Pronouns/44. it/MVI_9936.MOV,44. it,Pronouns,44. it#4,train,include
Pronouns/44. it/MVI_9937.MOV,44. it,Pronouns,44. it#4,train,include
Pronouns/44. it/MVI_9938.MOV,44. it,Pronouns,44. it#4,train,include
Pronouns/44. it/MVI_9939.MOV,44. it,Pronouns,44. it#4,train,include
Pronouns/44. it/MVI_9969.MOV,44. it,Pronouns,44. it#5,train,include
Pronouns/44. it/MVI_9970.MOV,44. it,Pronouns,44. it#5,train,include
Pronouns/44. it/MVI_9971.MOV,44. it,Pronouns,44. it#5,train,include
Pronouns/45. we/MVI_0017.MOV,45. we,Pronouns,45. we#0,test,include
Pronouns/45. we/MVI_0018.MOV,45. we,Pronouns,45. we#0,test,include
Pronouns/45. we/MVI_0019.MOV,45. we,Pronouns,45. we#0,test,include
Pronouns/45. we/MVI_0020.MOV,45. we,Pronouns,45. we#0,test,include
Pronouns/45. we/MVI_0027.MOV,45. we,Pronouns,45. we#1,test,include
Pronouns/45. we/MVI_0028.MOV,45. we,Pronouns,45. we#1,test,include
Pronouns/45. we/MVI_0029.MOV,45. we,Pronouns,45. we#1,test,include
Pronouns/45. we/MVI_0079.MOV,45. we,Pronouns,45. we#2,test,include
Pronouns/45. we/MVI_0080.MOV,45. we,Pronouns,45. we#2,test,include
Pronouns/45. we/MVI_0081.MOV,45. we,Pronouns,45. we#2,test,include
Pronouns/45. we/MVI_9901.MOV,45. we,Pronouns,45. we#3,train,include
Pronouns/45. we/MVI_9902.MOV,45. we,Pronouns,45. we#3,train,include
Pronouns/45. we/MVI_9903.MOV,45. we,Pronouns,45. we#3,train,include
Pronouns/45. we/MVI_9904.MOV,45. we,Pronouns,45. we#3,train,include
Pronouns/45. we/MVI_9940.MOV,45. we,Pronouns,45. we#4,train,include
Pronouns/45. we/MVI_9941.MOV,45. we,Pronouns,45. we#4,train,include
Pronouns/45. we/MVI_9942.MOV,45. we,Pronouns,45. we#4,train,include
Pronouns/45. we/MVI_9943.MOV,45. we,Pronouns,45. we#4,train,include
Pronouns/45. we/MVI_9972.MOV,45. we,Pronouns,45. we#5,train,include
Pronouns/45. we/MVI_9973.MOV,45. we,Pronouns,45. we#5,train,include
Pronouns/45. we/MVI_9974.MOV,45. we,Pronouns,45. we#5,train,include
Pronouns/46. you (plural)/MVI_0021.MOV,46. you (plural),Pronouns,46. you (plural)#0,test,include
Pronouns/46. you (plural)/MVI_0022.MOV,46. you (plural),Pronouns,46. you (plural)#0,test,include
Pronouns/46. you (plural)/MVI_0023.MOV,46. you (plural),Pronouns,46. you (plural)#0,test,include
Pronouns/46. you (plural)/MVI_0024.MOV,46. you (plural),Pronouns,46. you (plural)#0,test,include
Pronouns/46. you (plural)/MVI_0030.MOV,46. you (plural),Pronouns,46. you (plural)#1,test,include
Pronouns/46. you (plural)/MVI_0031.MOV,46. you (plural),Pronouns,46. you (plural)#1,test,include
Pronouns/46. you (plural)/MVI_0032.MOV,46. you (plural),Pronouns,46. you (plural)#1,test,include
Pronouns/46. you (plural)/MVI_0082.MOV,46. you (plural),Pronouns,46. you (plural)#2,test,include
Pronouns/46. you (plural)/MVI_0083.MOV,46. you (plural),Pronouns,46. you (plural)#2,test,include
Pronouns/46. you (plural)/MVI_0084.MOV,46. you (plural),Pronouns,46. you (plural)#2,test,include
Pronouns/46. you (plural)/MVI_9905.MOV,46. you (plural),Pronouns,46. you (plural)#3,train,include
Pronouns/46. you (plural)/MVI_9907.MOV,46. you (plural),Pronouns,46. you (plural)#3,train,include
Pronouns/46. you (plural)/MVI_9908.MOV,46. you (plural),Pronouns,46. you (plural)#3,train,include
Pronouns/46. you (plural)/MVI_9909.MOV,46. you (plural),Pronouns,46. you (plural)#3,train,include
Pronouns/46. you (plural)/MVI_9945.MOV,46. you (plural),Pronouns,46. you (plural)#4,train,include
Pronouns/46. you (plural)/MVI_9946.MOV,46. you (plural),Pronouns,46. you (plural)#4,train,include
Pronouns/46. you (plural)/MVI_9947.MOV,46. you (plural),Pronouns,46. you (plural)#4,train,include
Pronouns/46. you (plural)/MVI_9948.MOV,46. you (plural),Pronouns,46. you (plural)#4,train,include
Pronouns/46. you (plural)/MVI_9975.MOV,46. you (plural),Pronouns,46. you (plural)#5,train,include
Pronouns/46. you (plural)/MVI_9976.MOV,46. you (plural),Pronouns,46. you (plural)#5,train,include
Pronouns/46. you (plural)/MVI_9977.MOV,46. you (plural),Pronouns,46. you (plural)#5,train,include
Pronouns/47. they/MVI_0025.MOV,47. they,Pronouns,47. they#0,test,include
Pronouns/47. they/MVI_0026.MOV,47. they,Pronouns,47. they#0,test,include
Pronouns/47. they/MVI_0027.MOV,47. they,Pronouns,47. they#0,test,include
Pronouns/47. they/MVI_0028.MOV,47. they,Pronouns,47. they#0,test,include
Pronouns/47. they/MVI_0033.MOV,47. they,Pronouns,47. they#0,test,include
Pronouns/47. they/MVI_0034.MOV,47. they,Pronouns,47. they#0,test,include
Pronouns/47. they/MVI_0035.MOV,47. they,Pronouns,47. they#0,test,include
Pronouns/47. they/MVI_0085.MOV,47. they,Pronouns,47. they#1,test,include
Pronouns/47. they/MVI_0087.MOV,47. they,Pronouns,47. they#1,test,include
Pronouns/47. they/MVI_0088.MOV,47. they,Pronouns,47. they#1,test,include
Pronouns/47. they/MVI_9910.MOV,47. they,Pronouns,47. they#2,train,include
Pronouns/47. they/MVI_9911.MOV,47. they,Pronouns,47. they#2,train,include
Pronouns/47. they/MVI_9912.MOV,47. they,Pronouns,47. they#2,train,include
Pronouns/47. they/MVI_9913.MOV,47. they,Pronouns,47. they#2,train,include
Pronouns/47. they/MVI_9950.MOV,47. they,Pronouns,47. they#3,train,include
Pronouns/47. they/MVI_9951.MOV,47. they,Pronouns,47. they#3,train,include
Pronouns/47. they/MVI_9952.MOV,47. they,Pronouns,47. they#3,train,include
Pronouns/47. they/MVI_9953.MOV,47. they,Pronouns,47. they#3,train,include
Pronouns/47. they/MVI_9979.MOV,47. they,Pronouns,47. they#4,train,include
Pronouns/47. they/MVI_9980.MOV,47. they,Pronouns,47. they#4,train,include
Pronouns/47. they/MVI_9981.MOV,47. they,Pronouns,47. they#4,train,include
Society/13. Attack/MVI_4299.MOV,13. Attack,Society,13. Attack#0,train,include
Society/13. Attack/MVI_4300.MOV,13. Attack,Society,13. Attack#0,train,include
Society/13. Attack/MVI_4301.MOV,13. Attack,Society,13. Attack#0,train,include
Society/13. Attack/MVI_4302.MOV,13. Attack,Society,13. Attack#0,train,include
Society/13. Attack/MVI_4303.MOV,13. Attack,Society,13. Attack#0,train,include
Society/13. Attack/MVI_4836.MOV,13. Attack,Society,13. Attack#1,test,include
Society/13. Attack/MVI_4837.MOV,13. Attack,Society,13. Attack#1,test,include
Society/13. Attack/MVI_4838.MOV,13. Attack,Society,13. Attack#1,test,include
Society/13. Attack/MVI_8706.MP4,13. Attack,Society,13. Attack#2,train,include
Society/13. Attack/MVI_8707.MP4,13. Attack,Society,13. Attack#2,train,include
Society/13. Attack/MVI_8708.MP4,13. Attack,Society,13. Attack#2,train,include
Society/13. Attack/MVI_8709.MP4,13. Attack,Society,13. Attack#2,train,include
Society/13. Attack/MVI_8964.MP4,13. Attack,Society,13. Attack#3,train,include
Society/13. Attack/MVI_8965.MP4,13. Attack,Society,13. Attack#3,train,include
Society/13. Attack/MVI_8966.MP4,13. Attack,Society,13. Attack#3,train,include
Society/19. Ball/MVI_4324.MOV,19. Ball,Society,19. Ball#0,train,include
Society/19. Ball/MVI_4325.MOV,19. Ball,Society,19. Ball#0,train,include
Society/19. Ball/MVI_4326.MOV,19. Ball,Society,19. Ball#0,train,include
Society/19. Ball/MVI_4327.MOV,19. Ball,Society,19. Ball#0,train,include
Society/19. Ball/MVI_4854.MOV,19. Ball,Society,19. Ball#1,test,include
Society/19. Ball/MVI_4855.MOV,19. Ball,Society,19. Ball#1,test,include
Society/19. Ball/MVI_4856.MOV,19. Ball,Society,19. Ball#1,test,include
Society/19. Ball/MVI_8730.MP4,19. Ball,Society,19. Ball#2,train,include
Society/19. Ball/MVI_8731.MP4,19. Ball,Society,19. Ball#2,train,include
Society/19. Ball/MVI_8732.MP4,19. Ball,Society,19. Ball#2,train,include
Society/19. Ball/MVI_8733.MP4,19. Ball,Society,19. Ball#2,train,include
Society/19. Ball/MVI_8982.MP4,19. Ball,Society,19. Ball#3,train,include
Society/19. Ball/MVI_8983.MP4,19. Ball,Society,19. Ball#3,train,include
Society/19. Ball/MVI_8984.MP4,19. Ball,Society,19. Ball#3,train,include
Society/19. Ball/MVI_8985.MP4,19. Ball,Society,19. Ball#3,train,include
-C18cQCkCcw.mp4,33. Pencil,,cislr#-C18cQCkCcw.mp4,train,cislr
-RTVD5tM__A_1.mp4,87. hot,,cislr#-RTVD5tM__A_1.mp4,train,cislr
0-pxIcGvk3w.mp4,51. Brown,,cislr#0-pxIcGvk3w.mp4,train,cislr
0JIsxA88oss_2.mp4,56. Grey,,cislr#0JIsxA88oss_2.mp4,train,cislr
0p_iET-2TRw.mp4,33. Pencil,,cislr#0p_iET-2TRw.mp4,train,cislr
0t5NaJwemgI_1.mp4,60. Mother,,cislr#0t5NaJwemgI_1.mp4,train,cislr
1R3n6vTHqzs_1.mp4,44. it,,cislr#1R3n6vTHqzs_1.mp4,train,cislr
1ocgYJL04To_1.mp4,40. Skirt,,cislr#1ocgYJL04To_1.mp4,train,cislr
1sZ4BSOC8nc.mp4,70. Grandmother,,cislr#1sZ4BSOC8nc.mp4,train,cislr
3muHDD0neyo.mp4,89. warm,,cislr#3muHDD0neyo.mp4,train,cislr
3snObAxKXOQ.mp4,38. Dress,,cislr#3snObAxKXOQ.mp4,train,cislr
3uHfsQnqReY_1.mp4,32. Bathroom,,cislr#3uHfsQnqReY_1.mp4,train,cislr
4joUJiIztMI_1.mp4,95. bad,,cislr#4joUJiIztMI_1.mp4,train,cislr
53i9PPrlt6o_1.mp4,82. narrow,,cislr#53i9PPrlt6o_1.mp4,train,cislr
5pYCIsZH-H4.mp4,33. Pencil,,cislr#5pYCIsZH-H4.mp4,train,cislr
5rku2NSGq94.mp4,32. Bathroom,,cislr#5rku2NSGq94.mp4,train,cislr
63LBwsyLl5s.mp4,80. tall,,cislr#63LBwsyLl5s.mp4,train,cislr
6sQeR9LXn-U_2.mp4,50. Yellow,,cislr#6sQeR9LXn-U_2.mp4,train,cislr
78YXhG9tLvk_1.mp4,53. Orange,,cislr#78YXhG9tLvk_1.mp4,train,cislr
7Vn056hXh9U_1.mp4,47. Red,,cislr#7Vn056hXh9U_1.mp4,train,cislr
7swvJrXBA3I_1.mp4,68. Family,,cislr#7swvJrXBA3I_1.mp4,train,cislr
8FkwA1OENww_1.mp4,88. cold,,cislr#8FkwA1OENww_1.mp4,train,cislr
8NqmODtSLgI_2.mp4,47. Red,,cislr#8NqmODtSLgI_2.mp4,train,cislr
8TXKaIN4emc_1.mp4,50. Yellow,,cislr#8TXKaIN4emc_1.mp4,train,cislr
8Zq6uAa16MQ_1.mp4,59. Daughter,,cislr#8Zq6uAa16MQ_1.mp4,train,cislr
8hPNnF65IMg.mp4,52. Good afternoon,,cislr#8hPNnF65IMg.mp4,train,cislr
8zg5kbu8ZMA_1.mp4,43. Pant,,cislr#8zg5kbu8ZMA_1.mp4,train,cislr
9HSEWDsdxgI_1.mp4,25. Chair,,cislr#9HSEWDsdxgI_1.mp4,train,cislr
AmPGr5AueGI_1.mp4,38. Dress,,cislr#AmPGr5AueGI_1.mp4,train,cislr
BUOXpYbLzTI_1.mp4,81. wide,,cislr#BUOXpYbLzTI_1.mp4,train,cislr
BUt4lIrC0E8_1.mp4,85. slow,,cislr#BUt4lIrC0E8_1.mp4,train,cislr
BvOKe8KiGPU.mp4,80. tall,,cislr#BvOKe8KiGPU.mp4,train,cislr
D1NuUfSrJq8_1.mp4,50. Yellow,,cislr#D1NuUfSrJq8_1.mp4,train,cislr
DG2hfDpWdMQ_1.mp4,94. good,,cislr#DG2hfDpWdMQ_1.mp4,train,cislr
DPQ-TcGykDw_1.mp4,63. Baby,,cislr#DPQ-TcGykDw_1.mp4,train,cislr
DfohDPZVlrA_1.mp4,60. Mother,,cislr#DfohDPZVlrA_1.mp4,train,cislr
DkjjHEZzsHE_1.mp4,71. Husband,,cislr#DkjjHEZzsHE_1.mp4,train,cislr
EXJmDDFi-5g.mp4,29. Door,,cislr#EXJmDDFi-5g.mp4,train,cislr
EYhsfoO3_ME_1.mp4,41. Shirt,,cislr#EYhsfoO3_ME_1.mp4,train,cislr
EbmFC4EitxU.mp4,33. Pencil,,cislr#EbmFC4EitxU.mp4,train,cislr
EdGBkBi0xQ4.mp4,88. cold,,cislr#EdGBkBi0xQ4.mp4,train,cislr
ElXP4DjT3H8_1.mp4,81. Friend,,cislr#ElXP4DjT3H8_1.mp4,train,cislr
EzA7vpG_mnw.mp4,31. Kitchen,,cislr#EzA7vpG_mnw.mp4,train,cislr
FG0lFws-PWo_1.mp4,51. Brown,,cislr#FG0lFws-PWo_1.mp4,train,cislr
Fep0HNXm84k_1.mp4,69. Grandfather,,cislr#Fep0HNXm84k_1.mp4,train,cislr
GQaw-x-oXM0.mp4,33. Pencil,,cislr#GQaw-x-oXM0.mp4,train,cislr
Gm2HCSz7Jqg_1.mp4,61. Father,,cislr#Gm2HCSz7Jqg_1.mp4,train,cislr
GoDqsUZU5yk_1.mp4,65. Woman,,cislr#GoDqsUZU5yk_1.mp4,train,cislr
Gpjn1Iun6CI.mp4,89. warm,,cislr#Gpjn1Iun6CI.mp4,train,cislr
H5ta0C2Sz2I.mp4,63. Baby,,cislr#H5ta0C2Sz2I.mp4,train,cislr
HiKegjOx1kw.mp4,81. Friend,,cislr#HiKegjOx1kw.mp4,train,cislr
IxDZyvc3cRM.mp4,75. President,,cislr#IxDZyvc3cRM.mp4,train,cislr
J9rhbSDTm4w_1.mp4,54. Black,,cislr#J9rhbSDTm4w_1.mp4,train,cislr
JBO4vOeqQxs_1.mp4,62. Parent,,cislr#JBO4vOeqQxs_1.mp4,train,cislr
JSf7HjXTT78_1.mp4,50. Yellow,,cislr#JSf7HjXTT78_1.mp4,train,cislr
Jarh1WMa868_1.mp4,3. happy,,cislr#Jarh1WMa868_1.mp4,train,cislr
KG_OHYYtnoQ_1.mp4,47. Red,,cislr#KG_OHYYtnoQ_1.mp4,train,cislr
Kxj8mG2kNCc.mp4,60. Mother,,cislr#Kxj8mG2kNCc.mp4,train,cislr
LdB-xdR0WlM_2.mp4,88. cold,,cislr#LdB-xdR0WlM_2.mp4,train,cislr
LfeTLkxBG30.mp4,40. Skirt,,cislr#LfeTLkxBG30.mp4,train,cislr
LiMHHFhjutc.mp4,58. Son,,cislr#LiMHHFhjutc.mp4,train,cislr
M9A3PKPxbdY_1.mp4,29. Door,,cislr#M9A3PKPxbdY_1.mp4,train,cislr
ME7pnv4k_l0_1.mp4,94. good,,cislr#ME7pnv4k_l0_1.mp4,train,cislr
MWnrLOwPLqQ_1.mp4,31. Kitchen,,cislr#MWnrLOwPLqQ_1.mp4,train,cislr
N6zCu36_1xI_2.mp4,49. Blue,,cislr#N6zCu36_1xI_2.mp4,train,cislr
NGJkhj4AWbA_1.mp4,98. sick,,cislr#NGJkhj4AWbA_1.mp4,train,cislr
NQ7Gnl9nRuY.mp4,28. Window,,cislr#NQ7Gnl9nRuY.mp4,train,cislr
NUKt0kkYSg4.mp4,98. sick,,cislr#NUKt0kkYSg4.mp4,train,cislr
NW-BP9pf4JI_1.mp4,78. Girl,,cislr#NW-BP9pf4JI_1.mp4,train,cislr
O2_ZeoKvo5I_1.mp4,74. Queen,,cislr#O2_ZeoKvo5I_1.mp4,train,cislr
O9pRqLLFUEE_1.mp4,3. happy,,cislr#O9pRqLLFUEE_1.mp4,train,cislr
OBHeVltjXT0_1.mp4,93. young,,cislr#OBHeVltjXT0_1.mp4,train,cislr
OCcDnB5VdgU_1.mp4,28. Window,,cislr#OCcDnB5VdgU_1.mp4,train,cislr
OL-CqbpYr8w.mp4,2. quiet,,cislr#OL-CqbpYr8w.mp4,train,cislr
ONhI6iem9kg.mp4,37. Hat,,cislr#ONhI6iem9kg.mp4,train,cislr
OcSgDKInrg8.mp4,87. hot,,cislr#OcSgDKInrg8.mp4,train,cislr
OjYou9zLuDM_1.mp4,59. Daughter,,cislr#OjYou9zLuDM_1.mp4,train,cislr
P1r-uVbFZ00_1.mp4,88. cold,,cislr#P1r-uVbFZ00_1.mp4,train,cislr
P2OKqOpct8s.mp4,56. Grey,,cislr#P2OKqOpct8s.mp4,train,cislr
PWuJv2FHsvA_1.mp4,26. Bed,,cislr#PWuJv2FHsvA_1.mp4,train,cislr
PeH-ArgS-fw_1.mp4,51. Brown,,cislr#PeH-ArgS-fw_1.mp4,train,cislr
Q5uGiH8-uQk_1.mp4,40. Paint,,cislr#Q5uGiH8-uQk_1.mp4,train,cislr
QF_QXmNelLk.mp4,80. tall,,cislr#QF_QXmNelLk.mp4,train,cislr
QIXGt2ddetI_1.mp4,30. Bedroom,,cislr#QIXGt2ddetI_1.mp4,train,cislr
QRTBO6eAlFY.mp4,80. Adult,,cislr#QRTBO6eAlFY.mp4,train,cislr
QRTZR4dcC6k_2.mp4,54. Black,,cislr#QRTZR4dcC6k_2.mp4,train,cislr
QYaPv88J2iE.mp4,31. Kitchen,,cislr#QYaPv88J2iE.mp4,train,cislr
Qc72veU0a6g_1.mp4,19. Ball,,cislr#Qc72veU0a6g_1.mp4,train,cislr
QlqLuC-1u1U_1.mp4,60. Mother,,cislr#QlqLuC-1u1U_1.mp4,train,cislr
QqCdT8DJ2r0_1.mp4,28. Window,,cislr#QqCdT8DJ2r0_1.mp4,train,cislr
Qu5KH6X5dd8_1.mp4,42. he,,cislr#Qu5KH6X5dd8_1.mp4,train,cislr
Rj6pX9wzxqA_1.mp4,67. Sister,,cislr#Rj6pX9wzxqA_1.mp4,train,cislr
SKlTYkUBVvQ_1.mp4,77. Boy,,cislr#SKlTYkUBVvQ_1.mp4,train,cislr
T7RBzS7EJ6A_1.mp4,71. Husband,,cislr#T7RBzS7EJ6A_1.mp4,train,cislr
T7RIPkBR3ik_1.mp4,65. Woman,,cislr#T7RIPkBR3ik_1.mp4,train,cislr
TR_tbUxLUco.mp4,44. it,,cislr#TR_tbUxLUco.mp4,train,cislr
TVfeNBBdWpQ_1.mp4,40. Skirt,,cislr#TVfeNBBdWpQ_1.mp4,train,cislr
U2DPGFl5JFA_1.mp4,31. Kitchen,,cislr#U2DPGFl5JFA_1.mp4,train,cislr
UDcg2skGRXM_1.mp4,66. Brother,,cislr#UDcg2skGRXM_1.mp4,train,cislr
UbLgHH4sOtA_1.mp4,60. Mother,,cislr#UbLgHH4sOtA_1.mp4,train,cislr
UoONuBxuPLg_1.mp4,88. cold,,cislr#UoONuBxuPLg_1.mp4,train,cislr
V63xT_OqUOw_1.mp4,50. Yellow,,cislr#V63xT_OqUOw_1.mp4,train,cislr
V9YCBo53D94_1.mp4,30. Bedroom,,cislr#V9YCBo53D94_1.mp4,train,cislr
VDbvWI5QT70.mp4,76. Neighbour,,cislr#VDbvWI5QT70.mp4,train,cislr
VMsWda7pWZA.mp4,54. Black,,cislr#VMsWda7pWZA.mp4,train,cislr
VbRmhM7sUGo.mp4,96. wet,,cislr#VbRmhM7sUGo.mp4,train,cislr
VqekGul5Xb0_1.mp4,60. Mother,,cislr#VqekGul5Xb0_1.mp4,train,cislr
W4cePmQ87gw.mp4,82. narrow,,cislr#W4cePmQ87gw.mp4,train,cislr
WdE0jsfQVhw_1.mp4,49. Blue,,cislr#WdE0jsfQVhw_1.mp4,train,cislr
WlHa4foZbc0.mp4,74. Queen,,cislr#WlHa4foZbc0.mp4,train,cislr
WoNO_8tWHBQ.mp4,93. young,,cislr#WoNO_8tWHBQ.mp4,train,cislr
Wv59G4v5X2Y.mp4,57. Colour,,cislr#Wv59G4v5X2Y.mp4,train,cislr
WwL2FQcTAlg_1.mp4,31. Kitchen,,cislr#WwL2FQcTAlg_1.mp4,train,cislr
XvtQ_hOFO8E_1.mp4,27. Dream,,cislr#XvtQ_hOFO8E_1.mp4,train,cislr
XzUB9q5Buyw_1.mp4,98. sick,,cislr#XzUB9q5Buyw_1.mp4,train,cislr
YDCikAndHLU_1.mp4,72. Wife,,cislr#YDCikAndHLU_1.mp4,train,cislr
YF72FhOc8B8_1.mp4,80. tall,,cislr#YF72FhOc8B8_1.mp4,train,cislr
YHd3THK5M-w.mp4,40. Paint,,cislr#YHd3THK5M-w.mp4,train,cislr
YQcpKDKzhIQ_1.mp4,95. bad,,cislr#YQcpKDKzhIQ_1.mp4,train,cislr
YQflbkaOx2g.mp4,24. Table,,cislr#YQflbkaOx2g.mp4,train,cislr
Yiu0Yd9fSk8_1.mp4,77. Boy,,cislr#Yiu0Yd9fSk8_1.mp4,train,cislr
Ykt6OXbw1q0.mp4,49. Blue,,cislr#Ykt6OXbw1q0.mp4,train,cislr
YwR00ZeFcQY_1.mp4,60. Mother,,cislr#YwR00ZeFcQY_1.mp4,train,cislr
Z1QjMt7Nv8g_1.mp4,76. Neighbour,,cislr#Z1QjMt7Nv8g_1.mp4,train,cislr
Z6JNDTUxfUc.mp4,56. Grey,,cislr#Z6JNDTUxfUc.mp4,train,cislr
ZjgpWHd9cyc_1.mp4,49. Blue,,cislr#ZjgpWHd9cyc_1.mp4,train,cislr
_sL5FydI-Is.mp4,85. slow,,cislr#_sL5FydI-Is.mp4,train,cislr
aCaG3G4PAkQ.mp4,30. Bedroom,,cislr#aCaG3G4PAkQ.mp4,train,cislr
aKd7QTNB4IU_1.mp4,72. Wife,,cislr#aKd7QTNB4IU_1.mp4,train,cislr
aQEJlg8RhXQ.mp4,94. good,,cislr#aQEJlg8RhXQ.mp4,train,cislr
aRGwbWv6law_1.mp4,76. Neighbour,,cislr#aRGwbWv6law_1.mp4,train,cislr
b1Cbwx9LrQM_1.mp4,79. short,,cislr#b1Cbwx9LrQM_1.mp4,train,cislr
b8uuqEIu8Ag.mp4,33. Pencil,,cislr#b8uuqEIu8Ag.mp4,train,cislr
bwM7NUs3TFc_1.mp4,94. good,,cislr#bwM7NUs3TFc_1.mp4,train,cislr
cItWv5VCy8w_1.mp4,54. Black,,cislr#cItWv5VCy8w_1.mp4,train,cislr
cM_xDZOtPsc.mp4,40. Paint,,cislr#cM_xDZOtPsc.mp4,train,cislr
dQ30qulPHvE_2.mp4,51. Brown,,cislr#dQ30qulPHvE_2.mp4,train,cislr
dv1x5AQM0E8_1.mp4,24. Table,,cislr#dv1x5AQM0E8_1.mp4,train,cislr
e-oFpEWqbFI.mp4,71. Husband,,cislr#e-oFpEWqbFI.mp4,train,cislr
eh1UqHy5R8Y_1.mp4,95. bad,,cislr#eh1UqHy5R8Y_1.mp4,train,cislr
ejiaz09X2eE_1.mp4,43. Pant,,cislr#ejiaz09X2eE_1.mp4,train,cislr
fAujasBRvD4.mp4,40. Paint,,cislr#fAujasBRvD4.mp4,train,cislr
g9R8d7G2MuY.mp4,80. Adult,,cislr#g9R8d7G2MuY.mp4,train,cislr
gsI77j_jlvg_1.mp4,73. King,,cislr#gsI77j_jlvg_1.mp4,train,cislr
gz02l8wMzKk_1.mp4,78. Girl,,cislr#gz02l8wMzKk_1.mp4,train,cislr
gzjPlKC1r-w_1.mp4,33. Pencil,,cislr#gzjPlKC1r-w_1.mp4,train,cislr
h1oFiJchfh0.mp4,64. Man,,cislr#h1oFiJchfh0.mp4,train,cislr
h58uVxY-2uE.mp4,45. we,,cislr#h58uVxY-2uE.mp4,train,cislr
hz69XeQ-OZU.mp4,29. Door,,cislr#hz69XeQ-OZU.mp4,train,cislr
i2Uc1LRiYbs_1.mp4,74. Queen,,cislr#i2Uc1LRiYbs_1.mp4,train,cislr
iXunNKio1wU_1.mp4,26. Bed,,cislr#iXunNKio1wU_1.mp4,train,cislr
idmU_oI_TPs_1.mp4,73. King,,cislr#idmU_oI_TPs_1.mp4,train,cislr
j1LtQ6CcA_4_1.mp4,68. Family,,cislr#j1LtQ6CcA_4_1.mp4,train,cislr
j3tuj3W7MFk_1.mp4,32. Bathroom,,cislr#j3tuj3W7MFk_1.mp4,train,cislr
jWWLAybE8C8_1.mp4,67. Sister,,cislr#jWWLAybE8C8_1.mp4,train,cislr
jeTLFZIvM10_1.mp4,96. wet,,cislr#jeTLFZIvM10_1.mp4,train,cislr
kEMFrD53l6E.mp4,73. King,,cislr#kEMFrD53l6E.mp4,train,cislr
kPx4MXMIFZI.mp4,55. White,,cislr#kPx4MXMIFZI.mp4,train,cislr
khVBhrXBIEY_1.mp4,41. Shirt,,cislr#khVBhrXBIEY_1.mp4,train,cislr
l3VvC6z1I4U_1.mp4,71. Husband,,cislr#l3VvC6z1I4U_1.mp4,train,cislr
l4jwOKcXm4I.mp4,91. new,,cislr#l4jwOKcXm4I.mp4,train,cislr
lLd__AgPs98.mp4,42. he,,cislr#lLd__AgPs98.mp4,train,cislr
lSPMq5Pdb6I_1.mp4,48. Green,,cislr#lSPMq5Pdb6I_1.mp4,train,cislr
m7cfsP8_omM_1.mp4,60. Mother,,cislr#m7cfsP8_omM_1.mp4,train,cislr
mY5LdfQ0sjQ.mp4,81. Second,,cislr#mY5LdfQ0sjQ.mp4,train,cislr
mdv4f8f7JpQ_2.mp4,87. hot,,cislr#mdv4f8f7JpQ_2.mp4,train,cislr
mmXQw0IktO0_1.mp4,94. good,,cislr#mmXQw0IktO0_1.mp4,train,cislr
mw6GHL7CsJw_1.mp4,58. Son,,cislr#mw6GHL7CsJw_1.mp4,train,cislr
oa5xViQgdGc_1.mp4,98. sick,,cislr#oa5xViQgdGc_1.mp4,train,cislr
p9SdpeHMkZ0.mp4,3. happy,,cislr#p9SdpeHMkZ0.mp4,train,cislr
pcz5j3TcyEs_1.mp4,66. Brother,,cislr#pcz5j3TcyEs_1.mp4,train,cislr
podfgBVY9ak.mp4,72. Wife,,cislr#podfgBVY9ak.mp4,train,cislr
q4UZa51yFUA_1.mp4,67. Sister,,cislr#q4UZa51yFUA_1.mp4,train,cislr
qIEr10Hg_Hw_1.mp4,95. bad,,cislr#qIEr10Hg_Hw_1.mp4,train,cislr
qTqWjy6FgNE_1.mp4,55. White,,cislr#qTqWjy6FgNE_1.mp4,train,cislr
r3EgB2AGF3s_1.mp4,50. Yellow,,cislr#r3EgB2AGF3s_1.mp4,train,cislr
rJbc69qxPDA.mp4,57. Colour,,cislr#rJbc69qxPDA.mp4,train,cislr
rOcFkQzLhLQ_1.mp4,66. Brother,,cislr#rOcFkQzLhLQ_1.mp4,train,cislr
rYTt2LuzVhw_1.mp4,64. Man,,cislr#rYTt2LuzVhw_1.mp4,train,cislr
rduuYRHkDtw_2.mp4,81. Second,,cislr#rduuYRHkDtw_2.mp4,train,cislr
tLOTRTxqIS4_1.mp4,98. sick,,cislr#tLOTRTxqIS4_1.mp4,train,cislr
tRNnbHdT9Ms_1.mp4,92. old,,cislr#tRNnbHdT9Ms_1.mp4,train,cislr
tS7NrrYnx_E_1.mp4,58. Son,,cislr#tS7NrrYnx_E_1.mp4,train,cislr
tShdaK0wAgk_1.mp4,25. Chair,,cislr#tShdaK0wAgk_1.mp4,train,cislr
tjA2aFyBuY4.mp4,80. Adult,,cislr#tjA2aFyBuY4.mp4,train,cislr
uhJRFZWXPEo.mp4,89. warm,,cislr#uhJRFZWXPEo.mp4,train,cislr
vEq2LWgecfA_1.mp4,72. Wife,,cislr#vEq2LWgecfA_1.mp4,train,cislr
vLbvf0zEj5M.mp4,79. Child,,cislr#vLbvf0zEj5M.mp4,train,cislr
vLfbnZZBph0_1.mp4,41. you,,cislr#vLfbnZZBph0_1.mp4,train,cislr
w9VefdfpI0I_1.mp4,69. Grandfather,,cislr#w9VefdfpI0I_1.mp4,train,cislr
wxZHsP8osZo_1.mp4,53. Orange,,cislr#wxZHsP8osZo_1.mp4,train,cislr
x0JU-zUFnS4_1.mp4,70. Grandmother,,cislr#x0JU-zUFnS4_1.mp4,train,cislr
xcd8lsPxlP4_1.mp4,97. dry,,cislr#xcd8lsPxlP4_1.mp4,train,cislr
y5LmYGbr428.mp4,97. dry,,cislr#y5LmYGbr428.mp4,train,cislr
yD9wwZmkJlw.mp4,44. Shoes,,cislr#yD9wwZmkJlw.mp4,train,cislr
yMqhsoFHB_Q_1.mp4,66. Brother,,cislr#yMqhsoFHB_Q_1.mp4,train,cislr
ynvL576W11k.mp4,52. Pink,,cislr#ynvL576W11k.mp4,train,cislr
z1VPeFV_ew4.mp4,33. Pencil,,cislr#z1VPeFV_ew4.mp4,train,cislr
z2B7VrBSA5c.mp4,81. Friend,,cislr#z2B7VrBSA5c.mp4,train,cislr
z2ETf2ExVsU_1.mp4,61. Father,,cislr#z2ETf2ExVsU_1.mp4,train,cislr
zJmlqjm_b5g.mp4,65. Woman,,cislr#zJmlqjm_b5g.mp4,train,cislr
z_WykkCqulk.mp4,98. sick,,cislr#z_WykkCqulk.mp4,train,cislr
