epoch,lr,train_loss,val_top1,val_top5,val_balanced,ema_top1,seconds,tracked_test_top1
0,5.00e-05,3.9177,0.0000,0.0000,0.0000,0.0000,26.4,0.0042
1,1.00e-04,3.9106,0.0000,0.0000,0.0000,0.0000,2.7,nan
2,1.50e-04,3.8907,0.0000,0.0000,0.0000,0.0000,2.6,nan
3,2.00e-04,3.8551,0.0000,0.0000,0.0000,0.0000,2.5,nan
4,2.50e-04,3.7597,0.0000,0.0000,0.0000,0.0000,2.5,nan
5,3.00e-04,3.6835,0.0000,0.0000,0.0000,0.0000,2.5,nan
6,3.50e-04,3.5518,0.0000,0.0000,0.0000,0.0000,2.5,nan
7,4.00e-04,3.4952,0.0000,0.0000,0.0000,0.0000,2.4,nan
8,4.50e-04,3.3644,0.0000,0.0000,0.0000,0.0000,2.6,nan
9,5.00e-04,3.3328,0.0000,0.0000,0.0000,0.0000,2.5,nan
10,5.00e-04,3.2803,0.0000,0.0000,0.0000,0.0000,2.5,nan
11,5.00e-04,3.0569,0.0000,0.0000,0.0000,0.0000,2.5,nan
12,5.00e-04,3.1818,0.0000,0.0000,0.0000,0.0000,2.6,nan
13,5.00e-04,3.0157,0.0000,0.0000,0.0000,0.0000,2.6,nan
14,5.00e-04,2.8802,0.0000,0.0000,0.0000,0.0000,2.5,nan
15,5.00e-04,2.7664,0.0000,0.0000,0.0000,0.0000,2.6,nan
16,5.00e-04,2.9040,0.0000,0.0000,0.0000,0.0000,2.5,nan
17,5.00e-04,2.6943,0.0000,0.0000,0.0000,0.0000,2.7,nan
18,5.00e-04,2.5605,0.0000,0.0000,0.0000,0.0000,2.6,nan
19,5.00e-04,2.5642,0.0000,0.0000,0.0000,0.0000,2.5,nan
20,5.00e-04,2.5634,0.0000,0.0000,0.0000,0.0000,4.2,0.2606
21,5.00e-04,2.5039,0.0000,0.0000,0.0000,0.0000,2.5,nan
22,5.00e-04,2.5286,0.0000,0.0000,0.0000,0.0000,2.5,nan
23,5.00e-04,2.4167,0.0000,0.0000,0.0000,0.0000,2.6,nan
24,5.00e-04,2.2107,0.0000,0.0000,0.0000,0.0000,2.5,nan
25,5.00e-04,2.2736,0.0000,0.0000,0.0000,0.0000,2.6,nan
26,5.00e-04,2.3203,0.0000,0.0000,0.0000,0.0000,2.5,nan
27,5.00e-04,2.3633,0.0000,0.0000,0.0000,0.0000,2.6,nan
28,5.00e-04,2.1734,0.0000,0.0000,0.0000,0.0000,2.5,nan
29,5.00e-04,2.0546,0.0000,0.0000,0.0000,0.0000,2.6,nan
30,5.00e-04,1.9863,0.0000,0.0000,0.0000,0.0000,2.5,nan
31,5.00e-04,1.9631,0.0000,0.0000,0.0000,0.0000,2.5,nan
32,5.00e-04,1.9181,0.0000,0.0000,0.0000,0.0000,2.5,nan
33,5.00e-04,2.2294,0.0000,0.0000,0.0000,0.0000,2.6,nan
34,5.00e-04,1.9314,0.0000,0.0000,0.0000,0.0000,2.4,nan
35,5.00e-04,1.7973,0.0000,0.0000,0.0000,0.0000,2.7,nan
36,5.00e-04,1.9359,0.0000,0.0000,0.0000,0.0000,2.6,nan
37,5.00e-04,1.9711,0.0000,0.0000,0.0000,0.0000,2.6,nan
38,5.00e-04,1.8941,0.0000,0.0000,0.0000,0.0000,2.5,nan
39,5.00e-04,1.6789,0.0000,0.0000,0.0000,0.0000,2.4,nan
40,5.00e-04,1.6823,0.0000,0.0000,0.0000,0.0000,4.2,0.3665
41,5.00e-04,1.9571,0.0000,0.0000,0.0000,0.0000,2.6,nan
42,5.00e-04,1.7994,0.0000,0.0000,0.0000,0.0000,2.5,nan
43,5.00e-04,1.9453,0.0000,0.0000,0.0000,0.0000,2.5,nan
44,5.00e-04,1.6543,0.0000,0.0000,0.0000,0.0000,2.5,nan
45,5.00e-04,1.5412,0.0000,0.0000,0.0000,0.0000,2.4,nan
46,5.00e-04,1.6919,0.0000,0.0000,0.0000,0.0000,2.4,nan
47,5.00e-04,1.6857,0.0000,0.0000,0.0000,0.0000,2.5,nan
48,5.00e-04,1.6407,0.0000,0.0000,0.0000,0.0000,2.7,nan
49,5.00e-04,1.8454,0.0000,0.0000,0.0000,0.0000,2.6,nan
50,4.99e-04,1.5689,0.0000,0.0000,0.0000,0.0000,2.5,nan
51,4.99e-04,1.7424,0.0000,0.0000,0.0000,0.0000,2.4,nan
52,4.99e-04,1.5142,0.0000,0.0000,0.0000,0.0000,2.5,nan
53,4.99e-04,1.7817,0.0000,0.0000,0.0000,0.0000,2.6,nan
54,4.99e-04,1.3410,0.0000,0.0000,0.0000,0.0000,2.6,nan
55,4.99e-04,1.4451,0.0000,0.0000,0.0000,0.0000,2.5,nan
56,4.99e-04,1.3664,0.0000,0.0000,0.0000,0.0000,2.5,nan
57,4.99e-04,1.4340,0.0000,0.0000,0.0000,0.0000,2.5,nan
58,4.99e-04,1.2956,0.0000,0.0000,0.0000,0.0000,2.5,nan
59,4.99e-04,1.6331,0.0000,0.0000,0.0000,0.0000,2.6,nan
60,4.99e-04,1.7174,0.0000,0.0000,0.0000,0.0000,4.3,0.4216
61,4.99e-04,1.4890,0.0000,0.0000,0.0000,0.0000,2.5,nan
62,4.99e-04,1.3662,0.0000,0.0000,0.0000,0.0000,2.4,nan
63,4.99e-04,1.1330,0.0000,0.0000,0.0000,0.0000,2.6,nan
64,4.99e-04,1.2169,0.0000,0.0000,0.0000,0.0000,2.5,nan
65,4.99e-04,1.3197,0.0000,0.0000,0.0000,0.0000,2.5,nan
66,4.99e-04,1.6269,0.0000,0.0000,0.0000,0.0000,2.5,nan
67,4.99e-04,1.3682,0.0000,0.0000,0.0000,0.0000,2.7,nan
68,4.99e-04,1.1319,0.0000,0.0000,0.0000,0.0000,2.5,nan
69,4.99e-04,1.1788,0.0000,0.0000,0.0000,0.0000,2.4,nan
70,4.99e-04,1.4305,0.0000,0.0000,0.0000,0.0000,2.6,nan
71,4.99e-04,1.5080,0.0000,0.0000,0.0000,0.0000,2.6,nan
72,4.99e-04,1.3435,0.0000,0.0000,0.0000,0.0000,2.6,nan
73,4.99e-04,1.1747,0.0000,0.0000,0.0000,0.0000,2.5,nan
74,4.99e-04,1.4311,0.0000,0.0000,0.0000,0.0000,2.5,nan
75,4.99e-04,1.3164,0.0000,0.0000,0.0000,0.0000,2.5,nan
76,4.99e-04,1.2222,0.0000,0.0000,0.0000,0.0000,2.5,nan
77,4.99e-04,0.9435,0.0000,0.0000,0.0000,0.0000,2.6,nan
78,4.99e-04,1.3461,0.0000,0.0000,0.0000,0.0000,2.5,nan
79,4.98e-04,1.1789,0.0000,0.0000,0.0000,0.0000,2.7,nan
80,4.98e-04,1.0600,0.0000,0.0000,0.0000,0.0000,4.2,0.5042
81,4.98e-04,1.4226,0.0000,0.0000,0.0000,0.0000,2.5,nan
82,4.98e-04,1.5450,0.0000,0.0000,0.0000,0.0000,2.5,nan
83,4.98e-04,1.6387,0.0000,0.0000,0.0000,0.0000,2.5,nan
84,4.98e-04,1.1656,0.0000,0.0000,0.0000,0.0000,2.4,nan
85,4.98e-04,1.1763,0.0000,0.0000,0.0000,0.0000,2.5,nan
86,4.98e-04,1.2412,0.0000,0.0000,0.0000,0.0000,2.6,nan
87,4.98e-04,1.5078,0.0000,0.0000,0.0000,0.0000,2.5,nan
88,4.98e-04,1.0919,0.0000,0.0000,0.0000,0.0000,2.5,nan
89,4.98e-04,1.0933,0.0000,0.0000,0.0000,0.0000,2.4,nan
90,4.98e-04,1.5080,0.0000,0.0000,0.0000,0.0000,2.6,nan
91,4.98e-04,1.2971,0.0000,0.0000,0.0000,0.0000,2.6,nan
92,4.98e-04,1.2828,0.0000,0.0000,0.0000,0.0000,2.5,nan
93,4.98e-04,1.2017,0.0000,0.0000,0.0000,0.0000,2.5,nan
94,4.98e-04,1.3679,0.0000,0.0000,0.0000,0.0000,2.5,nan
95,4.98e-04,1.2449,0.0000,0.0000,0.0000,0.0000,2.5,nan
96,4.98e-04,1.0068,0.0000,0.0000,0.0000,0.0000,2.4,nan
97,4.98e-04,1.0706,0.0000,0.0000,0.0000,0.0000,2.5,nan
98,4.98e-04,1.3619,0.0000,0.0000,0.0000,0.0000,2.6,nan
99,4.98e-04,1.2085,0.0000,0.0000,0.0000,0.0000,2.6,nan
100,4.97e-04,1.2319,0.0000,0.0000,0.0000,0.0000,4.3,0.5106
101,4.97e-04,1.2213,0.0000,0.0000,0.0000,0.0000,2.4,nan
102,4.97e-04,1.0912,0.0000,0.0000,0.0000,0.0000,2.5,nan
103,4.97e-04,1.2749,0.0000,0.0000,0.0000,0.0000,2.6,nan
104,4.97e-04,1.1319,0.0000,0.0000,0.0000,0.0000,2.7,nan
105,4.97e-04,1.4546,0.0000,0.0000,0.0000,0.0000,2.6,nan
106,4.97e-04,0.8836,0.0000,0.0000,0.0000,0.0000,2.5,nan
107,4.97e-04,1.2147,0.0000,0.0000,0.0000,0.0000,2.5,nan
108,4.97e-04,1.1049,0.0000,0.0000,0.0000,0.0000,2.5,nan
109,4.97e-04,1.3130,0.0000,0.0000,0.0000,0.0000,2.6,nan
110,4.97e-04,1.1287,0.0000,0.0000,0.0000,0.0000,2.5,nan
111,4.97e-04,1.1566,0.0000,0.0000,0.0000,0.0000,2.5,nan
112,4.97e-04,0.9395,0.0000,0.0000,0.0000,0.0000,2.6,nan
113,4.97e-04,1.6015,0.0000,0.0000,0.0000,0.0000,2.4,nan
114,4.97e-04,0.7385,0.0000,0.0000,0.0000,0.0000,2.6,nan
115,4.97e-04,0.9044,0.0000,0.0000,0.0000,0.0000,2.5,nan
116,4.96e-04,1.1658,0.0000,0.0000,0.0000,0.0000,2.6,nan
117,4.96e-04,1.4092,0.0000,0.0000,0.0000,0.0000,2.6,nan
118,4.96e-04,1.1538,0.0000,0.0000,0.0000,0.0000,2.5,nan
119,4.96e-04,0.8740,0.0000,0.0000,0.0000,0.0000,2.5,nan
120,4.96e-04,0.9932,0.0000,0.0000,0.0000,0.0000,4.2,0.4597
121,4.96e-04,0.9244,0.0000,0.0000,0.0000,0.0000,2.6,nan
122,4.96e-04,1.7256,0.0000,0.0000,0.0000,0.0000,2.5,nan
123,4.96e-04,1.4025,0.0000,0.0000,0.0000,0.0000,2.5,nan
124,4.96e-04,0.8817,0.0000,0.0000,0.0000,0.0000,2.6,nan
125,4.96e-04,0.8547,0.0000,0.0000,0.0000,0.0000,2.6,nan
126,4.96e-04,1.1030,0.0000,0.0000,0.0000,0.0000,2.4,nan
127,4.96e-04,1.0365,0.0000,0.0000,0.0000,0.0000,2.6,nan
128,4.96e-04,1.0927,0.0000,0.0000,0.0000,0.0000,2.6,nan
129,4.96e-04,1.0969,0.0000,0.0000,0.0000,0.0000,2.4,nan
130,4.96e-04,1.0576,0.0000,0.0000,0.0000,0.0000,2.5,nan
131,4.95e-04,0.7724,0.0000,0.0000,0.0000,0.0000,2.6,nan
132,4.95e-04,0.9974,0.0000,0.0000,0.0000,0.0000,2.5,nan
133,4.95e-04,1.1490,0.0000,0.0000,0.0000,0.0000,2.5,nan
134,4.95e-04,1.1609,0.0000,0.0000,0.0000,0.0000,2.5,nan
135,4.95e-04,1.2872,0.0000,0.0000,0.0000,0.0000,2.5,nan
136,4.95e-04,1.3107,0.0000,0.0000,0.0000,0.0000,2.6,nan
137,4.95e-04,0.8973,0.0000,0.0000,0.0000,0.0000,2.5,nan
138,4.95e-04,0.8974,0.0000,0.0000,0.0000,0.0000,2.6,nan
139,4.95e-04,1.2869,0.0000,0.0000,0.0000,0.0000,2.5,nan
140,4.95e-04,1.0728,0.0000,0.0000,0.0000,0.0000,4.1,0.4915
141,4.95e-04,1.3026,0.0000,0.0000,0.0000,0.0000,2.5,nan
142,4.95e-04,0.9494,0.0000,0.0000,0.0000,0.0000,2.7,nan
143,4.94e-04,0.9969,0.0000,0.0000,0.0000,0.0000,2.4,nan
144,4.94e-04,0.7535,0.0000,0.0000,0.0000,0.0000,2.5,nan
145,4.94e-04,0.8829,0.0000,0.0000,0.0000,0.0000,2.6,nan
146,4.94e-04,1.0205,0.0000,0.0000,0.0000,0.0000,2.5,nan
147,4.94e-04,0.9506,0.0000,0.0000,0.0000,0.0000,2.6,nan
148,4.94e-04,1.2078,0.0000,0.0000,0.0000,0.0000,3.2,nan
149,4.94e-04,1.1721,0.0000,0.0000,0.0000,0.0000,3.0,nan
150,4.94e-04,1.1208,0.0000,0.0000,0.0000,0.0000,3.1,nan
151,4.94e-04,0.9308,0.0000,0.0000,0.0000,0.0000,2.8,nan
152,4.94e-04,1.0958,0.0000,0.0000,0.0000,0.0000,2.5,nan
153,4.94e-04,1.6765,0.0000,0.0000,0.0000,0.0000,2.5,nan
154,4.94e-04,1.6523,0.0000,0.0000,0.0000,0.0000,2.5,nan
155,4.93e-04,1.1344,0.0000,0.0000,0.0000,0.0000,2.5,nan
156,4.93e-04,0.8983,0.0000,0.0000,0.0000,0.0000,2.5,nan
157,4.93e-04,1.4376,0.0000,0.0000,0.0000,0.0000,2.5,nan
158,4.93e-04,1.0957,0.0000,0.0000,0.0000,0.0000,2.6,nan
159,4.93e-04,1.0776,0.0000,0.0000,0.0000,0.0000,2.5,nan
160,4.93e-04,1.0793,0.0000,0.0000,0.0000,0.0000,4.3,0.4174
161,4.93e-04,1.1139,0.0000,0.0000,0.0000,0.0000,2.5,nan
162,4.93e-04,0.8851,0.0000,0.0000,0.0000,0.0000,2.6,nan
163,4.93e-04,0.9209,0.0000,0.0000,0.0000,0.0000,2.5,nan
164,4.93e-04,1.0603,0.0000,0.0000,0.0000,0.0000,2.5,nan
165,4.93e-04,1.0119,0.0000,0.0000,0.0000,0.0000,2.5,nan
166,4.92e-04,0.8611,0.0000,0.0000,0.0000,0.0000,2.7,nan
167,4.92e-04,1.3469,0.0000,0.0000,0.0000,0.0000,2.4,nan
168,4.92e-04,0.8538,0.0000,0.0000,0.0000,0.0000,2.5,nan
169,4.92e-04,0.9936,0.0000,0.0000,0.0000,0.0000,2.6,nan
170,4.92e-04,1.1274,0.0000,0.0000,0.0000,0.0000,2.5,nan
171,4.92e-04,0.9283,0.0000,0.0000,0.0000,0.0000,2.6,nan
172,4.92e-04,1.0071,0.0000,0.0000,0.0000,0.0000,2.5,nan
173,4.92e-04,1.0384,0.0000,0.0000,0.0000,0.0000,2.5,nan
174,4.92e-04,0.9879,0.0000,0.0000,0.0000,0.0000,2.4,nan
175,4.92e-04,1.2602,0.0000,0.0000,0.0000,0.0000,2.5,nan
176,4.91e-04,0.8973,0.0000,0.0000,0.0000,0.0000,2.5,nan
177,4.91e-04,0.7229,0.0000,0.0000,0.0000,0.0000,2.5,nan
178,4.91e-04,1.0582,0.0000,0.0000,0.0000,0.0000,2.6,nan
179,4.91e-04,1.0650,0.0000,0.0000,0.0000,0.0000,2.4,nan
180,4.91e-04,0.7710,0.0000,0.0000,0.0000,0.0000,4.2,0.5042
181,4.91e-04,1.2120,0.0000,0.0000,0.0000,0.0000,2.6,nan
182,4.91e-04,1.0144,0.0000,0.0000,0.0000,0.0000,2.6,nan
183,4.91e-04,0.8660,0.0000,0.0000,0.0000,0.0000,2.6,nan
184,4.91e-04,0.7517,0.0000,0.0000,0.0000,0.0000,2.6,nan
185,4.91e-04,1.1541,0.0000,0.0000,0.0000,0.0000,2.5,nan
186,4.90e-04,1.1454,0.0000,0.0000,0.0000,0.0000,2.6,nan
187,4.90e-04,1.5207,0.0000,0.0000,0.0000,0.0000,2.5,nan
188,4.90e-04,0.8618,0.0000,0.0000,0.0000,0.0000,2.6,nan
189,4.90e-04,1.9335,0.0000,0.0000,0.0000,0.0000,2.5,nan
190,4.90e-04,1.0762,0.0000,0.0000,0.0000,0.0000,2.5,nan
191,4.90e-04,0.9187,0.0000,0.0000,0.0000,0.0000,2.6,nan
192,4.90e-04,1.0106,0.0000,0.0000,0.0000,0.0000,2.5,nan
193,4.90e-04,0.9376,0.0000,0.0000,0.0000,0.0000,2.4,nan
194,4.90e-04,1.0380,0.0000,0.0000,0.0000,0.0000,2.5,nan
195,4.89e-04,0.9181,0.0000,0.0000,0.0000,0.0000,2.6,nan
196,4.89e-04,0.8281,0.0000,0.0000,0.0000,0.0000,2.5,nan
197,4.89e-04,0.8029,0.0000,0.0000,0.0000,0.0000,2.5,nan
198,4.89e-04,1.1222,0.0000,0.0000,0.0000,0.0000,2.5,nan
199,4.89e-04,1.0817,0.0000,0.0000,0.0000,0.0000,2.4,nan
200,4.89e-04,1.0515,0.0000,0.0000,0.0000,0.0000,4.1,0.5572
201,4.89e-04,0.6862,0.0000,0.0000,0.0000,0.0000,2.6,nan
202,4.89e-04,1.0751,0.0000,0.0000,0.0000,0.0000,2.6,nan
203,4.88e-04,1.1053,0.0000,0.0000,0.0000,0.0000,2.6,nan
204,4.88e-04,0.9681,0.0000,0.0000,0.0000,0.0000,2.5,nan
205,4.88e-04,0.7466,0.0000,0.0000,0.0000,0.0000,2.5,nan
206,4.88e-04,0.9667,0.0000,0.0000,0.0000,0.0000,2.5,nan
207,4.88e-04,0.7845,0.0000,0.0000,0.0000,0.0000,2.5,nan
208,4.88e-04,0.7859,0.0000,0.0000,0.0000,0.0000,2.6,nan
209,4.88e-04,1.3513,0.0000,0.0000,0.0000,0.0000,2.5,nan
210,4.88e-04,1.1525,0.0000,0.0000,0.0000,0.0000,2.6,nan
211,4.88e-04,0.7879,0.0000,0.0000,0.0000,0.0000,2.6,nan
212,4.87e-04,1.0248,0.0000,0.0000,0.0000,0.0000,2.5,nan
213,4.87e-04,0.6244,0.0000,0.0000,0.0000,0.0000,2.5,nan
214,4.87e-04,1.6192,0.0000,0.0000,0.0000,0.0000,2.6,nan
215,4.87e-04,0.7495,0.0000,0.0000,0.0000,0.0000,2.5,nan
216,4.87e-04,0.7876,0.0000,0.0000,0.0000,0.0000,2.4,nan
217,4.87e-04,0.7714,0.0000,0.0000,0.0000,0.0000,2.5,nan
218,4.87e-04,0.5225,0.0000,0.0000,0.0000,0.0000,2.6,nan
219,4.87e-04,0.8420,0.0000,0.0000,0.0000,0.0000,2.5,nan
220,4.86e-04,0.8529,0.0000,0.0000,0.0000,0.0000,4.2,0.5085
221,4.86e-04,0.8767,0.0000,0.0000,0.0000,0.0000,2.6,nan
222,4.86e-04,0.6992,0.0000,0.0000,0.0000,0.0000,2.4,nan
223,4.86e-04,0.9057,0.0000,0.0000,0.0000,0.0000,2.5,nan
224,4.86e-04,1.1611,0.0000,0.0000,0.0000,0.0000,2.6,nan
225,4.86e-04,0.8270,0.0000,0.0000,0.0000,0.0000,2.6,nan
226,4.86e-04,0.7713,0.0000,0.0000,0.0000,0.0000,2.5,nan
227,4.86e-04,1.0094,0.0000,0.0000,0.0000,0.0000,2.5,nan
228,4.85e-04,0.7020,0.0000,0.0000,0.0000,0.0000,2.7,nan
229,4.85e-04,0.6541,0.0000,0.0000,0.0000,0.0000,2.5,nan
230,4.85e-04,1.1113,0.0000,0.0000,0.0000,0.0000,2.5,nan
231,4.85e-04,0.8751,0.0000,0.0000,0.0000,0.0000,2.6,nan
232,4.85e-04,0.7157,0.0000,0.0000,0.0000,0.0000,2.6,nan
233,4.85e-04,1.0193,0.0000,0.0000,0.0000,0.0000,2.5,nan
234,4.85e-04,0.7943,0.0000,0.0000,0.0000,0.0000,2.5,nan
235,4.84e-04,0.9565,0.0000,0.0000,0.0000,0.0000,2.4,nan
236,4.84e-04,0.8101,0.0000,0.0000,0.0000,0.0000,2.6,nan
237,4.84e-04,0.6249,0.0000,0.0000,0.0000,0.0000,2.5,nan
238,4.84e-04,0.6266,0.0000,0.0000,0.0000,0.0000,2.4,nan
239,4.84e-04,0.7858,0.0000,0.0000,0.0000,0.0000,2.5,nan
240,4.84e-04,0.9416,0.0000,0.0000,0.0000,0.0000,4.2,0.5953
241,4.84e-04,0.8758,0.0000,0.0000,0.0000,0.0000,2.5,nan
242,4.83e-04,0.9902,0.0000,0.0000,0.0000,0.0000,2.4,nan
243,4.83e-04,1.4170,0.0000,0.0000,0.0000,0.0000,2.5,nan
244,4.83e-04,1.4129,0.0000,0.0000,0.0000,0.0000,2.5,nan
245,4.83e-04,0.6543,0.0000,0.0000,0.0000,0.0000,2.6,nan
246,4.83e-04,0.8578,0.0000,0.0000,0.0000,0.0000,2.5,nan
247,4.83e-04,1.2476,0.0000,0.0000,0.0000,0.0000,2.4,nan
248,4.83e-04,1.0480,0.0000,0.0000,0.0000,0.0000,2.5,nan
249,4.82e-04,0.8525,0.0000,0.0000,0.0000,0.0000,2.5,nan
250,4.82e-04,0.9797,0.0000,0.0000,0.0000,0.0000,2.5,nan
251,4.82e-04,0.8986,0.0000,0.0000,0.0000,0.0000,2.5,nan
252,4.82e-04,1.3171,0.0000,0.0000,0.0000,0.0000,2.5,nan
253,4.82e-04,1.0244,0.0000,0.0000,0.0000,0.0000,2.6,nan
254,4.82e-04,1.0310,0.0000,0.0000,0.0000,0.0000,2.5,nan
255,4.82e-04,0.8062,0.0000,0.0000,0.0000,0.0000,2.6,nan
256,4.81e-04,0.8520,0.0000,0.0000,0.0000,0.0000,2.5,nan
257,4.81e-04,0.8467,0.0000,0.0000,0.0000,0.0000,2.6,nan
258,4.81e-04,0.8577,0.0000,0.0000,0.0000,0.0000,2.5,nan
259,4.81e-04,0.7886,0.0000,0.0000,0.0000,0.0000,2.4,nan
260,4.81e-04,0.8872,0.0000,0.0000,0.0000,0.0000,4.2,0.4915
261,4.81e-04,1.0902,0.0000,0.0000,0.0000,0.0000,2.5,nan
262,4.81e-04,0.8472,0.0000,0.0000,0.0000,0.0000,2.6,nan
263,4.80e-04,1.0491,0.0000,0.0000,0.0000,0.0000,2.5,nan
264,4.80e-04,0.7338,0.0000,0.0000,0.0000,0.0000,2.5,nan
265,4.80e-04,0.6880,0.0000,0.0000,0.0000,0.0000,2.5,nan
266,4.80e-04,0.7638,0.0000,0.0000,0.0000,0.0000,2.6,nan
267,4.80e-04,0.8404,0.0000,0.0000,0.0000,0.0000,2.4,nan
268,4.80e-04,1.2501,0.0000,0.0000,0.0000,0.0000,2.7,nan
269,4.79e-04,0.8484,0.0000,0.0000,0.0000,0.0000,2.5,nan
270,4.79e-04,1.2453,0.0000,0.0000,0.0000,0.0000,2.6,nan
271,4.79e-04,1.0791,0.0000,0.0000,0.0000,0.0000,2.6,nan
272,4.79e-04,0.6618,0.0000,0.0000,0.0000,0.0000,2.7,nan
273,4.79e-04,0.6727,0.0000,0.0000,0.0000,0.0000,2.6,nan
274,4.79e-04,1.3627,0.0000,0.0000,0.0000,0.0000,2.6,nan
275,4.79e-04,1.0634,0.0000,0.0000,0.0000,0.0000,2.6,nan
276,4.78e-04,0.7431,0.0000,0.0000,0.0000,0.0000,2.4,nan
277,4.78e-04,0.7820,0.0000,0.0000,0.0000,0.0000,2.6,nan
278,4.78e-04,0.7845,0.0000,0.0000,0.0000,0.0000,2.5,nan
279,4.78e-04,0.9966,0.0000,0.0000,0.0000,0.0000,2.5,nan
280,4.78e-04,0.8458,0.0000,0.0000,0.0000,0.0000,4.1,0.5530
281,4.78e-04,0.9040,0.0000,0.0000,0.0000,0.0000,2.5,nan
282,4.77e-04,0.9691,0.0000,0.0000,0.0000,0.0000,2.5,nan
283,4.77e-04,0.7791,0.0000,0.0000,0.0000,0.0000,2.5,nan
284,4.77e-04,0.7013,0.0000,0.0000,0.0000,0.0000,2.6,nan
285,4.77e-04,0.9940,0.0000,0.0000,0.0000,0.0000,2.6,nan
286,4.77e-04,1.0270,0.0000,0.0000,0.0000,0.0000,2.6,nan
287,4.77e-04,0.7480,0.0000,0.0000,0.0000,0.0000,2.6,nan
288,4.76e-04,0.5236,0.0000,0.0000,0.0000,0.0000,2.6,nan
289,4.76e-04,0.8820,0.0000,0.0000,0.0000,0.0000,2.6,nan
290,4.76e-04,0.8204,0.0000,0.0000,0.0000,0.0000,2.4,nan
291,4.76e-04,1.3482,0.0000,0.0000,0.0000,0.0000,2.5,nan
292,4.76e-04,1.0755,0.0000,0.0000,0.0000,0.0000,2.5,nan
293,4.76e-04,1.3639,0.0000,0.0000,0.0000,0.0000,2.4,nan
294,4.75e-04,0.8122,0.0000,0.0000,0.0000,0.0000,2.4,nan
295,4.75e-04,0.7772,0.0000,0.0000,0.0000,0.0000,2.5,nan
296,4.75e-04,0.8073,0.0000,0.0000,0.0000,0.0000,2.7,nan
297,4.75e-04,0.9311,0.0000,0.0000,0.0000,0.0000,2.6,nan
298,4.75e-04,0.9766,0.0000,0.0000,0.0000,0.0000,2.5,nan
299,4.75e-04,1.0525,0.0000,0.0000,0.0000,0.0000,2.6,nan
300,4.74e-04,0.9952,0.0000,0.0000,0.0000,0.0000,4.3,0.5000
301,4.74e-04,0.7757,0.0000,0.0000,0.0000,0.0000,2.6,nan
302,4.74e-04,0.9506,0.0000,0.0000,0.0000,0.0000,2.5,nan
303,4.74e-04,1.0227,0.0000,0.0000,0.0000,0.0000,2.4,nan
304,4.74e-04,0.7191,0.0000,0.0000,0.0000,0.0000,2.5,nan
305,4.73e-04,0.8067,0.0000,0.0000,0.0000,0.0000,2.5,nan
306,4.73e-04,0.7954,0.0000,0.0000,0.0000,0.0000,2.6,nan
307,4.73e-04,0.8044,0.0000,0.0000,0.0000,0.0000,2.6,nan
308,4.73e-04,1.0028,0.0000,0.0000,0.0000,0.0000,2.5,nan
309,4.73e-04,0.6017,0.0000,0.0000,0.0000,0.0000,2.6,nan
310,4.73e-04,0.8844,0.0000,0.0000,0.0000,0.0000,2.6,nan
311,4.72e-04,0.9870,0.0000,0.0000,0.0000,0.0000,2.4,nan
312,4.72e-04,0.8007,0.0000,0.0000,0.0000,0.0000,2.6,nan
313,4.72e-04,0.9700,0.0000,0.0000,0.0000,0.0000,2.5,nan
314,4.72e-04,0.8711,0.0000,0.0000,0.0000,0.0000,2.6,nan
315,4.72e-04,1.1847,0.0000,0.0000,0.0000,0.0000,2.6,nan
316,4.72e-04,1.1625,0.0000,0.0000,0.0000,0.0000,2.4,nan
317,4.71e-04,1.1560,0.0000,0.0000,0.0000,0.0000,2.5,nan
318,4.71e-04,0.6524,0.0000,0.0000,0.0000,0.0000,2.6,nan
319,4.71e-04,0.9769,0.0000,0.0000,0.0000,0.0000,2.6,nan
320,4.71e-04,0.7369,0.0000,0.0000,0.0000,0.0000,4.4,0.5381
321,4.71e-04,1.2674,0.0000,0.0000,0.0000,0.0000,2.6,nan
322,4.70e-04,0.8906,0.0000,0.0000,0.0000,0.0000,2.5,nan
323,4.70e-04,0.6254,0.0000,0.0000,0.0000,0.0000,2.4,nan
324,4.70e-04,0.9577,0.0000,0.0000,0.0000,0.0000,2.6,nan
325,4.70e-04,0.7922,0.0000,0.0000,0.0000,0.0000,2.4,nan
326,4.70e-04,1.1280,0.0000,0.0000,0.0000,0.0000,2.5,nan
327,4.69e-04,0.6805,0.0000,0.0000,0.0000,0.0000,2.5,nan
328,4.69e-04,0.9214,0.0000,0.0000,0.0000,0.0000,2.6,nan
329,4.69e-04,0.9134,0.0000,0.0000,0.0000,0.0000,2.5,nan
330,4.69e-04,0.5353,0.0000,0.0000,0.0000,0.0000,2.6,nan
331,4.69e-04,0.8983,0.0000,0.0000,0.0000,0.0000,2.5,nan
332,4.69e-04,1.0017,0.0000,0.0000,0.0000,0.0000,2.7,nan
333,4.68e-04,0.8113,0.0000,0.0000,0.0000,0.0000,2.5,nan
334,4.68e-04,0.7766,0.0000,0.0000,0.0000,0.0000,2.6,nan
335,4.68e-04,0.8524,0.0000,0.0000,0.0000,0.0000,2.4,nan
336,4.68e-04,1.2479,0.0000,0.0000,0.0000,0.0000,2.5,nan
337,4.68e-04,0.7421,0.0000,0.0000,0.0000,0.0000,2.6,nan
338,4.67e-04,1.2620,0.0000,0.0000,0.0000,0.0000,2.6,nan
339,4.67e-04,0.7435,0.0000,0.0000,0.0000,0.0000,2.6,nan
340,4.67e-04,0.6856,0.0000,0.0000,0.0000,0.0000,4.1,0.5975
341,4.67e-04,1.3114,0.0000,0.0000,0.0000,0.0000,2.5,nan
342,4.67e-04,1.0938,0.0000,0.0000,0.0000,0.0000,2.6,nan
343,4.66e-04,0.5081,0.0000,0.0000,0.0000,0.0000,2.6,nan
344,4.66e-04,0.5287,0.0000,0.0000,0.0000,0.0000,2.5,nan
345,4.66e-04,0.7839,0.0000,0.0000,0.0000,0.0000,2.5,nan
346,4.66e-04,1.0854,0.0000,0.0000,0.0000,0.0000,2.5,nan
347,4.66e-04,0.7277,0.0000,0.0000,0.0000,0.0000,2.6,nan
348,4.65e-04,0.7959,0.0000,0.0000,0.0000,0.0000,2.5,nan
349,4.65e-04,0.6881,0.0000,0.0000,0.0000,0.0000,2.5,nan
350,4.65e-04,0.8156,0.0000,0.0000,0.0000,0.0000,2.5,nan
351,4.65e-04,1.0020,0.0000,0.0000,0.0000,0.0000,2.6,nan
352,4.65e-04,0.6807,0.0000,0.0000,0.0000,0.0000,2.6,nan
353,4.64e-04,0.6827,0.0000,0.0000,0.0000,0.0000,2.6,nan
354,4.64e-04,0.8929,0.0000,0.0000,0.0000,0.0000,2.5,nan
355,4.64e-04,0.7300,0.0000,0.0000,0.0000,0.0000,2.5,nan
356,4.64e-04,0.9186,0.0000,0.0000,0.0000,0.0000,2.4,nan
357,4.64e-04,1.0539,0.0000,0.0000,0.0000,0.0000,2.5,nan
358,4.63e-04,0.6586,0.0000,0.0000,0.0000,0.0000,2.5,nan
359,4.63e-04,0.7089,0.0000,0.0000,0.0000,0.0000,2.5,nan
360,4.63e-04,0.9141,0.0000,0.0000,0.0000,0.0000,4.2,0.4852
361,4.63e-04,1.3786,0.0000,0.0000,0.0000,0.0000,2.5,nan
362,4.63e-04,0.7003,0.0000,0.0000,0.0000,0.0000,2.5,nan
363,4.62e-04,0.8906,0.0000,0.0000,0.0000,0.0000,2.5,nan
364,4.62e-04,0.9225,0.0000,0.0000,0.0000,0.0000,2.6,nan
365,4.62e-04,0.9577,0.0000,0.0000,0.0000,0.0000,2.5,nan
366,4.62e-04,0.8012,0.0000,0.0000,0.0000,0.0000,2.5,nan
367,4.62e-04,0.8066,0.0000,0.0000,0.0000,0.0000,2.7,nan
368,4.61e-04,1.0311,0.0000,0.0000,0.0000,0.0000,2.4,nan
369,4.61e-04,0.7327,0.0000,0.0000,0.0000,0.0000,2.5,nan
370,4.61e-04,0.5056,0.0000,0.0000,0.0000,0.0000,2.5,nan
371,4.61e-04,0.7711,0.0000,0.0000,0.0000,0.0000,2.7,nan
372,4.60e-04,0.6433,0.0000,0.0000,0.0000,0.0000,2.5,nan
373,4.60e-04,0.7022,0.0000,0.0000,0.0000,0.0000,2.5,nan
374,4.60e-04,1.0871,0.0000,0.0000,0.0000,0.0000,2.4,nan
375,4.60e-04,1.2616,0.0000,0.0000,0.0000,0.0000,2.5,nan
376,4.60e-04,0.7827,0.0000,0.0000,0.0000,0.0000,2.5,nan
377,4.59e-04,0.7852,0.0000,0.0000,0.0000,0.0000,2.6,nan
378,4.59e-04,0.7307,0.0000,0.0000,0.0000,0.0000,2.4,nan
379,4.59e-04,0.8548,0.0000,0.0000,0.0000,0.0000,2.5,nan
380,4.59e-04,0.6253,0.0000,0.0000,0.0000,0.0000,4.2,0.5593
381,4.59e-04,1.1815,0.0000,0.0000,0.0000,0.0000,2.5,nan
382,4.58e-04,1.0353,0.0000,0.0000,0.0000,0.0000,2.5,nan
383,4.58e-04,0.7572,0.0000,0.0000,0.0000,0.0000,2.4,nan
384,4.58e-04,0.7496,0.0000,0.0000,0.0000,0.0000,2.6,nan
385,4.58e-04,0.7492,0.0000,0.0000,0.0000,0.0000,2.5,nan
386,4.57e-04,0.9305,0.0000,0.0000,0.0000,0.0000,2.5,nan
387,4.57e-04,1.1284,0.0000,0.0000,0.0000,0.0000,2.5,nan
388,4.57e-04,0.6391,0.0000,0.0000,0.0000,0.0000,2.6,nan
389,4.57e-04,0.6705,0.0000,0.0000,0.0000,0.0000,2.5,nan
390,4.57e-04,0.7584,0.0000,0.0000,0.0000,0.0000,2.6,nan
391,4.56e-04,0.7509,0.0000,0.0000,0.0000,0.0000,2.5,nan
392,4.56e-04,0.6357,0.0000,0.0000,0.0000,0.0000,2.5,nan
393,4.56e-04,1.0671,0.0000,0.0000,0.0000,0.0000,2.6,nan
394,4.56e-04,0.7689,0.0000,0.0000,0.0000,0.0000,2.5,nan
395,4.55e-04,0.7328,0.0000,0.0000,0.0000,0.0000,2.5,nan
396,4.55e-04,0.8672,0.0000,0.0000,0.0000,0.0000,2.5,nan
397,4.55e-04,1.0141,0.0000,0.0000,0.0000,0.0000,2.5,nan
398,4.55e-04,0.5491,0.0000,0.0000,0.0000,0.0000,2.6,nan
399,4.55e-04,0.8195,0.0000,0.0000,0.0000,0.0000,2.5,nan
400,4.54e-04,0.8364,0.0000,0.0000,0.0000,0.0000,4.1,0.5593
401,4.54e-04,0.8625,0.0000,0.0000,0.0000,0.0000,2.5,nan
402,4.54e-04,0.7474,0.0000,0.0000,0.0000,0.0000,2.5,nan
403,4.54e-04,0.7463,0.0000,0.0000,0.0000,0.0000,2.5,nan
404,4.53e-04,0.5671,0.0000,0.0000,0.0000,0.0000,2.5,nan
405,4.53e-04,0.6376,0.0000,0.0000,0.0000,0.0000,2.4,nan
406,4.53e-04,0.6669,0.0000,0.0000,0.0000,0.0000,2.5,nan
407,4.53e-04,0.9189,0.0000,0.0000,0.0000,0.0000,2.4,nan
408,4.53e-04,1.2487,0.0000,0.0000,0.0000,0.0000,2.5,nan
409,4.52e-04,0.5115,0.0000,0.0000,0.0000,0.0000,2.6,nan
410,4.52e-04,0.8813,0.0000,0.0000,0.0000,0.0000,2.6,nan
411,4.52e-04,0.5801,0.0000,0.0000,0.0000,0.0000,2.5,nan
412,4.52e-04,0.6877,0.0000,0.0000,0.0000,0.0000,2.5,nan
413,4.51e-04,0.6211,0.0000,0.0000,0.0000,0.0000,2.4,nan
414,4.51e-04,0.8273,0.0000,0.0000,0.0000,0.0000,2.6,nan
415,4.51e-04,0.8198,0.0000,0.0000,0.0000,0.0000,2.4,nan
416,4.51e-04,0.9619,0.0000,0.0000,0.0000,0.0000,2.6,nan
417,4.50e-04,0.6680,0.0000,0.0000,0.0000,0.0000,2.4,nan
418,4.50e-04,1.2241,0.0000,0.0000,0.0000,0.0000,2.5,nan
419,4.50e-04,0.7082,0.0000,0.0000,0.0000,0.0000,2.4,nan
420,4.50e-04,0.8406,0.0000,0.0000,0.0000,0.0000,4.2,0.5763
421,4.49e-04,0.7092,0.0000,0.0000,0.0000,0.0000,2.5,nan
422,4.49e-04,0.5446,0.0000,0.0000,0.0000,0.0000,2.7,nan
423,4.49e-04,0.6883,0.0000,0.0000,0.0000,0.0000,2.6,nan
424,4.49e-04,0.5377,0.0000,0.0000,0.0000,0.0000,2.4,nan
425,4.49e-04,0.9893,0.0000,0.0000,0.0000,0.0000,2.4,nan
426,4.48e-04,0.6640,0.0000,0.0000,0.0000,0.0000,2.4,nan
427,4.48e-04,0.6872,0.0000,0.0000,0.0000,0.0000,2.6,nan
428,4.48e-04,0.9768,0.0000,0.0000,0.0000,0.0000,2.5,nan
429,4.48e-04,0.8281,0.0000,0.0000,0.0000,0.0000,2.5,nan
430,4.47e-04,0.6616,0.0000,0.0000,0.0000,0.0000,2.4,nan
431,4.47e-04,0.9887,0.0000,0.0000,0.0000,0.0000,2.6,nan
432,4.47e-04,0.7297,0.0000,0.0000,0.0000,0.0000,2.5,nan
433,4.47e-04,0.7863,0.0000,0.0000,0.0000,0.0000,2.6,nan
434,4.46e-04,0.8003,0.0000,0.0000,0.0000,0.0000,2.5,nan
435,4.46e-04,0.9578,0.0000,0.0000,0.0000,0.0000,2.5,nan
436,4.46e-04,0.7480,0.0000,0.0000,0.0000,0.0000,2.5,nan
437,4.46e-04,1.3987,0.0000,0.0000,0.0000,0.0000,2.7,nan
438,4.45e-04,0.6540,0.0000,0.0000,0.0000,0.0000,2.5,nan
439,4.45e-04,0.8447,0.0000,0.0000,0.0000,0.0000,2.6,nan
440,4.45e-04,0.8901,0.0000,0.0000,0.0000,0.0000,4.2,0.5932
441,4.45e-04,1.1057,0.0000,0.0000,0.0000,0.0000,2.5,nan
442,4.44e-04,1.0975,0.0000,0.0000,0.0000,0.0000,2.7,nan
443,4.44e-04,0.6682,0.0000,0.0000,0.0000,0.0000,2.5,nan
444,4.44e-04,0.7938,0.0000,0.0000,0.0000,0.0000,2.5,nan
445,4.44e-04,1.1264,0.0000,0.0000,0.0000,0.0000,2.6,nan
446,4.43e-04,0.9410,0.0000,0.0000,0.0000,0.0000,2.5,nan
447,4.43e-04,0.8303,0.0000,0.0000,0.0000,0.0000,2.7,nan
448,4.43e-04,0.9725,0.0000,0.0000,0.0000,0.0000,2.6,nan
449,4.43e-04,0.7841,0.0000,0.0000,0.0000,0.0000,2.6,nan
450,4.42e-04,0.4244,0.0000,0.0000,0.0000,0.0000,2.4,nan
451,4.42e-04,0.7015,0.0000,0.0000,0.0000,0.0000,2.5,nan
452,4.42e-04,0.6606,0.0000,0.0000,0.0000,0.0000,2.5,nan
453,4.42e-04,1.0138,0.0000,0.0000,0.0000,0.0000,2.5,nan
454,4.41e-04,0.7317,0.0000,0.0000,0.0000,0.0000,2.5,nan
455,4.41e-04,0.8044,0.0000,0.0000,0.0000,0.0000,2.5,nan
456,4.41e-04,0.6920,0.0000,0.0000,0.0000,0.0000,2.5,nan
457,4.41e-04,0.4067,0.0000,0.0000,0.0000,0.0000,2.7,nan
458,4.40e-04,0.8001,0.0000,0.0000,0.0000,0.0000,2.5,nan
459,4.40e-04,0.9589,0.0000,0.0000,0.0000,0.0000,2.4,nan
460,4.40e-04,0.9908,0.0000,0.0000,0.0000,0.0000,4.1,0.5763
461,4.40e-04,0.5775,0.0000,0.0000,0.0000,0.0000,2.5,nan
462,4.39e-04,0.8526,0.0000,0.0000,0.0000,0.0000,2.5,nan
463,4.39e-04,0.7964,0.0000,0.0000,0.0000,0.0000,2.4,nan
464,4.39e-04,1.1052,0.0000,0.0000,0.0000,0.0000,2.4,nan
465,4.39e-04,0.7962,0.0000,0.0000,0.0000,0.0000,2.5,nan
466,4.38e-04,0.5804,0.0000,0.0000,0.0000,0.0000,2.5,nan
467,4.38e-04,0.6356,0.0000,0.0000,0.0000,0.0000,2.5,nan
468,4.38e-04,0.9880,0.0000,0.0000,0.0000,0.0000,2.6,nan
469,4.38e-04,1.1376,0.0000,0.0000,0.0000,0.0000,2.5,nan
470,4.37e-04,1.0433,0.0000,0.0000,0.0000,0.0000,2.4,nan
471,4.37e-04,0.6969,0.0000,0.0000,0.0000,0.0000,2.5,nan
472,4.37e-04,0.9912,0.0000,0.0000,0.0000,0.0000,2.5,nan
473,4.37e-04,0.8325,0.0000,0.0000,0.0000,0.0000,2.6,nan
474,4.36e-04,0.6003,0.0000,0.0000,0.0000,0.0000,2.6,nan
475,4.36e-04,0.9145,0.0000,0.0000,0.0000,0.0000,2.6,nan
476,4.36e-04,0.5713,0.0000,0.0000,0.0000,0.0000,2.5,nan
477,4.35e-04,0.9860,0.0000,0.0000,0.0000,0.0000,2.6,nan
478,4.35e-04,0.7885,0.0000,0.0000,0.0000,0.0000,2.4,nan
479,4.35e-04,0.5892,0.0000,0.0000,0.0000,0.0000,2.5,nan
480,4.35e-04,0.8257,0.0000,0.0000,0.0000,0.0000,4.2,0.5191
481,4.34e-04,0.6061,0.0000,0.0000,0.0000,0.0000,2.6,nan
482,4.34e-04,0.9876,0.0000,0.0000,0.0000,0.0000,2.5,nan
483,4.34e-04,0.9779,0.0000,0.0000,0.0000,0.0000,2.4,nan
484,4.34e-04,0.9463,0.0000,0.0000,0.0000,0.0000,2.5,nan
485,4.33e-04,0.9924,0.0000,0.0000,0.0000,0.0000,2.5,nan
486,4.33e-04,0.6455,0.0000,0.0000,0.0000,0.0000,2.5,nan
487,4.33e-04,1.2811,0.0000,0.0000,0.0000,0.0000,2.7,nan
488,4.33e-04,1.2519,0.0000,0.0000,0.0000,0.0000,2.4,nan
489,4.32e-04,0.8626,0.0000,0.0000,0.0000,0.0000,2.5,nan
490,4.32e-04,0.6845,0.0000,0.0000,0.0000,0.0000,2.5,nan
491,4.32e-04,0.7477,0.0000,0.0000,0.0000,0.0000,2.5,nan
492,4.32e-04,0.5674,0.0000,0.0000,0.0000,0.0000,2.5,nan
493,4.31e-04,0.7453,0.0000,0.0000,0.0000,0.0000,2.6,nan
494,4.31e-04,0.8577,0.0000,0.0000,0.0000,0.0000,2.5,nan
495,4.31e-04,1.0665,0.0000,0.0000,0.0000,0.0000,2.5,nan
496,4.30e-04,1.4469,0.0000,0.0000,0.0000,0.0000,2.5,nan
497,4.30e-04,0.6375,0.0000,0.0000,0.0000,0.0000,2.5,nan
498,4.30e-04,0.8631,0.0000,0.0000,0.0000,0.0000,2.7,nan
499,4.30e-04,0.8986,0.0000,0.0000,0.0000,0.0000,2.4,nan
500,4.29e-04,0.9175,0.0000,0.0000,0.0000,0.0000,4.2,0.5720
501,4.29e-04,0.9197,0.0000,0.0000,0.0000,0.0000,2.6,nan
502,4.29e-04,0.9900,0.0000,0.0000,0.0000,0.0000,2.5,nan
503,4.29e-04,0.9514,0.0000,0.0000,0.0000,0.0000,2.6,nan
504,4.28e-04,1.1230,0.0000,0.0000,0.0000,0.0000,2.6,nan
505,4.28e-04,0.8842,0.0000,0.0000,0.0000,0.0000,2.5,nan
506,4.28e-04,1.0059,0.0000,0.0000,0.0000,0.0000,2.5,nan
507,4.27e-04,0.6267,0.0000,0.0000,0.0000,0.0000,2.6,nan
508,4.27e-04,0.8205,0.0000,0.0000,0.0000,0.0000,2.4,nan
509,4.27e-04,1.0308,0.0000,0.0000,0.0000,0.0000,2.5,nan
510,4.27e-04,0.7785,0.0000,0.0000,0.0000,0.0000,2.5,nan
511,4.26e-04,1.0431,0.0000,0.0000,0.0000,0.0000,2.5,nan
512,4.26e-04,0.7201,0.0000,0.0000,0.0000,0.0000,2.5,nan
513,4.26e-04,0.8010,0.0000,0.0000,0.0000,0.0000,2.5,nan
514,4.25e-04,0.9759,0.0000,0.0000,0.0000,0.0000,2.6,nan
515,4.25e-04,0.8197,0.0000,0.0000,0.0000,0.0000,2.5,nan
516,4.25e-04,0.9431,0.0000,0.0000,0.0000,0.0000,2.5,nan
517,4.25e-04,0.7486,0.0000,0.0000,0.0000,0.0000,2.5,nan
518,4.24e-04,0.6634,0.0000,0.0000,0.0000,0.0000,2.5,nan
519,4.24e-04,0.9615,0.0000,0.0000,0.0000,0.0000,2.6,nan
520,4.24e-04,1.0203,0.0000,0.0000,0.0000,0.0000,4.2,0.4788
521,4.23e-04,0.7526,0.0000,0.0000,0.0000,0.0000,2.4,nan
522,4.23e-04,0.4429,0.0000,0.0000,0.0000,0.0000,2.5,nan
523,4.23e-04,1.0744,0.0000,0.0000,0.0000,0.0000,2.5,nan
524,4.23e-04,0.6878,0.0000,0.0000,0.0000,0.0000,2.5,nan
525,4.22e-04,1.0978,0.0000,0.0000,0.0000,0.0000,2.5,nan
526,4.22e-04,0.7537,0.0000,0.0000,0.0000,0.0000,2.5,nan
527,4.22e-04,0.8707,0.0000,0.0000,0.0000,0.0000,2.4,nan
528,4.22e-04,0.6690,0.0000,0.0000,0.0000,0.0000,2.5,nan
529,4.21e-04,1.0068,0.0000,0.0000,0.0000,0.0000,2.5,nan
530,4.21e-04,0.8658,0.0000,0.0000,0.0000,0.0000,2.6,nan
531,4.21e-04,0.6457,0.0000,0.0000,0.0000,0.0000,2.6,nan
532,4.20e-04,0.9701,0.0000,0.0000,0.0000,0.0000,2.4,nan
533,4.20e-04,0.5254,0.0000,0.0000,0.0000,0.0000,2.4,nan
534,4.20e-04,0.9487,0.0000,0.0000,0.0000,0.0000,2.6,nan
535,4.19e-04,0.8652,0.0000,0.0000,0.0000,0.0000,2.5,nan
536,4.19e-04,0.9802,0.0000,0.0000,0.0000,0.0000,2.5,nan
537,4.19e-04,0.6756,0.0000,0.0000,0.0000,0.0000,2.6,nan
538,4.19e-04,0.5446,0.0000,0.0000,0.0000,0.0000,2.6,nan
539,4.18e-04,1.0413,0.0000,0.0000,0.0000,0.0000,2.5,nan
540,4.18e-04,0.5402,0.0000,0.0000,0.0000,0.0000,4.2,0.5191
541,4.18e-04,0.7363,0.0000,0.0000,0.0000,0.0000,2.6,nan
542,4.17e-04,0.9611,0.0000,0.0000,0.0000,0.0000,2.4,nan
543,4.17e-04,0.4562,0.0000,0.0000,0.0000,0.0000,2.6,nan
544,4.17e-04,0.8066,0.0000,0.0000,0.0000,0.0000,2.5,nan
545,4.17e-04,0.7134,0.0000,0.0000,0.0000,0.0000,2.7,nan
546,4.16e-04,0.8751,0.0000,0.0000,0.0000,0.0000,2.6,nan
547,4.16e-04,0.7394,0.0000,0.0000,0.0000,0.0000,2.5,nan
548,4.16e-04,1.0101,0.0000,0.0000,0.0000,0.0000,2.6,nan
549,4.15e-04,0.7172,0.0000,0.0000,0.0000,0.0000,2.5,nan
550,4.15e-04,0.5726,0.0000,0.0000,0.0000,0.0000,2.5,nan
551,4.15e-04,0.8028,0.0000,0.0000,0.0000,0.0000,2.5,nan
552,4.15e-04,0.6420,0.0000,0.0000,0.0000,0.0000,2.5,nan
553,4.14e-04,0.8276,0.0000,0.0000,0.0000,0.0000,2.5,nan
554,4.14e-04,0.9127,0.0000,0.0000,0.0000,0.0000,2.5,nan
555,4.14e-04,0.8416,0.0000,0.0000,0.0000,0.0000,2.7,nan
556,4.13e-04,0.5525,0.0000,0.0000,0.0000,0.0000,2.6,nan
557,4.13e-04,0.8448,0.0000,0.0000,0.0000,0.0000,2.4,nan
558,4.13e-04,0.6426,0.0000,0.0000,0.0000,0.0000,2.5,nan
559,4.12e-04,0.9113,0.0000,0.0000,0.0000,0.0000,2.5,nan
560,4.12e-04,0.6701,0.0000,0.0000,0.0000,0.0000,4.1,0.5212
561,4.12e-04,0.7987,0.0000,0.0000,0.0000,0.0000,2.5,nan
562,4.12e-04,0.9384,0.0000,0.0000,0.0000,0.0000,2.5,nan
563,4.11e-04,1.0951,0.0000,0.0000,0.0000,0.0000,2.5,nan
564,4.11e-04,0.5777,0.0000,0.0000,0.0000,0.0000,2.5,nan
565,4.11e-04,0.9990,0.0000,0.0000,0.0000,0.0000,2.6,nan
566,4.10e-04,0.7481,0.0000,0.0000,0.0000,0.0000,2.6,nan
567,4.10e-04,0.5959,0.0000,0.0000,0.0000,0.0000,2.4,nan
568,4.10e-04,1.1536,0.0000,0.0000,0.0000,0.0000,2.6,nan
569,4.09e-04,0.7355,0.0000,0.0000,0.0000,0.0000,2.4,nan
570,4.09e-04,0.5781,0.0000,0.0000,0.0000,0.0000,2.5,nan
571,4.09e-04,0.3529,0.0000,0.0000,0.0000,0.0000,2.5,nan
572,4.09e-04,0.6131,0.0000,0.0000,0.0000,0.0000,2.6,nan
573,4.08e-04,0.9622,0.0000,0.0000,0.0000,0.0000,2.6,nan
574,4.08e-04,0.8281,0.0000,0.0000,0.0000,0.0000,2.5,nan
575,4.08e-04,0.9589,0.0000,0.0000,0.0000,0.0000,2.5,nan
576,4.07e-04,0.3907,0.0000,0.0000,0.0000,0.0000,2.5,nan
577,4.07e-04,0.9135,0.0000,0.0000,0.0000,0.0000,2.6,nan
578,4.07e-04,0.9269,0.0000,0.0000,0.0000,0.0000,2.6,nan
579,4.06e-04,0.9916,0.0000,0.0000,0.0000,0.0000,2.7,nan
580,4.06e-04,0.8192,0.0000,0.0000,0.0000,0.0000,4.1,0.5593
581,4.06e-04,0.9814,0.0000,0.0000,0.0000,0.0000,2.5,nan
582,4.05e-04,0.9767,0.0000,0.0000,0.0000,0.0000,2.5,nan
583,4.05e-04,1.0029,0.0000,0.0000,0.0000,0.0000,2.6,nan
584,4.05e-04,0.9667,0.0000,0.0000,0.0000,0.0000,2.4,nan
585,4.05e-04,0.7624,0.0000,0.0000,0.0000,0.0000,2.5,nan
586,4.04e-04,0.7216,0.0000,0.0000,0.0000,0.0000,2.5,nan
587,4.04e-04,0.7749,0.0000,0.0000,0.0000,0.0000,2.4,nan
588,4.04e-04,0.6928,0.0000,0.0000,0.0000,0.0000,2.5,nan
589,4.03e-04,0.6994,0.0000,0.0000,0.0000,0.0000,2.5,nan
590,4.03e-04,1.5729,0.0000,0.0000,0.0000,0.0000,2.5,nan
591,4.03e-04,0.6811,0.0000,0.0000,0.0000,0.0000,2.5,nan
592,4.02e-04,0.9170,0.0000,0.0000,0.0000,0.0000,2.5,nan
593,4.02e-04,0.8689,0.0000,0.0000,0.0000,0.0000,2.6,nan
594,4.02e-04,0.8067,0.0000,0.0000,0.0000,0.0000,2.5,nan
595,4.01e-04,0.7220,0.0000,0.0000,0.0000,0.0000,2.5,nan
596,4.01e-04,0.7430,0.0000,0.0000,0.0000,0.0000,2.5,nan
597,4.01e-04,0.9451,0.0000,0.0000,0.0000,0.0000,2.4,nan
598,4.01e-04,0.7984,0.0000,0.0000,0.0000,0.0000,2.5,nan
599,4.00e-04,0.7182,0.0000,0.0000,0.0000,0.0000,2.5,nan
600,4.00e-04,0.6404,0.0000,0.0000,0.0000,0.0000,4.1,0.5466
601,4.00e-04,0.5401,0.0000,0.0000,0.0000,0.0000,2.5,nan
602,3.99e-04,0.7815,0.0000,0.0000,0.0000,0.0000,2.5,nan
603,3.99e-04,0.9956,0.0000,0.0000,0.0000,0.0000,2.5,nan
604,3.99e-04,1.0430,0.0000,0.0000,0.0000,0.0000,2.5,nan
605,3.98e-04,0.6309,0.0000,0.0000,0.0000,0.0000,2.5,nan
606,3.98e-04,0.5772,0.0000,0.0000,0.0000,0.0000,2.4,nan
607,3.98e-04,0.7230,0.0000,0.0000,0.0000,0.0000,2.5,nan
608,3.97e-04,0.9785,0.0000,0.0000,0.0000,0.0000,2.7,nan
609,3.97e-04,0.6445,0.0000,0.0000,0.0000,0.0000,2.6,nan
610,3.97e-04,1.2152,0.0000,0.0000,0.0000,0.0000,2.6,nan
611,3.96e-04,0.8420,0.0000,0.0000,0.0000,0.0000,2.5,nan
612,3.96e-04,0.8480,0.0000,0.0000,0.0000,0.0000,2.5,nan
613,3.96e-04,1.0071,0.0000,0.0000,0.0000,0.0000,2.5,nan
614,3.95e-04,0.6796,0.0000,0.0000,0.0000,0.0000,2.4,nan
615,3.95e-04,0.7150,0.0000,0.0000,0.0000,0.0000,2.5,nan
616,3.95e-04,0.7622,0.0000,0.0000,0.0000,0.0000,2.5,nan
617,3.95e-04,0.9237,0.0000,0.0000,0.0000,0.0000,2.6,nan
618,3.94e-04,0.9438,0.0000,0.0000,0.0000,0.0000,2.6,nan
619,3.94e-04,0.6140,0.0000,0.0000,0.0000,0.0000,2.6,nan
620,3.94e-04,0.7554,0.0000,0.0000,0.0000,0.0000,4.1,0.5636
621,3.93e-04,1.2285,0.0000,0.0000,0.0000,0.0000,2.5,nan
622,3.93e-04,0.8419,0.0000,0.0000,0.0000,0.0000,2.5,nan
623,3.93e-04,0.8567,0.0000,0.0000,0.0000,0.0000,2.8,nan
624,3.92e-04,0.8149,0.0000,0.0000,0.0000,0.0000,2.5,nan
625,3.92e-04,0.8205,0.0000,0.0000,0.0000,0.0000,2.5,nan
626,3.92e-04,0.7215,0.0000,0.0000,0.0000,0.0000,2.5,nan
627,3.91e-04,0.7846,0.0000,0.0000,0.0000,0.0000,2.5,nan
628,3.91e-04,0.8668,0.0000,0.0000,0.0000,0.0000,2.6,nan
629,3.91e-04,0.7303,0.0000,0.0000,0.0000,0.0000,2.6,nan
630,3.90e-04,0.9981,0.0000,0.0000,0.0000,0.0000,2.5,nan
631,3.90e-04,0.7035,0.0000,0.0000,0.0000,0.0000,2.6,nan
632,3.90e-04,0.7990,0.0000,0.0000,0.0000,0.0000,2.5,nan
633,3.89e-04,0.7846,0.0000,0.0000,0.0000,0.0000,2.5,nan
634,3.89e-04,1.1513,0.0000,0.0000,0.0000,0.0000,2.5,nan
635,3.89e-04,0.6058,0.0000,0.0000,0.0000,0.0000,2.5,nan
636,3.88e-04,0.7417,0.0000,0.0000,0.0000,0.0000,2.5,nan
637,3.88e-04,0.8575,0.0000,0.0000,0.0000,0.0000,2.5,nan
638,3.88e-04,1.2545,0.0000,0.0000,0.0000,0.0000,2.5,nan
639,3.87e-04,0.9387,0.0000,0.0000,0.0000,0.0000,2.5,nan
640,3.87e-04,0.8511,0.0000,0.0000,0.0000,0.0000,4.3,0.4746
641,3.87e-04,0.6922,0.0000,0.0000,0.0000,0.0000,2.5,nan
642,3.86e-04,0.7176,0.0000,0.0000,0.0000,0.0000,2.9,nan
643,3.86e-04,0.5255,0.0000,0.0000,0.0000,0.0000,3.3,nan
644,3.86e-04,0.9142,0.0000,0.0000,0.0000,0.0000,2.6,nan
645,3.85e-04,1.0204,0.0000,0.0000,0.0000,0.0000,2.6,nan
646,3.85e-04,0.9207,0.0000,0.0000,0.0000,0.0000,2.7,nan
647,3.85e-04,0.5840,0.0000,0.0000,0.0000,0.0000,2.5,nan
648,3.84e-04,0.7619,0.0000,0.0000,0.0000,0.0000,2.8,nan
649,3.84e-04,0.9000,0.0000,0.0000,0.0000,0.0000,3.0,nan
650,3.84e-04,1.1611,0.0000,0.0000,0.0000,0.0000,2.8,nan
651,3.83e-04,0.8803,0.0000,0.0000,0.0000,0.0000,2.5,nan
652,3.83e-04,0.6898,0.0000,0.0000,0.0000,0.0000,2.6,nan
653,3.83e-04,0.7042,0.0000,0.0000,0.0000,0.0000,2.6,nan
654,3.82e-04,0.5397,0.0000,0.0000,0.0000,0.0000,2.4,nan
655,3.82e-04,0.4705,0.0000,0.0000,0.0000,0.0000,2.5,nan
656,3.82e-04,0.9052,0.0000,0.0000,0.0000,0.0000,2.6,nan
657,3.81e-04,0.8633,0.0000,0.0000,0.0000,0.0000,2.5,nan
658,3.81e-04,0.9301,0.0000,0.0000,0.0000,0.0000,2.6,nan
659,3.81e-04,1.4027,0.0000,0.0000,0.0000,0.0000,2.6,nan
660,3.80e-04,0.7518,0.0000,0.0000,0.0000,0.0000,4.2,0.5297
661,3.80e-04,1.2047,0.0000,0.0000,0.0000,0.0000,2.4,nan
662,3.80e-04,0.6214,0.0000,0.0000,0.0000,0.0000,2.5,nan
663,3.79e-04,0.6965,0.0000,0.0000,0.0000,0.0000,2.6,nan
664,3.79e-04,0.6707,0.0000,0.0000,0.0000,0.0000,2.6,nan
665,3.79e-04,0.5209,0.0000,0.0000,0.0000,0.0000,2.5,nan
666,3.78e-04,1.1456,0.0000,0.0000,0.0000,0.0000,2.6,nan
667,3.78e-04,0.3531,0.0000,0.0000,0.0000,0.0000,2.5,nan
668,3.78e-04,0.6846,0.0000,0.0000,0.0000,0.0000,2.5,nan
669,3.77e-04,0.7877,0.0000,0.0000,0.0000,0.0000,2.4,nan
670,3.77e-04,0.8632,0.0000,0.0000,0.0000,0.0000,2.5,nan
671,3.77e-04,1.1215,0.0000,0.0000,0.0000,0.0000,2.5,nan
672,3.76e-04,0.6929,0.0000,0.0000,0.0000,0.0000,2.5,nan
673,3.76e-04,0.9182,0.0000,0.0000,0.0000,0.0000,2.5,nan
674,3.76e-04,0.6318,0.0000,0.0000,0.0000,0.0000,2.5,nan
675,3.75e-04,0.6336,0.0000,0.0000,0.0000,0.0000,2.6,nan
676,3.75e-04,0.8444,0.0000,0.0000,0.0000,0.0000,2.6,nan
677,3.75e-04,0.9164,0.0000,0.0000,0.0000,0.0000,2.5,nan
678,3.74e-04,1.0045,0.0000,0.0000,0.0000,0.0000,2.6,nan
679,3.74e-04,0.6381,0.0000,0.0000,0.0000,0.0000,2.6,nan
680,3.74e-04,0.6828,0.0000,0.0000,0.0000,0.0000,4.1,0.5508
681,3.73e-04,0.5127,0.0000,0.0000,0.0000,0.0000,2.5,nan
682,3.73e-04,0.5459,0.0000,0.0000,0.0000,0.0000,2.4,nan
683,3.73e-04,0.4957,0.0000,0.0000,0.0000,0.0000,2.5,nan
684,3.72e-04,0.7571,0.0000,0.0000,0.0000,0.0000,2.6,nan
685,3.72e-04,0.8080,0.0000,0.0000,0.0000,0.0000,2.6,nan
686,3.72e-04,0.6511,0.0000,0.0000,0.0000,0.0000,2.5,nan
687,3.71e-04,1.0050,0.0000,0.0000,0.0000,0.0000,2.6,nan
688,3.71e-04,0.4461,0.0000,0.0000,0.0000,0.0000,2.5,nan
689,3.71e-04,0.9191,0.0000,0.0000,0.0000,0.0000,2.4,nan
690,3.70e-04,0.8933,0.0000,0.0000,0.0000,0.0000,2.5,nan
691,3.70e-04,0.8606,0.0000,0.0000,0.0000,0.0000,2.5,nan
692,3.70e-04,1.1372,0.0000,0.0000,0.0000,0.0000,2.5,nan
693,3.69e-04,1.0489,0.0000,0.0000,0.0000,0.0000,2.4,nan
694,3.69e-04,0.9955,0.0000,0.0000,0.0000,0.0000,2.4,nan
695,3.69e-04,1.0456,0.0000,0.0000,0.0000,0.0000,2.6,nan
696,3.68e-04,0.9670,0.0000,0.0000,0.0000,0.0000,2.5,nan
697,3.68e-04,0.6627,0.0000,0.0000,0.0000,0.0000,2.4,nan
698,3.68e-04,0.9445,0.0000,0.0000,0.0000,0.0000,2.6,nan
699,3.67e-04,0.4261,0.0000,0.0000,0.0000,0.0000,2.6,nan
700,3.67e-04,0.3763,0.0000,0.0000,0.0000,0.0000,4.5,0.5297
701,3.66e-04,0.4713,0.0000,0.0000,0.0000,0.0000,3.2,nan
702,3.66e-04,1.1562,0.0000,0.0000,0.0000,0.0000,2.5,nan
703,3.66e-04,1.1653,0.0000,0.0000,0.0000,0.0000,2.7,nan
704,3.65e-04,0.8859,0.0000,0.0000,0.0000,0.0000,2.5,nan
705,3.65e-04,0.7956,0.0000,0.0000,0.0000,0.0000,2.6,nan
706,3.65e-04,0.7084,0.0000,0.0000,0.0000,0.0000,2.5,nan
707,3.64e-04,0.7222,0.0000,0.0000,0.0000,0.0000,2.6,nan
708,3.64e-04,0.4726,0.0000,0.0000,0.0000,0.0000,2.5,nan
709,3.64e-04,0.5651,0.0000,0.0000,0.0000,0.0000,2.4,nan
710,3.63e-04,0.5930,0.0000,0.0000,0.0000,0.0000,2.4,nan
711,3.63e-04,0.8810,0.0000,0.0000,0.0000,0.0000,2.5,nan
712,3.63e-04,0.6631,0.0000,0.0000,0.0000,0.0000,2.5,nan
713,3.62e-04,0.6537,0.0000,0.0000,0.0000,0.0000,2.4,nan
714,3.62e-04,0.6474,0.0000,0.0000,0.0000,0.0000,2.5,nan
715,3.62e-04,0.4057,0.0000,0.0000,0.0000,0.0000,2.5,nan
716,3.61e-04,0.8230,0.0000,0.0000,0.0000,0.0000,2.4,nan
717,3.61e-04,0.9728,0.0000,0.0000,0.0000,0.0000,2.5,nan
718,3.61e-04,0.8453,0.0000,0.0000,0.0000,0.0000,2.4,nan
719,3.60e-04,0.7748,0.0000,0.0000,0.0000,0.0000,2.6,nan
720,3.60e-04,0.8674,0.0000,0.0000,0.0000,0.0000,4.1,0.5169
721,3.59e-04,0.6626,0.0000,0.0000,0.0000,0.0000,2.4,nan
722,3.59e-04,0.6360,0.0000,0.0000,0.0000,0.0000,2.6,nan
723,3.59e-04,0.6766,0.0000,0.0000,0.0000,0.0000,2.6,nan
724,3.58e-04,0.9595,0.0000,0.0000,0.0000,0.0000,2.5,nan
725,3.58e-04,0.6872,0.0000,0.0000,0.0000,0.0000,2.5,nan
726,3.58e-04,0.4730,0.0000,0.0000,0.0000,0.0000,2.6,nan
727,3.57e-04,0.4298,0.0000,0.0000,0.0000,0.0000,2.5,nan
728,3.57e-04,0.7183,0.0000,0.0000,0.0000,0.0000,2.6,nan
729,3.57e-04,0.5284,0.0000,0.0000,0.0000,0.0000,2.5,nan
730,3.56e-04,0.8417,0.0000,0.0000,0.0000,0.0000,2.5,nan
731,3.56e-04,0.5659,0.0000,0.0000,0.0000,0.0000,2.6,nan
732,3.56e-04,0.9207,0.0000,0.0000,0.0000,0.0000,2.6,nan
733,3.55e-04,0.7461,0.0000,0.0000,0.0000,0.0000,2.5,nan
734,3.55e-04,0.7470,0.0000,0.0000,0.0000,0.0000,2.5,nan
735,3.55e-04,0.8108,0.0000,0.0000,0.0000,0.0000,2.6,nan
736,3.54e-04,0.7221,0.0000,0.0000,0.0000,0.0000,2.5,nan
737,3.54e-04,1.1452,0.0000,0.0000,0.0000,0.0000,2.3,nan
738,3.53e-04,0.7766,0.0000,0.0000,0.0000,0.0000,2.6,nan
739,3.53e-04,0.6114,0.0000,0.0000,0.0000,0.0000,2.6,nan
740,3.53e-04,0.8784,0.0000,0.0000,0.0000,0.0000,4.3,0.5487
741,3.52e-04,0.6970,0.0000,0.0000,0.0000,0.0000,2.6,nan
742,3.52e-04,0.8217,0.0000,0.0000,0.0000,0.0000,3.1,nan
743,3.52e-04,0.6606,0.0000,0.0000,0.0000,0.0000,2.8,nan
744,3.51e-04,1.0445,0.0000,0.0000,0.0000,0.0000,2.5,nan
745,3.51e-04,0.5635,0.0000,0.0000,0.0000,0.0000,2.5,nan
746,3.51e-04,0.8200,0.0000,0.0000,0.0000,0.0000,2.5,nan
747,3.50e-04,0.4865,0.0000,0.0000,0.0000,0.0000,2.6,nan
748,3.50e-04,1.0176,0.0000,0.0000,0.0000,0.0000,2.6,nan
749,3.50e-04,0.8636,0.0000,0.0000,0.0000,0.0000,2.6,nan
750,3.49e-04,0.5728,0.0000,0.0000,0.0000,0.0000,2.5,nan
751,3.49e-04,0.6151,0.0000,0.0000,0.0000,0.0000,2.5,nan
752,3.48e-04,0.7088,0.0000,0.0000,0.0000,0.0000,2.5,nan
753,3.48e-04,1.0537,0.0000,0.0000,0.0000,0.0000,2.6,nan
754,3.48e-04,0.5407,0.0000,0.0000,0.0000,0.0000,2.4,nan
755,3.47e-04,0.9835,0.0000,0.0000,0.0000,0.0000,2.5,nan
756,3.47e-04,1.0146,0.0000,0.0000,0.0000,0.0000,2.6,nan
757,3.47e-04,0.7530,0.0000,0.0000,0.0000,0.0000,2.5,nan
758,3.46e-04,0.9381,0.0000,0.0000,0.0000,0.0000,2.5,nan
759,3.46e-04,0.7990,0.0000,0.0000,0.0000,0.0000,2.5,nan
760,3.46e-04,0.6120,0.0000,0.0000,0.0000,0.0000,4.1,0.5148
761,3.45e-04,0.8535,0.0000,0.0000,0.0000,0.0000,2.4,nan
762,3.45e-04,0.5530,0.0000,0.0000,0.0000,0.0000,2.5,nan
763,3.44e-04,0.7224,0.0000,0.0000,0.0000,0.0000,2.5,nan
764,3.44e-04,0.4721,0.0000,0.0000,0.0000,0.0000,2.4,nan
765,3.44e-04,0.6829,0.0000,0.0000,0.0000,0.0000,2.5,nan
766,3.43e-04,0.7802,0.0000,0.0000,0.0000,0.0000,2.6,nan
767,3.43e-04,0.9117,0.0000,0.0000,0.0000,0.0000,2.4,nan
768,3.43e-04,0.5634,0.0000,0.0000,0.0000,0.0000,2.4,nan
769,3.42e-04,0.5644,0.0000,0.0000,0.0000,0.0000,2.4,nan
770,3.42e-04,0.5114,0.0000,0.0000,0.0000,0.0000,2.4,nan
771,3.42e-04,0.9210,0.0000,0.0000,0.0000,0.0000,2.6,nan
772,3.41e-04,1.0159,0.0000,0.0000,0.0000,0.0000,2.4,nan
773,3.41e-04,0.6194,0.0000,0.0000,0.0000,0.0000,2.5,nan
774,3.40e-04,0.7126,0.0000,0.0000,0.0000,0.0000,2.4,nan
775,3.40e-04,0.6820,0.0000,0.0000,0.0000,0.0000,2.5,nan
776,3.40e-04,0.8204,0.0000,0.0000,0.0000,0.0000,2.5,nan
777,3.39e-04,0.8139,0.0000,0.0000,0.0000,0.0000,2.4,nan
778,3.39e-04,0.7978,0.0000,0.0000,0.0000,0.0000,2.5,nan
779,3.39e-04,1.0330,0.0000,0.0000,0.0000,0.0000,2.5,nan
780,3.38e-04,0.6757,0.0000,0.0000,0.0000,0.0000,4.2,0.5466
781,3.38e-04,0.7595,0.0000,0.0000,0.0000,0.0000,2.4,nan
782,3.38e-04,0.8617,0.0000,0.0000,0.0000,0.0000,2.5,nan
783,3.37e-04,0.8996,0.0000,0.0000,0.0000,0.0000,2.5,nan
784,3.37e-04,0.6001,0.0000,0.0000,0.0000,0.0000,2.5,nan
785,3.36e-04,0.6951,0.0000,0.0000,0.0000,0.0000,2.4,nan
786,3.36e-04,0.6978,0.0000,0.0000,0.0000,0.0000,2.5,nan
787,3.36e-04,0.9103,0.0000,0.0000,0.0000,0.0000,2.4,nan
788,3.35e-04,0.5941,0.0000,0.0000,0.0000,0.0000,2.5,nan
789,3.35e-04,1.0456,0.0000,0.0000,0.0000,0.0000,2.5,nan
790,3.35e-04,0.9533,0.0000,0.0000,0.0000,0.0000,2.5,nan
791,3.34e-04,1.1292,0.0000,0.0000,0.0000,0.0000,2.4,nan
792,3.34e-04,0.6101,0.0000,0.0000,0.0000,0.0000,2.5,nan
793,3.33e-04,0.5301,0.0000,0.0000,0.0000,0.0000,2.5,nan
794,3.33e-04,0.7184,0.0000,0.0000,0.0000,0.0000,2.5,nan
795,3.33e-04,0.6050,0.0000,0.0000,0.0000,0.0000,2.6,nan
796,3.32e-04,0.4709,0.0000,0.0000,0.0000,0.0000,2.5,nan
797,3.32e-04,0.7085,0.0000,0.0000,0.0000,0.0000,2.6,nan
798,3.32e-04,0.9032,0.0000,0.0000,0.0000,0.0000,2.5,nan
799,3.31e-04,0.9153,0.0000,0.0000,0.0000,0.0000,2.6,nan
800,3.31e-04,0.8018,0.0000,0.0000,0.0000,0.0000,4.0,0.5466
801,3.31e-04,0.8730,0.0000,0.0000,0.0000,0.0000,2.5,nan
802,3.30e-04,0.6509,0.0000,0.0000,0.0000,0.0000,2.6,nan
803,3.30e-04,0.6944,0.0000,0.0000,0.0000,0.0000,2.5,nan
804,3.29e-04,0.6817,0.0000,0.0000,0.0000,0.0000,2.4,nan
805,3.29e-04,0.8990,0.0000,0.0000,0.0000,0.0000,2.6,nan
806,3.29e-04,0.5291,0.0000,0.0000,0.0000,0.0000,2.5,nan
807,3.28e-04,0.4315,0.0000,0.0000,0.0000,0.0000,2.4,nan
808,3.28e-04,0.8562,0.0000,0.0000,0.0000,0.0000,2.4,nan
809,3.28e-04,0.5967,0.0000,0.0000,0.0000,0.0000,2.6,nan
810,3.27e-04,0.7522,0.0000,0.0000,0.0000,0.0000,2.5,nan
811,3.27e-04,0.8330,0.0000,0.0000,0.0000,0.0000,2.5,nan
812,3.26e-04,0.5382,0.0000,0.0000,0.0000,0.0000,2.5,nan
813,3.26e-04,1.1763,0.0000,0.0000,0.0000,0.0000,2.5,nan
814,3.26e-04,0.7995,0.0000,0.0000,0.0000,0.0000,2.6,nan
815,3.25e-04,1.1506,0.0000,0.0000,0.0000,0.0000,2.5,nan
816,3.25e-04,0.6450,0.0000,0.0000,0.0000,0.0000,2.6,nan
817,3.25e-04,0.6830,0.0000,0.0000,0.0000,0.0000,2.5,nan
818,3.24e-04,0.8788,0.0000,0.0000,0.0000,0.0000,2.5,nan
819,3.24e-04,0.7905,0.0000,0.0000,0.0000,0.0000,2.5,nan
820,3.23e-04,0.7754,0.0000,0.0000,0.0000,0.0000,4.1,0.5847
821,3.23e-04,0.8580,0.0000,0.0000,0.0000,0.0000,2.5,nan
822,3.23e-04,0.7908,0.0000,0.0000,0.0000,0.0000,2.5,nan
823,3.22e-04,0.7638,0.0000,0.0000,0.0000,0.0000,2.6,nan
824,3.22e-04,0.5256,0.0000,0.0000,0.0000,0.0000,2.7,nan
825,3.22e-04,0.6976,0.0000,0.0000,0.0000,0.0000,2.5,nan
826,3.21e-04,0.7328,0.0000,0.0000,0.0000,0.0000,2.6,nan
827,3.21e-04,0.4507,0.0000,0.0000,0.0000,0.0000,2.5,nan
828,3.20e-04,1.2522,0.0000,0.0000,0.0000,0.0000,2.5,nan
829,3.20e-04,1.1979,0.0000,0.0000,0.0000,0.0000,2.5,nan
830,3.20e-04,0.5093,0.0000,0.0000,0.0000,0.0000,2.6,nan
831,3.19e-04,0.9782,0.0000,0.0000,0.0000,0.0000,2.5,nan
832,3.19e-04,0.8908,0.0000,0.0000,0.0000,0.0000,2.5,nan
833,3.19e-04,0.6430,0.0000,0.0000,0.0000,0.0000,2.4,nan
834,3.18e-04,0.5994,0.0000,0.0000,0.0000,0.0000,2.5,nan
835,3.18e-04,0.6890,0.0000,0.0000,0.0000,0.0000,2.4,nan
836,3.17e-04,0.8019,0.0000,0.0000,0.0000,0.0000,2.5,nan
837,3.17e-04,0.6395,0.0000,0.0000,0.0000,0.0000,2.4,nan
838,3.17e-04,0.7393,0.0000,0.0000,0.0000,0.0000,2.6,nan
839,3.16e-04,1.1156,0.0000,0.0000,0.0000,0.0000,2.6,nan
840,3.16e-04,0.8713,0.0000,0.0000,0.0000,0.0000,4.3,0.5826
841,3.16e-04,0.9010,0.0000,0.0000,0.0000,0.0000,2.5,nan
842,3.15e-04,0.9002,0.0000,0.0000,0.0000,0.0000,2.5,nan
843,3.15e-04,0.7596,0.0000,0.0000,0.0000,0.0000,2.5,nan
844,3.14e-04,0.8581,0.0000,0.0000,0.0000,0.0000,2.5,nan
845,3.14e-04,0.7179,0.0000,0.0000,0.0000,0.0000,2.5,nan
846,3.14e-04,0.8117,0.0000,0.0000,0.0000,0.0000,2.6,nan
847,3.13e-04,0.4241,0.0000,0.0000,0.0000,0.0000,2.5,nan
848,3.13e-04,0.6136,0.0000,0.0000,0.0000,0.0000,2.5,nan
849,3.13e-04,0.6235,0.0000,0.0000,0.0000,0.0000,2.5,nan
850,3.12e-04,1.0057,0.0000,0.0000,0.0000,0.0000,2.5,nan
851,3.12e-04,1.1710,0.0000,0.0000,0.0000,0.0000,2.5,nan
852,3.11e-04,0.5437,0.0000,0.0000,0.0000,0.0000,2.4,nan
853,3.11e-04,0.8093,0.0000,0.0000,0.0000,0.0000,2.5,nan
854,3.11e-04,0.9245,0.0000,0.0000,0.0000,0.0000,2.4,nan
855,3.10e-04,0.5584,0.0000,0.0000,0.0000,0.0000,2.6,nan
856,3.10e-04,0.6043,0.0000,0.0000,0.0000,0.0000,2.5,nan
857,3.09e-04,0.8307,0.0000,0.0000,0.0000,0.0000,2.5,nan
858,3.09e-04,0.8916,0.0000,0.0000,0.0000,0.0000,2.5,nan
859,3.09e-04,0.6029,0.0000,0.0000,0.0000,0.0000,2.5,nan
860,3.08e-04,0.7376,0.0000,0.0000,0.0000,0.0000,4.0,0.5466
861,3.08e-04,0.9390,0.0000,0.0000,0.0000,0.0000,2.5,nan
862,3.08e-04,0.5969,0.0000,0.0000,0.0000,0.0000,2.5,nan
863,3.07e-04,0.8163,0.0000,0.0000,0.0000,0.0000,2.5,nan
864,3.07e-04,0.7357,0.0000,0.0000,0.0000,0.0000,2.5,nan
865,3.06e-04,0.8989,0.0000,0.0000,0.0000,0.0000,2.6,nan
866,3.06e-04,0.7733,0.0000,0.0000,0.0000,0.0000,2.6,nan
867,3.06e-04,0.4418,0.0000,0.0000,0.0000,0.0000,2.5,nan
868,3.05e-04,0.7892,0.0000,0.0000,0.0000,0.0000,2.5,nan
869,3.05e-04,0.6448,0.0000,0.0000,0.0000,0.0000,2.4,nan
870,3.05e-04,0.6676,0.0000,0.0000,0.0000,0.0000,2.5,nan
871,3.04e-04,0.7894,0.0000,0.0000,0.0000,0.0000,2.6,nan
872,3.04e-04,0.6638,0.0000,0.0000,0.0000,0.0000,2.4,nan
873,3.03e-04,0.6838,0.0000,0.0000,0.0000,0.0000,2.4,nan
874,3.03e-04,0.9236,0.0000,0.0000,0.0000,0.0000,2.4,nan
875,3.03e-04,0.5646,0.0000,0.0000,0.0000,0.0000,2.5,nan
876,3.02e-04,0.5411,0.0000,0.0000,0.0000,0.0000,2.4,nan
877,3.02e-04,0.8847,0.0000,0.0000,0.0000,0.0000,2.5,nan
878,3.01e-04,0.4731,0.0000,0.0000,0.0000,0.0000,2.4,nan
879,3.01e-04,0.4721,0.0000,0.0000,0.0000,0.0000,2.5,nan
880,3.01e-04,0.9041,0.0000,0.0000,0.0000,0.0000,4.2,0.5508
881,3.00e-04,0.5501,0.0000,0.0000,0.0000,0.0000,2.5,nan
882,3.00e-04,0.7527,0.0000,0.0000,0.0000,0.0000,2.4,nan
883,3.00e-04,1.1487,0.0000,0.0000,0.0000,0.0000,2.6,nan
884,2.99e-04,0.6266,0.0000,0.0000,0.0000,0.0000,2.6,nan
885,2.99e-04,0.7457,0.0000,0.0000,0.0000,0.0000,2.5,nan
886,2.98e-04,1.0346,0.0000,0.0000,0.0000,0.0000,2.5,nan
887,2.98e-04,1.3285,0.0000,0.0000,0.0000,0.0000,2.6,nan
888,2.98e-04,0.9201,0.0000,0.0000,0.0000,0.0000,2.5,nan
889,2.97e-04,1.0603,0.0000,0.0000,0.0000,0.0000,2.7,nan
890,2.97e-04,0.5170,0.0000,0.0000,0.0000,0.0000,2.5,nan
891,2.96e-04,0.7632,0.0000,0.0000,0.0000,0.0000,2.5,nan
892,2.96e-04,1.3105,0.0000,0.0000,0.0000,0.0000,2.6,nan
893,2.96e-04,0.5476,0.0000,0.0000,0.0000,0.0000,2.4,nan
894,2.95e-04,0.7555,0.0000,0.0000,0.0000,0.0000,2.5,nan
895,2.95e-04,1.1430,0.0000,0.0000,0.0000,0.0000,2.4,nan
896,2.95e-04,0.8607,0.0000,0.0000,0.0000,0.0000,2.6,nan
897,2.94e-04,0.7616,0.0000,0.0000,0.0000,0.0000,2.4,nan
898,2.94e-04,0.6386,0.0000,0.0000,0.0000,0.0000,2.5,nan
899,2.93e-04,0.8322,0.0000,0.0000,0.0000,0.0000,2.6,nan
900,2.93e-04,0.8410,0.0000,0.0000,0.0000,0.0000,4.0,0.5424
901,2.93e-04,0.7277,0.0000,0.0000,0.0000,0.0000,2.5,nan
902,2.92e-04,0.8625,0.0000,0.0000,0.0000,0.0000,2.6,nan
903,2.92e-04,0.6690,0.0000,0.0000,0.0000,0.0000,2.4,nan
904,2.91e-04,0.6940,0.0000,0.0000,0.0000,0.0000,2.5,nan
905,2.91e-04,0.5859,0.0000,0.0000,0.0000,0.0000,2.6,nan
906,2.91e-04,0.9760,0.0000,0.0000,0.0000,0.0000,2.5,nan
907,2.90e-04,0.5668,0.0000,0.0000,0.0000,0.0000,2.5,nan
908,2.90e-04,0.5840,0.0000,0.0000,0.0000,0.0000,2.5,nan
909,2.90e-04,0.7595,0.0000,0.0000,0.0000,0.0000,2.4,nan
910,2.89e-04,0.7372,0.0000,0.0000,0.0000,0.0000,2.5,nan
911,2.89e-04,0.9913,0.0000,0.0000,0.0000,0.0000,2.5,nan
912,2.88e-04,0.5745,0.0000,0.0000,0.0000,0.0000,2.5,nan
913,2.88e-04,0.6597,0.0000,0.0000,0.0000,0.0000,2.6,nan
914,2.88e-04,0.4632,0.0000,0.0000,0.0000,0.0000,2.6,nan
915,2.87e-04,0.8156,0.0000,0.0000,0.0000,0.0000,2.5,nan
916,2.87e-04,0.8090,0.0000,0.0000,0.0000,0.0000,2.4,nan
917,2.86e-04,0.6856,0.0000,0.0000,0.0000,0.0000,2.5,nan
918,2.86e-04,0.6160,0.0000,0.0000,0.0000,0.0000,2.5,nan
919,2.86e-04,0.6336,0.0000,0.0000,0.0000,0.0000,2.5,nan
920,2.85e-04,0.7809,0.0000,0.0000,0.0000,0.0000,4.1,0.5530
921,2.85e-04,0.6430,0.0000,0.0000,0.0000,0.0000,2.5,nan
922,2.84e-04,0.6929,0.0000,0.0000,0.0000,0.0000,2.6,nan
923,2.84e-04,1.1136,0.0000,0.0000,0.0000,0.0000,2.4,nan
924,2.84e-04,0.9213,0.0000,0.0000,0.0000,0.0000,2.5,nan
925,2.83e-04,0.7724,0.0000,0.0000,0.0000,0.0000,2.4,nan
926,2.83e-04,0.6338,0.0000,0.0000,0.0000,0.0000,2.4,nan
927,2.83e-04,0.7505,0.0000,0.0000,0.0000,0.0000,2.5,nan
928,2.82e-04,0.5127,0.0000,0.0000,0.0000,0.0000,2.4,nan
929,2.82e-04,0.7383,0.0000,0.0000,0.0000,0.0000,2.4,nan
930,2.81e-04,1.0449,0.0000,0.0000,0.0000,0.0000,2.5,nan
931,2.81e-04,0.7598,0.0000,0.0000,0.0000,0.0000,2.5,nan
932,2.81e-04,0.6355,0.0000,0.0000,0.0000,0.0000,2.6,nan
933,2.80e-04,0.7019,0.0000,0.0000,0.0000,0.0000,2.4,nan
934,2.80e-04,0.4771,0.0000,0.0000,0.0000,0.0000,2.6,nan
935,2.79e-04,0.8172,0.0000,0.0000,0.0000,0.0000,2.4,nan
936,2.79e-04,0.8552,0.0000,0.0000,0.0000,0.0000,2.4,nan
937,2.79e-04,0.7192,0.0000,0.0000,0.0000,0.0000,2.6,nan
938,2.78e-04,0.6748,0.0000,0.0000,0.0000,0.0000,2.4,nan
939,2.78e-04,0.6746,0.0000,0.0000,0.0000,0.0000,2.5,nan
940,2.78e-04,0.9033,0.0000,0.0000,0.0000,0.0000,4.1,0.6017
941,2.77e-04,0.5677,0.0000,0.0000,0.0000,0.0000,2.6,nan
942,2.77e-04,0.9659,0.0000,0.0000,0.0000,0.0000,2.6,nan
943,2.76e-04,0.5863,0.0000,0.0000,0.0000,0.0000,2.5,nan
944,2.76e-04,0.4680,0.0000,0.0000,0.0000,0.0000,2.6,nan
945,2.76e-04,0.7652,0.0000,0.0000,0.0000,0.0000,2.4,nan
946,2.75e-04,0.7463,0.0000,0.0000,0.0000,0.0000,2.4,nan
947,2.75e-04,0.6423,0.0000,0.0000,0.0000,0.0000,2.5,nan
948,2.74e-04,1.1334,0.0000,0.0000,0.0000,0.0000,2.5,nan
949,2.74e-04,0.9719,0.0000,0.0000,0.0000,0.0000,2.5,nan
950,2.74e-04,0.7606,0.0000,0.0000,0.0000,0.0000,2.4,nan
951,2.73e-04,0.8910,0.0000,0.0000,0.0000,0.0000,2.5,nan
952,2.73e-04,0.6073,0.0000,0.0000,0.0000,0.0000,2.4,nan
953,2.72e-04,0.6214,0.0000,0.0000,0.0000,0.0000,2.5,nan
954,2.72e-04,0.4977,0.0000,0.0000,0.0000,0.0000,2.4,nan
955,2.72e-04,0.6710,0.0000,0.0000,0.0000,0.0000,2.5,nan
956,2.71e-04,0.6962,0.0000,0.0000,0.0000,0.0000,2.6,nan
957,2.71e-04,0.4567,0.0000,0.0000,0.0000,0.0000,2.7,nan
958,2.71e-04,0.6565,0.0000,0.0000,0.0000,0.0000,2.5,nan
959,2.70e-04,0.8399,0.0000,0.0000,0.0000,0.0000,2.5,nan
960,2.70e-04,0.6406,0.0000,0.0000,0.0000,0.0000,4.1,0.5911
961,2.69e-04,0.6448,0.0000,0.0000,0.0000,0.0000,2.5,nan
962,2.69e-04,0.7611,0.0000,0.0000,0.0000,0.0000,2.5,nan
963,2.69e-04,0.6553,0.0000,0.0000,0.0000,0.0000,2.4,nan
964,2.68e-04,0.4753,0.0000,0.0000,0.0000,0.0000,2.5,nan
965,2.68e-04,1.0767,0.0000,0.0000,0.0000,0.0000,2.6,nan
966,2.67e-04,0.7060,0.0000,0.0000,0.0000,0.0000,2.5,nan
967,2.67e-04,0.7678,0.0000,0.0000,0.0000,0.0000,2.6,nan
968,2.67e-04,0.9305,0.0000,0.0000,0.0000,0.0000,2.4,nan
969,2.66e-04,0.5212,0.0000,0.0000,0.0000,0.0000,2.5,nan
970,2.66e-04,0.5581,0.0000,0.0000,0.0000,0.0000,2.5,nan
971,2.65e-04,0.6008,0.0000,0.0000,0.0000,0.0000,2.5,nan
972,2.65e-04,0.7621,0.0000,0.0000,0.0000,0.0000,2.5,nan
973,2.65e-04,0.6162,0.0000,0.0000,0.0000,0.0000,2.5,nan
974,2.64e-04,0.7292,0.0000,0.0000,0.0000,0.0000,2.5,nan
975,2.64e-04,0.8028,0.0000,0.0000,0.0000,0.0000,2.5,nan
976,2.63e-04,0.8591,0.0000,0.0000,0.0000,0.0000,2.6,nan
977,2.63e-04,0.6305,0.0000,0.0000,0.0000,0.0000,2.5,nan
978,2.63e-04,0.8926,0.0000,0.0000,0.0000,0.0000,2.5,nan
979,2.62e-04,0.7415,0.0000,0.0000,0.0000,0.0000,2.6,nan
980,2.62e-04,0.7464,0.0000,0.0000,0.0000,0.0000,4.2,0.5720
981,2.62e-04,0.5774,0.0000,0.0000,0.0000,0.0000,2.5,nan
982,2.61e-04,0.8902,0.0000,0.0000,0.0000,0.0000,2.6,nan
983,2.61e-04,0.5643,0.0000,0.0000,0.0000,0.0000,2.5,nan
984,2.60e-04,0.7388,0.0000,0.0000,0.0000,0.0000,2.5,nan
985,2.60e-04,0.8164,0.0000,0.0000,0.0000,0.0000,2.5,nan
986,2.60e-04,0.7228,0.0000,0.0000,0.0000,0.0000,2.6,nan
987,2.59e-04,0.9565,0.0000,0.0000,0.0000,0.0000,2.5,nan
988,2.59e-04,0.9073,0.0000,0.0000,0.0000,0.0000,2.5,nan
989,2.58e-04,1.3250,0.0000,0.0000,0.0000,0.0000,2.5,nan
990,2.58e-04,0.6310,0.0000,0.0000,0.0000,0.0000,2.5,nan
991,2.58e-04,0.8265,0.0000,0.0000,0.0000,0.0000,2.4,nan
992,2.57e-04,0.4021,0.0000,0.0000,0.0000,0.0000,2.4,nan
993,2.57e-04,0.5767,0.0000,0.0000,0.0000,0.0000,2.5,nan
994,2.56e-04,0.7829,0.0000,0.0000,0.0000,0.0000,2.3,nan
995,2.56e-04,0.6412,0.0000,0.0000,0.0000,0.0000,2.5,nan
996,2.56e-04,0.6063,0.0000,0.0000,0.0000,0.0000,2.5,nan
997,2.55e-04,0.4126,0.0000,0.0000,0.0000,0.0000,2.6,nan
998,2.55e-04,0.6200,0.0000,0.0000,0.0000,0.0000,2.5,nan
999,2.55e-04,0.5239,0.0000,0.0000,0.0000,0.0000,2.5,nan
1000,2.54e-04,0.7322,0.0000,0.0000,0.0000,0.0000,4.2,0.5805
1001,2.54e-04,0.6268,0.0000,0.0000,0.0000,0.0000,2.5,nan
1002,2.53e-04,0.7640,0.0000,0.0000,0.0000,0.0000,2.5,nan
1003,2.53e-04,0.7075,0.0000,0.0000,0.0000,0.0000,2.5,nan
1004,2.53e-04,0.7602,0.0000,0.0000,0.0000,0.0000,2.5,nan
1005,2.52e-04,0.8778,0.0000,0.0000,0.0000,0.0000,2.5,nan
1006,2.52e-04,0.5221,0.0000,0.0000,0.0000,0.0000,2.5,nan
1007,2.51e-04,0.4144,0.0000,0.0000,0.0000,0.0000,2.5,nan
1008,2.51e-04,0.9042,0.0000,0.0000,0.0000,0.0000,2.5,nan
1009,2.51e-04,0.7190,0.0000,0.0000,0.0000,0.0000,2.5,nan
1010,2.50e-04,0.8703,0.0000,0.0000,0.0000,0.0000,2.5,nan
1011,2.50e-04,0.8647,0.0000,0.0000,0.0000,0.0000,2.6,nan
1012,2.49e-04,0.7694,0.0000,0.0000,0.0000,0.0000,2.5,nan
1013,2.49e-04,0.4806,0.0000,0.0000,0.0000,0.0000,2.6,nan
1014,2.49e-04,0.4533,0.0000,0.0000,0.0000,0.0000,2.5,nan
1015,2.48e-04,0.4827,0.0000,0.0000,0.0000,0.0000,2.5,nan
1016,2.48e-04,0.4724,0.0000,0.0000,0.0000,0.0000,2.5,nan
1017,2.47e-04,0.7310,0.0000,0.0000,0.0000,0.0000,2.6,nan
1018,2.47e-04,0.5711,0.0000,0.0000,0.0000,0.0000,2.5,nan
1019,2.47e-04,0.5013,0.0000,0.0000,0.0000,0.0000,2.5,nan
1020,2.46e-04,0.7492,0.0000,0.0000,0.0000,0.0000,4.2,0.5508
1021,2.46e-04,0.7394,0.0000,0.0000,0.0000,0.0000,2.6,nan
1022,2.46e-04,0.8888,0.0000,0.0000,0.0000,0.0000,2.5,nan
1023,2.45e-04,0.6359,0.0000,0.0000,0.0000,0.0000,2.5,nan
1024,2.45e-04,0.5695,0.0000,0.0000,0.0000,0.0000,2.5,nan
1025,2.44e-04,0.6499,0.0000,0.0000,0.0000,0.0000,2.6,nan
1026,2.44e-04,0.6304,0.0000,0.0000,0.0000,0.0000,2.4,nan
1027,2.44e-04,0.5621,0.0000,0.0000,0.0000,0.0000,2.6,nan
1028,2.43e-04,0.4351,0.0000,0.0000,0.0000,0.0000,2.5,nan
1029,2.43e-04,0.5338,0.0000,0.0000,0.0000,0.0000,2.6,nan
1030,2.42e-04,0.7941,0.0000,0.0000,0.0000,0.0000,2.5,nan
1031,2.42e-04,0.7286,0.0000,0.0000,0.0000,0.0000,2.4,nan
1032,2.42e-04,0.9928,0.0000,0.0000,0.0000,0.0000,2.4,nan
1033,2.41e-04,1.2008,0.0000,0.0000,0.0000,0.0000,2.6,nan
1034,2.41e-04,0.6499,0.0000,0.0000,0.0000,0.0000,2.5,nan
1035,2.40e-04,0.7790,0.0000,0.0000,0.0000,0.0000,2.5,nan
1036,2.40e-04,0.7333,0.0000,0.0000,0.0000,0.0000,2.4,nan
1037,2.40e-04,0.6728,0.0000,0.0000,0.0000,0.0000,2.5,nan
1038,2.39e-04,0.8380,0.0000,0.0000,0.0000,0.0000,2.5,nan
1039,2.39e-04,0.6306,0.0000,0.0000,0.0000,0.0000,2.8,nan
1040,2.38e-04,0.5969,0.0000,0.0000,0.0000,0.0000,4.4,0.6081
1041,2.38e-04,0.8819,0.0000,0.0000,0.0000,0.0000,2.5,nan
1042,2.38e-04,1.1043,0.0000,0.0000,0.0000,0.0000,2.4,nan
1043,2.37e-04,0.4893,0.0000,0.0000,0.0000,0.0000,2.5,nan
1044,2.37e-04,0.3633,0.0000,0.0000,0.0000,0.0000,2.5,nan
1045,2.37e-04,0.6390,0.0000,0.0000,0.0000,0.0000,2.6,nan
1046,2.36e-04,0.6645,0.0000,0.0000,0.0000,0.0000,2.5,nan
1047,2.36e-04,0.8447,0.0000,0.0000,0.0000,0.0000,2.5,nan
1048,2.35e-04,0.6805,0.0000,0.0000,0.0000,0.0000,2.4,nan
1049,2.35e-04,0.4010,0.0000,0.0000,0.0000,0.0000,2.5,nan
1050,2.35e-04,0.7245,0.0000,0.0000,0.0000,0.0000,2.5,nan
1051,2.34e-04,0.5354,0.0000,0.0000,0.0000,0.0000,2.4,nan
1052,2.34e-04,0.8477,0.0000,0.0000,0.0000,0.0000,2.4,nan
1053,2.33e-04,0.5050,0.0000,0.0000,0.0000,0.0000,2.4,nan
1054,2.33e-04,0.9305,0.0000,0.0000,0.0000,0.0000,2.4,nan
1055,2.33e-04,0.8298,0.0000,0.0000,0.0000,0.0000,2.6,nan
1056,2.32e-04,0.9012,0.0000,0.0000,0.0000,0.0000,2.4,nan
1057,2.32e-04,0.6732,0.0000,0.0000,0.0000,0.0000,2.7,nan
1058,2.31e-04,0.6940,0.0000,0.0000,0.0000,0.0000,2.6,nan
1059,2.31e-04,0.6737,0.0000,0.0000,0.0000,0.0000,2.4,nan
1060,2.31e-04,0.9286,0.0000,0.0000,0.0000,0.0000,4.1,0.5360
1061,2.30e-04,0.5785,0.0000,0.0000,0.0000,0.0000,2.5,nan
1062,2.30e-04,0.5529,0.0000,0.0000,0.0000,0.0000,2.5,nan
1063,2.30e-04,0.6890,0.0000,0.0000,0.0000,0.0000,2.5,nan
1064,2.29e-04,0.8376,0.0000,0.0000,0.0000,0.0000,2.5,nan
1065,2.29e-04,0.5281,0.0000,0.0000,0.0000,0.0000,2.5,nan
1066,2.28e-04,0.8684,0.0000,0.0000,0.0000,0.0000,2.6,nan
1067,2.28e-04,0.5692,0.0000,0.0000,0.0000,0.0000,2.6,nan
1068,2.28e-04,0.9277,0.0000,0.0000,0.0000,0.0000,2.6,nan
1069,2.27e-04,1.0213,0.0000,0.0000,0.0000,0.0000,2.6,nan
1070,2.27e-04,0.7159,0.0000,0.0000,0.0000,0.0000,2.5,nan
1071,2.26e-04,0.6419,0.0000,0.0000,0.0000,0.0000,2.4,nan
1072,2.26e-04,0.6981,0.0000,0.0000,0.0000,0.0000,2.5,nan
1073,2.26e-04,0.8805,0.0000,0.0000,0.0000,0.0000,2.5,nan
1074,2.25e-04,0.6037,0.0000,0.0000,0.0000,0.0000,2.5,nan
1075,2.25e-04,0.6843,0.0000,0.0000,0.0000,0.0000,2.6,nan
1076,2.24e-04,0.4787,0.0000,0.0000,0.0000,0.0000,2.5,nan
1077,2.24e-04,0.7355,0.0000,0.0000,0.0000,0.0000,2.6,nan
1078,2.24e-04,0.8708,0.0000,0.0000,0.0000,0.0000,2.5,nan
1079,2.23e-04,0.6059,0.0000,0.0000,0.0000,0.0000,2.4,nan
1080,2.23e-04,0.7536,0.0000,0.0000,0.0000,0.0000,4.0,0.5826
1081,2.23e-04,0.5916,0.0000,0.0000,0.0000,0.0000,2.6,nan
1082,2.22e-04,0.9545,0.0000,0.0000,0.0000,0.0000,2.5,nan
1083,2.22e-04,1.1344,0.0000,0.0000,0.0000,0.0000,2.5,nan
1084,2.21e-04,0.7595,0.0000,0.0000,0.0000,0.0000,2.5,nan
1085,2.21e-04,0.5778,0.0000,0.0000,0.0000,0.0000,2.5,nan
1086,2.21e-04,0.6679,0.0000,0.0000,0.0000,0.0000,2.5,nan
1087,2.20e-04,0.5852,0.0000,0.0000,0.0000,0.0000,2.6,nan
1088,2.20e-04,0.5374,0.0000,0.0000,0.0000,0.0000,2.5,nan
1089,2.19e-04,0.7277,0.0000,0.0000,0.0000,0.0000,2.5,nan
1090,2.19e-04,0.3770,0.0000,0.0000,0.0000,0.0000,2.5,nan
1091,2.19e-04,1.0563,0.0000,0.0000,0.0000,0.0000,2.6,nan
1092,2.18e-04,0.6787,0.0000,0.0000,0.0000,0.0000,2.6,nan
1093,2.18e-04,0.7843,0.0000,0.0000,0.0000,0.0000,2.5,nan
1094,2.18e-04,0.6520,0.0000,0.0000,0.0000,0.0000,2.5,nan
1095,2.17e-04,0.6527,0.0000,0.0000,0.0000,0.0000,2.5,nan
1096,2.17e-04,0.5955,0.0000,0.0000,0.0000,0.0000,2.6,nan
1097,2.16e-04,0.6778,0.0000,0.0000,0.0000,0.0000,2.4,nan
1098,2.16e-04,1.1757,0.0000,0.0000,0.0000,0.0000,2.5,nan
1099,2.16e-04,0.5074,0.0000,0.0000,0.0000,0.0000,2.5,nan
1100,2.15e-04,0.8442,0.0000,0.0000,0.0000,0.0000,4.1,0.5699
1101,2.15e-04,1.0763,0.0000,0.0000,0.0000,0.0000,2.4,nan
1102,2.14e-04,0.9809,0.0000,0.0000,0.0000,0.0000,2.6,nan
1103,2.14e-04,0.9081,0.0000,0.0000,0.0000,0.0000,2.6,nan
1104,2.14e-04,0.6587,0.0000,0.0000,0.0000,0.0000,2.5,nan
1105,2.13e-04,0.4944,0.0000,0.0000,0.0000,0.0000,2.4,nan
1106,2.13e-04,0.5789,0.0000,0.0000,0.0000,0.0000,2.5,nan
1107,2.12e-04,0.6645,0.0000,0.0000,0.0000,0.0000,2.4,nan
1108,2.12e-04,0.7272,0.0000,0.0000,0.0000,0.0000,2.5,nan
1109,2.12e-04,0.5108,0.0000,0.0000,0.0000,0.0000,2.5,nan
1110,2.11e-04,0.4679,0.0000,0.0000,0.0000,0.0000,2.5,nan
1111,2.11e-04,0.4553,0.0000,0.0000,0.0000,0.0000,2.6,nan
1112,2.11e-04,0.7253,0.0000,0.0000,0.0000,0.0000,2.5,nan
1113,2.10e-04,1.0810,0.0000,0.0000,0.0000,0.0000,2.6,nan
1114,2.10e-04,0.4062,0.0000,0.0000,0.0000,0.0000,2.4,nan
1115,2.09e-04,0.9367,0.0000,0.0000,0.0000,0.0000,2.6,nan
1116,2.09e-04,0.7584,0.0000,0.0000,0.0000,0.0000,2.5,nan
1117,2.09e-04,0.8049,0.0000,0.0000,0.0000,0.0000,2.6,nan
1118,2.08e-04,0.8919,0.0000,0.0000,0.0000,0.0000,2.5,nan
1119,2.08e-04,0.6157,0.0000,0.0000,0.0000,0.0000,2.5,nan
1120,2.07e-04,0.7780,0.0000,0.0000,0.0000,0.0000,4.1,0.5148
1121,2.07e-04,0.8722,0.0000,0.0000,0.0000,0.0000,2.5,nan
1122,2.07e-04,0.4579,0.0000,0.0000,0.0000,0.0000,2.5,nan
1123,2.06e-04,0.7305,0.0000,0.0000,0.0000,0.0000,2.7,nan
1124,2.06e-04,0.5644,0.0000,0.0000,0.0000,0.0000,2.5,nan
1125,2.06e-04,0.9034,0.0000,0.0000,0.0000,0.0000,2.5,nan
1126,2.05e-04,0.7733,0.0000,0.0000,0.0000,0.0000,2.5,nan
1127,2.05e-04,0.8139,0.0000,0.0000,0.0000,0.0000,2.5,nan
1128,2.04e-04,0.7041,0.0000,0.0000,0.0000,0.0000,2.5,nan
1129,2.04e-04,0.8793,0.0000,0.0000,0.0000,0.0000,2.5,nan
1130,2.04e-04,0.5341,0.0000,0.0000,0.0000,0.0000,2.6,nan
1131,2.03e-04,0.5922,0.0000,0.0000,0.0000,0.0000,2.5,nan
1132,2.03e-04,0.6921,0.0000,0.0000,0.0000,0.0000,2.5,nan
1133,2.02e-04,0.6945,0.0000,0.0000,0.0000,0.0000,2.6,nan
1134,2.02e-04,0.7028,0.0000,0.0000,0.0000,0.0000,2.6,nan
1135,2.02e-04,0.6246,0.0000,0.0000,0.0000,0.0000,2.6,nan
1136,2.01e-04,0.6021,0.0000,0.0000,0.0000,0.0000,2.5,nan
1137,2.01e-04,0.5146,0.0000,0.0000,0.0000,0.0000,2.5,nan
1138,2.01e-04,0.7026,0.0000,0.0000,0.0000,0.0000,2.6,nan
1139,2.00e-04,1.0987,0.0000,0.0000,0.0000,0.0000,2.5,nan
1140,2.00e-04,0.7856,0.0000,0.0000,0.0000,0.0000,4.4,0.5763
1141,1.99e-04,1.1530,0.0000,0.0000,0.0000,0.0000,2.7,nan
1142,1.99e-04,0.8834,0.0000,0.0000,0.0000,0.0000,2.6,nan
1143,1.99e-04,1.0774,0.0000,0.0000,0.0000,0.0000,2.6,nan
1144,1.98e-04,0.6922,0.0000,0.0000,0.0000,0.0000,2.8,nan
1145,1.98e-04,0.6251,0.0000,0.0000,0.0000,0.0000,2.5,nan
1146,1.98e-04,0.7283,0.0000,0.0000,0.0000,0.0000,2.7,nan
1147,1.97e-04,0.5447,0.0000,0.0000,0.0000,0.0000,2.7,nan
1148,1.97e-04,0.6922,0.0000,0.0000,0.0000,0.0000,2.6,nan
1149,1.96e-04,0.9682,0.0000,0.0000,0.0000,0.0000,2.4,nan
1150,1.96e-04,0.4221,0.0000,0.0000,0.0000,0.0000,2.5,nan
1151,1.96e-04,0.8206,0.0000,0.0000,0.0000,0.0000,2.7,nan
1152,1.95e-04,0.8139,0.0000,0.0000,0.0000,0.0000,2.8,nan
1153,1.95e-04,0.7119,0.0000,0.0000,0.0000,0.0000,3.0,nan
1154,1.94e-04,0.5875,0.0000,0.0000,0.0000,0.0000,2.7,nan
1155,1.94e-04,0.8573,0.0000,0.0000,0.0000,0.0000,2.9,nan
1156,1.94e-04,0.8055,0.0000,0.0000,0.0000,0.0000,3.0,nan
1157,1.93e-04,0.6887,0.0000,0.0000,0.0000,0.0000,3.0,nan
1158,1.93e-04,0.6775,0.0000,0.0000,0.0000,0.0000,3.0,nan
1159,1.93e-04,0.7971,0.0000,0.0000,0.0000,0.0000,2.8,nan
1160,1.92e-04,0.6984,0.0000,0.0000,0.0000,0.0000,4.4,0.5466
1161,1.92e-04,0.5083,0.0000,0.0000,0.0000,0.0000,2.7,nan
1162,1.91e-04,0.5583,0.0000,0.0000,0.0000,0.0000,2.7,nan
1163,1.91e-04,0.7654,0.0000,0.0000,0.0000,0.0000,2.6,nan
1164,1.91e-04,0.7741,0.0000,0.0000,0.0000,0.0000,2.7,nan
1165,1.90e-04,0.6930,0.0000,0.0000,0.0000,0.0000,2.7,nan
1166,1.90e-04,0.5466,0.0000,0.0000,0.0000,0.0000,2.6,nan
1167,1.90e-04,0.5511,0.0000,0.0000,0.0000,0.0000,2.7,nan
1168,1.89e-04,0.7910,0.0000,0.0000,0.0000,0.0000,2.8,nan
1169,1.89e-04,0.6522,0.0000,0.0000,0.0000,0.0000,2.8,nan
1170,1.88e-04,0.7656,0.0000,0.0000,0.0000,0.0000,3.0,nan
1171,1.88e-04,0.7805,0.0000,0.0000,0.0000,0.0000,2.4,nan
1172,1.88e-04,0.7448,0.0000,0.0000,0.0000,0.0000,2.6,nan
1173,1.87e-04,0.5868,0.0000,0.0000,0.0000,0.0000,2.6,nan
1174,1.87e-04,0.5883,0.0000,0.0000,0.0000,0.0000,2.6,nan
1175,1.87e-04,0.9072,0.0000,0.0000,0.0000,0.0000,2.7,nan
1176,1.86e-04,0.6947,0.0000,0.0000,0.0000,0.0000,2.6,nan
1177,1.86e-04,1.1284,0.0000,0.0000,0.0000,0.0000,2.5,nan
1178,1.85e-04,0.8466,0.0000,0.0000,0.0000,0.0000,2.4,nan
1179,1.85e-04,0.8845,0.0000,0.0000,0.0000,0.0000,2.5,nan
1180,1.85e-04,0.5051,0.0000,0.0000,0.0000,0.0000,4.2,0.5784
1181,1.84e-04,0.8010,0.0000,0.0000,0.0000,0.0000,2.4,nan
1182,1.84e-04,0.6777,0.0000,0.0000,0.0000,0.0000,2.6,nan
1183,1.84e-04,0.7385,0.0000,0.0000,0.0000,0.0000,2.5,nan
1184,1.83e-04,0.7107,0.0000,0.0000,0.0000,0.0000,2.4,nan
1185,1.83e-04,0.7879,0.0000,0.0000,0.0000,0.0000,2.5,nan
1186,1.82e-04,0.6862,0.0000,0.0000,0.0000,0.0000,2.5,nan
1187,1.82e-04,0.8875,0.0000,0.0000,0.0000,0.0000,2.5,nan
1188,1.82e-04,0.8768,0.0000,0.0000,0.0000,0.0000,2.5,nan
1189,1.81e-04,1.0190,0.0000,0.0000,0.0000,0.0000,2.5,nan
1190,1.81e-04,0.7099,0.0000,0.0000,0.0000,0.0000,2.5,nan
1191,1.81e-04,0.4717,0.0000,0.0000,0.0000,0.0000,2.5,nan
1192,1.80e-04,0.7419,0.0000,0.0000,0.0000,0.0000,2.6,nan
1193,1.80e-04,0.6804,0.0000,0.0000,0.0000,0.0000,2.6,nan
1194,1.79e-04,0.5198,0.0000,0.0000,0.0000,0.0000,2.6,nan
1195,1.79e-04,0.9317,0.0000,0.0000,0.0000,0.0000,2.5,nan
1196,1.79e-04,0.8745,0.0000,0.0000,0.0000,0.0000,2.6,nan
1197,1.78e-04,0.4898,0.0000,0.0000,0.0000,0.0000,2.5,nan
1198,1.78e-04,0.6979,0.0000,0.0000,0.0000,0.0000,2.5,nan
1199,1.78e-04,0.5729,0.0000,0.0000,0.0000,0.0000,2.5,nan
1200,1.77e-04,0.6399,0.0000,0.0000,0.0000,0.0000,4.2,0.6186
1201,1.77e-04,0.4498,0.0000,0.0000,0.0000,0.0000,2.5,nan
1202,1.76e-04,0.7787,0.0000,0.0000,0.0000,0.0000,2.5,nan
1203,1.76e-04,0.6974,0.0000,0.0000,0.0000,0.0000,2.4,nan
1204,1.76e-04,0.9309,0.0000,0.0000,0.0000,0.0000,2.5,nan
1205,1.75e-04,0.9126,0.0000,0.0000,0.0000,0.0000,2.6,nan
1206,1.75e-04,0.7068,0.0000,0.0000,0.0000,0.0000,2.4,nan
1207,1.75e-04,0.5110,0.0000,0.0000,0.0000,0.0000,2.5,nan
1208,1.74e-04,1.0173,0.0000,0.0000,0.0000,0.0000,2.6,nan
1209,1.74e-04,0.6932,0.0000,0.0000,0.0000,0.0000,2.5,nan
1210,1.73e-04,0.9527,0.0000,0.0000,0.0000,0.0000,2.6,nan
1211,1.73e-04,0.8190,0.0000,0.0000,0.0000,0.0000,2.5,nan
1212,1.73e-04,0.6009,0.0000,0.0000,0.0000,0.0000,2.4,nan
1213,1.72e-04,0.6522,0.0000,0.0000,0.0000,0.0000,2.5,nan
1214,1.72e-04,0.5307,0.0000,0.0000,0.0000,0.0000,2.5,nan
1215,1.72e-04,0.8937,0.0000,0.0000,0.0000,0.0000,2.6,nan
1216,1.71e-04,0.7659,0.0000,0.0000,0.0000,0.0000,2.5,nan
1217,1.71e-04,0.5341,0.0000,0.0000,0.0000,0.0000,2.4,nan
1218,1.71e-04,0.8122,0.0000,0.0000,0.0000,0.0000,2.5,nan
1219,1.70e-04,0.6492,0.0000,0.0000,0.0000,0.0000,2.8,nan
1220,1.70e-04,0.4394,0.0000,0.0000,0.0000,0.0000,5.0,0.5847
1221,1.69e-04,0.8082,0.0000,0.0000,0.0000,0.0000,2.6,nan
1222,1.69e-04,0.6785,0.0000,0.0000,0.0000,0.0000,2.6,nan
1223,1.69e-04,0.7180,0.0000,0.0000,0.0000,0.0000,2.6,nan
1224,1.68e-04,0.6284,0.0000,0.0000,0.0000,0.0000,2.5,nan
1225,1.68e-04,0.5240,0.0000,0.0000,0.0000,0.0000,2.5,nan
1226,1.68e-04,0.8303,0.0000,0.0000,0.0000,0.0000,2.5,nan
1227,1.67e-04,0.8071,0.0000,0.0000,0.0000,0.0000,2.6,nan
1228,1.67e-04,0.6242,0.0000,0.0000,0.0000,0.0000,2.7,nan
1229,1.66e-04,0.5689,0.0000,0.0000,0.0000,0.0000,2.6,nan
1230,1.66e-04,0.9264,0.0000,0.0000,0.0000,0.0000,2.6,nan
1231,1.66e-04,0.4958,0.0000,0.0000,0.0000,0.0000,2.5,nan
1232,1.65e-04,0.6065,0.0000,0.0000,0.0000,0.0000,2.5,nan
1233,1.65e-04,0.8116,0.0000,0.0000,0.0000,0.0000,2.4,nan
1234,1.65e-04,0.8118,0.0000,0.0000,0.0000,0.0000,2.6,nan
1235,1.64e-04,0.4062,0.0000,0.0000,0.0000,0.0000,2.5,nan
1236,1.64e-04,0.5826,0.0000,0.0000,0.0000,0.0000,2.5,nan
1237,1.64e-04,0.6964,0.0000,0.0000,0.0000,0.0000,2.5,nan
1238,1.63e-04,0.7043,0.0000,0.0000,0.0000,0.0000,2.6,nan
1239,1.63e-04,0.5533,0.0000,0.0000,0.0000,0.0000,2.4,nan
1240,1.62e-04,0.9470,0.0000,0.0000,0.0000,0.0000,4.1,0.5763
1241,1.62e-04,0.5592,0.0000,0.0000,0.0000,0.0000,2.5,nan
1242,1.62e-04,0.6820,0.0000,0.0000,0.0000,0.0000,2.5,nan
1243,1.61e-04,0.6908,0.0000,0.0000,0.0000,0.0000,2.4,nan
1244,1.61e-04,0.5199,0.0000,0.0000,0.0000,0.0000,2.5,nan
1245,1.61e-04,0.9958,0.0000,0.0000,0.0000,0.0000,2.5,nan
1246,1.60e-04,0.6122,0.0000,0.0000,0.0000,0.0000,2.6,nan
1247,1.60e-04,0.7023,0.0000,0.0000,0.0000,0.0000,2.5,nan
1248,1.60e-04,0.6553,0.0000,0.0000,0.0000,0.0000,2.5,nan
1249,1.59e-04,0.4014,0.0000,0.0000,0.0000,0.0000,2.5,nan
1250,1.59e-04,0.5976,0.0000,0.0000,0.0000,0.0000,2.4,nan
1251,1.58e-04,0.9975,0.0000,0.0000,0.0000,0.0000,2.6,nan
1252,1.58e-04,0.7346,0.0000,0.0000,0.0000,0.0000,2.5,nan
1253,1.58e-04,0.6906,0.0000,0.0000,0.0000,0.0000,2.5,nan
1254,1.57e-04,1.0104,0.0000,0.0000,0.0000,0.0000,2.5,nan
1255,1.57e-04,0.6175,0.0000,0.0000,0.0000,0.0000,2.5,nan
1256,1.57e-04,0.6753,0.0000,0.0000,0.0000,0.0000,2.5,nan
1257,1.56e-04,0.4745,0.0000,0.0000,0.0000,0.0000,2.5,nan
1258,1.56e-04,0.8458,0.0000,0.0000,0.0000,0.0000,2.5,nan
1259,1.56e-04,0.5345,0.0000,0.0000,0.0000,0.0000,2.4,nan
1260,1.55e-04,0.8462,0.0000,0.0000,0.0000,0.0000,4.2,0.5678
1261,1.55e-04,0.6176,0.0000,0.0000,0.0000,0.0000,2.7,nan
1262,1.55e-04,0.5877,0.0000,0.0000,0.0000,0.0000,2.5,nan
1263,1.54e-04,0.9944,0.0000,0.0000,0.0000,0.0000,2.7,nan
1264,1.54e-04,0.7446,0.0000,0.0000,0.0000,0.0000,2.7,nan
1265,1.53e-04,0.6497,0.0000,0.0000,0.0000,0.0000,2.7,nan
1266,1.53e-04,0.4558,0.0000,0.0000,0.0000,0.0000,2.5,nan
1267,1.53e-04,0.5420,0.0000,0.0000,0.0000,0.0000,2.5,nan
1268,1.52e-04,0.6194,0.0000,0.0000,0.0000,0.0000,2.5,nan
1269,1.52e-04,0.7454,0.0000,0.0000,0.0000,0.0000,2.5,nan
1270,1.52e-04,0.5321,0.0000,0.0000,0.0000,0.0000,2.6,nan
1271,1.51e-04,0.9369,0.0000,0.0000,0.0000,0.0000,2.5,nan
1272,1.51e-04,0.7063,0.0000,0.0000,0.0000,0.0000,2.5,nan
1273,1.51e-04,0.6173,0.0000,0.0000,0.0000,0.0000,2.6,nan
1274,1.50e-04,0.6100,0.0000,0.0000,0.0000,0.0000,2.5,nan
1275,1.50e-04,0.6215,0.0000,0.0000,0.0000,0.0000,2.5,nan
1276,1.50e-04,0.6064,0.0000,0.0000,0.0000,0.0000,2.6,nan
1277,1.49e-04,1.1040,0.0000,0.0000,0.0000,0.0000,2.5,nan
1278,1.49e-04,0.6886,0.0000,0.0000,0.0000,0.0000,2.5,nan
1279,1.48e-04,0.7639,0.0000,0.0000,0.0000,0.0000,2.6,nan
1280,1.48e-04,0.6316,0.0000,0.0000,0.0000,0.0000,4.2,0.5742
1281,1.48e-04,0.9535,0.0000,0.0000,0.0000,0.0000,2.5,nan
1282,1.47e-04,0.4889,0.0000,0.0000,0.0000,0.0000,2.5,nan
1283,1.47e-04,0.6302,0.0000,0.0000,0.0000,0.0000,2.5,nan
1284,1.47e-04,0.5695,0.0000,0.0000,0.0000,0.0000,2.5,nan
1285,1.46e-04,0.8341,0.0000,0.0000,0.0000,0.0000,2.5,nan
1286,1.46e-04,0.6270,0.0000,0.0000,0.0000,0.0000,2.6,nan
1287,1.46e-04,0.6461,0.0000,0.0000,0.0000,0.0000,2.5,nan
1288,1.45e-04,0.8022,0.0000,0.0000,0.0000,0.0000,2.5,nan
1289,1.45e-04,0.6315,0.0000,0.0000,0.0000,0.0000,2.4,nan
1290,1.45e-04,0.6483,0.0000,0.0000,0.0000,0.0000,2.6,nan
1291,1.44e-04,0.6278,0.0000,0.0000,0.0000,0.0000,2.4,nan
1292,1.44e-04,0.6251,0.0000,0.0000,0.0000,0.0000,2.5,nan
1293,1.44e-04,0.7821,0.0000,0.0000,0.0000,0.0000,2.4,nan
1294,1.43e-04,0.6139,0.0000,0.0000,0.0000,0.0000,2.5,nan
1295,1.43e-04,0.6816,0.0000,0.0000,0.0000,0.0000,2.5,nan
1296,1.42e-04,0.7932,0.0000,0.0000,0.0000,0.0000,2.5,nan
1297,1.42e-04,0.7387,0.0000,0.0000,0.0000,0.0000,2.5,nan
1298,1.42e-04,0.5127,0.0000,0.0000,0.0000,0.0000,2.5,nan
1299,1.41e-04,0.4886,0.0000,0.0000,0.0000,0.0000,2.4,nan
1300,1.41e-04,1.1979,0.0000,0.0000,0.0000,0.0000,4.2,0.5932
1301,1.41e-04,0.8214,0.0000,0.0000,0.0000,0.0000,2.5,nan
1302,1.40e-04,0.7708,0.0000,0.0000,0.0000,0.0000,2.5,nan
1303,1.40e-04,0.6727,0.0000,0.0000,0.0000,0.0000,2.5,nan
1304,1.40e-04,0.7113,0.0000,0.0000,0.0000,0.0000,2.5,nan
1305,1.39e-04,0.6506,0.0000,0.0000,0.0000,0.0000,2.5,nan
1306,1.39e-04,0.9323,0.0000,0.0000,0.0000,0.0000,2.5,nan
1307,1.39e-04,0.9241,0.0000,0.0000,0.0000,0.0000,2.5,nan
1308,1.38e-04,0.7841,0.0000,0.0000,0.0000,0.0000,2.5,nan
1309,1.38e-04,0.5346,0.0000,0.0000,0.0000,0.0000,2.5,nan
1310,1.38e-04,0.7371,0.0000,0.0000,0.0000,0.0000,2.5,nan
1311,1.37e-04,0.5397,0.0000,0.0000,0.0000,0.0000,2.5,nan
1312,1.37e-04,0.9808,0.0000,0.0000,0.0000,0.0000,2.5,nan
1313,1.37e-04,0.8596,0.0000,0.0000,0.0000,0.0000,2.5,nan
1314,1.36e-04,0.7105,0.0000,0.0000,0.0000,0.0000,2.5,nan
1315,1.36e-04,0.8999,0.0000,0.0000,0.0000,0.0000,2.5,nan
1316,1.36e-04,0.7132,0.0000,0.0000,0.0000,0.0000,2.4,nan
1317,1.35e-04,0.6852,0.0000,0.0000,0.0000,0.0000,2.5,nan
1318,1.35e-04,0.5768,0.0000,0.0000,0.0000,0.0000,2.5,nan
1319,1.34e-04,0.5916,0.0000,0.0000,0.0000,0.0000,2.5,nan
1320,1.34e-04,0.9223,0.0000,0.0000,0.0000,0.0000,3.9,0.5699
1321,1.34e-04,0.7701,0.0000,0.0000,0.0000,0.0000,2.5,nan
1322,1.33e-04,0.5265,0.0000,0.0000,0.0000,0.0000,2.5,nan
1323,1.33e-04,0.6179,0.0000,0.0000,0.0000,0.0000,2.6,nan
1324,1.33e-04,0.5793,0.0000,0.0000,0.0000,0.0000,2.5,nan
1325,1.32e-04,0.4469,0.0000,0.0000,0.0000,0.0000,2.7,nan
1326,1.32e-04,0.7289,0.0000,0.0000,0.0000,0.0000,2.5,nan
1327,1.32e-04,1.0602,0.0000,0.0000,0.0000,0.0000,2.5,nan
1328,1.31e-04,0.5436,0.0000,0.0000,0.0000,0.0000,2.5,nan
1329,1.31e-04,0.9257,0.0000,0.0000,0.0000,0.0000,2.6,nan
1330,1.31e-04,0.8331,0.0000,0.0000,0.0000,0.0000,2.6,nan
1331,1.30e-04,0.9645,0.0000,0.0000,0.0000,0.0000,2.7,nan
1332,1.30e-04,0.9646,0.0000,0.0000,0.0000,0.0000,2.5,nan
1333,1.30e-04,0.6276,0.0000,0.0000,0.0000,0.0000,2.4,nan
1334,1.29e-04,0.6656,0.0000,0.0000,0.0000,0.0000,2.5,nan
1335,1.29e-04,0.7530,0.0000,0.0000,0.0000,0.0000,2.5,nan
1336,1.29e-04,0.7018,0.0000,0.0000,0.0000,0.0000,2.6,nan
1337,1.28e-04,0.4786,0.0000,0.0000,0.0000,0.0000,2.5,nan
1338,1.28e-04,0.7873,0.0000,0.0000,0.0000,0.0000,2.4,nan
1339,1.28e-04,0.5322,0.0000,0.0000,0.0000,0.0000,2.5,nan
1340,1.27e-04,0.5602,0.0000,0.0000,0.0000,0.0000,4.2,0.6059
1341,1.27e-04,0.7944,0.0000,0.0000,0.0000,0.0000,2.5,nan
1342,1.27e-04,0.5577,0.0000,0.0000,0.0000,0.0000,2.6,nan
1343,1.26e-04,0.7488,0.0000,0.0000,0.0000,0.0000,2.5,nan
1344,1.26e-04,0.4682,0.0000,0.0000,0.0000,0.0000,2.5,nan
1345,1.26e-04,0.9760,0.0000,0.0000,0.0000,0.0000,2.4,nan
1346,1.25e-04,0.7577,0.0000,0.0000,0.0000,0.0000,2.5,nan
1347,1.25e-04,0.8108,0.0000,0.0000,0.0000,0.0000,2.5,nan
1348,1.25e-04,0.8202,0.0000,0.0000,0.0000,0.0000,2.5,nan
1349,1.24e-04,0.9102,0.0000,0.0000,0.0000,0.0000,2.5,nan
1350,1.24e-04,0.5248,0.0000,0.0000,0.0000,0.0000,2.5,nan
1351,1.24e-04,0.8815,0.0000,0.0000,0.0000,0.0000,2.5,nan
1352,1.23e-04,0.9339,0.0000,0.0000,0.0000,0.0000,2.5,nan
1353,1.23e-04,0.5310,0.0000,0.0000,0.0000,0.0000,2.5,nan
1354,1.23e-04,0.4838,0.0000,0.0000,0.0000,0.0000,2.5,nan
1355,1.22e-04,0.6100,0.0000,0.0000,0.0000,0.0000,2.5,nan
1356,1.22e-04,0.5955,0.0000,0.0000,0.0000,0.0000,2.6,nan
1357,1.22e-04,1.0156,0.0000,0.0000,0.0000,0.0000,2.5,nan
1358,1.21e-04,0.7281,0.0000,0.0000,0.0000,0.0000,2.7,nan
1359,1.21e-04,0.8162,0.0000,0.0000,0.0000,0.0000,2.5,nan
1360,1.21e-04,0.6772,0.0000,0.0000,0.0000,0.0000,4.1,0.5763
1361,1.20e-04,0.8488,0.0000,0.0000,0.0000,0.0000,2.5,nan
1362,1.20e-04,0.7179,0.0000,0.0000,0.0000,0.0000,2.5,nan
1363,1.20e-04,0.6254,0.0000,0.0000,0.0000,0.0000,2.5,nan
1364,1.19e-04,0.6403,0.0000,0.0000,0.0000,0.0000,2.6,nan
1365,1.19e-04,1.0018,0.0000,0.0000,0.0000,0.0000,2.5,nan
1366,1.19e-04,0.5939,0.0000,0.0000,0.0000,0.0000,2.5,nan
1367,1.18e-04,0.5351,0.0000,0.0000,0.0000,0.0000,2.5,nan
1368,1.18e-04,0.6871,0.0000,0.0000,0.0000,0.0000,2.6,nan
1369,1.18e-04,0.6440,0.0000,0.0000,0.0000,0.0000,2.6,nan
1370,1.17e-04,0.8414,0.0000,0.0000,0.0000,0.0000,2.5,nan
1371,1.17e-04,0.3940,0.0000,0.0000,0.0000,0.0000,2.6,nan
1372,1.17e-04,0.8751,0.0000,0.0000,0.0000,0.0000,2.5,nan
1373,1.16e-04,0.5121,0.0000,0.0000,0.0000,0.0000,2.6,nan
1374,1.16e-04,0.5933,0.0000,0.0000,0.0000,0.0000,2.5,nan
1375,1.16e-04,0.5205,0.0000,0.0000,0.0000,0.0000,2.7,nan
1376,1.15e-04,0.8626,0.0000,0.0000,0.0000,0.0000,2.6,nan
1377,1.15e-04,0.4600,0.0000,0.0000,0.0000,0.0000,2.5,nan
1378,1.15e-04,0.4362,0.0000,0.0000,0.0000,0.0000,2.4,nan
1379,1.14e-04,0.8586,0.0000,0.0000,0.0000,0.0000,2.5,nan
1380,1.14e-04,0.5959,0.0000,0.0000,0.0000,0.0000,3.9,0.5890
1381,1.14e-04,0.5309,0.0000,0.0000,0.0000,0.0000,2.5,nan
1382,1.13e-04,0.4751,0.0000,0.0000,0.0000,0.0000,2.5,nan
1383,1.13e-04,0.6355,0.0000,0.0000,0.0000,0.0000,2.5,nan
1384,1.13e-04,0.7100,0.0000,0.0000,0.0000,0.0000,2.5,nan
1385,1.12e-04,0.9518,0.0000,0.0000,0.0000,0.0000,2.5,nan
1386,1.12e-04,0.5259,0.0000,0.0000,0.0000,0.0000,2.4,nan
1387,1.12e-04,0.7271,0.0000,0.0000,0.0000,0.0000,2.5,nan
1388,1.12e-04,0.8913,0.0000,0.0000,0.0000,0.0000,2.5,nan
1389,1.11e-04,0.4887,0.0000,0.0000,0.0000,0.0000,2.5,nan
1390,1.11e-04,0.8173,0.0000,0.0000,0.0000,0.0000,2.4,nan
1391,1.11e-04,0.6649,0.0000,0.0000,0.0000,0.0000,2.4,nan
1392,1.10e-04,0.8425,0.0000,0.0000,0.0000,0.0000,2.5,nan
1393,1.10e-04,0.8957,0.0000,0.0000,0.0000,0.0000,2.5,nan
1394,1.10e-04,0.4922,0.0000,0.0000,0.0000,0.0000,2.5,nan
1395,1.09e-04,0.8006,0.0000,0.0000,0.0000,0.0000,2.5,nan
1396,1.09e-04,0.6444,0.0000,0.0000,0.0000,0.0000,2.6,nan
1397,1.09e-04,0.6339,0.0000,0.0000,0.0000,0.0000,2.5,nan
1398,1.08e-04,0.6781,0.0000,0.0000,0.0000,0.0000,2.7,nan
1399,1.08e-04,0.7594,0.0000,0.0000,0.0000,0.0000,2.6,nan
1400,1.08e-04,0.7430,0.0000,0.0000,0.0000,0.0000,4.3,0.5508
1401,1.07e-04,0.7250,0.0000,0.0000,0.0000,0.0000,2.4,nan
1402,1.07e-04,0.9620,0.0000,0.0000,0.0000,0.0000,2.5,nan
1403,1.07e-04,0.5751,0.0000,0.0000,0.0000,0.0000,2.4,nan
1404,1.06e-04,0.7945,0.0000,0.0000,0.0000,0.0000,2.6,nan
1405,1.06e-04,0.5291,0.0000,0.0000,0.0000,0.0000,2.5,nan
1406,1.06e-04,0.5348,0.0000,0.0000,0.0000,0.0000,2.4,nan
1407,1.05e-04,1.0474,0.0000,0.0000,0.0000,0.0000,2.5,nan
1408,1.05e-04,0.5168,0.0000,0.0000,0.0000,0.0000,2.5,nan
1409,1.05e-04,0.6510,0.0000,0.0000,0.0000,0.0000,2.5,nan
1410,1.05e-04,0.4891,0.0000,0.0000,0.0000,0.0000,2.6,nan
1411,1.04e-04,0.8231,0.0000,0.0000,0.0000,0.0000,2.6,nan
1412,1.04e-04,0.6948,0.0000,0.0000,0.0000,0.0000,2.5,nan
1413,1.04e-04,0.6676,0.0000,0.0000,0.0000,0.0000,2.6,nan
1414,1.03e-04,0.7280,0.0000,0.0000,0.0000,0.0000,2.8,nan
1415,1.03e-04,0.5554,0.0000,0.0000,0.0000,0.0000,2.6,nan
1416,1.03e-04,0.3789,0.0000,0.0000,0.0000,0.0000,2.6,nan
1417,1.02e-04,0.7683,0.0000,0.0000,0.0000,0.0000,2.6,nan
1418,1.02e-04,0.6491,0.0000,0.0000,0.0000,0.0000,2.6,nan
1419,1.02e-04,0.8119,0.0000,0.0000,0.0000,0.0000,2.5,nan
1420,1.01e-04,0.9113,0.0000,0.0000,0.0000,0.0000,4.4,0.5530
1421,1.01e-04,0.6562,0.0000,0.0000,0.0000,0.0000,2.5,nan
1422,1.01e-04,0.7947,0.0000,0.0000,0.0000,0.0000,2.5,nan
1423,1.01e-04,0.5813,0.0000,0.0000,0.0000,0.0000,2.6,nan
1424,1.00e-04,1.0868,0.0000,0.0000,0.0000,0.0000,2.5,nan
1425,9.99e-05,0.7910,0.0000,0.0000,0.0000,0.0000,2.4,nan
1426,9.96e-05,0.5420,0.0000,0.0000,0.0000,0.0000,2.6,nan
1427,9.93e-05,0.8573,0.0000,0.0000,0.0000,0.0000,2.6,nan
1428,9.90e-05,0.7496,0.0000,0.0000,0.0000,0.0000,2.5,nan
1429,9.87e-05,0.7373,0.0000,0.0000,0.0000,0.0000,2.5,nan
1430,9.84e-05,0.6917,0.0000,0.0000,0.0000,0.0000,2.5,nan
1431,9.80e-05,0.7604,0.0000,0.0000,0.0000,0.0000,2.6,nan
1432,9.77e-05,0.6539,0.0000,0.0000,0.0000,0.0000,2.7,nan
1433,9.74e-05,0.8056,0.0000,0.0000,0.0000,0.0000,2.6,nan
1434,9.71e-05,0.7082,0.0000,0.0000,0.0000,0.0000,2.6,nan
1435,9.68e-05,0.5064,0.0000,0.0000,0.0000,0.0000,2.5,nan
1436,9.65e-05,0.6789,0.0000,0.0000,0.0000,0.0000,2.5,nan
1437,9.62e-05,0.2367,0.0000,0.0000,0.0000,0.0000,2.4,nan
1438,9.59e-05,0.4295,0.0000,0.0000,0.0000,0.0000,2.5,nan
1439,9.56e-05,0.7489,0.0000,0.0000,0.0000,0.0000,2.6,nan
1440,9.53e-05,0.8835,0.0000,0.0000,0.0000,0.0000,4.1,0.5657
1441,9.50e-05,1.0163,0.0000,0.0000,0.0000,0.0000,2.6,nan
1442,9.47e-05,0.8329,0.0000,0.0000,0.0000,0.0000,2.5,nan
1443,9.44e-05,0.8393,0.0000,0.0000,0.0000,0.0000,2.6,nan
1444,9.41e-05,0.5060,0.0000,0.0000,0.0000,0.0000,2.5,nan
1445,9.38e-05,0.5167,0.0000,0.0000,0.0000,0.0000,2.5,nan
1446,9.35e-05,0.7793,0.0000,0.0000,0.0000,0.0000,2.6,nan
1447,9.32e-05,0.6568,0.0000,0.0000,0.0000,0.0000,2.5,nan
1448,9.29e-05,0.5138,0.0000,0.0000,0.0000,0.0000,2.5,nan
1449,9.26e-05,0.7992,0.0000,0.0000,0.0000,0.0000,2.4,nan
1450,9.23e-05,0.7730,0.0000,0.0000,0.0000,0.0000,2.6,nan
1451,9.20e-05,0.8674,0.0000,0.0000,0.0000,0.0000,2.6,nan
1452,9.17e-05,0.3217,0.0000,0.0000,0.0000,0.0000,2.5,nan
1453,9.14e-05,0.6359,0.0000,0.0000,0.0000,0.0000,2.5,nan
1454,9.11e-05,0.5505,0.0000,0.0000,0.0000,0.0000,2.5,nan
1455,9.08e-05,0.6797,0.0000,0.0000,0.0000,0.0000,2.6,nan
1456,9.05e-05,0.8728,0.0000,0.0000,0.0000,0.0000,2.6,nan
1457,9.02e-05,0.5726,0.0000,0.0000,0.0000,0.0000,2.5,nan
1458,8.99e-05,0.3576,0.0000,0.0000,0.0000,0.0000,2.5,nan
1459,8.97e-05,0.8462,0.0000,0.0000,0.0000,0.0000,2.5,nan
1460,8.94e-05,0.4955,0.0000,0.0000,0.0000,0.0000,4.2,0.5805
1461,8.91e-05,0.8239,0.0000,0.0000,0.0000,0.0000,2.6,nan
1462,8.88e-05,0.6149,0.0000,0.0000,0.0000,0.0000,2.5,nan
1463,8.85e-05,0.8891,0.0000,0.0000,0.0000,0.0000,2.4,nan
1464,8.82e-05,0.7760,0.0000,0.0000,0.0000,0.0000,2.5,nan
1465,8.79e-05,0.7163,0.0000,0.0000,0.0000,0.0000,2.5,nan
1466,8.76e-05,0.3956,0.0000,0.0000,0.0000,0.0000,2.4,nan
1467,8.73e-05,0.5868,0.0000,0.0000,0.0000,0.0000,2.6,nan
1468,8.70e-05,0.7899,0.0000,0.0000,0.0000,0.0000,2.6,nan
1469,8.67e-05,0.7414,0.0000,0.0000,0.0000,0.0000,2.6,nan
1470,8.64e-05,0.5982,0.0000,0.0000,0.0000,0.0000,2.4,nan
1471,8.62e-05,0.6309,0.0000,0.0000,0.0000,0.0000,2.6,nan
1472,8.59e-05,0.8608,0.0000,0.0000,0.0000,0.0000,2.5,nan
1473,8.56e-05,0.5263,0.0000,0.0000,0.0000,0.0000,2.5,nan
1474,8.53e-05,0.9279,0.0000,0.0000,0.0000,0.0000,2.6,nan
1475,8.50e-05,0.5893,0.0000,0.0000,0.0000,0.0000,2.6,nan
1476,8.47e-05,0.5309,0.0000,0.0000,0.0000,0.0000,2.7,nan
1477,8.44e-05,0.7499,0.0000,0.0000,0.0000,0.0000,2.6,nan
1478,8.41e-05,0.7746,0.0000,0.0000,0.0000,0.0000,2.5,nan
1479,8.39e-05,0.7325,0.0000,0.0000,0.0000,0.0000,2.6,nan
1480,8.36e-05,0.9348,0.0000,0.0000,0.0000,0.0000,4.2,0.5551
1481,8.33e-05,0.7511,0.0000,0.0000,0.0000,0.0000,2.5,nan
1482,8.30e-05,0.9444,0.0000,0.0000,0.0000,0.0000,2.5,nan
1483,8.27e-05,0.6168,0.0000,0.0000,0.0000,0.0000,2.5,nan
1484,8.24e-05,0.9033,0.0000,0.0000,0.0000,0.0000,2.6,nan
1485,8.21e-05,0.4321,0.0000,0.0000,0.0000,0.0000,2.5,nan
1486,8.19e-05,0.5838,0.0000,0.0000,0.0000,0.0000,2.6,nan
1487,8.16e-05,0.6399,0.0000,0.0000,0.0000,0.0000,2.5,nan
1488,8.13e-05,0.6597,0.0000,0.0000,0.0000,0.0000,2.5,nan
1489,8.10e-05,0.8051,0.0000,0.0000,0.0000,0.0000,2.6,nan
1490,8.07e-05,0.6150,0.0000,0.0000,0.0000,0.0000,2.6,nan
1491,8.05e-05,0.5763,0.0000,0.0000,0.0000,0.0000,2.6,nan
1492,8.02e-05,0.7114,0.0000,0.0000,0.0000,0.0000,2.5,nan
1493,7.99e-05,0.5412,0.0000,0.0000,0.0000,0.0000,2.6,nan
1494,7.96e-05,1.0287,0.0000,0.0000,0.0000,0.0000,2.5,nan
1495,7.93e-05,0.7615,0.0000,0.0000,0.0000,0.0000,2.6,nan
1496,7.91e-05,0.5960,0.0000,0.0000,0.0000,0.0000,2.6,nan
1497,7.88e-05,0.5969,0.0000,0.0000,0.0000,0.0000,2.5,nan
1498,7.85e-05,0.4301,0.0000,0.0000,0.0000,0.0000,2.5,nan
1499,7.82e-05,0.6363,0.0000,0.0000,0.0000,0.0000,2.5,nan
1500,7.79e-05,0.4442,0.0000,0.0000,0.0000,0.0000,4.3,0.5763
1501,7.77e-05,0.7129,0.0000,0.0000,0.0000,0.0000,2.5,nan
1502,7.74e-05,0.7076,0.0000,0.0000,0.0000,0.0000,2.7,nan
1503,7.71e-05,0.6993,0.0000,0.0000,0.0000,0.0000,2.6,nan
1504,7.68e-05,0.8399,0.0000,0.0000,0.0000,0.0000,2.5,nan
1505,7.66e-05,0.5942,0.0000,0.0000,0.0000,0.0000,2.5,nan
1506,7.63e-05,0.8239,0.0000,0.0000,0.0000,0.0000,2.5,nan
1507,7.60e-05,0.3902,0.0000,0.0000,0.0000,0.0000,2.5,nan
1508,7.57e-05,0.5322,0.0000,0.0000,0.0000,0.0000,2.4,nan
1509,7.55e-05,0.8677,0.0000,0.0000,0.0000,0.0000,2.6,nan
1510,7.52e-05,0.7282,0.0000,0.0000,0.0000,0.0000,2.5,nan
1511,7.49e-05,0.7334,0.0000,0.0000,0.0000,0.0000,2.6,nan
1512,7.46e-05,0.9756,0.0000,0.0000,0.0000,0.0000,3.2,nan
1513,7.44e-05,0.5088,0.0000,0.0000,0.0000,0.0000,3.1,nan
1514,7.41e-05,0.5875,0.0000,0.0000,0.0000,0.0000,3.2,nan
1515,7.38e-05,0.6084,0.0000,0.0000,0.0000,0.0000,2.8,nan
1516,7.36e-05,0.9712,0.0000,0.0000,0.0000,0.0000,2.4,nan
1517,7.33e-05,0.6750,0.0000,0.0000,0.0000,0.0000,2.4,nan
1518,7.30e-05,0.3879,0.0000,0.0000,0.0000,0.0000,2.4,nan
1519,7.28e-05,0.8424,0.0000,0.0000,0.0000,0.0000,2.6,nan
1520,7.25e-05,0.8931,0.0000,0.0000,0.0000,0.0000,4.2,0.5869
1521,7.22e-05,0.7672,0.0000,0.0000,0.0000,0.0000,2.5,nan
1522,7.20e-05,0.5757,0.0000,0.0000,0.0000,0.0000,2.4,nan
1523,7.17e-05,0.4584,0.0000,0.0000,0.0000,0.0000,2.7,nan
1524,7.14e-05,0.6151,0.0000,0.0000,0.0000,0.0000,2.6,nan
1525,7.12e-05,0.4908,0.0000,0.0000,0.0000,0.0000,2.4,nan
1526,7.09e-05,0.4983,0.0000,0.0000,0.0000,0.0000,2.7,nan
1527,7.06e-05,0.3105,0.0000,0.0000,0.0000,0.0000,2.6,nan
1528,7.04e-05,0.6735,0.0000,0.0000,0.0000,0.0000,2.6,nan
1529,7.01e-05,0.4618,0.0000,0.0000,0.0000,0.0000,2.5,nan
1530,6.98e-05,0.6829,0.0000,0.0000,0.0000,0.0000,2.5,nan
1531,6.96e-05,0.6071,0.0000,0.0000,0.0000,0.0000,2.6,nan
1532,6.93e-05,0.8738,0.0000,0.0000,0.0000,0.0000,2.6,nan
1533,6.90e-05,0.7577,0.0000,0.0000,0.0000,0.0000,2.6,nan
1534,6.88e-05,0.7735,0.0000,0.0000,0.0000,0.0000,2.5,nan
1535,6.85e-05,0.7132,0.0000,0.0000,0.0000,0.0000,2.5,nan
1536,6.83e-05,0.8208,0.0000,0.0000,0.0000,0.0000,2.6,nan
1537,6.80e-05,0.6540,0.0000,0.0000,0.0000,0.0000,2.5,nan
1538,6.77e-05,0.7311,0.0000,0.0000,0.0000,0.0000,2.5,nan
1539,6.75e-05,0.7742,0.0000,0.0000,0.0000,0.0000,2.6,nan
1540,6.72e-05,0.6547,0.0000,0.0000,0.0000,0.0000,4.3,0.5763
1541,6.70e-05,0.5782,0.0000,0.0000,0.0000,0.0000,2.5,nan
1542,6.67e-05,0.9529,0.0000,0.0000,0.0000,0.0000,2.5,nan
1543,6.64e-05,0.7924,0.0000,0.0000,0.0000,0.0000,2.5,nan
1544,6.62e-05,0.5200,0.0000,0.0000,0.0000,0.0000,2.6,nan
1545,6.59e-05,0.5674,0.0000,0.0000,0.0000,0.0000,2.5,nan
1546,6.57e-05,0.4723,0.0000,0.0000,0.0000,0.0000,2.5,nan
1547,6.54e-05,0.7199,0.0000,0.0000,0.0000,0.0000,2.5,nan
1548,6.52e-05,0.6676,0.0000,0.0000,0.0000,0.0000,2.5,nan
1549,6.49e-05,0.6745,0.0000,0.0000,0.0000,0.0000,2.5,nan
1550,6.46e-05,0.4373,0.0000,0.0000,0.0000,0.0000,2.5,nan
1551,6.44e-05,0.8506,0.0000,0.0000,0.0000,0.0000,2.4,nan
1552,6.41e-05,0.7514,0.0000,0.0000,0.0000,0.0000,2.5,nan
1553,6.39e-05,0.6683,0.0000,0.0000,0.0000,0.0000,2.5,nan
1554,6.36e-05,0.4744,0.0000,0.0000,0.0000,0.0000,2.5,nan
1555,6.34e-05,0.6792,0.0000,0.0000,0.0000,0.0000,2.6,nan
1556,6.31e-05,0.5081,0.0000,0.0000,0.0000,0.0000,2.5,nan
1557,6.29e-05,0.5913,0.0000,0.0000,0.0000,0.0000,2.6,nan
1558,6.26e-05,0.8334,0.0000,0.0000,0.0000,0.0000,2.6,nan
1559,6.24e-05,0.5782,0.0000,0.0000,0.0000,0.0000,2.4,nan
1560,6.21e-05,0.9009,0.0000,0.0000,0.0000,0.0000,4.0,0.5445
1561,6.19e-05,0.7558,0.0000,0.0000,0.0000,0.0000,2.4,nan
1562,6.16e-05,0.6943,0.0000,0.0000,0.0000,0.0000,2.6,nan
1563,6.14e-05,0.6014,0.0000,0.0000,0.0000,0.0000,2.4,nan
1564,6.11e-05,0.7115,0.0000,0.0000,0.0000,0.0000,2.4,nan
1565,6.09e-05,0.8732,0.0000,0.0000,0.0000,0.0000,2.5,nan
1566,6.06e-05,0.7742,0.0000,0.0000,0.0000,0.0000,2.5,nan
1567,6.04e-05,0.4774,0.0000,0.0000,0.0000,0.0000,2.6,nan
1568,6.01e-05,0.8430,0.0000,0.0000,0.0000,0.0000,2.5,nan
1569,5.99e-05,0.7720,0.0000,0.0000,0.0000,0.0000,2.6,nan
1570,5.97e-05,0.9126,0.0000,0.0000,0.0000,0.0000,2.5,nan
1571,5.94e-05,0.7178,0.0000,0.0000,0.0000,0.0000,2.5,nan
1572,5.92e-05,0.5705,0.0000,0.0000,0.0000,0.0000,2.5,nan
1573,5.89e-05,0.6729,0.0000,0.0000,0.0000,0.0000,2.6,nan
1574,5.87e-05,0.5117,0.0000,0.0000,0.0000,0.0000,2.5,nan
1575,5.84e-05,0.6497,0.0000,0.0000,0.0000,0.0000,2.4,nan
1576,5.82e-05,0.6898,0.0000,0.0000,0.0000,0.0000,2.5,nan
1577,5.80e-05,0.7857,0.0000,0.0000,0.0000,0.0000,2.5,nan
1578,5.77e-05,0.6510,0.0000,0.0000,0.0000,0.0000,2.6,nan
1579,5.75e-05,0.7485,0.0000,0.0000,0.0000,0.0000,2.4,nan
1580,5.72e-05,0.8739,0.0000,0.0000,0.0000,0.0000,4.4,0.6017
1581,5.70e-05,0.8932,0.0000,0.0000,0.0000,0.0000,2.4,nan
1582,5.68e-05,0.8925,0.0000,0.0000,0.0000,0.0000,2.4,nan
1583,5.65e-05,0.3736,0.0000,0.0000,0.0000,0.0000,2.5,nan
1584,5.63e-05,0.3232,0.0000,0.0000,0.0000,0.0000,2.6,nan
1585,5.60e-05,0.7461,0.0000,0.0000,0.0000,0.0000,2.4,nan
1586,5.58e-05,0.5832,0.0000,0.0000,0.0000,0.0000,2.5,nan
1587,5.56e-05,0.4263,0.0000,0.0000,0.0000,0.0000,2.5,nan
1588,5.53e-05,0.4393,0.0000,0.0000,0.0000,0.0000,2.6,nan
1589,5.51e-05,0.7986,0.0000,0.0000,0.0000,0.0000,2.6,nan
1590,5.49e-05,1.0331,0.0000,0.0000,0.0000,0.0000,2.4,nan
1591,5.46e-05,0.7478,0.0000,0.0000,0.0000,0.0000,2.6,nan
1592,5.44e-05,1.0715,0.0000,0.0000,0.0000,0.0000,2.5,nan
1593,5.42e-05,0.7979,0.0000,0.0000,0.0000,0.0000,2.5,nan
1594,5.39e-05,0.7646,0.0000,0.0000,0.0000,0.0000,2.4,nan
1595,5.37e-05,0.4970,0.0000,0.0000,0.0000,0.0000,2.5,nan
1596,5.35e-05,1.0422,0.0000,0.0000,0.0000,0.0000,2.5,nan
1597,5.32e-05,0.5553,0.0000,0.0000,0.0000,0.0000,2.7,nan
1598,5.30e-05,0.8127,0.0000,0.0000,0.0000,0.0000,2.5,nan
1599,5.28e-05,0.8067,0.0000,0.0000,0.0000,0.0000,2.6,nan
1600,5.25e-05,0.4851,0.0000,0.0000,0.0000,0.0000,4.2,0.6123
1601,5.23e-05,0.5401,0.0000,0.0000,0.0000,0.0000,2.6,nan
1602,5.21e-05,0.8394,0.0000,0.0000,0.0000,0.0000,2.5,nan
1603,5.18e-05,0.8976,0.0000,0.0000,0.0000,0.0000,2.5,nan
1604,5.16e-05,0.8276,0.0000,0.0000,0.0000,0.0000,2.4,nan
1605,5.14e-05,0.4548,0.0000,0.0000,0.0000,0.0000,2.5,nan
1606,5.12e-05,0.8766,0.0000,0.0000,0.0000,0.0000,2.4,nan
1607,5.09e-05,0.6976,0.0000,0.0000,0.0000,0.0000,2.5,nan
1608,5.07e-05,0.7132,0.0000,0.0000,0.0000,0.0000,2.5,nan
1609,5.05e-05,0.5953,0.0000,0.0000,0.0000,0.0000,2.5,nan
1610,5.02e-05,0.6658,0.0000,0.0000,0.0000,0.0000,2.6,nan
1611,5.00e-05,0.4234,0.0000,0.0000,0.0000,0.0000,2.5,nan
1612,4.98e-05,0.8461,0.0000,0.0000,0.0000,0.0000,2.7,nan
1613,4.96e-05,0.6438,0.0000,0.0000,0.0000,0.0000,2.5,nan
1614,4.94e-05,0.5053,0.0000,0.0000,0.0000,0.0000,2.7,nan
1615,4.91e-05,0.6813,0.0000,0.0000,0.0000,0.0000,2.5,nan
1616,4.89e-05,0.6537,0.0000,0.0000,0.0000,0.0000,2.5,nan
1617,4.87e-05,0.7270,0.0000,0.0000,0.0000,0.0000,2.5,nan
1618,4.85e-05,0.5151,0.0000,0.0000,0.0000,0.0000,2.5,nan
1619,4.82e-05,0.8157,0.0000,0.0000,0.0000,0.0000,2.6,nan
1620,4.80e-05,0.6203,0.0000,0.0000,0.0000,0.0000,4.3,0.6271
1621,4.78e-05,0.8332,0.0000,0.0000,0.0000,0.0000,2.5,nan
1622,4.76e-05,0.4325,0.0000,0.0000,0.0000,0.0000,2.5,nan
1623,4.74e-05,0.5275,0.0000,0.0000,0.0000,0.0000,2.6,nan
1624,4.71e-05,0.7825,0.0000,0.0000,0.0000,0.0000,2.5,nan
1625,4.69e-05,0.8521,0.0000,0.0000,0.0000,0.0000,2.5,nan
1626,4.67e-05,0.7666,0.0000,0.0000,0.0000,0.0000,2.6,nan
1627,4.65e-05,0.7827,0.0000,0.0000,0.0000,0.0000,2.5,nan
1628,4.63e-05,0.7667,0.0000,0.0000,0.0000,0.0000,2.4,nan
1629,4.61e-05,0.7272,0.0000,0.0000,0.0000,0.0000,2.5,nan
1630,4.58e-05,0.5318,0.0000,0.0000,0.0000,0.0000,2.5,nan
1631,4.56e-05,0.6724,0.0000,0.0000,0.0000,0.0000,2.6,nan
1632,4.54e-05,0.5794,0.0000,0.0000,0.0000,0.0000,2.8,nan
1633,4.52e-05,0.5992,0.0000,0.0000,0.0000,0.0000,2.6,nan
1634,4.50e-05,1.0322,0.0000,0.0000,0.0000,0.0000,2.5,nan
1635,4.48e-05,0.5829,0.0000,0.0000,0.0000,0.0000,2.5,nan
1636,4.46e-05,0.5001,0.0000,0.0000,0.0000,0.0000,2.4,nan
1637,4.44e-05,0.4868,0.0000,0.0000,0.0000,0.0000,2.5,nan
1638,4.41e-05,0.6969,0.0000,0.0000,0.0000,0.0000,2.5,nan
1639,4.39e-05,0.9073,0.0000,0.0000,0.0000,0.0000,2.6,nan
1640,4.37e-05,0.6817,0.0000,0.0000,0.0000,0.0000,4.0,0.5975
1641,4.35e-05,0.6468,0.0000,0.0000,0.0000,0.0000,2.5,nan
1642,4.33e-05,0.6374,0.0000,0.0000,0.0000,0.0000,2.5,nan
1643,4.31e-05,0.8442,0.0000,0.0000,0.0000,0.0000,2.5,nan
1644,4.29e-05,0.4119,0.0000,0.0000,0.0000,0.0000,2.5,nan
1645,4.27e-05,0.5773,0.0000,0.0000,0.0000,0.0000,2.6,nan
1646,4.25e-05,0.6888,0.0000,0.0000,0.0000,0.0000,2.8,nan
1647,4.23e-05,0.9292,0.0000,0.0000,0.0000,0.0000,2.5,nan
1648,4.21e-05,0.7820,0.0000,0.0000,0.0000,0.0000,2.5,nan
1649,4.19e-05,0.6334,0.0000,0.0000,0.0000,0.0000,2.5,nan
1650,4.17e-05,0.5931,0.0000,0.0000,0.0000,0.0000,2.6,nan
1651,4.14e-05,0.6843,0.0000,0.0000,0.0000,0.0000,2.5,nan
1652,4.12e-05,0.5762,0.0000,0.0000,0.0000,0.0000,2.5,nan
1653,4.10e-05,0.6993,0.0000,0.0000,0.0000,0.0000,2.4,nan
1654,4.08e-05,0.6506,0.0000,0.0000,0.0000,0.0000,2.5,nan
1655,4.06e-05,0.7665,0.0000,0.0000,0.0000,0.0000,2.5,nan
1656,4.04e-05,0.5490,0.0000,0.0000,0.0000,0.0000,2.4,nan
1657,4.02e-05,0.5123,0.0000,0.0000,0.0000,0.0000,2.7,nan
1658,4.00e-05,0.7962,0.0000,0.0000,0.0000,0.0000,2.5,nan
1659,3.98e-05,0.5151,0.0000,0.0000,0.0000,0.0000,2.5,nan
1660,3.96e-05,0.6041,0.0000,0.0000,0.0000,0.0000,4.1,0.6059
1661,3.94e-05,0.7910,0.0000,0.0000,0.0000,0.0000,2.5,nan
1662,3.92e-05,0.5013,0.0000,0.0000,0.0000,0.0000,2.4,nan
1663,3.90e-05,0.5256,0.0000,0.0000,0.0000,0.0000,2.4,nan
1664,3.88e-05,0.3401,0.0000,0.0000,0.0000,0.0000,2.5,nan
1665,3.86e-05,0.7698,0.0000,0.0000,0.0000,0.0000,2.5,nan
1666,3.84e-05,0.9739,0.0000,0.0000,0.0000,0.0000,2.5,nan
1667,3.82e-05,0.5344,0.0000,0.0000,0.0000,0.0000,2.6,nan
1668,3.81e-05,0.7415,0.0000,0.0000,0.0000,0.0000,2.4,nan
1669,3.79e-05,0.5682,0.0000,0.0000,0.0000,0.0000,2.7,nan
1670,3.77e-05,0.6363,0.0000,0.0000,0.0000,0.0000,2.6,nan
1671,3.75e-05,0.8530,0.0000,0.0000,0.0000,0.0000,2.5,nan
1672,3.73e-05,0.7430,0.0000,0.0000,0.0000,0.0000,2.5,nan
1673,3.71e-05,0.7708,0.0000,0.0000,0.0000,0.0000,2.6,nan
1674,3.69e-05,0.8508,0.0000,0.0000,0.0000,0.0000,2.5,nan
1675,3.67e-05,0.9249,0.0000,0.0000,0.0000,0.0000,2.6,nan
1676,3.65e-05,0.4253,0.0000,0.0000,0.0000,0.0000,2.5,nan
1677,3.63e-05,0.6138,0.0000,0.0000,0.0000,0.0000,2.5,nan
1678,3.61e-05,0.7445,0.0000,0.0000,0.0000,0.0000,2.6,nan
1679,3.59e-05,0.5220,0.0000,0.0000,0.0000,0.0000,2.5,nan
1680,3.58e-05,0.9882,0.0000,0.0000,0.0000,0.0000,4.2,0.6102
1681,3.56e-05,0.9317,0.0000,0.0000,0.0000,0.0000,2.6,nan
1682,3.54e-05,0.5993,0.0000,0.0000,0.0000,0.0000,2.5,nan
1683,3.52e-05,0.7762,0.0000,0.0000,0.0000,0.0000,2.5,nan
1684,3.50e-05,0.9517,0.0000,0.0000,0.0000,0.0000,2.5,nan
1685,3.48e-05,0.7443,0.0000,0.0000,0.0000,0.0000,2.4,nan
1686,3.46e-05,0.8841,0.0000,0.0000,0.0000,0.0000,2.6,nan
1687,3.44e-05,0.8046,0.0000,0.0000,0.0000,0.0000,2.5,nan
1688,3.43e-05,0.8511,0.0000,0.0000,0.0000,0.0000,2.6,nan
1689,3.41e-05,0.5983,0.0000,0.0000,0.0000,0.0000,2.5,nan
1690,3.39e-05,0.6278,0.0000,0.0000,0.0000,0.0000,2.5,nan
1691,3.37e-05,0.6538,0.0000,0.0000,0.0000,0.0000,2.5,nan
1692,3.35e-05,0.5442,0.0000,0.0000,0.0000,0.0000,2.5,nan
1693,3.33e-05,0.4777,0.0000,0.0000,0.0000,0.0000,2.5,nan
1694,3.32e-05,0.8602,0.0000,0.0000,0.0000,0.0000,2.5,nan
1695,3.30e-05,0.7116,0.0000,0.0000,0.0000,0.0000,2.6,nan
1696,3.28e-05,0.6953,0.0000,0.0000,0.0000,0.0000,2.5,nan
1697,3.26e-05,1.0803,0.0000,0.0000,0.0000,0.0000,2.5,nan
1698,3.24e-05,0.6216,0.0000,0.0000,0.0000,0.0000,2.4,nan
1699,3.23e-05,0.6051,0.0000,0.0000,0.0000,0.0000,2.5,nan
1700,3.21e-05,0.5408,0.0000,0.0000,0.0000,0.0000,4.2,0.5953
1701,3.19e-05,0.7136,0.0000,0.0000,0.0000,0.0000,2.5,nan
1702,3.17e-05,0.5209,0.0000,0.0000,0.0000,0.0000,2.7,nan
1703,3.16e-05,0.7998,0.0000,0.0000,0.0000,0.0000,2.6,nan
1704,3.14e-05,0.6564,0.0000,0.0000,0.0000,0.0000,2.5,nan
1705,3.12e-05,0.4552,0.0000,0.0000,0.0000,0.0000,2.5,nan
1706,3.10e-05,0.3749,0.0000,0.0000,0.0000,0.0000,2.6,nan
1707,3.09e-05,0.7043,0.0000,0.0000,0.0000,0.0000,2.5,nan
1708,3.07e-05,0.9721,0.0000,0.0000,0.0000,0.0000,2.6,nan
1709,3.05e-05,0.4251,0.0000,0.0000,0.0000,0.0000,2.6,nan
1710,3.03e-05,0.7158,0.0000,0.0000,0.0000,0.0000,2.5,nan
1711,3.02e-05,0.6782,0.0000,0.0000,0.0000,0.0000,2.5,nan
1712,3.00e-05,0.4143,0.0000,0.0000,0.0000,0.0000,2.4,nan
1713,2.98e-05,0.6276,0.0000,0.0000,0.0000,0.0000,2.6,nan
1714,2.97e-05,0.4166,0.0000,0.0000,0.0000,0.0000,2.5,nan
1715,2.95e-05,0.5514,0.0000,0.0000,0.0000,0.0000,2.5,nan
1716,2.93e-05,0.6525,0.0000,0.0000,0.0000,0.0000,2.5,nan
1717,2.91e-05,0.6713,0.0000,0.0000,0.0000,0.0000,2.5,nan
1718,2.90e-05,0.5245,0.0000,0.0000,0.0000,0.0000,2.5,nan
1719,2.88e-05,1.0047,0.0000,0.0000,0.0000,0.0000,2.5,nan
1720,2.86e-05,0.8155,0.0000,0.0000,0.0000,0.0000,4.1,0.6017
1721,2.85e-05,0.7107,0.0000,0.0000,0.0000,0.0000,2.6,nan
1722,2.83e-05,0.6562,0.0000,0.0000,0.0000,0.0000,2.4,nan
1723,2.81e-05,0.9577,0.0000,0.0000,0.0000,0.0000,2.5,nan
1724,2.80e-05,1.0855,0.0000,0.0000,0.0000,0.0000,2.6,nan
1725,2.78e-05,0.6654,0.0000,0.0000,0.0000,0.0000,2.4,nan
1726,2.77e-05,0.6831,0.0000,0.0000,0.0000,0.0000,2.5,nan
1727,2.75e-05,0.4899,0.0000,0.0000,0.0000,0.0000,2.4,nan
1728,2.73e-05,0.4925,0.0000,0.0000,0.0000,0.0000,2.6,nan
1729,2.72e-05,0.6186,0.0000,0.0000,0.0000,0.0000,2.5,nan
1730,2.70e-05,0.6058,0.0000,0.0000,0.0000,0.0000,2.4,nan
1731,2.68e-05,0.6531,0.0000,0.0000,0.0000,0.0000,2.6,nan
1732,2.67e-05,0.7720,0.0000,0.0000,0.0000,0.0000,2.4,nan
1733,2.65e-05,1.0292,0.0000,0.0000,0.0000,0.0000,2.7,nan
1734,2.64e-05,0.8051,0.0000,0.0000,0.0000,0.0000,2.5,nan
1735,2.62e-05,0.6788,0.0000,0.0000,0.0000,0.0000,2.6,nan
1736,2.60e-05,0.6833,0.0000,0.0000,0.0000,0.0000,2.4,nan
1737,2.59e-05,0.5615,0.0000,0.0000,0.0000,0.0000,2.4,nan
1738,2.57e-05,0.5848,0.0000,0.0000,0.0000,0.0000,2.4,nan
1739,2.56e-05,0.7310,0.0000,0.0000,0.0000,0.0000,2.6,nan
1740,2.54e-05,0.8220,0.0000,0.0000,0.0000,0.0000,4.1,0.5932
1741,2.53e-05,1.0637,0.0000,0.0000,0.0000,0.0000,2.6,nan
1742,2.51e-05,0.7413,0.0000,0.0000,0.0000,0.0000,2.4,nan
1743,2.50e-05,0.6106,0.0000,0.0000,0.0000,0.0000,2.5,nan
1744,2.48e-05,0.9416,0.0000,0.0000,0.0000,0.0000,2.5,nan
1745,2.47e-05,0.5785,0.0000,0.0000,0.0000,0.0000,2.5,nan
1746,2.45e-05,0.5577,0.0000,0.0000,0.0000,0.0000,2.5,nan
1747,2.43e-05,0.7901,0.0000,0.0000,0.0000,0.0000,2.4,nan
1748,2.42e-05,0.5008,0.0000,0.0000,0.0000,0.0000,2.4,nan
1749,2.40e-05,0.6732,0.0000,0.0000,0.0000,0.0000,2.5,nan
1750,2.39e-05,0.9762,0.0000,0.0000,0.0000,0.0000,2.7,nan
1751,2.37e-05,0.6399,0.0000,0.0000,0.0000,0.0000,2.5,nan
1752,2.36e-05,0.4829,0.0000,0.0000,0.0000,0.0000,2.5,nan
1753,2.34e-05,0.4792,0.0000,0.0000,0.0000,0.0000,2.5,nan
1754,2.33e-05,0.5723,0.0000,0.0000,0.0000,0.0000,2.4,nan
1755,2.32e-05,0.8625,0.0000,0.0000,0.0000,0.0000,2.6,nan
1756,2.30e-05,0.4738,0.0000,0.0000,0.0000,0.0000,2.5,nan
1757,2.29e-05,0.5830,0.0000,0.0000,0.0000,0.0000,2.5,nan
1758,2.27e-05,0.6110,0.0000,0.0000,0.0000,0.0000,2.5,nan
1759,2.26e-05,0.6402,0.0000,0.0000,0.0000,0.0000,2.6,nan
1760,2.24e-05,0.5990,0.0000,0.0000,0.0000,0.0000,4.1,0.6017
1761,2.23e-05,0.9720,0.0000,0.0000,0.0000,0.0000,2.5,nan
1762,2.21e-05,0.6371,0.0000,0.0000,0.0000,0.0000,2.5,nan
1763,2.20e-05,0.5968,0.0000,0.0000,0.0000,0.0000,2.6,nan
1764,2.19e-05,0.3810,0.0000,0.0000,0.0000,0.0000,2.7,nan
1765,2.17e-05,0.8882,0.0000,0.0000,0.0000,0.0000,2.6,nan
1766,2.16e-05,0.4466,0.0000,0.0000,0.0000,0.0000,2.4,nan
1767,2.14e-05,0.4799,0.0000,0.0000,0.0000,0.0000,2.5,nan
1768,2.13e-05,0.6823,0.0000,0.0000,0.0000,0.0000,2.5,nan
1769,2.12e-05,0.6098,0.0000,0.0000,0.0000,0.0000,2.5,nan
1770,2.10e-05,0.5036,0.0000,0.0000,0.0000,0.0000,2.4,nan
1771,2.09e-05,0.6115,0.0000,0.0000,0.0000,0.0000,2.5,nan
1772,2.07e-05,0.8610,0.0000,0.0000,0.0000,0.0000,2.6,nan
1773,2.06e-05,0.6990,0.0000,0.0000,0.0000,0.0000,2.5,nan
1774,2.05e-05,0.9174,0.0000,0.0000,0.0000,0.0000,2.6,nan
1775,2.03e-05,0.5872,0.0000,0.0000,0.0000,0.0000,2.6,nan
1776,2.02e-05,0.6649,0.0000,0.0000,0.0000,0.0000,2.5,nan
1777,2.01e-05,0.5557,0.0000,0.0000,0.0000,0.0000,2.5,nan
1778,1.99e-05,0.6952,0.0000,0.0000,0.0000,0.0000,2.5,nan
1779,1.98e-05,0.6360,0.0000,0.0000,0.0000,0.0000,2.5,nan
1780,1.97e-05,0.5520,0.0000,0.0000,0.0000,0.0000,4.3,0.6038
1781,1.95e-05,0.4992,0.0000,0.0000,0.0000,0.0000,2.5,nan
1782,1.94e-05,0.5847,0.0000,0.0000,0.0000,0.0000,2.4,nan
1783,1.93e-05,0.8169,0.0000,0.0000,0.0000,0.0000,2.5,nan
1784,1.91e-05,0.5418,0.0000,0.0000,0.0000,0.0000,2.7,nan
1785,1.90e-05,0.6005,0.0000,0.0000,0.0000,0.0000,2.4,nan
1786,1.89e-05,0.6972,0.0000,0.0000,0.0000,0.0000,2.5,nan
1787,1.87e-05,0.6606,0.0000,0.0000,0.0000,0.0000,2.5,nan
1788,1.86e-05,0.7163,0.0000,0.0000,0.0000,0.0000,2.5,nan
1789,1.85e-05,0.6175,0.0000,0.0000,0.0000,0.0000,2.4,nan
1790,1.84e-05,0.4817,0.0000,0.0000,0.0000,0.0000,2.6,nan
1791,1.82e-05,0.6524,0.0000,0.0000,0.0000,0.0000,2.4,nan
1792,1.81e-05,0.8749,0.0000,0.0000,0.0000,0.0000,2.5,nan
1793,1.80e-05,0.5866,0.0000,0.0000,0.0000,0.0000,2.5,nan
1794,1.79e-05,0.4249,0.0000,0.0000,0.0000,0.0000,2.6,nan
1795,1.77e-05,0.5617,0.0000,0.0000,0.0000,0.0000,2.6,nan
1796,1.76e-05,0.7707,0.0000,0.0000,0.0000,0.0000,2.5,nan
1797,1.75e-05,0.5645,0.0000,0.0000,0.0000,0.0000,2.5,nan
1798,1.74e-05,0.6727,0.0000,0.0000,0.0000,0.0000,2.5,nan
1799,1.72e-05,0.7048,0.0000,0.0000,0.0000,0.0000,2.4,nan
1800,1.71e-05,0.4282,0.0000,0.0000,0.0000,0.0000,4.2,0.6017
1801,1.70e-05,0.5315,0.0000,0.0000,0.0000,0.0000,2.6,nan
1802,1.69e-05,0.5808,0.0000,0.0000,0.0000,0.0000,2.5,nan
1803,1.68e-05,0.9062,0.0000,0.0000,0.0000,0.0000,2.5,nan
1804,1.67e-05,0.7431,0.0000,0.0000,0.0000,0.0000,2.5,nan
1805,1.65e-05,0.7971,0.0000,0.0000,0.0000,0.0000,2.6,nan
1806,1.64e-05,0.5806,0.0000,0.0000,0.0000,0.0000,2.6,nan
1807,1.63e-05,0.4503,0.0000,0.0000,0.0000,0.0000,2.5,nan
1808,1.62e-05,0.5928,0.0000,0.0000,0.0000,0.0000,2.6,nan
1809,1.61e-05,0.5413,0.0000,0.0000,0.0000,0.0000,2.5,nan
1810,1.59e-05,0.5607,0.0000,0.0000,0.0000,0.0000,2.5,nan
1811,1.58e-05,0.7812,0.0000,0.0000,0.0000,0.0000,2.5,nan
1812,1.57e-05,0.6599,0.0000,0.0000,0.0000,0.0000,2.4,nan
1813,1.56e-05,1.1273,0.0000,0.0000,0.0000,0.0000,2.5,nan
1814,1.55e-05,0.6893,0.0000,0.0000,0.0000,0.0000,2.5,nan
1815,1.54e-05,0.9827,0.0000,0.0000,0.0000,0.0000,2.4,nan
1816,1.53e-05,0.3910,0.0000,0.0000,0.0000,0.0000,2.5,nan
1817,1.52e-05,0.7955,0.0000,0.0000,0.0000,0.0000,2.6,nan
1818,1.50e-05,0.8872,0.0000,0.0000,0.0000,0.0000,2.5,nan
1819,1.49e-05,0.4914,0.0000,0.0000,0.0000,0.0000,2.5,nan
1820,1.48e-05,0.7178,0.0000,0.0000,0.0000,0.0000,4.2,0.5975
1821,1.47e-05,0.7785,0.0000,0.0000,0.0000,0.0000,2.5,nan
1822,1.46e-05,0.8886,0.0000,0.0000,0.0000,0.0000,2.6,nan
1823,1.45e-05,0.8473,0.0000,0.0000,0.0000,0.0000,2.6,nan
1824,1.44e-05,0.8668,0.0000,0.0000,0.0000,0.0000,2.4,nan
1825,1.43e-05,0.8347,0.0000,0.0000,0.0000,0.0000,2.5,nan
1826,1.42e-05,0.5304,0.0000,0.0000,0.0000,0.0000,2.4,nan
1827,1.41e-05,0.6786,0.0000,0.0000,0.0000,0.0000,2.5,nan
1828,1.40e-05,0.7940,0.0000,0.0000,0.0000,0.0000,2.6,nan
1829,1.39e-05,0.5371,0.0000,0.0000,0.0000,0.0000,2.5,nan
1830,1.38e-05,0.5016,0.0000,0.0000,0.0000,0.0000,2.5,nan
1831,1.37e-05,0.5820,0.0000,0.0000,0.0000,0.0000,2.5,nan
1832,1.36e-05,0.8623,0.0000,0.0000,0.0000,0.0000,2.5,nan
1833,1.35e-05,0.8587,0.0000,0.0000,0.0000,0.0000,2.6,nan
1834,1.34e-05,0.5674,0.0000,0.0000,0.0000,0.0000,2.5,nan
1835,1.33e-05,0.6361,0.0000,0.0000,0.0000,0.0000,2.5,nan
1836,1.32e-05,0.6740,0.0000,0.0000,0.0000,0.0000,2.4,nan
1837,1.31e-05,0.8019,0.0000,0.0000,0.0000,0.0000,2.5,nan
1838,1.30e-05,0.7576,0.0000,0.0000,0.0000,0.0000,2.6,nan
1839,1.29e-05,0.9520,0.0000,0.0000,0.0000,0.0000,2.4,nan
1840,1.28e-05,0.6190,0.0000,0.0000,0.0000,0.0000,4.1,0.5996
1841,1.27e-05,0.5895,0.0000,0.0000,0.0000,0.0000,2.6,nan
1842,1.26e-05,0.6200,0.0000,0.0000,0.0000,0.0000,2.4,nan
1843,1.25e-05,0.6417,0.0000,0.0000,0.0000,0.0000,2.5,nan
1844,1.24e-05,0.4508,0.0000,0.0000,0.0000,0.0000,2.5,nan
1845,1.23e-05,0.5289,0.0000,0.0000,0.0000,0.0000,2.5,nan
1846,1.22e-05,0.7796,0.0000,0.0000,0.0000,0.0000,2.6,nan
1847,1.21e-05,0.8296,0.0000,0.0000,0.0000,0.0000,2.6,nan
1848,1.20e-05,0.6414,0.0000,0.0000,0.0000,0.0000,2.4,nan
1849,1.19e-05,0.4866,0.0000,0.0000,0.0000,0.0000,2.4,nan
1850,1.18e-05,0.6758,0.0000,0.0000,0.0000,0.0000,2.5,nan
1851,1.17e-05,0.5553,0.0000,0.0000,0.0000,0.0000,2.4,nan
1852,1.16e-05,0.6336,0.0000,0.0000,0.0000,0.0000,2.6,nan
1853,1.16e-05,0.8714,0.0000,0.0000,0.0000,0.0000,2.5,nan
1854,1.15e-05,0.7156,0.0000,0.0000,0.0000,0.0000,2.4,nan
1855,1.14e-05,0.2132,0.0000,0.0000,0.0000,0.0000,2.5,nan
1856,1.13e-05,0.6516,0.0000,0.0000,0.0000,0.0000,2.4,nan
1857,1.12e-05,0.7463,0.0000,0.0000,0.0000,0.0000,2.5,nan
1858,1.11e-05,0.5957,0.0000,0.0000,0.0000,0.0000,2.6,nan
1859,1.10e-05,0.7531,0.0000,0.0000,0.0000,0.0000,2.6,nan
1860,1.09e-05,0.5356,0.0000,0.0000,0.0000,0.0000,4.3,0.5911
1861,1.09e-05,0.8264,0.0000,0.0000,0.0000,0.0000,2.5,nan
1862,1.08e-05,0.6554,0.0000,0.0000,0.0000,0.0000,2.6,nan
1863,1.07e-05,0.5030,0.0000,0.0000,0.0000,0.0000,2.6,nan
1864,1.06e-05,0.7906,0.0000,0.0000,0.0000,0.0000,2.5,nan
1865,1.05e-05,0.8137,0.0000,0.0000,0.0000,0.0000,2.5,nan
1866,1.04e-05,0.9248,0.0000,0.0000,0.0000,0.0000,2.6,nan
1867,1.04e-05,0.6265,0.0000,0.0000,0.0000,0.0000,2.5,nan
1868,1.03e-05,0.5718,0.0000,0.0000,0.0000,0.0000,2.4,nan
1869,1.02e-05,0.4593,0.0000,0.0000,0.0000,0.0000,2.5,nan
1870,1.01e-05,0.7666,0.0000,0.0000,0.0000,0.0000,2.6,nan
1871,1.00e-05,0.7474,0.0000,0.0000,0.0000,0.0000,2.5,nan
1872,9.97e-06,0.4901,0.0000,0.0000,0.0000,0.0000,2.5,nan
1873,9.89e-06,0.8376,0.0000,0.0000,0.0000,0.0000,2.5,nan
1874,9.81e-06,0.5438,0.0000,0.0000,0.0000,0.0000,2.5,nan
1875,9.74e-06,0.7531,0.0000,0.0000,0.0000,0.0000,2.5,nan
1876,9.66e-06,0.8963,0.0000,0.0000,0.0000,0.0000,2.5,nan
1877,9.59e-06,0.8559,0.0000,0.0000,0.0000,0.0000,2.5,nan
1878,9.51e-06,0.5067,0.0000,0.0000,0.0000,0.0000,2.5,nan
1879,9.44e-06,0.8289,0.0000,0.0000,0.0000,0.0000,2.6,nan
1880,9.36e-06,0.6634,0.0000,0.0000,0.0000,0.0000,4.2,0.5932
1881,9.29e-06,0.4182,0.0000,0.0000,0.0000,0.0000,2.5,nan
1882,9.22e-06,0.4341,0.0000,0.0000,0.0000,0.0000,2.5,nan
1883,9.15e-06,0.4781,0.0000,0.0000,0.0000,0.0000,2.5,nan
1884,9.08e-06,0.5354,0.0000,0.0000,0.0000,0.0000,2.5,nan
1885,9.01e-06,0.9959,0.0000,0.0000,0.0000,0.0000,2.6,nan
1886,8.94e-06,0.8094,0.0000,0.0000,0.0000,0.0000,2.5,nan
1887,8.87e-06,0.6551,0.0000,0.0000,0.0000,0.0000,2.6,nan
1888,8.80e-06,0.7674,0.0000,0.0000,0.0000,0.0000,2.5,nan
1889,8.73e-06,0.4214,0.0000,0.0000,0.0000,0.0000,2.6,nan
1890,8.66e-06,0.7950,0.0000,0.0000,0.0000,0.0000,2.6,nan
1891,8.60e-06,0.7422,0.0000,0.0000,0.0000,0.0000,2.5,nan
1892,8.53e-06,0.6788,0.0000,0.0000,0.0000,0.0000,2.5,nan
1893,8.47e-06,0.7199,0.0000,0.0000,0.0000,0.0000,2.5,nan
1894,8.40e-06,0.8710,0.0000,0.0000,0.0000,0.0000,2.4,nan
1895,8.34e-06,0.7754,0.0000,0.0000,0.0000,0.0000,2.5,nan
1896,8.27e-06,0.5693,0.0000,0.0000,0.0000,0.0000,2.5,nan
1897,8.21e-06,0.5408,0.0000,0.0000,0.0000,0.0000,2.6,nan
1898,8.15e-06,0.2645,0.0000,0.0000,0.0000,0.0000,2.8,nan
1899,8.09e-06,0.6734,0.0000,0.0000,0.0000,0.0000,2.6,nan
1900,8.02e-06,0.6109,0.0000,0.0000,0.0000,0.0000,4.4,0.5996
1901,7.96e-06,0.5331,0.0000,0.0000,0.0000,0.0000,2.7,nan
1902,7.90e-06,0.7655,0.0000,0.0000,0.0000,0.0000,2.6,nan
1903,7.84e-06,1.0184,0.0000,0.0000,0.0000,0.0000,2.6,nan
1904,7.79e-06,0.5493,0.0000,0.0000,0.0000,0.0000,2.8,nan
1905,7.73e-06,0.6580,0.0000,0.0000,0.0000,0.0000,2.5,nan
1906,7.67e-06,0.4776,0.0000,0.0000,0.0000,0.0000,2.5,nan
1907,7.61e-06,0.7300,0.0000,0.0000,0.0000,0.0000,2.6,nan
1908,7.56e-06,0.7059,0.0000,0.0000,0.0000,0.0000,2.6,nan
1909,7.50e-06,0.3645,0.0000,0.0000,0.0000,0.0000,2.6,nan
1910,7.45e-06,0.5275,0.0000,0.0000,0.0000,0.0000,2.4,nan
1911,7.39e-06,0.7149,0.0000,0.0000,0.0000,0.0000,2.6,nan
1912,7.34e-06,0.8294,0.0000,0.0000,0.0000,0.0000,2.5,nan
1913,7.28e-06,0.8551,0.0000,0.0000,0.0000,0.0000,2.5,nan
1914,7.23e-06,0.6610,0.0000,0.0000,0.0000,0.0000,2.5,nan
1915,7.18e-06,0.6579,0.0000,0.0000,0.0000,0.0000,2.6,nan
1916,7.13e-06,0.7356,0.0000,0.0000,0.0000,0.0000,2.5,nan
1917,7.08e-06,0.4273,0.0000,0.0000,0.0000,0.0000,2.5,nan
1918,7.03e-06,0.6261,0.0000,0.0000,0.0000,0.0000,2.6,nan
1919,6.98e-06,0.6205,0.0000,0.0000,0.0000,0.0000,2.5,nan
1920,6.93e-06,0.9273,0.0000,0.0000,0.0000,0.0000,4.3,0.6038
1921,6.88e-06,0.7394,0.0000,0.0000,0.0000,0.0000,2.5,nan
1922,6.83e-06,0.7459,0.0000,0.0000,0.0000,0.0000,2.4,nan
1923,6.79e-06,0.8090,0.0000,0.0000,0.0000,0.0000,2.4,nan
1924,6.74e-06,0.9991,0.0000,0.0000,0.0000,0.0000,2.4,nan
1925,6.69e-06,0.5690,0.0000,0.0000,0.0000,0.0000,2.6,nan
1926,6.65e-06,0.7249,0.0000,0.0000,0.0000,0.0000,2.5,nan
1927,6.60e-06,0.4255,0.0000,0.0000,0.0000,0.0000,2.4,nan
1928,6.56e-06,0.7032,0.0000,0.0000,0.0000,0.0000,2.5,nan
1929,6.52e-06,0.9056,0.0000,0.0000,0.0000,0.0000,2.5,nan
1930,6.47e-06,0.4319,0.0000,0.0000,0.0000,0.0000,2.5,nan
1931,6.43e-06,0.6231,0.0000,0.0000,0.0000,0.0000,2.4,nan
1932,6.39e-06,0.8498,0.0000,0.0000,0.0000,0.0000,2.6,nan
1933,6.35e-06,0.5397,0.0000,0.0000,0.0000,0.0000,2.5,nan
1934,6.31e-06,0.4722,0.0000,0.0000,0.0000,0.0000,2.6,nan
1935,6.27e-06,0.8679,0.0000,0.0000,0.0000,0.0000,2.5,nan
1936,6.23e-06,0.3214,0.0000,0.0000,0.0000,0.0000,2.4,nan
1937,6.19e-06,0.7037,0.0000,0.0000,0.0000,0.0000,2.7,nan
1938,6.15e-06,0.6930,0.0000,0.0000,0.0000,0.0000,2.5,nan
1939,6.11e-06,0.8565,0.0000,0.0000,0.0000,0.0000,2.5,nan
1940,6.08e-06,0.5012,0.0000,0.0000,0.0000,0.0000,4.1,0.6017
1941,6.04e-06,0.6098,0.0000,0.0000,0.0000,0.0000,2.5,nan
1942,6.01e-06,0.4300,0.0000,0.0000,0.0000,0.0000,2.5,nan
1943,5.97e-06,0.6536,0.0000,0.0000,0.0000,0.0000,2.4,nan
1944,5.94e-06,0.5925,0.0000,0.0000,0.0000,0.0000,2.6,nan
1945,5.90e-06,0.7263,0.0000,0.0000,0.0000,0.0000,2.6,nan
1946,5.87e-06,0.5327,0.0000,0.0000,0.0000,0.0000,2.6,nan
1947,5.84e-06,0.9259,0.0000,0.0000,0.0000,0.0000,2.5,nan
1948,5.81e-06,0.5841,0.0000,0.0000,0.0000,0.0000,2.6,nan
1949,5.77e-06,0.8172,0.0000,0.0000,0.0000,0.0000,2.5,nan
1950,5.74e-06,0.7260,0.0000,0.0000,0.0000,0.0000,2.4,nan
1951,5.71e-06,0.9266,0.0000,0.0000,0.0000,0.0000,2.5,nan
1952,5.68e-06,0.7962,0.0000,0.0000,0.0000,0.0000,2.4,nan
1953,5.66e-06,0.6604,0.0000,0.0000,0.0000,0.0000,2.5,nan
1954,5.63e-06,0.6400,0.0000,0.0000,0.0000,0.0000,2.5,nan
1955,5.60e-06,0.8866,0.0000,0.0000,0.0000,0.0000,2.4,nan
1956,5.57e-06,0.5469,0.0000,0.0000,0.0000,0.0000,2.4,nan
1957,5.55e-06,0.5893,0.0000,0.0000,0.0000,0.0000,2.5,nan
1958,5.52e-06,0.7542,0.0000,0.0000,0.0000,0.0000,2.5,nan
1959,5.50e-06,0.5770,0.0000,0.0000,0.0000,0.0000,2.5,nan
1960,5.47e-06,0.6734,0.0000,0.0000,0.0000,0.0000,4.1,0.5953
1961,5.45e-06,0.6215,0.0000,0.0000,0.0000,0.0000,2.5,nan
1962,5.42e-06,0.7510,0.0000,0.0000,0.0000,0.0000,2.5,nan
1963,5.40e-06,0.8591,0.0000,0.0000,0.0000,0.0000,2.7,nan
1964,5.38e-06,0.5887,0.0000,0.0000,0.0000,0.0000,2.5,nan
1965,5.36e-06,0.6826,0.0000,0.0000,0.0000,0.0000,2.6,nan
1966,5.34e-06,0.6173,0.0000,0.0000,0.0000,0.0000,2.6,nan
1967,5.32e-06,0.6120,0.0000,0.0000,0.0000,0.0000,2.5,nan
1968,5.30e-06,0.8768,0.0000,0.0000,0.0000,0.0000,2.6,nan
1969,5.28e-06,0.6243,0.0000,0.0000,0.0000,0.0000,2.7,nan
1970,5.26e-06,0.6843,0.0000,0.0000,0.0000,0.0000,2.4,nan
1971,5.24e-06,0.6761,0.0000,0.0000,0.0000,0.0000,2.5,nan
1972,5.23e-06,0.5656,0.0000,0.0000,0.0000,0.0000,2.5,nan
1973,5.21e-06,0.7417,0.0000,0.0000,0.0000,0.0000,2.4,nan
1974,5.19e-06,0.5714,0.0000,0.0000,0.0000,0.0000,2.5,nan
1975,5.18e-06,0.8958,0.0000,0.0000,0.0000,0.0000,2.6,nan
1976,5.16e-06,0.8339,0.0000,0.0000,0.0000,0.0000,2.5,nan
1977,5.15e-06,0.7733,0.0000,0.0000,0.0000,0.0000,2.6,nan
1978,5.14e-06,0.5523,0.0000,0.0000,0.0000,0.0000,2.5,nan
1979,5.12e-06,0.8232,0.0000,0.0000,0.0000,0.0000,2.6,nan
1980,5.11e-06,0.6391,0.0000,0.0000,0.0000,0.0000,4.1,0.6017
1981,5.10e-06,0.8422,0.0000,0.0000,0.0000,0.0000,2.5,nan
1982,5.09e-06,0.4520,0.0000,0.0000,0.0000,0.0000,2.5,nan
1983,5.08e-06,0.4173,0.0000,0.0000,0.0000,0.0000,2.6,nan
1984,5.07e-06,0.8594,0.0000,0.0000,0.0000,0.0000,2.5,nan
1985,5.06e-06,0.8818,0.0000,0.0000,0.0000,0.0000,2.4,nan
1986,5.05e-06,0.3624,0.0000,0.0000,0.0000,0.0000,2.5,nan
1987,5.05e-06,0.6971,0.0000,0.0000,0.0000,0.0000,2.5,nan
1988,5.04e-06,0.5869,0.0000,0.0000,0.0000,0.0000,2.5,nan
1989,5.03e-06,0.6519,0.0000,0.0000,0.0000,0.0000,2.5,nan
1990,5.03e-06,0.4912,0.0000,0.0000,0.0000,0.0000,2.5,nan
1991,5.02e-06,0.7929,0.0000,0.0000,0.0000,0.0000,2.6,nan
1992,5.02e-06,0.4187,0.0000,0.0000,0.0000,0.0000,2.5,nan
1993,5.01e-06,0.5824,0.0000,0.0000,0.0000,0.0000,2.5,nan
1994,5.01e-06,0.6619,0.0000,0.0000,0.0000,0.0000,2.6,nan
1995,5.01e-06,0.7305,0.0000,0.0000,0.0000,0.0000,2.5,nan
1996,5.00e-06,0.8172,0.0000,0.0000,0.0000,0.0000,2.5,nan
1997,5.00e-06,0.4435,0.0000,0.0000,0.0000,0.0000,2.5,nan
1998,5.00e-06,0.9540,0.0000,0.0000,0.0000,0.0000,2.5,nan
1999,5.00e-06,0.6848,0.0000,0.0000,0.0000,0.0000,4.2,0.5975
