epoch,lr,train_loss,val_top1,val_top5,val_balanced,ema_top1,seconds,tracked_test_top1
0,5.00e-05,3.9255,0.0000,0.0000,0.0000,0.0000,29.1,0.0212
1,1.00e-04,3.9149,0.0000,0.0000,0.0000,0.0000,5.1,nan
2,1.50e-04,3.8972,0.0000,0.0000,0.0000,0.0000,5.0,nan
3,2.00e-04,3.8614,0.0000,0.0000,0.0000,0.0000,5.0,nan
4,2.50e-04,3.7822,0.0000,0.0000,0.0000,0.0000,5.0,nan
5,3.00e-04,3.6952,0.0000,0.0000,0.0000,0.0000,5.1,nan
6,3.50e-04,3.5809,0.0000,0.0000,0.0000,0.0000,4.9,nan
7,4.00e-04,3.4689,0.0000,0.0000,0.0000,0.0000,4.8,nan
8,4.50e-04,3.3357,0.0000,0.0000,0.0000,0.0000,4.8,nan
9,5.00e-04,3.2761,0.0000,0.0000,0.0000,0.0000,4.8,nan
10,5.00e-04,3.2877,0.0000,0.0000,0.0000,0.0000,4.9,nan
11,5.00e-04,3.0082,0.0000,0.0000,0.0000,0.0000,5.0,nan
12,5.00e-04,3.0968,0.0000,0.0000,0.0000,0.0000,4.9,nan
13,5.00e-04,2.9131,0.0000,0.0000,0.0000,0.0000,5.0,nan
14,5.00e-04,2.8497,0.0000,0.0000,0.0000,0.0000,5.0,nan
15,5.00e-04,2.6639,0.0000,0.0000,0.0000,0.0000,4.9,nan
16,5.00e-04,2.7762,0.0000,0.0000,0.0000,0.0000,5.0,nan
17,5.00e-04,2.6627,0.0000,0.0000,0.0000,0.0000,5.1,nan
18,5.00e-04,2.4498,0.0000,0.0000,0.0000,0.0000,5.1,nan
19,5.00e-04,2.4429,0.0000,0.0000,0.0000,0.0000,5.1,nan
20,5.00e-04,2.4459,0.0000,0.0000,0.0000,0.0000,8.4,0.3369
21,5.00e-04,2.4088,0.0000,0.0000,0.0000,0.0000,5.3,nan
22,5.00e-04,2.2711,0.0000,0.0000,0.0000,0.0000,5.0,nan
23,5.00e-04,2.1789,0.0000,0.0000,0.0000,0.0000,5.1,nan
24,5.00e-04,2.0183,0.0000,0.0000,0.0000,0.0000,4.8,nan
25,5.00e-04,2.0337,0.0000,0.0000,0.0000,0.0000,4.8,nan
26,5.00e-04,2.0071,0.0000,0.0000,0.0000,0.0000,4.9,nan
27,5.00e-04,2.1759,0.0000,0.0000,0.0000,0.0000,4.9,nan
28,5.00e-04,1.8821,0.0000,0.0000,0.0000,0.0000,5.1,nan
29,5.00e-04,1.8353,0.0000,0.0000,0.0000,0.0000,5.0,nan
30,5.00e-04,1.7061,0.0000,0.0000,0.0000,0.0000,5.1,nan
31,5.00e-04,1.7239,0.0000,0.0000,0.0000,0.0000,5.4,nan
32,5.00e-04,1.6120,0.0000,0.0000,0.0000,0.0000,5.1,nan
33,5.00e-04,1.9735,0.0000,0.0000,0.0000,0.0000,5.1,nan
34,5.00e-04,1.6703,0.0000,0.0000,0.0000,0.0000,5.1,nan
35,5.00e-04,1.4343,0.0000,0.0000,0.0000,0.0000,5.0,nan
36,5.00e-04,1.6366,0.0000,0.0000,0.0000,0.0000,5.0,nan
37,5.00e-04,1.6697,0.0000,0.0000,0.0000,0.0000,5.2,nan
38,5.00e-04,1.6110,0.0000,0.0000,0.0000,0.0000,5.1,nan
39,5.00e-04,1.4218,0.0000,0.0000,0.0000,0.0000,5.1,nan
40,5.00e-04,1.4823,0.0000,0.0000,0.0000,0.0000,8.4,0.4682
41,5.00e-04,1.7513,0.0000,0.0000,0.0000,0.0000,5.1,nan
42,5.00e-04,1.4884,0.0000,0.0000,0.0000,0.0000,5.0,nan
43,5.00e-04,1.6517,0.0000,0.0000,0.0000,0.0000,4.8,nan
44,5.00e-04,1.4146,0.0000,0.0000,0.0000,0.0000,5.0,nan
45,5.00e-04,1.3148,0.0000,0.0000,0.0000,0.0000,4.9,nan
46,5.00e-04,1.4536,0.0000,0.0000,0.0000,0.0000,5.0,nan
47,5.00e-04,1.4443,0.0000,0.0000,0.0000,0.0000,5.0,nan
48,5.00e-04,1.3544,0.0000,0.0000,0.0000,0.0000,5.1,nan
49,5.00e-04,1.5219,0.0000,0.0000,0.0000,0.0000,4.9,nan
50,5.00e-04,1.2582,0.0000,0.0000,0.0000,0.0000,4.9,nan
51,5.00e-04,1.4819,0.0000,0.0000,0.0000,0.0000,4.9,nan
52,5.00e-04,1.2406,0.0000,0.0000,0.0000,0.0000,5.0,nan
53,5.00e-04,1.5176,0.0000,0.0000,0.0000,0.0000,4.8,nan
54,5.00e-04,1.0877,0.0000,0.0000,0.0000,0.0000,4.8,nan
55,5.00e-04,1.2154,0.0000,0.0000,0.0000,0.0000,5.0,nan
56,5.00e-04,1.0781,0.0000,0.0000,0.0000,0.0000,5.0,nan
57,5.00e-04,1.2278,0.0000,0.0000,0.0000,0.0000,5.1,nan
58,5.00e-04,1.1167,0.0000,0.0000,0.0000,0.0000,5.1,nan
59,5.00e-04,1.4217,0.0000,0.0000,0.0000,0.0000,5.0,nan
60,5.00e-04,1.5342,0.0000,0.0000,0.0000,0.0000,8.3,0.5148
61,5.00e-04,1.2872,0.0000,0.0000,0.0000,0.0000,4.6,nan
62,5.00e-04,1.1046,0.0000,0.0000,0.0000,0.0000,5.1,nan
63,5.00e-04,1.0100,0.0000,0.0000,0.0000,0.0000,4.9,nan
64,5.00e-04,0.9545,0.0000,0.0000,0.0000,0.0000,5.0,nan
65,5.00e-04,1.0758,0.0000,0.0000,0.0000,0.0000,4.8,nan
66,5.00e-04,1.4370,0.0000,0.0000,0.0000,0.0000,5.2,nan
67,5.00e-04,1.1865,0.0000,0.0000,0.0000,0.0000,4.8,nan
68,5.00e-04,0.9685,0.0000,0.0000,0.0000,0.0000,4.9,nan
69,5.00e-04,1.0535,0.0000,0.0000,0.0000,0.0000,4.9,nan
70,5.00e-04,1.2218,0.0000,0.0000,0.0000,0.0000,4.9,nan
71,5.00e-04,1.3319,0.0000,0.0000,0.0000,0.0000,4.9,nan
72,5.00e-04,1.2384,0.0000,0.0000,0.0000,0.0000,4.7,nan
73,5.00e-04,0.9188,0.0000,0.0000,0.0000,0.0000,4.8,nan
74,5.00e-04,1.2624,0.0000,0.0000,0.0000,0.0000,4.7,nan
75,5.00e-04,1.1012,0.0000,0.0000,0.0000,0.0000,5.0,nan
76,5.00e-04,1.0854,0.0000,0.0000,0.0000,0.0000,4.9,nan
77,5.00e-04,0.7348,0.0000,0.0000,0.0000,0.0000,4.9,nan
78,5.00e-04,1.1871,0.0000,0.0000,0.0000,0.0000,4.8,nan
79,5.00e-04,1.0784,0.0000,0.0000,0.0000,0.0000,4.8,nan
80,5.00e-04,0.9820,0.0000,0.0000,0.0000,0.0000,8.1,0.5318
81,5.00e-04,1.3066,0.0000,0.0000,0.0000,0.0000,5.0,nan
82,5.00e-04,1.3747,0.0000,0.0000,0.0000,0.0000,5.1,nan
83,5.00e-04,1.4529,0.0000,0.0000,0.0000,0.0000,4.9,nan
84,5.00e-04,0.9954,0.0000,0.0000,0.0000,0.0000,5.1,nan
85,5.00e-04,1.0731,0.0000,0.0000,0.0000,0.0000,5.0,nan
86,5.00e-04,1.1010,0.0000,0.0000,0.0000,0.0000,5.3,nan
87,5.00e-04,1.2944,0.0000,0.0000,0.0000,0.0000,4.9,nan
88,5.00e-04,0.9820,0.0000,0.0000,0.0000,0.0000,4.9,nan
89,5.00e-04,1.0024,0.0000,0.0000,0.0000,0.0000,4.8,nan
90,4.99e-04,1.3735,0.0000,0.0000,0.0000,0.0000,4.9,nan
91,4.99e-04,1.0859,0.0000,0.0000,0.0000,0.0000,4.9,nan
92,4.99e-04,1.2226,0.0000,0.0000,0.0000,0.0000,5.0,nan
93,4.99e-04,1.1112,0.0000,0.0000,0.0000,0.0000,5.1,nan
94,4.99e-04,1.2839,0.0000,0.0000,0.0000,0.0000,5.0,nan
95,4.99e-04,1.0719,0.0000,0.0000,0.0000,0.0000,4.9,nan
96,4.99e-04,0.9541,0.0000,0.0000,0.0000,0.0000,5.1,nan
97,4.99e-04,0.9763,0.0000,0.0000,0.0000,0.0000,5.1,nan
98,4.99e-04,1.2979,0.0000,0.0000,0.0000,0.0000,4.8,nan
99,4.99e-04,0.9532,0.0000,0.0000,0.0000,0.0000,4.8,nan
100,4.99e-04,1.0934,0.0000,0.0000,0.0000,0.0000,8.3,0.4809
101,4.99e-04,1.1572,0.0000,0.0000,0.0000,0.0000,4.7,nan
102,4.99e-04,0.9187,0.0000,0.0000,0.0000,0.0000,4.9,nan
103,4.99e-04,1.2398,0.0000,0.0000,0.0000,0.0000,5.0,nan
104,4.99e-04,1.0405,0.0000,0.0000,0.0000,0.0000,4.9,nan
105,4.99e-04,1.3911,0.0000,0.0000,0.0000,0.0000,5.0,nan
106,4.99e-04,0.7607,0.0000,0.0000,0.0000,0.0000,5.1,nan
107,4.99e-04,1.0258,0.0000,0.0000,0.0000,0.0000,4.9,nan
108,4.99e-04,1.0815,0.0000,0.0000,0.0000,0.0000,5.0,nan
109,4.99e-04,1.2475,0.0000,0.0000,0.0000,0.0000,4.8,nan
110,4.99e-04,1.0175,0.0000,0.0000,0.0000,0.0000,5.0,nan
111,4.99e-04,1.0659,0.0000,0.0000,0.0000,0.0000,4.8,nan
112,4.99e-04,0.8613,0.0000,0.0000,0.0000,0.0000,4.8,nan
113,4.99e-04,1.4532,0.0000,0.0000,0.0000,0.0000,5.1,nan
114,4.99e-04,0.6717,0.0000,0.0000,0.0000,0.0000,4.8,nan
115,4.99e-04,0.9038,0.0000,0.0000,0.0000,0.0000,4.8,nan
116,4.99e-04,1.0837,0.0000,0.0000,0.0000,0.0000,5.0,nan
117,4.99e-04,1.3045,0.0000,0.0000,0.0000,0.0000,4.8,nan
118,4.99e-04,0.9996,0.0000,0.0000,0.0000,0.0000,4.7,nan
119,4.99e-04,0.8584,0.0000,0.0000,0.0000,0.0000,5.3,nan
120,4.99e-04,0.9300,0.0000,0.0000,0.0000,0.0000,8.1,0.5784
121,4.99e-04,0.8335,0.0000,0.0000,0.0000,0.0000,5.1,nan
122,4.99e-04,1.7878,0.0000,0.0000,0.0000,0.0000,5.0,nan
123,4.99e-04,1.3461,0.0000,0.0000,0.0000,0.0000,4.8,nan
124,4.99e-04,0.7888,0.0000,0.0000,0.0000,0.0000,4.8,nan
125,4.99e-04,0.7823,0.0000,0.0000,0.0000,0.0000,5.1,nan
126,4.99e-04,1.0268,0.0000,0.0000,0.0000,0.0000,4.9,nan
127,4.99e-04,1.0086,0.0000,0.0000,0.0000,0.0000,4.8,nan
128,4.99e-04,1.0116,0.0000,0.0000,0.0000,0.0000,5.1,nan
129,4.99e-04,0.9456,0.0000,0.0000,0.0000,0.0000,4.9,nan
130,4.99e-04,1.0157,0.0000,0.0000,0.0000,0.0000,4.8,nan
131,4.99e-04,0.6585,0.0000,0.0000,0.0000,0.0000,5.2,nan
132,4.99e-04,0.9464,0.0000,0.0000,0.0000,0.0000,4.9,nan
133,4.99e-04,1.0216,0.0000,0.0000,0.0000,0.0000,4.8,nan
134,4.99e-04,1.0056,0.0000,0.0000,0.0000,0.0000,5.1,nan
135,4.99e-04,1.2831,0.0000,0.0000,0.0000,0.0000,4.9,nan
136,4.99e-04,1.1923,0.0000,0.0000,0.0000,0.0000,5.0,nan
137,4.99e-04,0.9384,0.0000,0.0000,0.0000,0.0000,4.9,nan
138,4.99e-04,0.7808,0.0000,0.0000,0.0000,0.0000,4.8,nan
139,4.99e-04,1.1442,0.0000,0.0000,0.0000,0.0000,5.0,nan
140,4.99e-04,1.0215,0.0000,0.0000,0.0000,0.0000,7.9,0.5996
141,4.99e-04,1.1998,0.0000,0.0000,0.0000,0.0000,4.7,nan
142,4.99e-04,0.8270,0.0000,0.0000,0.0000,0.0000,4.8,nan
143,4.99e-04,0.9754,0.0000,0.0000,0.0000,0.0000,4.8,nan
144,4.99e-04,0.7120,0.0000,0.0000,0.0000,0.0000,5.0,nan
145,4.99e-04,0.7838,0.0000,0.0000,0.0000,0.0000,5.1,nan
146,4.99e-04,0.9404,0.0000,0.0000,0.0000,0.0000,4.8,nan
147,4.99e-04,0.9068,0.0000,0.0000,0.0000,0.0000,5.1,nan
148,4.99e-04,1.1421,0.0000,0.0000,0.0000,0.0000,5.1,nan
149,4.99e-04,1.0296,0.0000,0.0000,0.0000,0.0000,4.8,nan
150,4.98e-04,1.0567,0.0000,0.0000,0.0000,0.0000,4.9,nan
151,4.98e-04,0.9018,0.0000,0.0000,0.0000,0.0000,4.7,nan
152,4.98e-04,1.0004,0.0000,0.0000,0.0000,0.0000,5.0,nan
153,4.98e-04,1.6680,0.0000,0.0000,0.0000,0.0000,5.2,nan
154,4.98e-04,1.4982,0.0000,0.0000,0.0000,0.0000,4.9,nan
155,4.98e-04,0.9927,0.0000,0.0000,0.0000,0.0000,4.9,nan
156,4.98e-04,0.7993,0.0000,0.0000,0.0000,0.0000,5.1,nan
157,4.98e-04,1.3404,0.0000,0.0000,0.0000,0.0000,4.9,nan
158,4.98e-04,1.0217,0.0000,0.0000,0.0000,0.0000,4.9,nan
159,4.98e-04,1.0152,0.0000,0.0000,0.0000,0.0000,4.9,nan
160,4.98e-04,1.0064,0.0000,0.0000,0.0000,0.0000,8.1,0.5932
161,4.98e-04,1.0561,0.0000,0.0000,0.0000,0.0000,5.1,nan
162,4.98e-04,0.8840,0.0000,0.0000,0.0000,0.0000,5.0,nan
163,4.98e-04,0.8103,0.0000,0.0000,0.0000,0.0000,4.9,nan
164,4.98e-04,0.9559,0.0000,0.0000,0.0000,0.0000,5.0,nan
165,4.98e-04,0.9767,0.0000,0.0000,0.0000,0.0000,4.9,nan
166,4.98e-04,0.7891,0.0000,0.0000,0.0000,0.0000,5.0,nan
167,4.98e-04,1.3510,0.0000,0.0000,0.0000,0.0000,5.1,nan
168,4.98e-04,0.7733,0.0000,0.0000,0.0000,0.0000,4.9,nan
169,4.98e-04,0.7962,0.0000,0.0000,0.0000,0.0000,4.8,nan
170,4.98e-04,1.0096,0.0000,0.0000,0.0000,0.0000,5.2,nan
171,4.98e-04,0.7783,0.0000,0.0000,0.0000,0.0000,4.8,nan
172,4.98e-04,0.9620,0.0000,0.0000,0.0000,0.0000,5.1,nan
173,4.98e-04,0.9363,0.0000,0.0000,0.0000,0.0000,5.0,nan
174,4.98e-04,0.9403,0.0000,0.0000,0.0000,0.0000,4.8,nan
175,4.98e-04,1.1132,0.0000,0.0000,0.0000,0.0000,4.8,nan
176,4.98e-04,0.8361,0.0000,0.0000,0.0000,0.0000,5.0,nan
177,4.98e-04,0.6394,0.0000,0.0000,0.0000,0.0000,4.9,nan
178,4.98e-04,0.9050,0.0000,0.0000,0.0000,0.0000,5.0,nan
179,4.98e-04,1.0193,0.0000,0.0000,0.0000,0.0000,5.0,nan
180,4.98e-04,0.6569,0.0000,0.0000,0.0000,0.0000,8.2,0.6123
181,4.98e-04,1.0986,0.0000,0.0000,0.0000,0.0000,4.9,nan
182,4.98e-04,0.9477,0.0000,0.0000,0.0000,0.0000,4.9,nan
183,4.98e-04,0.7760,0.0000,0.0000,0.0000,0.0000,5.1,nan
184,4.98e-04,0.7607,0.0000,0.0000,0.0000,0.0000,4.8,nan
185,4.98e-04,1.0038,0.0000,0.0000,0.0000,0.0000,4.9,nan
186,4.98e-04,1.0412,0.0000,0.0000,0.0000,0.0000,5.0,nan
187,4.98e-04,1.3575,0.0000,0.0000,0.0000,0.0000,4.9,nan
188,4.98e-04,0.7910,0.0000,0.0000,0.0000,0.0000,4.9,nan
189,4.98e-04,1.8681,0.0000,0.0000,0.0000,0.0000,5.2,nan
190,4.97e-04,1.0658,0.0000,0.0000,0.0000,0.0000,5.1,nan
191,4.97e-04,0.8588,0.0000,0.0000,0.0000,0.0000,4.7,nan
192,4.97e-04,0.9283,0.0000,0.0000,0.0000,0.0000,5.0,nan
193,4.97e-04,0.8923,0.0000,0.0000,0.0000,0.0000,4.8,nan
194,4.97e-04,1.0206,0.0000,0.0000,0.0000,0.0000,5.1,nan
195,4.97e-04,0.8622,0.0000,0.0000,0.0000,0.0000,4.8,nan
196,4.97e-04,0.7817,0.0000,0.0000,0.0000,0.0000,4.9,nan
197,4.97e-04,0.7067,0.0000,0.0000,0.0000,0.0000,4.8,nan
198,4.97e-04,0.9433,0.0000,0.0000,0.0000,0.0000,4.9,nan
199,4.97e-04,0.9999,0.0000,0.0000,0.0000,0.0000,5.0,nan
200,4.97e-04,1.0157,0.0000,0.0000,0.0000,0.0000,8.5,0.5487
201,4.97e-04,0.6470,0.0000,0.0000,0.0000,0.0000,5.0,nan
202,4.97e-04,1.0237,0.0000,0.0000,0.0000,0.0000,5.0,nan
203,4.97e-04,0.9672,0.0000,0.0000,0.0000,0.0000,5.3,nan
204,4.97e-04,0.9205,0.0000,0.0000,0.0000,0.0000,5.0,nan
205,4.97e-04,0.6405,0.0000,0.0000,0.0000,0.0000,5.0,nan
206,4.97e-04,0.8401,0.0000,0.0000,0.0000,0.0000,5.0,nan
207,4.97e-04,0.7853,0.0000,0.0000,0.0000,0.0000,4.9,nan
208,4.97e-04,0.7614,0.0000,0.0000,0.0000,0.0000,4.8,nan
209,4.97e-04,1.2726,0.0000,0.0000,0.0000,0.0000,5.1,nan
210,4.97e-04,1.0608,0.0000,0.0000,0.0000,0.0000,4.7,nan
211,4.97e-04,0.7274,0.0000,0.0000,0.0000,0.0000,5.1,nan
212,4.97e-04,0.9524,0.0000,0.0000,0.0000,0.0000,5.0,nan
213,4.97e-04,0.5784,0.0000,0.0000,0.0000,0.0000,4.9,nan
214,4.97e-04,1.5895,0.0000,0.0000,0.0000,0.0000,4.8,nan
215,4.97e-04,0.6515,0.0000,0.0000,0.0000,0.0000,4.8,nan
216,4.97e-04,0.7010,0.0000,0.0000,0.0000,0.0000,5.0,nan
217,4.97e-04,0.6952,0.0000,0.0000,0.0000,0.0000,5.0,nan
218,4.97e-04,0.5392,0.0000,0.0000,0.0000,0.0000,4.9,nan
219,4.97e-04,0.8019,0.0000,0.0000,0.0000,0.0000,5.0,nan
220,4.97e-04,0.8504,0.0000,0.0000,0.0000,0.0000,8.4,0.6377
221,4.97e-04,0.7920,0.0000,0.0000,0.0000,0.0000,4.9,nan
222,4.97e-04,0.5942,0.0000,0.0000,0.0000,0.0000,5.0,nan
223,4.96e-04,0.7801,0.0000,0.0000,0.0000,0.0000,5.0,nan
224,4.96e-04,1.1334,0.0000,0.0000,0.0000,0.0000,5.0,nan
225,4.96e-04,0.7488,0.0000,0.0000,0.0000,0.0000,5.0,nan
226,4.96e-04,0.6429,0.0000,0.0000,0.0000,0.0000,5.0,nan
227,4.96e-04,0.8590,0.0000,0.0000,0.0000,0.0000,5.0,nan
228,4.96e-04,0.6954,0.0000,0.0000,0.0000,0.0000,4.7,nan
229,4.96e-04,0.5782,0.0000,0.0000,0.0000,0.0000,5.1,nan
230,4.96e-04,1.0247,0.0000,0.0000,0.0000,0.0000,4.9,nan
231,4.96e-04,0.8307,0.0000,0.0000,0.0000,0.0000,5.0,nan
232,4.96e-04,0.6708,0.0000,0.0000,0.0000,0.0000,5.1,nan
233,4.96e-04,0.9069,0.0000,0.0000,0.0000,0.0000,5.0,nan
234,4.96e-04,0.7945,0.0000,0.0000,0.0000,0.0000,4.8,nan
235,4.96e-04,0.8819,0.0000,0.0000,0.0000,0.0000,4.9,nan
236,4.96e-04,0.7453,0.0000,0.0000,0.0000,0.0000,4.9,nan
237,4.96e-04,0.6319,0.0000,0.0000,0.0000,0.0000,4.9,nan
238,4.96e-04,0.5877,0.0000,0.0000,0.0000,0.0000,4.9,nan
239,4.96e-04,0.7286,0.0000,0.0000,0.0000,0.0000,5.0,nan
240,4.96e-04,0.8925,0.0000,0.0000,0.0000,0.0000,8.1,0.6822
241,4.96e-04,0.7400,0.0000,0.0000,0.0000,0.0000,4.7,nan
242,4.96e-04,1.0608,0.0000,0.0000,0.0000,0.0000,4.8,nan
243,4.96e-04,1.3542,0.0000,0.0000,0.0000,0.0000,5.0,nan
244,4.96e-04,1.3527,0.0000,0.0000,0.0000,0.0000,5.2,nan
245,4.96e-04,0.6716,0.0000,0.0000,0.0000,0.0000,5.1,nan
246,4.96e-04,0.8403,0.0000,0.0000,0.0000,0.0000,4.9,nan
247,4.96e-04,1.2101,0.0000,0.0000,0.0000,0.0000,4.8,nan
248,4.96e-04,1.0152,0.0000,0.0000,0.0000,0.0000,4.8,nan
249,4.96e-04,0.7956,0.0000,0.0000,0.0000,0.0000,5.0,nan
250,4.96e-04,0.9823,0.0000,0.0000,0.0000,0.0000,4.7,nan
251,4.96e-04,0.8264,0.0000,0.0000,0.0000,0.0000,4.8,nan
252,4.95e-04,1.1612,0.0000,0.0000,0.0000,0.0000,4.9,nan
253,4.95e-04,1.0834,0.0000,0.0000,0.0000,0.0000,4.8,nan
254,4.95e-04,0.9554,0.0000,0.0000,0.0000,0.0000,4.9,nan
255,4.95e-04,0.7565,0.0000,0.0000,0.0000,0.0000,5.1,nan
256,4.95e-04,0.7554,0.0000,0.0000,0.0000,0.0000,4.8,nan
257,4.95e-04,0.9051,0.0000,0.0000,0.0000,0.0000,5.0,nan
258,4.95e-04,0.8061,0.0000,0.0000,0.0000,0.0000,4.8,nan
259,4.95e-04,0.7494,0.0000,0.0000,0.0000,0.0000,5.0,nan
260,4.95e-04,0.8630,0.0000,0.0000,0.0000,0.0000,8.0,0.6462
261,4.95e-04,0.9859,0.0000,0.0000,0.0000,0.0000,4.8,nan
262,4.95e-04,0.7748,0.0000,0.0000,0.0000,0.0000,4.7,nan
263,4.95e-04,1.0071,0.0000,0.0000,0.0000,0.0000,5.1,nan
264,4.95e-04,0.6252,0.0000,0.0000,0.0000,0.0000,4.9,nan
265,4.95e-04,0.6415,0.0000,0.0000,0.0000,0.0000,4.8,nan
266,4.95e-04,0.7292,0.0000,0.0000,0.0000,0.0000,4.8,nan
267,4.95e-04,0.7308,0.0000,0.0000,0.0000,0.0000,5.2,nan
268,4.95e-04,1.1825,0.0000,0.0000,0.0000,0.0000,5.1,nan
269,4.95e-04,0.8400,0.0000,0.0000,0.0000,0.0000,5.0,nan
270,4.95e-04,1.1525,0.0000,0.0000,0.0000,0.0000,4.9,nan
271,4.95e-04,1.0272,0.0000,0.0000,0.0000,0.0000,5.0,nan
272,4.95e-04,0.6769,0.0000,0.0000,0.0000,0.0000,5.0,nan
273,4.95e-04,0.5751,0.0000,0.0000,0.0000,0.0000,5.0,nan
274,4.95e-04,1.2817,0.0000,0.0000,0.0000,0.0000,4.9,nan
275,4.95e-04,0.9833,0.0000,0.0000,0.0000,0.0000,4.8,nan
276,4.95e-04,0.6694,0.0000,0.0000,0.0000,0.0000,5.0,nan
277,4.95e-04,0.7207,0.0000,0.0000,0.0000,0.0000,5.1,nan
278,4.94e-04,0.7494,0.0000,0.0000,0.0000,0.0000,4.7,nan
279,4.94e-04,0.9878,0.0000,0.0000,0.0000,0.0000,4.8,nan
280,4.94e-04,0.7981,0.0000,0.0000,0.0000,0.0000,8.4,0.6292
281,4.94e-04,0.8233,0.0000,0.0000,0.0000,0.0000,4.7,nan
282,4.94e-04,0.8348,0.0000,0.0000,0.0000,0.0000,4.9,nan
283,4.94e-04,0.7446,0.0000,0.0000,0.0000,0.0000,4.8,nan
284,4.94e-04,0.6941,0.0000,0.0000,0.0000,0.0000,5.2,nan
285,4.94e-04,0.9618,0.0000,0.0000,0.0000,0.0000,4.9,nan
286,4.94e-04,0.9136,0.0000,0.0000,0.0000,0.0000,5.0,nan
287,4.94e-04,0.6879,0.0000,0.0000,0.0000,0.0000,4.9,nan
288,4.94e-04,0.4993,0.0000,0.0000,0.0000,0.0000,5.2,nan
289,4.94e-04,0.7265,0.0000,0.0000,0.0000,0.0000,5.1,nan
290,4.94e-04,0.7526,0.0000,0.0000,0.0000,0.0000,4.8,nan
291,4.94e-04,1.2974,0.0000,0.0000,0.0000,0.0000,5.0,nan
292,4.94e-04,1.0507,0.0000,0.0000,0.0000,0.0000,5.0,nan
293,4.94e-04,1.2811,0.0000,0.0000,0.0000,0.0000,4.9,nan
294,4.94e-04,0.7387,0.0000,0.0000,0.0000,0.0000,4.9,nan
295,4.94e-04,0.7922,0.0000,0.0000,0.0000,0.0000,4.9,nan
296,4.94e-04,0.7460,0.0000,0.0000,0.0000,0.0000,4.8,nan
297,4.94e-04,0.9105,0.0000,0.0000,0.0000,0.0000,5.0,nan
298,4.94e-04,0.9477,0.0000,0.0000,0.0000,0.0000,5.0,nan
299,4.94e-04,0.9856,0.0000,0.0000,0.0000,0.0000,5.0,nan
300,4.94e-04,0.9735,0.0000,0.0000,0.0000,0.0000,8.3,0.6610
301,4.93e-04,0.7714,0.0000,0.0000,0.0000,0.0000,4.8,nan
302,4.93e-04,0.9045,0.0000,0.0000,0.0000,0.0000,4.9,nan
303,4.93e-04,0.9414,0.0000,0.0000,0.0000,0.0000,4.9,nan
304,4.93e-04,0.7448,0.0000,0.0000,0.0000,0.0000,5.1,nan
305,4.93e-04,0.7104,0.0000,0.0000,0.0000,0.0000,5.0,nan
306,4.93e-04,0.7676,0.0000,0.0000,0.0000,0.0000,5.1,nan
307,4.93e-04,0.7089,0.0000,0.0000,0.0000,0.0000,4.8,nan
308,4.93e-04,0.8999,0.0000,0.0000,0.0000,0.0000,4.8,nan
309,4.93e-04,0.5753,0.0000,0.0000,0.0000,0.0000,4.9,nan
310,4.93e-04,0.8766,0.0000,0.0000,0.0000,0.0000,4.9,nan
311,4.93e-04,0.9233,0.0000,0.0000,0.0000,0.0000,4.9,nan
312,4.93e-04,0.6737,0.0000,0.0000,0.0000,0.0000,4.8,nan
313,4.93e-04,0.9315,0.0000,0.0000,0.0000,0.0000,4.7,nan
314,4.93e-04,0.7861,0.0000,0.0000,0.0000,0.0000,5.1,nan
315,4.93e-04,1.1104,0.0000,0.0000,0.0000,0.0000,4.8,nan
316,4.93e-04,1.1573,0.0000,0.0000,0.0000,0.0000,4.9,nan
317,4.93e-04,1.0724,0.0000,0.0000,0.0000,0.0000,5.1,nan
318,4.93e-04,0.5977,0.0000,0.0000,0.0000,0.0000,5.1,nan
319,4.93e-04,0.9793,0.0000,0.0000,0.0000,0.0000,4.8,nan
320,4.93e-04,0.7152,0.0000,0.0000,0.0000,0.0000,8.3,0.6292
321,4.93e-04,1.2755,0.0000,0.0000,0.0000,0.0000,5.1,nan
322,4.93e-04,0.8251,0.0000,0.0000,0.0000,0.0000,4.8,nan
323,4.92e-04,0.6141,0.0000,0.0000,0.0000,0.0000,5.0,nan
324,4.92e-04,0.8486,0.0000,0.0000,0.0000,0.0000,4.9,nan
325,4.92e-04,0.6876,0.0000,0.0000,0.0000,0.0000,5.0,nan
326,4.92e-04,1.0735,0.0000,0.0000,0.0000,0.0000,4.9,nan
327,4.92e-04,0.6068,0.0000,0.0000,0.0000,0.0000,4.8,nan
328,4.92e-04,0.8775,0.0000,0.0000,0.0000,0.0000,4.9,nan
329,4.92e-04,0.9388,0.0000,0.0000,0.0000,0.0000,4.8,nan
330,4.92e-04,0.5194,0.0000,0.0000,0.0000,0.0000,5.1,nan
331,4.92e-04,0.8833,0.0000,0.0000,0.0000,0.0000,4.8,nan
332,4.92e-04,0.9637,0.0000,0.0000,0.0000,0.0000,5.0,nan
333,4.92e-04,0.8148,0.0000,0.0000,0.0000,0.0000,4.9,nan
334,4.92e-04,0.7502,0.0000,0.0000,0.0000,0.0000,5.0,nan
335,4.92e-04,0.8140,0.0000,0.0000,0.0000,0.0000,4.9,nan
336,4.92e-04,1.1847,0.0000,0.0000,0.0000,0.0000,4.7,nan
337,4.92e-04,0.7331,0.0000,0.0000,0.0000,0.0000,5.0,nan
338,4.92e-04,1.1996,0.0000,0.0000,0.0000,0.0000,4.8,nan
339,4.92e-04,0.6914,0.0000,0.0000,0.0000,0.0000,5.0,nan
340,4.92e-04,0.5898,0.0000,0.0000,0.0000,0.0000,8.0,0.6843
341,4.92e-04,1.2292,0.0000,0.0000,0.0000,0.0000,5.0,nan
342,4.92e-04,1.0121,0.0000,0.0000,0.0000,0.0000,4.9,nan
343,4.91e-04,0.5146,0.0000,0.0000,0.0000,0.0000,4.9,nan
344,4.91e-04,0.4964,0.0000,0.0000,0.0000,0.0000,5.0,nan
345,4.91e-04,0.6923,0.0000,0.0000,0.0000,0.0000,4.9,nan
346,4.91e-04,1.0472,0.0000,0.0000,0.0000,0.0000,5.0,nan
347,4.91e-04,0.7530,0.0000,0.0000,0.0000,0.0000,4.8,nan
348,4.91e-04,0.7916,0.0000,0.0000,0.0000,0.0000,4.8,nan
349,4.91e-04,0.6511,0.0000,0.0000,0.0000,0.0000,4.9,nan
350,4.91e-04,0.7639,0.0000,0.0000,0.0000,0.0000,4.9,nan
351,4.91e-04,0.9110,0.0000,0.0000,0.0000,0.0000,4.9,nan
352,4.91e-04,0.6369,0.0000,0.0000,0.0000,0.0000,4.9,nan
353,4.91e-04,0.6353,0.0000,0.0000,0.0000,0.0000,4.8,nan
354,4.91e-04,0.8292,0.0000,0.0000,0.0000,0.0000,4.9,nan
355,4.91e-04,0.6602,0.0000,0.0000,0.0000,0.0000,4.8,nan
356,4.91e-04,0.8326,0.0000,0.0000,0.0000,0.0000,5.0,nan
357,4.91e-04,0.9786,0.0000,0.0000,0.0000,0.0000,4.8,nan
358,4.91e-04,0.6106,0.0000,0.0000,0.0000,0.0000,4.8,nan
359,4.91e-04,0.6658,0.0000,0.0000,0.0000,0.0000,5.0,nan
360,4.91e-04,0.8560,0.0000,0.0000,0.0000,0.0000,7.9,0.6631
361,4.91e-04,1.3041,0.0000,0.0000,0.0000,0.0000,4.9,nan
362,4.91e-04,0.6697,0.0000,0.0000,0.0000,0.0000,5.1,nan
363,4.90e-04,0.8794,0.0000,0.0000,0.0000,0.0000,5.0,nan
364,4.90e-04,0.9052,0.0000,0.0000,0.0000,0.0000,5.2,nan
365,4.90e-04,0.9388,0.0000,0.0000,0.0000,0.0000,4.8,nan
366,4.90e-04,0.7693,0.0000,0.0000,0.0000,0.0000,5.0,nan
367,4.90e-04,0.7545,0.0000,0.0000,0.0000,0.0000,4.7,nan
368,4.90e-04,1.0309,0.0000,0.0000,0.0000,0.0000,5.1,nan
369,4.90e-04,0.6966,0.0000,0.0000,0.0000,0.0000,5.0,nan
370,4.90e-04,0.4915,0.0000,0.0000,0.0000,0.0000,5.0,nan
371,4.90e-04,0.7395,0.0000,0.0000,0.0000,0.0000,5.0,nan
372,4.90e-04,0.6691,0.0000,0.0000,0.0000,0.0000,5.1,nan
373,4.90e-04,0.6602,0.0000,0.0000,0.0000,0.0000,4.9,nan
374,4.90e-04,1.0439,0.0000,0.0000,0.0000,0.0000,5.0,nan
375,4.90e-04,1.1799,0.0000,0.0000,0.0000,0.0000,4.9,nan
376,4.90e-04,0.7235,0.0000,0.0000,0.0000,0.0000,4.8,nan
377,4.90e-04,0.7763,0.0000,0.0000,0.0000,0.0000,5.2,nan
378,4.90e-04,0.7083,0.0000,0.0000,0.0000,0.0000,4.9,nan
379,4.90e-04,0.8238,0.0000,0.0000,0.0000,0.0000,5.0,nan
380,4.90e-04,0.6587,0.0000,0.0000,0.0000,0.0000,7.8,0.6737
381,4.89e-04,1.1111,0.0000,0.0000,0.0000,0.0000,4.8,nan
382,4.89e-04,1.0129,0.0000,0.0000,0.0000,0.0000,5.0,nan
383,4.89e-04,0.7423,0.0000,0.0000,0.0000,0.0000,5.1,nan
384,4.89e-04,0.7472,0.0000,0.0000,0.0000,0.0000,5.1,nan
385,4.89e-04,0.6966,0.0000,0.0000,0.0000,0.0000,4.8,nan
386,4.89e-04,0.8776,0.0000,0.0000,0.0000,0.0000,4.9,nan
387,4.89e-04,1.0207,0.0000,0.0000,0.0000,0.0000,4.9,nan
388,4.89e-04,0.5940,0.0000,0.0000,0.0000,0.0000,4.8,nan
389,4.89e-04,0.5867,0.0000,0.0000,0.0000,0.0000,4.9,nan
390,4.89e-04,0.7122,0.0000,0.0000,0.0000,0.0000,4.7,nan
391,4.89e-04,0.6954,0.0000,0.0000,0.0000,0.0000,4.8,nan
392,4.89e-04,0.6386,0.0000,0.0000,0.0000,0.0000,4.8,nan
393,4.89e-04,0.9852,0.0000,0.0000,0.0000,0.0000,5.3,nan
394,4.89e-04,0.6988,0.0000,0.0000,0.0000,0.0000,5.5,nan
395,4.89e-04,0.7372,0.0000,0.0000,0.0000,0.0000,5.0,nan
396,4.89e-04,0.7976,0.0000,0.0000,0.0000,0.0000,5.0,nan
397,4.89e-04,0.9231,0.0000,0.0000,0.0000,0.0000,4.8,nan
398,4.88e-04,0.5433,0.0000,0.0000,0.0000,0.0000,5.1,nan
399,4.88e-04,0.7884,0.0000,0.0000,0.0000,0.0000,4.8,nan
400,4.88e-04,0.7695,0.0000,0.0000,0.0000,0.0000,7.9,0.6123
401,4.88e-04,0.7825,0.0000,0.0000,0.0000,0.0000,5.1,nan
402,4.88e-04,0.7841,0.0000,0.0000,0.0000,0.0000,4.9,nan
403,4.88e-04,0.7379,0.0000,0.0000,0.0000,0.0000,5.0,nan
404,4.88e-04,0.5620,0.0000,0.0000,0.0000,0.0000,4.9,nan
405,4.88e-04,0.5328,0.0000,0.0000,0.0000,0.0000,5.0,nan
406,4.88e-04,0.6242,0.0000,0.0000,0.0000,0.0000,4.9,nan
407,4.88e-04,0.8786,0.0000,0.0000,0.0000,0.0000,4.9,nan
408,4.88e-04,1.1250,0.0000,0.0000,0.0000,0.0000,4.8,nan
409,4.88e-04,0.4964,0.0000,0.0000,0.0000,0.0000,4.8,nan
410,4.88e-04,0.8077,0.0000,0.0000,0.0000,0.0000,4.7,nan
411,4.88e-04,0.5494,0.0000,0.0000,0.0000,0.0000,5.0,nan
412,4.88e-04,0.6649,0.0000,0.0000,0.0000,0.0000,4.8,nan
413,4.88e-04,0.6055,0.0000,0.0000,0.0000,0.0000,4.7,nan
414,4.88e-04,0.7588,0.0000,0.0000,0.0000,0.0000,4.9,nan
415,4.87e-04,0.7991,0.0000,0.0000,0.0000,0.0000,4.8,nan
416,4.87e-04,0.9530,0.0000,0.0000,0.0000,0.0000,5.0,nan
417,4.87e-04,0.6036,0.0000,0.0000,0.0000,0.0000,4.9,nan
418,4.87e-04,1.1970,0.0000,0.0000,0.0000,0.0000,4.9,nan
419,4.87e-04,0.6808,0.0000,0.0000,0.0000,0.0000,4.7,nan
420,4.87e-04,0.8447,0.0000,0.0000,0.0000,0.0000,8.1,0.6314
421,4.87e-04,0.6932,0.0000,0.0000,0.0000,0.0000,5.2,nan
422,4.87e-04,0.5750,0.0000,0.0000,0.0000,0.0000,5.0,nan
423,4.87e-04,0.6313,0.0000,0.0000,0.0000,0.0000,5.0,nan
424,4.87e-04,0.5406,0.0000,0.0000,0.0000,0.0000,4.8,nan
425,4.87e-04,0.9608,0.0000,0.0000,0.0000,0.0000,4.8,nan
426,4.87e-04,0.6015,0.0000,0.0000,0.0000,0.0000,4.8,nan
427,4.87e-04,0.6386,0.0000,0.0000,0.0000,0.0000,5.1,nan
428,4.87e-04,0.8969,0.0000,0.0000,0.0000,0.0000,4.8,nan
429,4.87e-04,0.7852,0.0000,0.0000,0.0000,0.0000,4.9,nan
430,4.87e-04,0.5841,0.0000,0.0000,0.0000,0.0000,5.0,nan
431,4.86e-04,0.9204,0.0000,0.0000,0.0000,0.0000,5.0,nan
432,4.86e-04,0.7058,0.0000,0.0000,0.0000,0.0000,4.9,nan
433,4.86e-04,0.7055,0.0000,0.0000,0.0000,0.0000,5.0,nan
434,4.86e-04,0.7269,0.0000,0.0000,0.0000,0.0000,4.8,nan
435,4.86e-04,0.8831,0.0000,0.0000,0.0000,0.0000,4.7,nan
436,4.86e-04,0.6973,0.0000,0.0000,0.0000,0.0000,5.1,nan
437,4.86e-04,1.3529,0.0000,0.0000,0.0000,0.0000,5.0,nan
438,4.86e-04,0.6220,0.0000,0.0000,0.0000,0.0000,4.7,nan
439,4.86e-04,0.8186,0.0000,0.0000,0.0000,0.0000,5.3,nan
440,4.86e-04,0.8128,0.0000,0.0000,0.0000,0.0000,8.0,0.6737
441,4.86e-04,1.0841,0.0000,0.0000,0.0000,0.0000,4.8,nan
442,4.86e-04,1.0293,0.0000,0.0000,0.0000,0.0000,4.8,nan
443,4.86e-04,0.6420,0.0000,0.0000,0.0000,0.0000,5.0,nan
444,4.86e-04,0.7807,0.0000,0.0000,0.0000,0.0000,5.0,nan
445,4.86e-04,1.0509,0.0000,0.0000,0.0000,0.0000,5.0,nan
446,4.86e-04,0.9428,0.0000,0.0000,0.0000,0.0000,5.1,nan
447,4.85e-04,0.8049,0.0000,0.0000,0.0000,0.0000,4.8,nan
448,4.85e-04,0.9168,0.0000,0.0000,0.0000,0.0000,5.0,nan
449,4.85e-04,0.7830,0.0000,0.0000,0.0000,0.0000,4.8,nan
450,4.85e-04,0.3718,0.0000,0.0000,0.0000,0.0000,5.0,nan
451,4.85e-04,0.6540,0.0000,0.0000,0.0000,0.0000,5.0,nan
452,4.85e-04,0.5756,0.0000,0.0000,0.0000,0.0000,4.8,nan
453,4.85e-04,0.9303,0.0000,0.0000,0.0000,0.0000,5.1,nan
454,4.85e-04,0.6878,0.0000,0.0000,0.0000,0.0000,4.8,nan
455,4.85e-04,0.6851,0.0000,0.0000,0.0000,0.0000,5.0,nan
456,4.85e-04,0.6797,0.0000,0.0000,0.0000,0.0000,4.9,nan
457,4.85e-04,0.3952,0.0000,0.0000,0.0000,0.0000,5.1,nan
458,4.85e-04,0.7561,0.0000,0.0000,0.0000,0.0000,4.8,nan
459,4.85e-04,0.8956,0.0000,0.0000,0.0000,0.0000,5.0,nan
460,4.85e-04,0.9914,0.0000,0.0000,0.0000,0.0000,8.3,0.6843
461,4.84e-04,0.5683,0.0000,0.0000,0.0000,0.0000,4.9,nan
462,4.84e-04,0.8057,0.0000,0.0000,0.0000,0.0000,4.8,nan
463,4.84e-04,0.7508,0.0000,0.0000,0.0000,0.0000,4.9,nan
464,4.84e-04,0.9656,0.0000,0.0000,0.0000,0.0000,4.9,nan
465,4.84e-04,0.7762,0.0000,0.0000,0.0000,0.0000,4.7,nan
466,4.84e-04,0.5733,0.0000,0.0000,0.0000,0.0000,4.9,nan
467,4.84e-04,0.5392,0.0000,0.0000,0.0000,0.0000,5.0,nan
468,4.84e-04,0.9669,0.0000,0.0000,0.0000,0.0000,5.0,nan
469,4.84e-04,1.0275,0.0000,0.0000,0.0000,0.0000,4.9,nan
470,4.84e-04,1.0161,0.0000,0.0000,0.0000,0.0000,4.8,nan
471,4.84e-04,0.6551,0.0000,0.0000,0.0000,0.0000,5.0,nan
472,4.84e-04,0.9408,0.0000,0.0000,0.0000,0.0000,4.9,nan
473,4.84e-04,0.7983,0.0000,0.0000,0.0000,0.0000,5.0,nan
474,4.84e-04,0.4805,0.0000,0.0000,0.0000,0.0000,5.0,nan
475,4.84e-04,0.8535,0.0000,0.0000,0.0000,0.0000,4.9,nan
476,4.83e-04,0.5361,0.0000,0.0000,0.0000,0.0000,5.1,nan
477,4.83e-04,0.9553,0.0000,0.0000,0.0000,0.0000,4.8,nan
478,4.83e-04,0.7200,0.0000,0.0000,0.0000,0.0000,5.0,nan
479,4.83e-04,0.5318,0.0000,0.0000,0.0000,0.0000,4.7,nan
480,4.83e-04,0.8450,0.0000,0.0000,0.0000,0.0000,8.1,0.6186
481,4.83e-04,0.5165,0.0000,0.0000,0.0000,0.0000,5.1,nan
482,4.83e-04,0.9844,0.0000,0.0000,0.0000,0.0000,4.9,nan
483,4.83e-04,0.9254,0.0000,0.0000,0.0000,0.0000,4.9,nan
484,4.83e-04,0.9099,0.0000,0.0000,0.0000,0.0000,4.9,nan
485,4.83e-04,0.9659,0.0000,0.0000,0.0000,0.0000,4.9,nan
486,4.83e-04,0.6254,0.0000,0.0000,0.0000,0.0000,5.1,nan
487,4.83e-04,1.3070,0.0000,0.0000,0.0000,0.0000,4.8,nan
488,4.83e-04,1.1785,0.0000,0.0000,0.0000,0.0000,4.8,nan
489,4.83e-04,0.7532,0.0000,0.0000,0.0000,0.0000,4.9,nan
490,4.82e-04,0.6499,0.0000,0.0000,0.0000,0.0000,4.8,nan
491,4.82e-04,0.7370,0.0000,0.0000,0.0000,0.0000,4.8,nan
492,4.82e-04,0.5176,0.0000,0.0000,0.0000,0.0000,4.9,nan
493,4.82e-04,0.7055,0.0000,0.0000,0.0000,0.0000,4.9,nan
494,4.82e-04,0.8694,0.0000,0.0000,0.0000,0.0000,5.2,nan
495,4.82e-04,0.9752,0.0000,0.0000,0.0000,0.0000,5.0,nan
496,4.82e-04,1.3874,0.0000,0.0000,0.0000,0.0000,4.8,nan
497,4.82e-04,0.6148,0.0000,0.0000,0.0000,0.0000,4.8,nan
498,4.82e-04,0.8761,0.0000,0.0000,0.0000,0.0000,4.8,nan
499,4.82e-04,0.8378,0.0000,0.0000,0.0000,0.0000,4.9,nan
500,4.82e-04,0.8583,0.0000,0.0000,0.0000,0.0000,8.0,0.6208
501,4.82e-04,0.8599,0.0000,0.0000,0.0000,0.0000,4.9,nan
502,4.82e-04,0.8925,0.0000,0.0000,0.0000,0.0000,5.0,nan
503,4.82e-04,0.9459,0.0000,0.0000,0.0000,0.0000,5.1,nan
504,4.81e-04,1.1116,0.0000,0.0000,0.0000,0.0000,5.1,nan
505,4.81e-04,0.8746,0.0000,0.0000,0.0000,0.0000,4.8,nan
506,4.81e-04,0.9974,0.0000,0.0000,0.0000,0.0000,5.1,nan
507,4.81e-04,0.6231,0.0000,0.0000,0.0000,0.0000,5.1,nan
508,4.81e-04,0.8127,0.0000,0.0000,0.0000,0.0000,4.8,nan
509,4.81e-04,1.0232,0.0000,0.0000,0.0000,0.0000,4.9,nan
510,4.81e-04,0.7447,0.0000,0.0000,0.0000,0.0000,4.9,nan
511,4.81e-04,1.0359,0.0000,0.0000,0.0000,0.0000,4.9,nan
512,4.81e-04,0.6793,0.0000,0.0000,0.0000,0.0000,4.9,nan
513,4.81e-04,0.8142,0.0000,0.0000,0.0000,0.0000,4.7,nan
514,4.81e-04,0.9438,0.0000,0.0000,0.0000,0.0000,5.0,nan
515,4.81e-04,0.7574,0.0000,0.0000,0.0000,0.0000,4.8,nan
516,4.81e-04,0.9575,0.0000,0.0000,0.0000,0.0000,4.8,nan
517,4.80e-04,0.7204,0.0000,0.0000,0.0000,0.0000,4.8,nan
518,4.80e-04,0.6204,0.0000,0.0000,0.0000,0.0000,4.9,nan
519,4.80e-04,0.8401,0.0000,0.0000,0.0000,0.0000,5.1,nan
520,4.80e-04,1.0254,0.0000,0.0000,0.0000,0.0000,8.2,0.5975
521,4.80e-04,0.7403,0.0000,0.0000,0.0000,0.0000,4.9,nan
522,4.80e-04,0.3728,0.0000,0.0000,0.0000,0.0000,4.8,nan
523,4.80e-04,1.0642,0.0000,0.0000,0.0000,0.0000,4.9,nan
524,4.80e-04,0.6885,0.0000,0.0000,0.0000,0.0000,5.0,nan
525,4.80e-04,1.0302,0.0000,0.0000,0.0000,0.0000,5.0,nan
526,4.80e-04,0.7032,0.0000,0.0000,0.0000,0.0000,5.0,nan
527,4.80e-04,0.8342,0.0000,0.0000,0.0000,0.0000,5.0,nan
528,4.80e-04,0.6519,0.0000,0.0000,0.0000,0.0000,4.7,nan
529,4.80e-04,1.0033,0.0000,0.0000,0.0000,0.0000,5.1,nan
530,4.79e-04,0.8602,0.0000,0.0000,0.0000,0.0000,4.8,nan
531,4.79e-04,0.6354,0.0000,0.0000,0.0000,0.0000,5.1,nan
532,4.79e-04,0.9349,0.0000,0.0000,0.0000,0.0000,5.1,nan
533,4.79e-04,0.5053,0.0000,0.0000,0.0000,0.0000,4.8,nan
534,4.79e-04,0.9438,0.0000,0.0000,0.0000,0.0000,4.8,nan
535,4.79e-04,0.8473,0.0000,0.0000,0.0000,0.0000,5.0,nan
536,4.79e-04,0.9307,0.0000,0.0000,0.0000,0.0000,4.8,nan
537,4.79e-04,0.6703,0.0000,0.0000,0.0000,0.0000,5.0,nan
538,4.79e-04,0.5241,0.0000,0.0000,0.0000,0.0000,5.1,nan
539,4.79e-04,0.9462,0.0000,0.0000,0.0000,0.0000,5.0,nan
540,4.79e-04,0.5166,0.0000,0.0000,0.0000,0.0000,7.9,0.6547
541,4.79e-04,0.6952,0.0000,0.0000,0.0000,0.0000,5.0,nan
542,4.79e-04,0.9352,0.0000,0.0000,0.0000,0.0000,4.8,nan
543,4.78e-04,0.4522,0.0000,0.0000,0.0000,0.0000,5.2,nan
544,4.78e-04,0.7506,0.0000,0.0000,0.0000,0.0000,4.9,nan
545,4.78e-04,0.6183,0.0000,0.0000,0.0000,0.0000,5.1,nan
546,4.78e-04,0.7941,0.0000,0.0000,0.0000,0.0000,5.0,nan
547,4.78e-04,0.6934,0.0000,0.0000,0.0000,0.0000,5.1,nan
548,4.78e-04,0.9550,0.0000,0.0000,0.0000,0.0000,4.8,nan
549,4.78e-04,0.7119,0.0000,0.0000,0.0000,0.0000,5.8,nan
550,4.78e-04,0.5306,0.0000,0.0000,0.0000,0.0000,5.7,nan
551,4.78e-04,0.7302,0.0000,0.0000,0.0000,0.0000,5.1,nan
552,4.78e-04,0.6462,0.0000,0.0000,0.0000,0.0000,5.0,nan
553,4.78e-04,0.8102,0.0000,0.0000,0.0000,0.0000,5.1,nan
554,4.78e-04,0.9250,0.0000,0.0000,0.0000,0.0000,5.1,nan
555,4.77e-04,0.8783,0.0000,0.0000,0.0000,0.0000,5.0,nan
556,4.77e-04,0.4739,0.0000,0.0000,0.0000,0.0000,5.2,nan
557,4.77e-04,0.8684,0.0000,0.0000,0.0000,0.0000,5.2,nan
558,4.77e-04,0.6134,0.0000,0.0000,0.0000,0.0000,4.9,nan
559,4.77e-04,0.9222,0.0000,0.0000,0.0000,0.0000,4.8,nan
560,4.77e-04,0.6747,0.0000,0.0000,0.0000,0.0000,8.2,0.6250
561,4.77e-04,0.8995,0.0000,0.0000,0.0000,0.0000,5.0,nan
562,4.77e-04,0.9491,0.0000,0.0000,0.0000,0.0000,4.9,nan
563,4.77e-04,1.1306,0.0000,0.0000,0.0000,0.0000,5.0,nan
564,4.77e-04,0.6038,0.0000,0.0000,0.0000,0.0000,5.0,nan
565,4.77e-04,0.9323,0.0000,0.0000,0.0000,0.0000,5.0,nan
566,4.77e-04,0.7483,0.0000,0.0000,0.0000,0.0000,4.8,nan
567,4.77e-04,0.5861,0.0000,0.0000,0.0000,0.0000,4.9,nan
568,4.76e-04,1.0914,0.0000,0.0000,0.0000,0.0000,5.1,nan
569,4.76e-04,0.7290,0.0000,0.0000,0.0000,0.0000,5.2,nan
570,4.76e-04,0.5502,0.0000,0.0000,0.0000,0.0000,5.7,nan
571,4.76e-04,0.3421,0.0000,0.0000,0.0000,0.0000,5.5,nan
572,4.76e-04,0.5679,0.0000,0.0000,0.0000,0.0000,5.0,nan
573,4.76e-04,0.9140,0.0000,0.0000,0.0000,0.0000,5.4,nan
574,4.76e-04,0.8667,0.0000,0.0000,0.0000,0.0000,5.6,nan
575,4.76e-04,0.9267,0.0000,0.0000,0.0000,0.0000,5.5,nan
576,4.76e-04,0.3925,0.0000,0.0000,0.0000,0.0000,5.3,nan
577,4.76e-04,0.8443,0.0000,0.0000,0.0000,0.0000,5.5,nan
578,4.76e-04,0.8636,0.0000,0.0000,0.0000,0.0000,5.4,nan
579,4.76e-04,0.9498,0.0000,0.0000,0.0000,0.0000,5.0,nan
580,4.75e-04,0.7721,0.0000,0.0000,0.0000,0.0000,8.0,0.6335
581,4.75e-04,0.9472,0.0000,0.0000,0.0000,0.0000,5.1,nan
582,4.75e-04,0.9341,0.0000,0.0000,0.0000,0.0000,4.9,nan
583,4.75e-04,1.0084,0.0000,0.0000,0.0000,0.0000,4.9,nan
584,4.75e-04,0.9754,0.0000,0.0000,0.0000,0.0000,5.1,nan
585,4.75e-04,0.7542,0.0000,0.0000,0.0000,0.0000,5.0,nan
586,4.75e-04,0.6725,0.0000,0.0000,0.0000,0.0000,5.8,nan
587,4.75e-04,0.7260,0.0000,0.0000,0.0000,0.0000,5.4,nan
588,4.75e-04,0.6381,0.0000,0.0000,0.0000,0.0000,5.5,nan
589,4.75e-04,0.6531,0.0000,0.0000,0.0000,0.0000,5.4,nan
590,4.75e-04,1.5255,0.0000,0.0000,0.0000,0.0000,5.3,nan
591,4.74e-04,0.6563,0.0000,0.0000,0.0000,0.0000,5.4,nan
592,4.74e-04,0.8660,0.0000,0.0000,0.0000,0.0000,5.2,nan
593,4.74e-04,0.8352,0.0000,0.0000,0.0000,0.0000,5.5,nan
594,4.74e-04,0.7899,0.0000,0.0000,0.0000,0.0000,5.1,nan
595,4.74e-04,0.6374,0.0000,0.0000,0.0000,0.0000,5.0,nan
596,4.74e-04,0.7014,0.0000,0.0000,0.0000,0.0000,5.2,nan
597,4.74e-04,0.9104,0.0000,0.0000,0.0000,0.0000,5.1,nan
598,4.74e-04,0.8307,0.0000,0.0000,0.0000,0.0000,4.9,nan
599,4.74e-04,0.6942,0.0000,0.0000,0.0000,0.0000,5.0,nan
600,4.74e-04,0.6161,0.0000,0.0000,0.0000,0.0000,8.1,0.6441
601,4.74e-04,0.5445,0.0000,0.0000,0.0000,0.0000,4.9,nan
602,4.74e-04,0.7370,0.0000,0.0000,0.0000,0.0000,4.8,nan
603,4.73e-04,1.0388,0.0000,0.0000,0.0000,0.0000,4.9,nan
604,4.73e-04,1.0146,0.0000,0.0000,0.0000,0.0000,4.9,nan
605,4.73e-04,0.5541,0.0000,0.0000,0.0000,0.0000,4.9,nan
606,4.73e-04,0.6043,0.0000,0.0000,0.0000,0.0000,4.9,nan
607,4.73e-04,0.6919,0.0000,0.0000,0.0000,0.0000,4.8,nan
608,4.73e-04,0.9456,0.0000,0.0000,0.0000,0.0000,4.9,nan
609,4.73e-04,0.6051,0.0000,0.0000,0.0000,0.0000,5.1,nan
610,4.73e-04,1.1505,0.0000,0.0000,0.0000,0.0000,4.8,nan
611,4.73e-04,0.8068,0.0000,0.0000,0.0000,0.0000,5.2,nan
612,4.73e-04,0.7756,0.0000,0.0000,0.0000,0.0000,4.8,nan
613,4.73e-04,0.9447,0.0000,0.0000,0.0000,0.0000,4.9,nan
614,4.72e-04,0.6734,0.0000,0.0000,0.0000,0.0000,5.0,nan
615,4.72e-04,0.7354,0.0000,0.0000,0.0000,0.0000,5.0,nan
616,4.72e-04,0.7094,0.0000,0.0000,0.0000,0.0000,4.8,nan
617,4.72e-04,0.8643,0.0000,0.0000,0.0000,0.0000,4.8,nan
618,4.72e-04,0.9023,0.0000,0.0000,0.0000,0.0000,4.8,nan
619,4.72e-04,0.6114,0.0000,0.0000,0.0000,0.0000,4.7,nan
620,4.72e-04,0.7451,0.0000,0.0000,0.0000,0.0000,8.2,0.6610
621,4.72e-04,1.2010,0.0000,0.0000,0.0000,0.0000,5.0,nan
622,4.72e-04,0.7647,0.0000,0.0000,0.0000,0.0000,4.9,nan
623,4.72e-04,0.8070,0.0000,0.0000,0.0000,0.0000,4.8,nan
624,4.72e-04,0.8173,0.0000,0.0000,0.0000,0.0000,5.0,nan
625,4.71e-04,0.8030,0.0000,0.0000,0.0000,0.0000,5.0,nan
626,4.71e-04,0.6809,0.0000,0.0000,0.0000,0.0000,4.8,nan
627,4.71e-04,0.7426,0.0000,0.0000,0.0000,0.0000,4.8,nan
628,4.71e-04,0.8387,0.0000,0.0000,0.0000,0.0000,5.0,nan
629,4.71e-04,0.7257,0.0000,0.0000,0.0000,0.0000,4.7,nan
630,4.71e-04,0.9369,0.0000,0.0000,0.0000,0.0000,5.0,nan
631,4.71e-04,0.6401,0.0000,0.0000,0.0000,0.0000,5.0,nan
632,4.71e-04,0.8031,0.0000,0.0000,0.0000,0.0000,4.8,nan
633,4.71e-04,0.7225,0.0000,0.0000,0.0000,0.0000,5.0,nan
634,4.71e-04,1.0942,0.0000,0.0000,0.0000,0.0000,5.0,nan
635,4.71e-04,0.5649,0.0000,0.0000,0.0000,0.0000,5.1,nan
636,4.70e-04,0.7052,0.0000,0.0000,0.0000,0.0000,5.0,nan
637,4.70e-04,0.8150,0.0000,0.0000,0.0000,0.0000,4.9,nan
638,4.70e-04,1.1838,0.0000,0.0000,0.0000,0.0000,4.9,nan
639,4.70e-04,0.8844,0.0000,0.0000,0.0000,0.0000,4.9,nan
640,4.70e-04,0.7607,0.0000,0.0000,0.0000,0.0000,8.2,0.6525
641,4.70e-04,0.6997,0.0000,0.0000,0.0000,0.0000,4.7,nan
642,4.70e-04,0.7616,0.0000,0.0000,0.0000,0.0000,5.0,nan
643,4.70e-04,0.5275,0.0000,0.0000,0.0000,0.0000,4.8,nan
644,4.70e-04,0.8938,0.0000,0.0000,0.0000,0.0000,4.9,nan
645,4.70e-04,1.0495,0.0000,0.0000,0.0000,0.0000,5.1,nan
646,4.70e-04,0.8794,0.0000,0.0000,0.0000,0.0000,4.8,nan
647,4.69e-04,0.5517,0.0000,0.0000,0.0000,0.0000,5.0,nan
648,4.69e-04,0.6971,0.0000,0.0000,0.0000,0.0000,5.0,nan
649,4.69e-04,0.8667,0.0000,0.0000,0.0000,0.0000,4.7,nan
650,4.69e-04,1.0589,0.0000,0.0000,0.0000,0.0000,4.9,nan
651,4.69e-04,0.9090,0.0000,0.0000,0.0000,0.0000,4.7,nan
652,4.69e-04,0.6848,0.0000,0.0000,0.0000,0.0000,4.7,nan
653,4.69e-04,0.6649,0.0000,0.0000,0.0000,0.0000,4.8,nan
654,4.69e-04,0.4810,0.0000,0.0000,0.0000,0.0000,5.2,nan
655,4.69e-04,0.4859,0.0000,0.0000,0.0000,0.0000,5.0,nan
656,4.69e-04,0.8478,0.0000,0.0000,0.0000,0.0000,4.9,nan
657,4.68e-04,0.8784,0.0000,0.0000,0.0000,0.0000,5.0,nan
658,4.68e-04,0.8702,0.0000,0.0000,0.0000,0.0000,4.8,nan
659,4.68e-04,1.3956,0.0000,0.0000,0.0000,0.0000,5.0,nan
660,4.68e-04,0.7084,0.0000,0.0000,0.0000,0.0000,8.3,0.6059
661,4.68e-04,1.1112,0.0000,0.0000,0.0000,0.0000,5.0,nan
662,4.68e-04,0.6076,0.0000,0.0000,0.0000,0.0000,4.8,nan
663,4.68e-04,0.6254,0.0000,0.0000,0.0000,0.0000,4.7,nan
664,4.68e-04,0.6340,0.0000,0.0000,0.0000,0.0000,4.8,nan
665,4.68e-04,0.4885,0.0000,0.0000,0.0000,0.0000,4.9,nan
666,4.68e-04,1.2184,0.0000,0.0000,0.0000,0.0000,4.9,nan
667,4.68e-04,0.3362,0.0000,0.0000,0.0000,0.0000,5.0,nan
668,4.67e-04,0.6568,0.0000,0.0000,0.0000,0.0000,4.8,nan
669,4.67e-04,0.7534,0.0000,0.0000,0.0000,0.0000,4.8,nan
670,4.67e-04,0.8644,0.0000,0.0000,0.0000,0.0000,4.8,nan
671,4.67e-04,1.0934,0.0000,0.0000,0.0000,0.0000,4.8,nan
672,4.67e-04,0.6802,0.0000,0.0000,0.0000,0.0000,5.1,nan
673,4.67e-04,0.8682,0.0000,0.0000,0.0000,0.0000,5.0,nan
674,4.67e-04,0.6070,0.0000,0.0000,0.0000,0.0000,4.8,nan
675,4.67e-04,0.6684,0.0000,0.0000,0.0000,0.0000,5.1,nan
676,4.67e-04,0.8524,0.0000,0.0000,0.0000,0.0000,4.8,nan
677,4.67e-04,0.8470,0.0000,0.0000,0.0000,0.0000,4.9,nan
678,4.66e-04,1.0012,0.0000,0.0000,0.0000,0.0000,4.9,nan
679,4.66e-04,0.6160,0.0000,0.0000,0.0000,0.0000,4.8,nan
680,4.66e-04,0.6802,0.0000,0.0000,0.0000,0.0000,8.1,0.6631
681,4.66e-04,0.4890,0.0000,0.0000,0.0000,0.0000,5.0,nan
682,4.66e-04,0.5234,0.0000,0.0000,0.0000,0.0000,4.8,nan
683,4.66e-04,0.5012,0.0000,0.0000,0.0000,0.0000,4.7,nan
684,4.66e-04,0.7329,0.0000,0.0000,0.0000,0.0000,4.9,nan
685,4.66e-04,0.7921,0.0000,0.0000,0.0000,0.0000,4.9,nan
686,4.66e-04,0.6256,0.0000,0.0000,0.0000,0.0000,5.0,nan
687,4.66e-04,0.9833,0.0000,0.0000,0.0000,0.0000,4.8,nan
688,4.65e-04,0.4473,0.0000,0.0000,0.0000,0.0000,4.8,nan
689,4.65e-04,0.9552,0.0000,0.0000,0.0000,0.0000,4.9,nan
690,4.65e-04,0.8853,0.0000,0.0000,0.0000,0.0000,4.9,nan
691,4.65e-04,0.8159,0.0000,0.0000,0.0000,0.0000,4.7,nan
692,4.65e-04,1.1777,0.0000,0.0000,0.0000,0.0000,4.8,nan
693,4.65e-04,1.0598,0.0000,0.0000,0.0000,0.0000,4.8,nan
694,4.65e-04,0.9900,0.0000,0.0000,0.0000,0.0000,4.9,nan
695,4.65e-04,1.0348,0.0000,0.0000,0.0000,0.0000,4.9,nan
696,4.65e-04,0.9033,0.0000,0.0000,0.0000,0.0000,4.9,nan
697,4.65e-04,0.6672,0.0000,0.0000,0.0000,0.0000,5.1,nan
698,4.64e-04,0.9132,0.0000,0.0000,0.0000,0.0000,5.0,nan
699,4.64e-04,0.4291,0.0000,0.0000,0.0000,0.0000,4.8,nan
700,4.64e-04,0.3623,0.0000,0.0000,0.0000,0.0000,8.0,0.6165
701,4.64e-04,0.4841,0.0000,0.0000,0.0000,0.0000,4.7,nan
702,4.64e-04,1.2160,0.0000,0.0000,0.0000,0.0000,5.0,nan
703,4.64e-04,1.1598,0.0000,0.0000,0.0000,0.0000,5.1,nan
704,4.64e-04,0.9095,0.0000,0.0000,0.0000,0.0000,4.9,nan
705,4.64e-04,0.7840,0.0000,0.0000,0.0000,0.0000,4.8,nan
706,4.64e-04,0.6679,0.0000,0.0000,0.0000,0.0000,4.8,nan
707,4.64e-04,0.6513,0.0000,0.0000,0.0000,0.0000,4.9,nan
708,4.63e-04,0.4359,0.0000,0.0000,0.0000,0.0000,4.9,nan
709,4.63e-04,0.4946,0.0000,0.0000,0.0000,0.0000,4.7,nan
710,4.63e-04,0.5717,0.0000,0.0000,0.0000,0.0000,4.8,nan
711,4.63e-04,0.8799,0.0000,0.0000,0.0000,0.0000,5.2,nan
712,4.63e-04,0.5986,0.0000,0.0000,0.0000,0.0000,4.8,nan
713,4.63e-04,0.6047,0.0000,0.0000,0.0000,0.0000,4.8,nan
714,4.63e-04,0.6586,0.0000,0.0000,0.0000,0.0000,4.7,nan
715,4.63e-04,0.3328,0.0000,0.0000,0.0000,0.0000,4.9,nan
716,4.63e-04,0.8329,0.0000,0.0000,0.0000,0.0000,5.0,nan
717,4.63e-04,0.9458,0.0000,0.0000,0.0000,0.0000,4.9,nan
718,4.62e-04,0.8353,0.0000,0.0000,0.0000,0.0000,4.8,nan
719,4.62e-04,0.7333,0.0000,0.0000,0.0000,0.0000,4.8,nan
720,4.62e-04,0.8405,0.0000,0.0000,0.0000,0.0000,8.1,0.5996
721,4.62e-04,0.6355,0.0000,0.0000,0.0000,0.0000,4.8,nan
722,4.62e-04,0.6197,0.0000,0.0000,0.0000,0.0000,5.1,nan
723,4.62e-04,0.6352,0.0000,0.0000,0.0000,0.0000,4.9,nan
724,4.62e-04,0.9107,0.0000,0.0000,0.0000,0.0000,4.8,nan
725,4.62e-04,0.6553,0.0000,0.0000,0.0000,0.0000,4.8,nan
726,4.62e-04,0.4579,0.0000,0.0000,0.0000,0.0000,5.1,nan
727,4.62e-04,0.4104,0.0000,0.0000,0.0000,0.0000,4.9,nan
728,4.61e-04,0.6547,0.0000,0.0000,0.0000,0.0000,4.8,nan
729,4.61e-04,0.5067,0.0000,0.0000,0.0000,0.0000,5.0,nan
730,4.61e-04,0.8004,0.0000,0.0000,0.0000,0.0000,5.1,nan
731,4.61e-04,0.5475,0.0000,0.0000,0.0000,0.0000,5.0,nan
732,4.61e-04,0.8626,0.0000,0.0000,0.0000,0.0000,5.0,nan
733,4.61e-04,0.6928,0.0000,0.0000,0.0000,0.0000,5.1,nan
734,4.61e-04,0.7377,0.0000,0.0000,0.0000,0.0000,5.0,nan
735,4.61e-04,0.8171,0.0000,0.0000,0.0000,0.0000,4.9,nan
736,4.61e-04,0.6883,0.0000,0.0000,0.0000,0.0000,4.9,nan
737,4.60e-04,1.1043,0.0000,0.0000,0.0000,0.0000,5.0,nan
738,4.60e-04,0.7332,0.0000,0.0000,0.0000,0.0000,4.8,nan
739,4.60e-04,0.5318,0.0000,0.0000,0.0000,0.0000,4.9,nan
740,4.60e-04,0.8252,0.0000,0.0000,0.0000,0.0000,8.2,0.5805
741,4.60e-04,0.6632,0.0000,0.0000,0.0000,0.0000,5.0,nan
742,4.60e-04,0.8645,0.0000,0.0000,0.0000,0.0000,4.9,nan
743,4.60e-04,0.6376,0.0000,0.0000,0.0000,0.0000,5.1,nan
744,4.60e-04,1.0337,0.0000,0.0000,0.0000,0.0000,5.1,nan
745,4.60e-04,0.5655,0.0000,0.0000,0.0000,0.0000,4.8,nan
746,4.59e-04,0.7878,0.0000,0.0000,0.0000,0.0000,5.0,nan
747,4.59e-04,0.4215,0.0000,0.0000,0.0000,0.0000,4.6,nan
748,4.59e-04,0.9645,0.0000,0.0000,0.0000,0.0000,5.0,nan
749,4.59e-04,0.8160,0.0000,0.0000,0.0000,0.0000,4.8,nan
750,4.59e-04,0.5478,0.0000,0.0000,0.0000,0.0000,4.7,nan
751,4.59e-04,0.6439,0.0000,0.0000,0.0000,0.0000,5.0,nan
752,4.59e-04,0.6859,0.0000,0.0000,0.0000,0.0000,4.8,nan
753,4.59e-04,1.0297,0.0000,0.0000,0.0000,0.0000,4.8,nan
754,4.59e-04,0.5285,0.0000,0.0000,0.0000,0.0000,5.0,nan
755,4.59e-04,0.9582,0.0000,0.0000,0.0000,0.0000,5.0,nan
756,4.58e-04,0.9958,0.0000,0.0000,0.0000,0.0000,5.0,nan
757,4.58e-04,0.7533,0.0000,0.0000,0.0000,0.0000,4.9,nan
758,4.58e-04,0.9247,0.0000,0.0000,0.0000,0.0000,5.0,nan
759,4.58e-04,0.7631,0.0000,0.0000,0.0000,0.0000,4.8,nan
760,4.58e-04,0.5959,0.0000,0.0000,0.0000,0.0000,8.1,0.6314
761,4.58e-04,0.8531,0.0000,0.0000,0.0000,0.0000,4.8,nan
762,4.58e-04,0.4948,0.0000,0.0000,0.0000,0.0000,4.9,nan
763,4.58e-04,0.7148,0.0000,0.0000,0.0000,0.0000,4.9,nan
764,4.58e-04,0.4484,0.0000,0.0000,0.0000,0.0000,4.8,nan
765,4.57e-04,0.6357,0.0000,0.0000,0.0000,0.0000,4.9,nan
766,4.57e-04,0.7744,0.0000,0.0000,0.0000,0.0000,5.0,nan
767,4.57e-04,0.8781,0.0000,0.0000,0.0000,0.0000,4.7,nan
768,4.57e-04,0.5378,0.0000,0.0000,0.0000,0.0000,4.8,nan
769,4.57e-04,0.6015,0.0000,0.0000,0.0000,0.0000,4.8,nan
770,4.57e-04,0.4682,0.0000,0.0000,0.0000,0.0000,4.8,nan
771,4.57e-04,0.9430,0.0000,0.0000,0.0000,0.0000,5.0,nan
772,4.57e-04,0.9514,0.0000,0.0000,0.0000,0.0000,4.9,nan
773,4.57e-04,0.5617,0.0000,0.0000,0.0000,0.0000,4.8,nan
774,4.56e-04,0.7282,0.0000,0.0000,0.0000,0.0000,4.9,nan
775,4.56e-04,0.6610,0.0000,0.0000,0.0000,0.0000,4.8,nan
776,4.56e-04,0.8407,0.0000,0.0000,0.0000,0.0000,4.8,nan
777,4.56e-04,0.7911,0.0000,0.0000,0.0000,0.0000,4.8,nan
778,4.56e-04,0.7789,0.0000,0.0000,0.0000,0.0000,4.8,nan
779,4.56e-04,1.0216,0.0000,0.0000,0.0000,0.0000,5.0,nan
780,4.56e-04,0.6078,0.0000,0.0000,0.0000,0.0000,8.0,0.5975
781,4.56e-04,0.7398,0.0000,0.0000,0.0000,0.0000,5.0,nan
782,4.56e-04,0.8432,0.0000,0.0000,0.0000,0.0000,5.1,nan
783,4.55e-04,0.9073,0.0000,0.0000,0.0000,0.0000,4.8,nan
784,4.55e-04,0.4861,0.0000,0.0000,0.0000,0.0000,4.9,nan
785,4.55e-04,0.7173,0.0000,0.0000,0.0000,0.0000,5.0,nan
786,4.55e-04,0.6864,0.0000,0.0000,0.0000,0.0000,4.9,nan
787,4.55e-04,0.9198,0.0000,0.0000,0.0000,0.0000,4.7,nan
788,4.55e-04,0.5966,0.0000,0.0000,0.0000,0.0000,4.8,nan
789,4.55e-04,1.0265,0.0000,0.0000,0.0000,0.0000,4.7,nan
790,4.55e-04,0.9558,0.0000,0.0000,0.0000,0.0000,5.1,nan
791,4.55e-04,1.0670,0.0000,0.0000,0.0000,0.0000,4.8,nan
792,4.54e-04,0.5810,0.0000,0.0000,0.0000,0.0000,5.1,nan
793,4.54e-04,0.5034,0.0000,0.0000,0.0000,0.0000,4.9,nan
794,4.54e-04,0.7181,0.0000,0.0000,0.0000,0.0000,4.5,nan
795,4.54e-04,0.5550,0.0000,0.0000,0.0000,0.0000,5.0,nan
796,4.54e-04,0.4355,0.0000,0.0000,0.0000,0.0000,4.8,nan
797,4.54e-04,0.6840,0.0000,0.0000,0.0000,0.0000,4.9,nan
798,4.54e-04,0.9498,0.0000,0.0000,0.0000,0.0000,5.0,nan
799,4.54e-04,0.8632,0.0000,0.0000,0.0000,0.0000,4.9,nan
800,4.54e-04,0.7159,0.0000,0.0000,0.0000,0.0000,7.9,0.6165
801,4.53e-04,0.8463,0.0000,0.0000,0.0000,0.0000,5.0,nan
802,4.53e-04,0.6353,0.0000,0.0000,0.0000,0.0000,4.9,nan
803,4.53e-04,0.6742,0.0000,0.0000,0.0000,0.0000,4.9,nan
804,4.53e-04,0.7056,0.0000,0.0000,0.0000,0.0000,4.9,nan
805,4.53e-04,0.8869,0.0000,0.0000,0.0000,0.0000,5.0,nan
806,4.53e-04,0.5107,0.0000,0.0000,0.0000,0.0000,5.1,nan
807,4.53e-04,0.4112,0.0000,0.0000,0.0000,0.0000,4.9,nan
808,4.53e-04,0.8165,0.0000,0.0000,0.0000,0.0000,5.2,nan
809,4.53e-04,0.5716,0.0000,0.0000,0.0000,0.0000,5.5,nan
810,4.52e-04,0.7310,0.0000,0.0000,0.0000,0.0000,5.3,nan
811,4.52e-04,0.7665,0.0000,0.0000,0.0000,0.0000,5.3,nan
812,4.52e-04,0.5394,0.0000,0.0000,0.0000,0.0000,5.4,nan
813,4.52e-04,1.1548,0.0000,0.0000,0.0000,0.0000,4.9,nan
814,4.52e-04,0.8237,0.0000,0.0000,0.0000,0.0000,5.1,nan
815,4.52e-04,1.1534,0.0000,0.0000,0.0000,0.0000,5.1,nan
816,4.52e-04,0.6364,0.0000,0.0000,0.0000,0.0000,5.0,nan
817,4.52e-04,0.6904,0.0000,0.0000,0.0000,0.0000,4.9,nan
818,4.51e-04,0.8860,0.0000,0.0000,0.0000,0.0000,5.1,nan
819,4.51e-04,0.8109,0.0000,0.0000,0.0000,0.0000,5.0,nan
820,4.51e-04,0.7904,0.0000,0.0000,0.0000,0.0000,8.3,0.6059
821,4.51e-04,0.8544,0.0000,0.0000,0.0000,0.0000,4.9,nan
822,4.51e-04,0.7742,0.0000,0.0000,0.0000,0.0000,4.9,nan
823,4.51e-04,0.7646,0.0000,0.0000,0.0000,0.0000,4.7,nan
824,4.51e-04,0.4750,0.0000,0.0000,0.0000,0.0000,4.8,nan
825,4.51e-04,0.7315,0.0000,0.0000,0.0000,0.0000,5.1,nan
826,4.51e-04,0.6863,0.0000,0.0000,0.0000,0.0000,5.1,nan
827,4.50e-04,0.4480,0.0000,0.0000,0.0000,0.0000,4.8,nan
828,4.50e-04,1.2272,0.0000,0.0000,0.0000,0.0000,4.7,nan
829,4.50e-04,1.1562,0.0000,0.0000,0.0000,0.0000,4.9,nan
830,4.50e-04,0.4701,0.0000,0.0000,0.0000,0.0000,5.0,nan
831,4.50e-04,0.9635,0.0000,0.0000,0.0000,0.0000,5.0,nan
832,4.50e-04,0.8802,0.0000,0.0000,0.0000,0.0000,5.3,nan
833,4.50e-04,0.6289,0.0000,0.0000,0.0000,0.0000,5.0,nan
834,4.50e-04,0.5645,0.0000,0.0000,0.0000,0.0000,4.8,nan
835,4.49e-04,0.6143,0.0000,0.0000,0.0000,0.0000,5.1,nan
836,4.49e-04,0.7849,0.0000,0.0000,0.0000,0.0000,5.0,nan
837,4.49e-04,0.6144,0.0000,0.0000,0.0000,0.0000,4.7,nan
838,4.49e-04,0.6854,0.0000,0.0000,0.0000,0.0000,5.0,nan
839,4.49e-04,1.1025,0.0000,0.0000,0.0000,0.0000,5.2,nan
840,4.49e-04,0.9059,0.0000,0.0000,0.0000,0.0000,8.5,0.6165
841,4.49e-04,0.8672,0.0000,0.0000,0.0000,0.0000,5.1,nan
842,4.49e-04,0.9122,0.0000,0.0000,0.0000,0.0000,4.9,nan
843,4.49e-04,0.7896,0.0000,0.0000,0.0000,0.0000,5.0,nan
844,4.48e-04,0.8579,0.0000,0.0000,0.0000,0.0000,5.0,nan
845,4.48e-04,0.6986,0.0000,0.0000,0.0000,0.0000,4.9,nan
846,4.48e-04,0.8336,0.0000,0.0000,0.0000,0.0000,4.8,nan
847,4.48e-04,0.4135,0.0000,0.0000,0.0000,0.0000,5.1,nan
848,4.48e-04,0.5521,0.0000,0.0000,0.0000,0.0000,4.8,nan
849,4.48e-04,0.6186,0.0000,0.0000,0.0000,0.0000,4.8,nan
850,4.48e-04,1.0053,0.0000,0.0000,0.0000,0.0000,4.8,nan
851,4.48e-04,1.1747,0.0000,0.0000,0.0000,0.0000,4.9,nan
852,4.47e-04,0.5307,0.0000,0.0000,0.0000,0.0000,4.9,nan
853,4.47e-04,0.8507,0.0000,0.0000,0.0000,0.0000,5.0,nan
854,4.47e-04,0.8797,0.0000,0.0000,0.0000,0.0000,5.1,nan
855,4.47e-04,0.5838,0.0000,0.0000,0.0000,0.0000,4.9,nan
856,4.47e-04,0.5812,0.0000,0.0000,0.0000,0.0000,4.8,nan
857,4.47e-04,0.8011,0.0000,0.0000,0.0000,0.0000,4.9,nan
858,4.47e-04,0.8284,0.0000,0.0000,0.0000,0.0000,5.1,nan
859,4.47e-04,0.5441,0.0000,0.0000,0.0000,0.0000,4.9,nan
860,4.47e-04,0.6946,0.0000,0.0000,0.0000,0.0000,8.0,0.5657
861,4.46e-04,0.9279,0.0000,0.0000,0.0000,0.0000,5.1,nan
862,4.46e-04,0.5578,0.0000,0.0000,0.0000,0.0000,4.7,nan
863,4.46e-04,0.8105,0.0000,0.0000,0.0000,0.0000,5.1,nan
864,4.46e-04,0.7488,0.0000,0.0000,0.0000,0.0000,4.8,nan
865,4.46e-04,0.9085,0.0000,0.0000,0.0000,0.0000,4.9,nan
866,4.46e-04,0.7252,0.0000,0.0000,0.0000,0.0000,4.8,nan
867,4.46e-04,0.4148,0.0000,0.0000,0.0000,0.0000,5.0,nan
868,4.46e-04,0.8123,0.0000,0.0000,0.0000,0.0000,5.0,nan
869,4.45e-04,0.6112,0.0000,0.0000,0.0000,0.0000,5.1,nan
870,4.45e-04,0.6715,0.0000,0.0000,0.0000,0.0000,5.0,nan
871,4.45e-04,0.7606,0.0000,0.0000,0.0000,0.0000,4.9,nan
872,4.45e-04,0.6444,0.0000,0.0000,0.0000,0.0000,5.0,nan
873,4.45e-04,0.6654,0.0000,0.0000,0.0000,0.0000,4.8,nan
874,4.45e-04,0.9421,0.0000,0.0000,0.0000,0.0000,5.0,nan
875,4.45e-04,0.5467,0.0000,0.0000,0.0000,0.0000,5.0,nan
876,4.45e-04,0.5018,0.0000,0.0000,0.0000,0.0000,5.0,nan
877,4.44e-04,0.8240,0.0000,0.0000,0.0000,0.0000,4.8,nan
878,4.44e-04,0.4574,0.0000,0.0000,0.0000,0.0000,5.1,nan
879,4.44e-04,0.4704,0.0000,0.0000,0.0000,0.0000,5.0,nan
880,4.44e-04,0.8674,0.0000,0.0000,0.0000,0.0000,7.9,0.6631
881,4.44e-04,0.5234,0.0000,0.0000,0.0000,0.0000,5.1,nan
882,4.44e-04,0.8059,0.0000,0.0000,0.0000,0.0000,4.8,nan
883,4.44e-04,1.1276,0.0000,0.0000,0.0000,0.0000,5.1,nan
884,4.44e-04,0.6407,0.0000,0.0000,0.0000,0.0000,4.8,nan
885,4.43e-04,0.7674,0.0000,0.0000,0.0000,0.0000,4.8,nan
886,4.43e-04,1.0493,0.0000,0.0000,0.0000,0.0000,4.8,nan
887,4.43e-04,1.2816,0.0000,0.0000,0.0000,0.0000,4.9,nan
888,4.43e-04,0.8654,0.0000,0.0000,0.0000,0.0000,4.9,nan
889,4.43e-04,1.0578,0.0000,0.0000,0.0000,0.0000,4.9,nan
890,4.43e-04,0.4995,0.0000,0.0000,0.0000,0.0000,4.8,nan
891,4.43e-04,0.7129,0.0000,0.0000,0.0000,0.0000,4.9,nan
892,4.43e-04,1.3616,0.0000,0.0000,0.0000,0.0000,5.0,nan
893,4.42e-04,0.5239,0.0000,0.0000,0.0000,0.0000,5.1,nan
894,4.42e-04,0.7561,0.0000,0.0000,0.0000,0.0000,5.0,nan
895,4.42e-04,1.1489,0.0000,0.0000,0.0000,0.0000,5.0,nan
896,4.42e-04,0.8353,0.0000,0.0000,0.0000,0.0000,4.8,nan
897,4.42e-04,0.7715,0.0000,0.0000,0.0000,0.0000,4.8,nan
898,4.42e-04,0.6289,0.0000,0.0000,0.0000,0.0000,4.8,nan
899,4.42e-04,0.8364,0.0000,0.0000,0.0000,0.0000,5.1,nan
900,4.42e-04,0.7741,0.0000,0.0000,0.0000,0.0000,8.2,0.6335
901,4.41e-04,0.7498,0.0000,0.0000,0.0000,0.0000,5.2,nan
902,4.41e-04,0.8206,0.0000,0.0000,0.0000,0.0000,4.9,nan
903,4.41e-04,0.6644,0.0000,0.0000,0.0000,0.0000,4.8,nan
904,4.41e-04,0.6825,0.0000,0.0000,0.0000,0.0000,4.7,nan
905,4.41e-04,0.5837,0.0000,0.0000,0.0000,0.0000,4.9,nan
906,4.41e-04,0.9995,0.0000,0.0000,0.0000,0.0000,4.8,nan
907,4.41e-04,0.5224,0.0000,0.0000,0.0000,0.0000,5.3,nan
908,4.41e-04,0.5513,0.0000,0.0000,0.0000,0.0000,5.0,nan
909,4.40e-04,0.7302,0.0000,0.0000,0.0000,0.0000,4.8,nan
910,4.40e-04,0.7333,0.0000,0.0000,0.0000,0.0000,5.1,nan
911,4.40e-04,1.0137,0.0000,0.0000,0.0000,0.0000,5.1,nan
912,4.40e-04,0.5912,0.0000,0.0000,0.0000,0.0000,5.1,nan
913,4.40e-04,0.6950,0.0000,0.0000,0.0000,0.0000,4.9,nan
914,4.40e-04,0.4782,0.0000,0.0000,0.0000,0.0000,5.0,nan
915,4.40e-04,0.7972,0.0000,0.0000,0.0000,0.0000,5.2,nan
916,4.40e-04,0.8147,0.0000,0.0000,0.0000,0.0000,4.9,nan
917,4.39e-04,0.6396,0.0000,0.0000,0.0000,0.0000,4.6,nan
918,4.39e-04,0.5790,0.0000,0.0000,0.0000,0.0000,5.0,nan
919,4.39e-04,0.5932,0.0000,0.0000,0.0000,0.0000,4.9,nan
920,4.39e-04,0.7321,0.0000,0.0000,0.0000,0.0000,8.1,0.6462
921,4.39e-04,0.6241,0.0000,0.0000,0.0000,0.0000,4.9,nan
922,4.39e-04,0.7060,0.0000,0.0000,0.0000,0.0000,4.9,nan
923,4.39e-04,1.0469,0.0000,0.0000,0.0000,0.0000,5.1,nan
924,4.39e-04,0.9151,0.0000,0.0000,0.0000,0.0000,5.0,nan
925,4.38e-04,0.7869,0.0000,0.0000,0.0000,0.0000,5.0,nan
926,4.38e-04,0.6112,0.0000,0.0000,0.0000,0.0000,4.9,nan
927,4.38e-04,0.7608,0.0000,0.0000,0.0000,0.0000,4.9,nan
928,4.38e-04,0.5214,0.0000,0.0000,0.0000,0.0000,4.7,nan
929,4.38e-04,0.6934,0.0000,0.0000,0.0000,0.0000,5.0,nan
930,4.38e-04,1.1017,0.0000,0.0000,0.0000,0.0000,4.9,nan
931,4.38e-04,0.7869,0.0000,0.0000,0.0000,0.0000,4.9,nan
932,4.37e-04,0.6491,0.0000,0.0000,0.0000,0.0000,4.9,nan
933,4.37e-04,0.6839,0.0000,0.0000,0.0000,0.0000,4.9,nan
934,4.37e-04,0.4496,0.0000,0.0000,0.0000,0.0000,5.1,nan
935,4.37e-04,0.8167,0.0000,0.0000,0.0000,0.0000,5.2,nan
936,4.37e-04,0.8399,0.0000,0.0000,0.0000,0.0000,4.9,nan
937,4.37e-04,0.7609,0.0000,0.0000,0.0000,0.0000,4.9,nan
938,4.37e-04,0.6672,0.0000,0.0000,0.0000,0.0000,4.8,nan
939,4.37e-04,0.6480,0.0000,0.0000,0.0000,0.0000,4.9,nan
940,4.36e-04,0.9415,0.0000,0.0000,0.0000,0.0000,8.0,0.6165
941,4.36e-04,0.5542,0.0000,0.0000,0.0000,0.0000,5.0,nan
942,4.36e-04,1.0030,0.0000,0.0000,0.0000,0.0000,4.9,nan
943,4.36e-04,0.5900,0.0000,0.0000,0.0000,0.0000,5.1,nan
944,4.36e-04,0.4501,0.0000,0.0000,0.0000,0.0000,5.0,nan
945,4.36e-04,0.7504,0.0000,0.0000,0.0000,0.0000,5.1,nan
946,4.36e-04,0.7161,0.0000,0.0000,0.0000,0.0000,4.7,nan
947,4.36e-04,0.6759,0.0000,0.0000,0.0000,0.0000,4.9,nan
948,4.35e-04,1.1307,0.0000,0.0000,0.0000,0.0000,4.9,nan
949,4.35e-04,0.9432,0.0000,0.0000,0.0000,0.0000,5.0,nan
950,4.35e-04,0.7138,0.0000,0.0000,0.0000,0.0000,5.1,nan
951,4.35e-04,0.8824,0.0000,0.0000,0.0000,0.0000,5.0,nan
952,4.35e-04,0.5962,0.0000,0.0000,0.0000,0.0000,5.0,nan
953,4.35e-04,0.6042,0.0000,0.0000,0.0000,0.0000,4.8,nan
954,4.35e-04,0.5449,0.0000,0.0000,0.0000,0.0000,5.1,nan
955,4.34e-04,0.6095,0.0000,0.0000,0.0000,0.0000,5.0,nan
956,4.34e-04,0.7069,0.0000,0.0000,0.0000,0.0000,4.9,nan
957,4.34e-04,0.4820,0.0000,0.0000,0.0000,0.0000,4.9,nan
958,4.34e-04,0.6022,0.0000,0.0000,0.0000,0.0000,5.0,nan
959,4.34e-04,0.8217,0.0000,0.0000,0.0000,0.0000,5.1,nan
960,4.34e-04,0.6761,0.0000,0.0000,0.0000,0.0000,8.1,0.6271
961,4.34e-04,0.6375,0.0000,0.0000,0.0000,0.0000,4.9,nan
962,4.34e-04,0.7515,0.0000,0.0000,0.0000,0.0000,4.9,nan
963,4.33e-04,0.6292,0.0000,0.0000,0.0000,0.0000,4.9,nan
964,4.33e-04,0.4828,0.0000,0.0000,0.0000,0.0000,4.9,nan
965,4.33e-04,1.0735,0.0000,0.0000,0.0000,0.0000,5.1,nan
966,4.33e-04,0.7137,0.0000,0.0000,0.0000,0.0000,4.8,nan
967,4.33e-04,0.7248,0.0000,0.0000,0.0000,0.0000,4.8,nan
968,4.33e-04,0.9887,0.0000,0.0000,0.0000,0.0000,4.7,nan
969,4.33e-04,0.5463,0.0000,0.0000,0.0000,0.0000,4.8,nan
970,4.32e-04,0.5366,0.0000,0.0000,0.0000,0.0000,4.8,nan
971,4.32e-04,0.6025,0.0000,0.0000,0.0000,0.0000,4.8,nan
972,4.32e-04,0.7579,0.0000,0.0000,0.0000,0.0000,4.8,nan
973,4.32e-04,0.5867,0.0000,0.0000,0.0000,0.0000,4.8,nan
974,4.32e-04,0.7303,0.0000,0.0000,0.0000,0.0000,5.0,nan
975,4.32e-04,0.7666,0.0000,0.0000,0.0000,0.0000,5.0,nan
976,4.32e-04,0.8957,0.0000,0.0000,0.0000,0.0000,5.0,nan
977,4.32e-04,0.6139,0.0000,0.0000,0.0000,0.0000,5.1,nan
978,4.31e-04,0.8766,0.0000,0.0000,0.0000,0.0000,5.1,nan
979,4.31e-04,0.7441,0.0000,0.0000,0.0000,0.0000,4.9,nan
980,4.31e-04,0.7037,0.0000,0.0000,0.0000,0.0000,8.0,0.6949
981,4.31e-04,0.5276,0.0000,0.0000,0.0000,0.0000,5.1,nan
982,4.31e-04,0.9089,0.0000,0.0000,0.0000,0.0000,4.9,nan
983,4.31e-04,0.5194,0.0000,0.0000,0.0000,0.0000,4.8,nan
984,4.31e-04,0.7302,0.0000,0.0000,0.0000,0.0000,5.0,nan
985,4.30e-04,0.7910,0.0000,0.0000,0.0000,0.0000,4.9,nan
986,4.30e-04,0.7254,0.0000,0.0000,0.0000,0.0000,4.7,nan
987,4.30e-04,0.9583,0.0000,0.0000,0.0000,0.0000,4.9,nan
988,4.30e-04,0.9170,0.0000,0.0000,0.0000,0.0000,4.7,nan
989,4.30e-04,1.3484,0.0000,0.0000,0.0000,0.0000,5.0,nan
990,4.30e-04,0.5922,0.0000,0.0000,0.0000,0.0000,4.9,nan
991,4.30e-04,0.8332,0.0000,0.0000,0.0000,0.0000,5.1,nan
992,4.30e-04,0.3787,0.0000,0.0000,0.0000,0.0000,4.9,nan
993,4.29e-04,0.5552,0.0000,0.0000,0.0000,0.0000,4.7,nan
994,4.29e-04,0.7820,0.0000,0.0000,0.0000,0.0000,5.1,nan
995,4.29e-04,0.6327,0.0000,0.0000,0.0000,0.0000,5.0,nan
996,4.29e-04,0.6482,0.0000,0.0000,0.0000,0.0000,4.8,nan
997,4.29e-04,0.4030,0.0000,0.0000,0.0000,0.0000,4.9,nan
998,4.29e-04,0.6201,0.0000,0.0000,0.0000,0.0000,4.7,nan
999,4.29e-04,0.5332,0.0000,0.0000,0.0000,0.0000,4.9,nan
1000,4.28e-04,0.7039,0.0000,0.0000,0.0000,0.0000,8.4,0.5826
1001,4.28e-04,0.5888,0.0000,0.0000,0.0000,0.0000,4.7,nan
1002,4.28e-04,0.7491,0.0000,0.0000,0.0000,0.0000,5.2,nan
1003,4.28e-04,0.7208,0.0000,0.0000,0.0000,0.0000,4.9,nan
1004,4.28e-04,0.7763,0.0000,0.0000,0.0000,0.0000,5.0,nan
1005,4.28e-04,0.9488,0.0000,0.0000,0.0000,0.0000,4.9,nan
1006,4.28e-04,0.5249,0.0000,0.0000,0.0000,0.0000,5.1,nan
1007,4.27e-04,0.4451,0.0000,0.0000,0.0000,0.0000,5.1,nan
1008,4.27e-04,0.8756,0.0000,0.0000,0.0000,0.0000,4.9,nan
1009,4.27e-04,0.7134,0.0000,0.0000,0.0000,0.0000,4.9,nan
1010,4.27e-04,0.9058,0.0000,0.0000,0.0000,0.0000,4.8,nan
1011,4.27e-04,0.8815,0.0000,0.0000,0.0000,0.0000,5.0,nan
1012,4.27e-04,0.7853,0.0000,0.0000,0.0000,0.0000,5.2,nan
1013,4.27e-04,0.4779,0.0000,0.0000,0.0000,0.0000,4.9,nan
1014,4.26e-04,0.4507,0.0000,0.0000,0.0000,0.0000,4.8,nan
1015,4.26e-04,0.4573,0.0000,0.0000,0.0000,0.0000,5.2,nan
1016,4.26e-04,0.4381,0.0000,0.0000,0.0000,0.0000,5.0,nan
1017,4.26e-04,0.7510,0.0000,0.0000,0.0000,0.0000,4.8,nan
1018,4.26e-04,0.5458,0.0000,0.0000,0.0000,0.0000,5.1,nan
1019,4.26e-04,0.5395,0.0000,0.0000,0.0000,0.0000,5.0,nan
1020,4.26e-04,0.7148,0.0000,0.0000,0.0000,0.0000,8.1,0.6144
1021,4.26e-04,0.7563,0.0000,0.0000,0.0000,0.0000,4.9,nan
1022,4.25e-04,0.9449,0.0000,0.0000,0.0000,0.0000,4.8,nan
1023,4.25e-04,0.6251,0.0000,0.0000,0.0000,0.0000,5.1,nan
1024,4.25e-04,0.5910,0.0000,0.0000,0.0000,0.0000,5.2,nan
1025,4.25e-04,0.6518,0.0000,0.0000,0.0000,0.0000,5.0,nan
1026,4.25e-04,0.6527,0.0000,0.0000,0.0000,0.0000,5.1,nan
1027,4.25e-04,0.6150,0.0000,0.0000,0.0000,0.0000,5.0,nan
1028,4.25e-04,0.4447,0.0000,0.0000,0.0000,0.0000,4.8,nan
1029,4.24e-04,0.4773,0.0000,0.0000,0.0000,0.0000,4.9,nan
1030,4.24e-04,0.8303,0.0000,0.0000,0.0000,0.0000,5.0,nan
1031,4.24e-04,0.7460,0.0000,0.0000,0.0000,0.0000,4.8,nan
1032,4.24e-04,0.9681,0.0000,0.0000,0.0000,0.0000,5.1,nan
1033,4.24e-04,1.2118,0.0000,0.0000,0.0000,0.0000,4.8,nan
1034,4.24e-04,0.6381,0.0000,0.0000,0.0000,0.0000,4.9,nan
1035,4.24e-04,0.7392,0.0000,0.0000,0.0000,0.0000,4.8,nan
1036,4.23e-04,0.7529,0.0000,0.0000,0.0000,0.0000,5.0,nan
1037,4.23e-04,0.6630,0.0000,0.0000,0.0000,0.0000,5.0,nan
1038,4.23e-04,0.8467,0.0000,0.0000,0.0000,0.0000,5.1,nan
1039,4.23e-04,0.5922,0.0000,0.0000,0.0000,0.0000,5.1,nan
1040,4.23e-04,0.5964,0.0000,0.0000,0.0000,0.0000,8.4,0.6843
1041,4.23e-04,0.8973,0.0000,0.0000,0.0000,0.0000,4.7,nan
1042,4.23e-04,1.1119,0.0000,0.0000,0.0000,0.0000,4.7,nan
1043,4.22e-04,0.4298,0.0000,0.0000,0.0000,0.0000,5.0,nan
1044,4.22e-04,0.3741,0.0000,0.0000,0.0000,0.0000,4.9,nan
1045,4.22e-04,0.6313,0.0000,0.0000,0.0000,0.0000,5.1,nan
1046,4.22e-04,0.6714,0.0000,0.0000,0.0000,0.0000,5.1,nan
1047,4.22e-04,0.9109,0.0000,0.0000,0.0000,0.0000,5.1,nan
1048,4.22e-04,0.6778,0.0000,0.0000,0.0000,0.0000,4.8,nan
1049,4.22e-04,0.3903,0.0000,0.0000,0.0000,0.0000,5.0,nan
1050,4.21e-04,0.7366,0.0000,0.0000,0.0000,0.0000,4.9,nan
1051,4.21e-04,0.5324,0.0000,0.0000,0.0000,0.0000,5.0,nan
1052,4.21e-04,0.8194,0.0000,0.0000,0.0000,0.0000,5.0,nan
1053,4.21e-04,0.4975,0.0000,0.0000,0.0000,0.0000,4.7,nan
1054,4.21e-04,0.9426,0.0000,0.0000,0.0000,0.0000,5.0,nan
1055,4.21e-04,0.8207,0.0000,0.0000,0.0000,0.0000,5.0,nan
1056,4.21e-04,0.9041,0.0000,0.0000,0.0000,0.0000,4.8,nan
1057,4.20e-04,0.6414,0.0000,0.0000,0.0000,0.0000,5.1,nan
1058,4.20e-04,0.6320,0.0000,0.0000,0.0000,0.0000,4.9,nan
1059,4.20e-04,0.6890,0.0000,0.0000,0.0000,0.0000,5.0,nan
1060,4.20e-04,0.9230,0.0000,0.0000,0.0000,0.0000,8.0,0.6208
1061,4.20e-04,0.5896,0.0000,0.0000,0.0000,0.0000,4.9,nan
1062,4.20e-04,0.5884,0.0000,0.0000,0.0000,0.0000,4.9,nan
1063,4.20e-04,0.7347,0.0000,0.0000,0.0000,0.0000,5.1,nan
1064,4.19e-04,0.8829,0.0000,0.0000,0.0000,0.0000,5.0,nan
1065,4.19e-04,0.5247,0.0000,0.0000,0.0000,0.0000,4.9,nan
1066,4.19e-04,0.8540,0.0000,0.0000,0.0000,0.0000,4.9,nan
1067,4.19e-04,0.5425,0.0000,0.0000,0.0000,0.0000,5.2,nan
1068,4.19e-04,0.9351,0.0000,0.0000,0.0000,0.0000,4.9,nan
1069,4.19e-04,1.0093,0.0000,0.0000,0.0000,0.0000,5.1,nan
1070,4.19e-04,0.7068,0.0000,0.0000,0.0000,0.0000,4.9,nan
1071,4.18e-04,0.6632,0.0000,0.0000,0.0000,0.0000,5.0,nan
1072,4.18e-04,0.7115,0.0000,0.0000,0.0000,0.0000,4.9,nan
1073,4.18e-04,0.8834,0.0000,0.0000,0.0000,0.0000,5.1,nan
1074,4.18e-04,0.6043,0.0000,0.0000,0.0000,0.0000,5.0,nan
1075,4.18e-04,0.7006,0.0000,0.0000,0.0000,0.0000,5.0,nan
1076,4.18e-04,0.4875,0.0000,0.0000,0.0000,0.0000,4.9,nan
1077,4.18e-04,0.7755,0.0000,0.0000,0.0000,0.0000,5.0,nan
1078,4.17e-04,0.9193,0.0000,0.0000,0.0000,0.0000,4.8,nan
1079,4.17e-04,0.6081,0.0000,0.0000,0.0000,0.0000,4.9,nan
1080,4.17e-04,0.7607,0.0000,0.0000,0.0000,0.0000,8.1,0.6250
1081,4.17e-04,0.6245,0.0000,0.0000,0.0000,0.0000,5.1,nan
1082,4.17e-04,0.9482,0.0000,0.0000,0.0000,0.0000,5.1,nan
1083,4.17e-04,1.1137,0.0000,0.0000,0.0000,0.0000,5.1,nan
1084,4.17e-04,0.7644,0.0000,0.0000,0.0000,0.0000,4.8,nan
1085,4.16e-04,0.5778,0.0000,0.0000,0.0000,0.0000,5.0,nan
1086,4.16e-04,0.6657,0.0000,0.0000,0.0000,0.0000,4.7,nan
1087,4.16e-04,0.5910,0.0000,0.0000,0.0000,0.0000,5.0,nan
1088,4.16e-04,0.5099,0.0000,0.0000,0.0000,0.0000,5.2,nan
1089,4.16e-04,0.7540,0.0000,0.0000,0.0000,0.0000,4.9,nan
1090,4.16e-04,0.3801,0.0000,0.0000,0.0000,0.0000,4.8,nan
1091,4.16e-04,1.0996,0.0000,0.0000,0.0000,0.0000,5.0,nan
1092,4.15e-04,0.6566,0.0000,0.0000,0.0000,0.0000,4.8,nan
1093,4.15e-04,0.7789,0.0000,0.0000,0.0000,0.0000,5.0,nan
1094,4.15e-04,0.6711,0.0000,0.0000,0.0000,0.0000,4.8,nan
1095,4.15e-04,0.6504,0.0000,0.0000,0.0000,0.0000,5.5,nan
1096,4.15e-04,0.5595,0.0000,0.0000,0.0000,0.0000,4.9,nan
1097,4.15e-04,0.7107,0.0000,0.0000,0.0000,0.0000,4.9,nan
1098,4.14e-04,1.1774,0.0000,0.0000,0.0000,0.0000,4.9,nan
1099,4.14e-04,0.4666,0.0000,0.0000,0.0000,0.0000,5.1,nan
1100,4.14e-04,0.8845,0.0000,0.0000,0.0000,0.0000,8.4,0.6250
1101,4.14e-04,1.1191,0.0000,0.0000,0.0000,0.0000,5.1,nan
1102,4.14e-04,0.9783,0.0000,0.0000,0.0000,0.0000,5.0,nan
1103,4.14e-04,0.8782,0.0000,0.0000,0.0000,0.0000,4.9,nan
1104,4.14e-04,0.6868,0.0000,0.0000,0.0000,0.0000,4.7,nan
1105,4.13e-04,0.4807,0.0000,0.0000,0.0000,0.0000,4.8,nan
1106,4.13e-04,0.5445,0.0000,0.0000,0.0000,0.0000,5.2,nan
1107,4.13e-04,0.6540,0.0000,0.0000,0.0000,0.0000,4.8,nan
1108,4.13e-04,0.7448,0.0000,0.0000,0.0000,0.0000,5.0,nan
1109,4.13e-04,0.5041,0.0000,0.0000,0.0000,0.0000,4.9,nan
1110,4.13e-04,0.4732,0.0000,0.0000,0.0000,0.0000,5.1,nan
1111,4.13e-04,0.4431,0.0000,0.0000,0.0000,0.0000,4.9,nan
1112,4.12e-04,0.7294,0.0000,0.0000,0.0000,0.0000,5.0,nan
1113,4.12e-04,1.0555,0.0000,0.0000,0.0000,0.0000,4.9,nan
1114,4.12e-04,0.4009,0.0000,0.0000,0.0000,0.0000,5.0,nan
1115,4.12e-04,0.8865,0.0000,0.0000,0.0000,0.0000,5.1,nan
1116,4.12e-04,0.7976,0.0000,0.0000,0.0000,0.0000,4.7,nan
1117,4.12e-04,0.8091,0.0000,0.0000,0.0000,0.0000,4.9,nan
1118,4.12e-04,0.9225,0.0000,0.0000,0.0000,0.0000,5.0,nan
1119,4.11e-04,0.6402,0.0000,0.0000,0.0000,0.0000,5.0,nan
1120,4.11e-04,0.7973,0.0000,0.0000,0.0000,0.0000,8.2,0.6335
1121,4.11e-04,0.8271,0.0000,0.0000,0.0000,0.0000,5.0,nan
1122,4.11e-04,0.4714,0.0000,0.0000,0.0000,0.0000,4.9,nan
1123,4.11e-04,0.7463,0.0000,0.0000,0.0000,0.0000,5.0,nan
1124,4.11e-04,0.5771,0.0000,0.0000,0.0000,0.0000,4.8,nan
1125,4.10e-04,0.8938,0.0000,0.0000,0.0000,0.0000,5.1,nan
1126,4.10e-04,0.7560,0.0000,0.0000,0.0000,0.0000,4.7,nan
1127,4.10e-04,0.8062,0.0000,0.0000,0.0000,0.0000,5.1,nan
1128,4.10e-04,0.6987,0.0000,0.0000,0.0000,0.0000,5.1,nan
1129,4.10e-04,0.8382,0.0000,0.0000,0.0000,0.0000,5.1,nan
1130,4.10e-04,0.5129,0.0000,0.0000,0.0000,0.0000,4.8,nan
1131,4.10e-04,0.6052,0.0000,0.0000,0.0000,0.0000,5.0,nan
1132,4.09e-04,0.6815,0.0000,0.0000,0.0000,0.0000,4.7,nan
1133,4.09e-04,0.6737,0.0000,0.0000,0.0000,0.0000,5.0,nan
1134,4.09e-04,0.7195,0.0000,0.0000,0.0000,0.0000,4.9,nan
1135,4.09e-04,0.6294,0.0000,0.0000,0.0000,0.0000,4.9,nan
1136,4.09e-04,0.5787,0.0000,0.0000,0.0000,0.0000,4.8,nan
1137,4.09e-04,0.4876,0.0000,0.0000,0.0000,0.0000,5.0,nan
1138,4.09e-04,0.6731,0.0000,0.0000,0.0000,0.0000,4.7,nan
1139,4.08e-04,1.0694,0.0000,0.0000,0.0000,0.0000,4.7,nan
1140,4.08e-04,0.7832,0.0000,0.0000,0.0000,0.0000,8.0,0.5911
1141,4.08e-04,1.1746,0.0000,0.0000,0.0000,0.0000,5.0,nan
1142,4.08e-04,0.8918,0.0000,0.0000,0.0000,0.0000,5.0,nan
1143,4.08e-04,1.0917,0.0000,0.0000,0.0000,0.0000,5.1,nan
1144,4.08e-04,0.6846,0.0000,0.0000,0.0000,0.0000,4.9,nan
1145,4.07e-04,0.6510,0.0000,0.0000,0.0000,0.0000,4.7,nan
1146,4.07e-04,0.7289,0.0000,0.0000,0.0000,0.0000,5.0,nan
1147,4.07e-04,0.5084,0.0000,0.0000,0.0000,0.0000,4.9,nan
1148,4.07e-04,0.7015,0.0000,0.0000,0.0000,0.0000,4.9,nan
1149,4.07e-04,0.9554,0.0000,0.0000,0.0000,0.0000,5.0,nan
1150,4.07e-04,0.4295,0.0000,0.0000,0.0000,0.0000,5.0,nan
1151,4.07e-04,0.8149,0.0000,0.0000,0.0000,0.0000,4.8,nan
1152,4.06e-04,0.8367,0.0000,0.0000,0.0000,0.0000,4.8,nan
1153,4.06e-04,0.6724,0.0000,0.0000,0.0000,0.0000,4.8,nan
1154,4.06e-04,0.5628,0.0000,0.0000,0.0000,0.0000,4.9,nan
1155,4.06e-04,0.8813,0.0000,0.0000,0.0000,0.0000,4.9,nan
1156,4.06e-04,0.8026,0.0000,0.0000,0.0000,0.0000,4.6,nan
1157,4.06e-04,0.6852,0.0000,0.0000,0.0000,0.0000,4.9,nan
1158,4.05e-04,0.6504,0.0000,0.0000,0.0000,0.0000,5.0,nan
1159,4.05e-04,0.8060,0.0000,0.0000,0.0000,0.0000,4.8,nan
1160,4.05e-04,0.7150,0.0000,0.0000,0.0000,0.0000,8.1,0.6271
1161,4.05e-04,0.5477,0.0000,0.0000,0.0000,0.0000,5.0,nan
1162,4.05e-04,0.5199,0.0000,0.0000,0.0000,0.0000,5.1,nan
1163,4.05e-04,0.7420,0.0000,0.0000,0.0000,0.0000,5.0,nan
1164,4.05e-04,0.7745,0.0000,0.0000,0.0000,0.0000,5.1,nan
1165,4.04e-04,0.6791,0.0000,0.0000,0.0000,0.0000,4.8,nan
1166,4.04e-04,0.5301,0.0000,0.0000,0.0000,0.0000,4.7,nan
1167,4.04e-04,0.5517,0.0000,0.0000,0.0000,0.0000,5.0,nan
1168,4.04e-04,0.7860,0.0000,0.0000,0.0000,0.0000,5.0,nan
1169,4.04e-04,0.6660,0.0000,0.0000,0.0000,0.0000,5.0,nan
1170,4.04e-04,0.7611,0.0000,0.0000,0.0000,0.0000,5.1,nan
1171,4.03e-04,0.8082,0.0000,0.0000,0.0000,0.0000,5.1,nan
1172,4.03e-04,0.7924,0.0000,0.0000,0.0000,0.0000,4.9,nan
1173,4.03e-04,0.5945,0.0000,0.0000,0.0000,0.0000,5.0,nan
1174,4.03e-04,0.5758,0.0000,0.0000,0.0000,0.0000,4.7,nan
1175,4.03e-04,0.8921,0.0000,0.0000,0.0000,0.0000,4.8,nan
1176,4.03e-04,0.6742,0.0000,0.0000,0.0000,0.0000,5.2,nan
1177,4.03e-04,1.1442,0.0000,0.0000,0.0000,0.0000,5.0,nan
1178,4.02e-04,0.8298,0.0000,0.0000,0.0000,0.0000,5.1,nan
1179,4.02e-04,0.8653,0.0000,0.0000,0.0000,0.0000,4.8,nan
1180,4.02e-04,0.5478,0.0000,0.0000,0.0000,0.0000,8.0,0.6250
1181,4.02e-04,0.8218,0.0000,0.0000,0.0000,0.0000,5.1,nan
1182,4.02e-04,0.6638,0.0000,0.0000,0.0000,0.0000,4.9,nan
1183,4.02e-04,0.7101,0.0000,0.0000,0.0000,0.0000,4.9,nan
1184,4.01e-04,0.7056,0.0000,0.0000,0.0000,0.0000,4.8,nan
1185,4.01e-04,0.7440,0.0000,0.0000,0.0000,0.0000,5.0,nan
1186,4.01e-04,0.7170,0.0000,0.0000,0.0000,0.0000,5.0,nan
1187,4.01e-04,0.8742,0.0000,0.0000,0.0000,0.0000,5.0,nan
1188,4.01e-04,0.8999,0.0000,0.0000,0.0000,0.0000,5.1,nan
1189,4.01e-04,1.0014,0.0000,0.0000,0.0000,0.0000,4.8,nan
1190,4.01e-04,0.6974,0.0000,0.0000,0.0000,0.0000,4.8,nan
1191,4.00e-04,0.4693,0.0000,0.0000,0.0000,0.0000,5.0,nan
1192,4.00e-04,0.7294,0.0000,0.0000,0.0000,0.0000,4.9,nan
1193,4.00e-04,0.7379,0.0000,0.0000,0.0000,0.0000,4.7,nan
1194,4.00e-04,0.5133,0.0000,0.0000,0.0000,0.0000,5.0,nan
1195,4.00e-04,0.9471,0.0000,0.0000,0.0000,0.0000,4.8,nan
1196,4.00e-04,0.8495,0.0000,0.0000,0.0000,0.0000,4.8,nan
1197,3.99e-04,0.4909,0.0000,0.0000,0.0000,0.0000,5.1,nan
1198,3.99e-04,0.7046,0.0000,0.0000,0.0000,0.0000,4.9,nan
1199,3.99e-04,0.5549,0.0000,0.0000,0.0000,0.0000,4.8,nan
1200,3.99e-04,0.6450,0.0000,0.0000,0.0000,0.0000,8.2,0.6589
1201,3.99e-04,0.4447,0.0000,0.0000,0.0000,0.0000,4.8,nan
1202,3.99e-04,0.7758,0.0000,0.0000,0.0000,0.0000,4.9,nan
1203,3.98e-04,0.7132,0.0000,0.0000,0.0000,0.0000,4.9,nan
1204,3.98e-04,0.9741,0.0000,0.0000,0.0000,0.0000,4.8,nan
1205,3.98e-04,0.9223,0.0000,0.0000,0.0000,0.0000,4.7,nan
1206,3.98e-04,0.7189,0.0000,0.0000,0.0000,0.0000,4.8,nan
1207,3.98e-04,0.5132,0.0000,0.0000,0.0000,0.0000,5.0,nan
1208,3.98e-04,1.0228,0.0000,0.0000,0.0000,0.0000,4.9,nan
1209,3.98e-04,0.6570,0.0000,0.0000,0.0000,0.0000,5.0,nan
1210,3.97e-04,0.9840,0.0000,0.0000,0.0000,0.0000,5.0,nan
1211,3.97e-04,0.8056,0.0000,0.0000,0.0000,0.0000,5.0,nan
1212,3.97e-04,0.5901,0.0000,0.0000,0.0000,0.0000,5.0,nan
1213,3.97e-04,0.6552,0.0000,0.0000,0.0000,0.0000,4.9,nan
1214,3.97e-04,0.5196,0.0000,0.0000,0.0000,0.0000,4.9,nan
1215,3.97e-04,0.9102,0.0000,0.0000,0.0000,0.0000,5.0,nan
1216,3.96e-04,0.7729,0.0000,0.0000,0.0000,0.0000,4.8,nan
1217,3.96e-04,0.5790,0.0000,0.0000,0.0000,0.0000,4.8,nan
1218,3.96e-04,0.8376,0.0000,0.0000,0.0000,0.0000,5.0,nan
1219,3.96e-04,0.6536,0.0000,0.0000,0.0000,0.0000,5.0,nan
1220,3.96e-04,0.4344,0.0000,0.0000,0.0000,0.0000,8.1,0.6568
1221,3.96e-04,0.7929,0.0000,0.0000,0.0000,0.0000,4.9,nan
1222,3.95e-04,0.6696,0.0000,0.0000,0.0000,0.0000,4.8,nan
1223,3.95e-04,0.7100,0.0000,0.0000,0.0000,0.0000,4.8,nan
1224,3.95e-04,0.6498,0.0000,0.0000,0.0000,0.0000,4.9,nan
1225,3.95e-04,0.5550,0.0000,0.0000,0.0000,0.0000,4.8,nan
1226,3.95e-04,0.7994,0.0000,0.0000,0.0000,0.0000,4.9,nan
1227,3.95e-04,0.8188,0.0000,0.0000,0.0000,0.0000,4.8,nan
1228,3.95e-04,0.6470,0.0000,0.0000,0.0000,0.0000,4.9,nan
1229,3.94e-04,0.5374,0.0000,0.0000,0.0000,0.0000,4.9,nan
1230,3.94e-04,0.9008,0.0000,0.0000,0.0000,0.0000,5.1,nan
1231,3.94e-04,0.4826,0.0000,0.0000,0.0000,0.0000,4.8,nan
1232,3.94e-04,0.6261,0.0000,0.0000,0.0000,0.0000,5.1,nan
1233,3.94e-04,0.8161,0.0000,0.0000,0.0000,0.0000,4.9,nan
1234,3.94e-04,0.8560,0.0000,0.0000,0.0000,0.0000,5.2,nan
1235,3.93e-04,0.4163,0.0000,0.0000,0.0000,0.0000,5.0,nan
1236,3.93e-04,0.5938,0.0000,0.0000,0.0000,0.0000,5.0,nan
1237,3.93e-04,0.6999,0.0000,0.0000,0.0000,0.0000,5.0,nan
1238,3.93e-04,0.7054,0.0000,0.0000,0.0000,0.0000,4.9,nan
1239,3.93e-04,0.5341,0.0000,0.0000,0.0000,0.0000,4.9,nan
1240,3.93e-04,0.9188,0.0000,0.0000,0.0000,0.0000,7.9,0.6610
1241,3.92e-04,0.5520,0.0000,0.0000,0.0000,0.0000,5.0,nan
1242,3.92e-04,0.6760,0.0000,0.0000,0.0000,0.0000,4.9,nan
1243,3.92e-04,0.6645,0.0000,0.0000,0.0000,0.0000,4.8,nan
1244,3.92e-04,0.5671,0.0000,0.0000,0.0000,0.0000,4.9,nan
1245,3.92e-04,1.0257,0.0000,0.0000,0.0000,0.0000,5.0,nan
1246,3.92e-04,0.5849,0.0000,0.0000,0.0000,0.0000,4.8,nan
1247,3.91e-04,0.7251,0.0000,0.0000,0.0000,0.0000,4.9,nan
1248,3.91e-04,0.6561,0.0000,0.0000,0.0000,0.0000,4.8,nan
1249,3.91e-04,0.3865,0.0000,0.0000,0.0000,0.0000,5.0,nan
1250,3.91e-04,0.5964,0.0000,0.0000,0.0000,0.0000,4.8,nan
1251,3.91e-04,1.0002,0.0000,0.0000,0.0000,0.0000,5.4,nan
1252,3.91e-04,0.7459,0.0000,0.0000,0.0000,0.0000,5.9,nan
1253,3.90e-04,0.6772,0.0000,0.0000,0.0000,0.0000,5.4,nan
1254,3.90e-04,1.0154,0.0000,0.0000,0.0000,0.0000,5.0,nan
1255,3.90e-04,0.5830,0.0000,0.0000,0.0000,0.0000,4.8,nan
1256,3.90e-04,0.6985,0.0000,0.0000,0.0000,0.0000,4.9,nan
1257,3.90e-04,0.4296,0.0000,0.0000,0.0000,0.0000,4.8,nan
1258,3.90e-04,0.8873,0.0000,0.0000,0.0000,0.0000,4.9,nan
1259,3.90e-04,0.5573,0.0000,0.0000,0.0000,0.0000,5.0,nan
1260,3.89e-04,0.8972,0.0000,0.0000,0.0000,0.0000,8.0,0.6377
1261,3.89e-04,0.6442,0.0000,0.0000,0.0000,0.0000,4.9,nan
1262,3.89e-04,0.5908,0.0000,0.0000,0.0000,0.0000,5.0,nan
1263,3.89e-04,0.9994,0.0000,0.0000,0.0000,0.0000,4.8,nan
1264,3.89e-04,0.7560,0.0000,0.0000,0.0000,0.0000,4.7,nan
1265,3.89e-04,0.6912,0.0000,0.0000,0.0000,0.0000,5.0,nan
1266,3.88e-04,0.4502,0.0000,0.0000,0.0000,0.0000,5.2,nan
1267,3.88e-04,0.5610,0.0000,0.0000,0.0000,0.0000,4.8,nan
1268,3.88e-04,0.6336,0.0000,0.0000,0.0000,0.0000,4.8,nan
1269,3.88e-04,0.7458,0.0000,0.0000,0.0000,0.0000,4.9,nan
1270,3.88e-04,0.5152,0.0000,0.0000,0.0000,0.0000,4.9,nan
1271,3.88e-04,0.9156,0.0000,0.0000,0.0000,0.0000,4.8,nan
1272,3.87e-04,0.6614,0.0000,0.0000,0.0000,0.0000,5.0,nan
1273,3.87e-04,0.6029,0.0000,0.0000,0.0000,0.0000,4.8,nan
1274,3.87e-04,0.6062,0.0000,0.0000,0.0000,0.0000,5.0,nan
1275,3.87e-04,0.6238,0.0000,0.0000,0.0000,0.0000,4.7,nan
1276,3.87e-04,0.6221,0.0000,0.0000,0.0000,0.0000,4.9,nan
1277,3.87e-04,1.1410,0.0000,0.0000,0.0000,0.0000,4.8,nan
1278,3.86e-04,0.7078,0.0000,0.0000,0.0000,0.0000,5.0,nan
1279,3.86e-04,0.7732,0.0000,0.0000,0.0000,0.0000,4.8,nan
1280,3.86e-04,0.6465,0.0000,0.0000,0.0000,0.0000,7.9,0.6631
1281,3.86e-04,0.9761,0.0000,0.0000,0.0000,0.0000,4.9,nan
1282,3.86e-04,0.4889,0.0000,0.0000,0.0000,0.0000,4.9,nan
1283,3.86e-04,0.6390,0.0000,0.0000,0.0000,0.0000,4.7,nan
1284,3.85e-04,0.5573,0.0000,0.0000,0.0000,0.0000,4.9,nan
1285,3.85e-04,0.8294,0.0000,0.0000,0.0000,0.0000,5.0,nan
1286,3.85e-04,0.6245,0.0000,0.0000,0.0000,0.0000,4.9,nan
1287,3.85e-04,0.6513,0.0000,0.0000,0.0000,0.0000,4.8,nan
1288,3.85e-04,0.8135,0.0000,0.0000,0.0000,0.0000,4.7,nan
1289,3.85e-04,0.6085,0.0000,0.0000,0.0000,0.0000,4.9,nan
1290,3.84e-04,0.6431,0.0000,0.0000,0.0000,0.0000,4.8,nan
1291,3.84e-04,0.6391,0.0000,0.0000,0.0000,0.0000,4.9,nan
1292,3.84e-04,0.6087,0.0000,0.0000,0.0000,0.0000,5.1,nan
1293,3.84e-04,0.7653,0.0000,0.0000,0.0000,0.0000,4.7,nan
1294,3.84e-04,0.6444,0.0000,0.0000,0.0000,0.0000,4.9,nan
1295,3.84e-04,0.6786,0.0000,0.0000,0.0000,0.0000,4.8,nan
1296,3.83e-04,0.8386,0.0000,0.0000,0.0000,0.0000,4.8,nan
1297,3.83e-04,0.7027,0.0000,0.0000,0.0000,0.0000,5.1,nan
1298,3.83e-04,0.5438,0.0000,0.0000,0.0000,0.0000,4.9,nan
1299,3.83e-04,0.4704,0.0000,0.0000,0.0000,0.0000,4.9,nan
1300,3.83e-04,1.2548,0.0000,0.0000,0.0000,0.0000,7.9,0.6377
1301,3.83e-04,0.8409,0.0000,0.0000,0.0000,0.0000,4.7,nan
1302,3.82e-04,0.7981,0.0000,0.0000,0.0000,0.0000,5.1,nan
1303,3.82e-04,0.6991,0.0000,0.0000,0.0000,0.0000,4.9,nan
1304,3.82e-04,0.7578,0.0000,0.0000,0.0000,0.0000,4.9,nan
1305,3.82e-04,0.6733,0.0000,0.0000,0.0000,0.0000,5.0,nan
1306,3.82e-04,0.8900,0.0000,0.0000,0.0000,0.0000,4.7,nan
1307,3.82e-04,0.8933,0.0000,0.0000,0.0000,0.0000,4.9,nan
1308,3.81e-04,0.7602,0.0000,0.0000,0.0000,0.0000,4.8,nan
1309,3.81e-04,0.5353,0.0000,0.0000,0.0000,0.0000,4.7,nan
1310,3.81e-04,0.7643,0.0000,0.0000,0.0000,0.0000,4.9,nan
1311,3.81e-04,0.5094,0.0000,0.0000,0.0000,0.0000,4.8,nan
1312,3.81e-04,1.0059,0.0000,0.0000,0.0000,0.0000,5.1,nan
1313,3.81e-04,0.8819,0.0000,0.0000,0.0000,0.0000,4.8,nan
1314,3.80e-04,0.7253,0.0000,0.0000,0.0000,0.0000,4.9,nan
1315,3.80e-04,0.9522,0.0000,0.0000,0.0000,0.0000,5.1,nan
1316,3.80e-04,0.7005,0.0000,0.0000,0.0000,0.0000,5.0,nan
1317,3.80e-04,0.7341,0.0000,0.0000,0.0000,0.0000,4.9,nan
1318,3.80e-04,0.5495,0.0000,0.0000,0.0000,0.0000,5.0,nan
1319,3.80e-04,0.6041,0.0000,0.0000,0.0000,0.0000,5.2,nan
1320,3.79e-04,0.9428,0.0000,0.0000,0.0000,0.0000,8.7,0.6758
1321,3.79e-04,0.7915,0.0000,0.0000,0.0000,0.0000,5.1,nan
1322,3.79e-04,0.5099,0.0000,0.0000,0.0000,0.0000,4.9,nan
1323,3.79e-04,0.6239,0.0000,0.0000,0.0000,0.0000,4.8,nan
1324,3.79e-04,0.5995,0.0000,0.0000,0.0000,0.0000,5.1,nan
1325,3.79e-04,0.4179,0.0000,0.0000,0.0000,0.0000,5.1,nan
1326,3.78e-04,0.7365,0.0000,0.0000,0.0000,0.0000,4.7,nan
1327,3.78e-04,1.1077,0.0000,0.0000,0.0000,0.0000,5.1,nan
1328,3.78e-04,0.5335,0.0000,0.0000,0.0000,0.0000,5.0,nan
1329,3.78e-04,0.9114,0.0000,0.0000,0.0000,0.0000,4.9,nan
1330,3.78e-04,0.8475,0.0000,0.0000,0.0000,0.0000,4.9,nan
1331,3.78e-04,0.9722,0.0000,0.0000,0.0000,0.0000,4.9,nan
1332,3.77e-04,1.0034,0.0000,0.0000,0.0000,0.0000,5.1,nan
1333,3.77e-04,0.6324,0.0000,0.0000,0.0000,0.0000,5.2,nan
1334,3.77e-04,0.6560,0.0000,0.0000,0.0000,0.0000,4.8,nan
1335,3.77e-04,0.7357,0.0000,0.0000,0.0000,0.0000,5.1,nan
1336,3.77e-04,0.6790,0.0000,0.0000,0.0000,0.0000,4.9,nan
1337,3.77e-04,0.4831,0.0000,0.0000,0.0000,0.0000,4.8,nan
1338,3.76e-04,0.7746,0.0000,0.0000,0.0000,0.0000,5.1,nan
1339,3.76e-04,0.5535,0.0000,0.0000,0.0000,0.0000,5.1,nan
1340,3.76e-04,0.5930,0.0000,0.0000,0.0000,0.0000,8.2,0.6949
1341,3.76e-04,0.8500,0.0000,0.0000,0.0000,0.0000,5.0,nan
1342,3.76e-04,0.5544,0.0000,0.0000,0.0000,0.0000,4.7,nan
1343,3.76e-04,0.7381,0.0000,0.0000,0.0000,0.0000,4.7,nan
1344,3.75e-04,0.4935,0.0000,0.0000,0.0000,0.0000,5.1,nan
1345,3.75e-04,0.9786,0.0000,0.0000,0.0000,0.0000,4.9,nan
1346,3.75e-04,0.7752,0.0000,0.0000,0.0000,0.0000,5.0,nan
1347,3.75e-04,0.8167,0.0000,0.0000,0.0000,0.0000,5.0,nan
1348,3.75e-04,0.8211,0.0000,0.0000,0.0000,0.0000,5.0,nan
1349,3.75e-04,0.9256,0.0000,0.0000,0.0000,0.0000,4.8,nan
1350,3.74e-04,0.5177,0.0000,0.0000,0.0000,0.0000,5.1,nan
1351,3.74e-04,0.8873,0.0000,0.0000,0.0000,0.0000,4.8,nan
1352,3.74e-04,0.9626,0.0000,0.0000,0.0000,0.0000,4.9,nan
1353,3.74e-04,0.5255,0.0000,0.0000,0.0000,0.0000,5.0,nan
1354,3.74e-04,0.4837,0.0000,0.0000,0.0000,0.0000,5.0,nan
1355,3.74e-04,0.6488,0.0000,0.0000,0.0000,0.0000,4.9,nan
1356,3.73e-04,0.6085,0.0000,0.0000,0.0000,0.0000,4.8,nan
1357,3.73e-04,1.0363,0.0000,0.0000,0.0000,0.0000,5.3,nan
1358,3.73e-04,0.7490,0.0000,0.0000,0.0000,0.0000,4.9,nan
1359,3.73e-04,0.8253,0.0000,0.0000,0.0000,0.0000,4.8,nan
1360,3.73e-04,0.6593,0.0000,0.0000,0.0000,0.0000,8.1,0.6695
1361,3.73e-04,0.8265,0.0000,0.0000,0.0000,0.0000,4.9,nan
1362,3.72e-04,0.7096,0.0000,0.0000,0.0000,0.0000,4.9,nan
1363,3.72e-04,0.6609,0.0000,0.0000,0.0000,0.0000,5.0,nan
1364,3.72e-04,0.6529,0.0000,0.0000,0.0000,0.0000,4.8,nan
1365,3.72e-04,1.0478,0.0000,0.0000,0.0000,0.0000,4.7,nan
1366,3.72e-04,0.5940,0.0000,0.0000,0.0000,0.0000,4.7,nan
1367,3.72e-04,0.5442,0.0000,0.0000,0.0000,0.0000,5.0,nan
1368,3.71e-04,0.7132,0.0000,0.0000,0.0000,0.0000,5.2,nan
1369,3.71e-04,0.5964,0.0000,0.0000,0.0000,0.0000,5.0,nan
1370,3.71e-04,0.8808,0.0000,0.0000,0.0000,0.0000,5.1,nan
1371,3.71e-04,0.3813,0.0000,0.0000,0.0000,0.0000,4.8,nan
1372,3.71e-04,0.8771,0.0000,0.0000,0.0000,0.0000,4.8,nan
1373,3.70e-04,0.5386,0.0000,0.0000,0.0000,0.0000,4.8,nan
1374,3.70e-04,0.6011,0.0000,0.0000,0.0000,0.0000,5.0,nan
1375,3.70e-04,0.5200,0.0000,0.0000,0.0000,0.0000,5.1,nan
1376,3.70e-04,0.9316,0.0000,0.0000,0.0000,0.0000,4.8,nan
1377,3.70e-04,0.4475,0.0000,0.0000,0.0000,0.0000,5.3,nan
1378,3.70e-04,0.4841,0.0000,0.0000,0.0000,0.0000,4.9,nan
1379,3.69e-04,0.8487,0.0000,0.0000,0.0000,0.0000,4.9,nan
1380,3.69e-04,0.6105,0.0000,0.0000,0.0000,0.0000,8.4,0.6144
1381,3.69e-04,0.5440,0.0000,0.0000,0.0000,0.0000,4.8,nan
1382,3.69e-04,0.5044,0.0000,0.0000,0.0000,0.0000,5.0,nan
1383,3.69e-04,0.6509,0.0000,0.0000,0.0000,0.0000,4.9,nan
1384,3.69e-04,0.7267,0.0000,0.0000,0.0000,0.0000,4.9,nan
1385,3.68e-04,0.9573,0.0000,0.0000,0.0000,0.0000,5.1,nan
1386,3.68e-04,0.5265,0.0000,0.0000,0.0000,0.0000,4.7,nan
1387,3.68e-04,0.7250,0.0000,0.0000,0.0000,0.0000,4.8,nan
1388,3.68e-04,0.8975,0.0000,0.0000,0.0000,0.0000,4.8,nan
1389,3.68e-04,0.5118,0.0000,0.0000,0.0000,0.0000,5.0,nan
1390,3.68e-04,0.8146,0.0000,0.0000,0.0000,0.0000,5.0,nan
1391,3.67e-04,0.6884,0.0000,0.0000,0.0000,0.0000,4.8,nan
1392,3.67e-04,0.8517,0.0000,0.0000,0.0000,0.0000,4.8,nan
1393,3.67e-04,0.9247,0.0000,0.0000,0.0000,0.0000,4.9,nan
1394,3.67e-04,0.5025,0.0000,0.0000,0.0000,0.0000,5.0,nan
1395,3.67e-04,0.8125,0.0000,0.0000,0.0000,0.0000,4.8,nan
1396,3.67e-04,0.6551,0.0000,0.0000,0.0000,0.0000,5.0,nan
1397,3.66e-04,0.6114,0.0000,0.0000,0.0000,0.0000,5.0,nan
1398,3.66e-04,0.6930,0.0000,0.0000,0.0000,0.0000,5.1,nan
1399,3.66e-04,0.8155,0.0000,0.0000,0.0000,0.0000,4.7,nan
1400,3.66e-04,0.7117,0.0000,0.0000,0.0000,0.0000,7.8,0.6653
1401,3.66e-04,0.7116,0.0000,0.0000,0.0000,0.0000,4.9,nan
1402,3.65e-04,1.0103,0.0000,0.0000,0.0000,0.0000,4.9,nan
1403,3.65e-04,0.5752,0.0000,0.0000,0.0000,0.0000,4.8,nan
1404,3.65e-04,0.7756,0.0000,0.0000,0.0000,0.0000,4.9,nan
1405,3.65e-04,0.5469,0.0000,0.0000,0.0000,0.0000,4.9,nan
1406,3.65e-04,0.5122,0.0000,0.0000,0.0000,0.0000,5.0,nan
1407,3.65e-04,1.0233,0.0000,0.0000,0.0000,0.0000,5.0,nan
1408,3.64e-04,0.5246,0.0000,0.0000,0.0000,0.0000,4.9,nan
1409,3.64e-04,0.6481,0.0000,0.0000,0.0000,0.0000,4.9,nan
1410,3.64e-04,0.4912,0.0000,0.0000,0.0000,0.0000,4.9,nan
1411,3.64e-04,0.8681,0.0000,0.0000,0.0000,0.0000,4.8,nan
1412,3.64e-04,0.7474,0.0000,0.0000,0.0000,0.0000,5.1,nan
1413,3.64e-04,0.6475,0.0000,0.0000,0.0000,0.0000,4.9,nan
1414,3.63e-04,0.7497,0.0000,0.0000,0.0000,0.0000,4.8,nan
1415,3.63e-04,0.5611,0.0000,0.0000,0.0000,0.0000,5.0,nan
1416,3.63e-04,0.3435,0.0000,0.0000,0.0000,0.0000,5.1,nan
1417,3.63e-04,0.7756,0.0000,0.0000,0.0000,0.0000,5.0,nan
1418,3.63e-04,0.6622,0.0000,0.0000,0.0000,0.0000,4.7,nan
1419,3.63e-04,0.8622,0.0000,0.0000,0.0000,0.0000,5.1,nan
1420,3.62e-04,0.9509,0.0000,0.0000,0.0000,0.0000,8.3,0.6547
1421,3.62e-04,0.6608,0.0000,0.0000,0.0000,0.0000,4.9,nan
1422,3.62e-04,0.7970,0.0000,0.0000,0.0000,0.0000,4.7,nan
1423,3.62e-04,0.5633,0.0000,0.0000,0.0000,0.0000,5.1,nan
1424,3.62e-04,1.0572,0.0000,0.0000,0.0000,0.0000,5.0,nan
1425,3.61e-04,0.8107,0.0000,0.0000,0.0000,0.0000,4.9,nan
1426,3.61e-04,0.5688,0.0000,0.0000,0.0000,0.0000,4.9,nan
1427,3.61e-04,0.8719,0.0000,0.0000,0.0000,0.0000,4.8,nan
1428,3.61e-04,0.7620,0.0000,0.0000,0.0000,0.0000,5.0,nan
1429,3.61e-04,0.7537,0.0000,0.0000,0.0000,0.0000,4.9,nan
1430,3.61e-04,0.6674,0.0000,0.0000,0.0000,0.0000,5.1,nan
1431,3.60e-04,0.7770,0.0000,0.0000,0.0000,0.0000,4.8,nan
1432,3.60e-04,0.6267,0.0000,0.0000,0.0000,0.0000,5.1,nan
1433,3.60e-04,0.7980,0.0000,0.0000,0.0000,0.0000,5.0,nan
1434,3.60e-04,0.6845,0.0000,0.0000,0.0000,0.0000,5.0,nan
1435,3.60e-04,0.5050,0.0000,0.0000,0.0000,0.0000,5.3,nan
1436,3.60e-04,0.6794,0.0000,0.0000,0.0000,0.0000,4.7,nan
1437,3.59e-04,0.2806,0.0000,0.0000,0.0000,0.0000,5.1,nan
1438,3.59e-04,0.4389,0.0000,0.0000,0.0000,0.0000,4.7,nan
1439,3.59e-04,0.7646,0.0000,0.0000,0.0000,0.0000,5.0,nan
1440,3.59e-04,0.8978,0.0000,0.0000,0.0000,0.0000,8.1,0.6758
1441,3.59e-04,1.0399,0.0000,0.0000,0.0000,0.0000,4.8,nan
1442,3.59e-04,0.8232,0.0000,0.0000,0.0000,0.0000,5.2,nan
1443,3.58e-04,0.8455,0.0000,0.0000,0.0000,0.0000,4.7,nan
1444,3.58e-04,0.4912,0.0000,0.0000,0.0000,0.0000,4.9,nan
1445,3.58e-04,0.5165,0.0000,0.0000,0.0000,0.0000,4.8,nan
1446,3.58e-04,0.8680,0.0000,0.0000,0.0000,0.0000,5.0,nan
1447,3.58e-04,0.7086,0.0000,0.0000,0.0000,0.0000,5.4,nan
1448,3.57e-04,0.5438,0.0000,0.0000,0.0000,0.0000,5.1,nan
1449,3.57e-04,0.8169,0.0000,0.0000,0.0000,0.0000,4.7,nan
1450,3.57e-04,0.7842,0.0000,0.0000,0.0000,0.0000,5.0,nan
1451,3.57e-04,0.8736,0.0000,0.0000,0.0000,0.0000,4.8,nan
1452,3.57e-04,0.3468,0.0000,0.0000,0.0000,0.0000,4.9,nan
1453,3.57e-04,0.6443,0.0000,0.0000,0.0000,0.0000,5.0,nan
1454,3.56e-04,0.5790,0.0000,0.0000,0.0000,0.0000,5.0,nan
1455,3.56e-04,0.6799,0.0000,0.0000,0.0000,0.0000,5.1,nan
1456,3.56e-04,0.8502,0.0000,0.0000,0.0000,0.0000,4.9,nan
1457,3.56e-04,0.5718,0.0000,0.0000,0.0000,0.0000,4.9,nan
1458,3.56e-04,0.3770,0.0000,0.0000,0.0000,0.0000,5.1,nan
1459,3.55e-04,0.8496,0.0000,0.0000,0.0000,0.0000,4.8,nan
1460,3.55e-04,0.5351,0.0000,0.0000,0.0000,0.0000,8.2,0.6780
1461,3.55e-04,0.8390,0.0000,0.0000,0.0000,0.0000,4.9,nan
1462,3.55e-04,0.6135,0.0000,0.0000,0.0000,0.0000,5.1,nan
1463,3.55e-04,0.8910,0.0000,0.0000,0.0000,0.0000,5.0,nan
1464,3.55e-04,0.8006,0.0000,0.0000,0.0000,0.0000,4.8,nan
1465,3.54e-04,0.7371,0.0000,0.0000,0.0000,0.0000,4.9,nan
1466,3.54e-04,0.4183,0.0000,0.0000,0.0000,0.0000,5.1,nan
1467,3.54e-04,0.5569,0.0000,0.0000,0.0000,0.0000,4.9,nan
1468,3.54e-04,0.7525,0.0000,0.0000,0.0000,0.0000,4.9,nan
1469,3.54e-04,0.7243,0.0000,0.0000,0.0000,0.0000,4.8,nan
1470,3.54e-04,0.5977,0.0000,0.0000,0.0000,0.0000,5.1,nan
1471,3.53e-04,0.6731,0.0000,0.0000,0.0000,0.0000,4.9,nan
1472,3.53e-04,0.8785,0.0000,0.0000,0.0000,0.0000,4.8,nan
1473,3.53e-04,0.5401,0.0000,0.0000,0.0000,0.0000,4.8,nan
1474,3.53e-04,0.9457,0.0000,0.0000,0.0000,0.0000,4.8,nan
1475,3.53e-04,0.5798,0.0000,0.0000,0.0000,0.0000,4.9,nan
1476,3.52e-04,0.5204,0.0000,0.0000,0.0000,0.0000,4.8,nan
1477,3.52e-04,0.7389,0.0000,0.0000,0.0000,0.0000,5.0,nan
1478,3.52e-04,0.7611,0.0000,0.0000,0.0000,0.0000,5.0,nan
1479,3.52e-04,0.7073,0.0000,0.0000,0.0000,0.0000,4.9,nan
1480,3.52e-04,0.9367,0.0000,0.0000,0.0000,0.0000,8.4,0.7013
1481,3.52e-04,0.7679,0.0000,0.0000,0.0000,0.0000,4.9,nan
1482,3.51e-04,0.9736,0.0000,0.0000,0.0000,0.0000,4.9,nan
1483,3.51e-04,0.6111,0.0000,0.0000,0.0000,0.0000,4.9,nan
1484,3.51e-04,0.8623,0.0000,0.0000,0.0000,0.0000,5.0,nan
1485,3.51e-04,0.4603,0.0000,0.0000,0.0000,0.0000,4.9,nan
1486,3.51e-04,0.5831,0.0000,0.0000,0.0000,0.0000,4.8,nan
1487,3.51e-04,0.6584,0.0000,0.0000,0.0000,0.0000,5.1,nan
1488,3.50e-04,0.6602,0.0000,0.0000,0.0000,0.0000,4.7,nan
1489,3.50e-04,0.8012,0.0000,0.0000,0.0000,0.0000,5.1,nan
1490,3.50e-04,0.5792,0.0000,0.0000,0.0000,0.0000,5.1,nan
1491,3.50e-04,0.5650,0.0000,0.0000,0.0000,0.0000,5.2,nan
1492,3.50e-04,0.7146,0.0000,0.0000,0.0000,0.0000,4.8,nan
1493,3.49e-04,0.5166,0.0000,0.0000,0.0000,0.0000,4.8,nan
1494,3.49e-04,1.0134,0.0000,0.0000,0.0000,0.0000,5.2,nan
1495,3.49e-04,0.7628,0.0000,0.0000,0.0000,0.0000,5.1,nan
1496,3.49e-04,0.5970,0.0000,0.0000,0.0000,0.0000,4.7,nan
1497,3.49e-04,0.5825,0.0000,0.0000,0.0000,0.0000,5.1,nan
1498,3.49e-04,0.4597,0.0000,0.0000,0.0000,0.0000,4.8,nan
1499,3.48e-04,0.6510,0.0000,0.0000,0.0000,0.0000,4.9,nan
1500,3.48e-04,0.4444,0.0000,0.0000,0.0000,0.0000,8.2,0.6970
1501,3.48e-04,0.6989,0.0000,0.0000,0.0000,0.0000,5.0,nan
1502,3.48e-04,0.7180,0.0000,0.0000,0.0000,0.0000,5.0,nan
1503,3.48e-04,0.6871,0.0000,0.0000,0.0000,0.0000,5.0,nan
1504,3.47e-04,0.8741,0.0000,0.0000,0.0000,0.0000,5.0,nan
1505,3.47e-04,0.6035,0.0000,0.0000,0.0000,0.0000,4.7,nan
1506,3.47e-04,0.8087,0.0000,0.0000,0.0000,0.0000,5.0,nan
1507,3.47e-04,0.3916,0.0000,0.0000,0.0000,0.0000,4.8,nan
1508,3.47e-04,0.5314,0.0000,0.0000,0.0000,0.0000,5.0,nan
1509,3.47e-04,0.8731,0.0000,0.0000,0.0000,0.0000,4.7,nan
1510,3.46e-04,0.7524,0.0000,0.0000,0.0000,0.0000,5.0,nan
1511,3.46e-04,0.7019,0.0000,0.0000,0.0000,0.0000,4.7,nan
1512,3.46e-04,0.9853,0.0000,0.0000,0.0000,0.0000,5.0,nan
1513,3.46e-04,0.5154,0.0000,0.0000,0.0000,0.0000,4.9,nan
1514,3.46e-04,0.5924,0.0000,0.0000,0.0000,0.0000,4.9,nan
1515,3.45e-04,0.6261,0.0000,0.0000,0.0000,0.0000,4.7,nan
1516,3.45e-04,0.9587,0.0000,0.0000,0.0000,0.0000,4.9,nan
1517,3.45e-04,0.6841,0.0000,0.0000,0.0000,0.0000,5.0,nan
1518,3.45e-04,0.4200,0.0000,0.0000,0.0000,0.0000,4.9,nan
1519,3.45e-04,0.8611,0.0000,0.0000,0.0000,0.0000,5.0,nan
1520,3.45e-04,0.8774,0.0000,0.0000,0.0000,0.0000,7.9,0.6462
1521,3.44e-04,0.8088,0.0000,0.0000,0.0000,0.0000,5.1,nan
1522,3.44e-04,0.5953,0.0000,0.0000,0.0000,0.0000,4.8,nan
1523,3.44e-04,0.4879,0.0000,0.0000,0.0000,0.0000,5.0,nan
1524,3.44e-04,0.6184,0.0000,0.0000,0.0000,0.0000,5.1,nan
1525,3.44e-04,0.5105,0.0000,0.0000,0.0000,0.0000,4.9,nan
1526,3.43e-04,0.5102,0.0000,0.0000,0.0000,0.0000,5.1,nan
1527,3.43e-04,0.3163,0.0000,0.0000,0.0000,0.0000,5.0,nan
1528,3.43e-04,0.6973,0.0000,0.0000,0.0000,0.0000,4.9,nan
1529,3.43e-04,0.4720,0.0000,0.0000,0.0000,0.0000,4.8,nan
1530,3.43e-04,0.7032,0.0000,0.0000,0.0000,0.0000,4.8,nan
1531,3.43e-04,0.6054,0.0000,0.0000,0.0000,0.0000,4.9,nan
1532,3.42e-04,0.8753,0.0000,0.0000,0.0000,0.0000,4.9,nan
1533,3.42e-04,0.7861,0.0000,0.0000,0.0000,0.0000,5.0,nan
1534,3.42e-04,0.7745,0.0000,0.0000,0.0000,0.0000,5.0,nan
1535,3.42e-04,0.7078,0.0000,0.0000,0.0000,0.0000,4.9,nan
1536,3.42e-04,0.8175,0.0000,0.0000,0.0000,0.0000,4.9,nan
1537,3.41e-04,0.6493,0.0000,0.0000,0.0000,0.0000,5.1,nan
1538,3.41e-04,0.7219,0.0000,0.0000,0.0000,0.0000,4.8,nan
1539,3.41e-04,0.8041,0.0000,0.0000,0.0000,0.0000,4.8,nan
1540,3.41e-04,0.6565,0.0000,0.0000,0.0000,0.0000,7.9,0.6589
1541,3.41e-04,0.5938,0.0000,0.0000,0.0000,0.0000,4.9,nan
1542,3.41e-04,0.9923,0.0000,0.0000,0.0000,0.0000,4.7,nan
1543,3.40e-04,0.8288,0.0000,0.0000,0.0000,0.0000,4.9,nan
1544,3.40e-04,0.5349,0.0000,0.0000,0.0000,0.0000,4.8,nan
1545,3.40e-04,0.5941,0.0000,0.0000,0.0000,0.0000,4.9,nan
1546,3.40e-04,0.5109,0.0000,0.0000,0.0000,0.0000,4.9,nan
1547,3.40e-04,0.7188,0.0000,0.0000,0.0000,0.0000,5.0,nan
1548,3.39e-04,0.6934,0.0000,0.0000,0.0000,0.0000,5.0,nan
1549,3.39e-04,0.6589,0.0000,0.0000,0.0000,0.0000,5.0,nan
1550,3.39e-04,0.4710,0.0000,0.0000,0.0000,0.0000,4.9,nan
1551,3.39e-04,0.8656,0.0000,0.0000,0.0000,0.0000,5.0,nan
1552,3.39e-04,0.7221,0.0000,0.0000,0.0000,0.0000,5.0,nan
1553,3.39e-04,0.6824,0.0000,0.0000,0.0000,0.0000,5.0,nan
1554,3.38e-04,0.4721,0.0000,0.0000,0.0000,0.0000,5.1,nan
1555,3.38e-04,0.7212,0.0000,0.0000,0.0000,0.0000,5.0,nan
1556,3.38e-04,0.5250,0.0000,0.0000,0.0000,0.0000,4.8,nan
1557,3.38e-04,0.6192,0.0000,0.0000,0.0000,0.0000,5.0,nan
1558,3.38e-04,0.8529,0.0000,0.0000,0.0000,0.0000,5.0,nan
1559,3.37e-04,0.5986,0.0000,0.0000,0.0000,0.0000,4.8,nan
1560,3.37e-04,0.8853,0.0000,0.0000,0.0000,0.0000,8.0,0.6780
1561,3.37e-04,0.7241,0.0000,0.0000,0.0000,0.0000,5.0,nan
1562,3.37e-04,0.6824,0.0000,0.0000,0.0000,0.0000,5.0,nan
1563,3.37e-04,0.5958,0.0000,0.0000,0.0000,0.0000,4.9,nan
1564,3.37e-04,0.7254,0.0000,0.0000,0.0000,0.0000,4.8,nan
1565,3.36e-04,0.8944,0.0000,0.0000,0.0000,0.0000,4.8,nan
1566,3.36e-04,0.7779,0.0000,0.0000,0.0000,0.0000,5.0,nan
1567,3.36e-04,0.5007,0.0000,0.0000,0.0000,0.0000,5.0,nan
1568,3.36e-04,0.8769,0.0000,0.0000,0.0000,0.0000,5.2,nan
1569,3.36e-04,0.7736,0.0000,0.0000,0.0000,0.0000,4.8,nan
1570,3.35e-04,0.9364,0.0000,0.0000,0.0000,0.0000,5.0,nan
1571,3.35e-04,0.6893,0.0000,0.0000,0.0000,0.0000,5.0,nan
1572,3.35e-04,0.6118,0.0000,0.0000,0.0000,0.0000,4.8,nan
1573,3.35e-04,0.6985,0.0000,0.0000,0.0000,0.0000,4.8,nan
1574,3.35e-04,0.5135,0.0000,0.0000,0.0000,0.0000,5.0,nan
1575,3.35e-04,0.6506,0.0000,0.0000,0.0000,0.0000,5.1,nan
1576,3.34e-04,0.7005,0.0000,0.0000,0.0000,0.0000,4.8,nan
1577,3.34e-04,0.8133,0.0000,0.0000,0.0000,0.0000,5.0,nan
1578,3.34e-04,0.6847,0.0000,0.0000,0.0000,0.0000,4.8,nan
1579,3.34e-04,0.7585,0.0000,0.0000,0.0000,0.0000,5.0,nan
1580,3.34e-04,0.8897,0.0000,0.0000,0.0000,0.0000,8.1,0.7055
1581,3.33e-04,0.8662,0.0000,0.0000,0.0000,0.0000,4.9,nan
1582,3.33e-04,0.9104,0.0000,0.0000,0.0000,0.0000,5.0,nan
1583,3.33e-04,0.3740,0.0000,0.0000,0.0000,0.0000,4.9,nan
1584,3.33e-04,0.3307,0.0000,0.0000,0.0000,0.0000,5.0,nan
1585,3.33e-04,0.7802,0.0000,0.0000,0.0000,0.0000,5.1,nan
1586,3.33e-04,0.5873,0.0000,0.0000,0.0000,0.0000,5.0,nan
1587,3.32e-04,0.4202,0.0000,0.0000,0.0000,0.0000,4.9,nan
1588,3.32e-04,0.4433,0.0000,0.0000,0.0000,0.0000,5.0,nan
1589,3.32e-04,0.8238,0.0000,0.0000,0.0000,0.0000,5.0,nan
1590,3.32e-04,1.0335,0.0000,0.0000,0.0000,0.0000,5.0,nan
1591,3.32e-04,0.7555,0.0000,0.0000,0.0000,0.0000,5.0,nan
1592,3.31e-04,1.0637,0.0000,0.0000,0.0000,0.0000,5.1,nan
1593,3.31e-04,0.8048,0.0000,0.0000,0.0000,0.0000,4.9,nan
1594,3.31e-04,0.7839,0.0000,0.0000,0.0000,0.0000,5.0,nan
1595,3.31e-04,0.4991,0.0000,0.0000,0.0000,0.0000,4.9,nan
1596,3.31e-04,1.0587,0.0000,0.0000,0.0000,0.0000,4.8,nan
1597,3.30e-04,0.5476,0.0000,0.0000,0.0000,0.0000,5.2,nan
1598,3.30e-04,0.8247,0.0000,0.0000,0.0000,0.0000,4.9,nan
1599,3.30e-04,0.7905,0.0000,0.0000,0.0000,0.0000,4.9,nan
1600,3.30e-04,0.4753,0.0000,0.0000,0.0000,0.0000,8.1,0.6631
1601,3.30e-04,0.5629,0.0000,0.0000,0.0000,0.0000,4.9,nan
1602,3.30e-04,0.8472,0.0000,0.0000,0.0000,0.0000,4.8,nan
1603,3.29e-04,0.9249,0.0000,0.0000,0.0000,0.0000,5.0,nan
1604,3.29e-04,0.8203,0.0000,0.0000,0.0000,0.0000,4.8,nan
1605,3.29e-04,0.4557,0.0000,0.0000,0.0000,0.0000,4.7,nan
1606,3.29e-04,0.8926,0.0000,0.0000,0.0000,0.0000,4.7,nan
1607,3.29e-04,0.7253,0.0000,0.0000,0.0000,0.0000,4.9,nan
1608,3.28e-04,0.7286,0.0000,0.0000,0.0000,0.0000,4.7,nan
1609,3.28e-04,0.6085,0.0000,0.0000,0.0000,0.0000,5.0,nan
1610,3.28e-04,0.6723,0.0000,0.0000,0.0000,0.0000,5.0,nan
1611,3.28e-04,0.4025,0.0000,0.0000,0.0000,0.0000,5.2,nan
1612,3.28e-04,0.8515,0.0000,0.0000,0.0000,0.0000,5.3,nan
1613,3.28e-04,0.6468,0.0000,0.0000,0.0000,0.0000,5.0,nan
1614,3.27e-04,0.4837,0.0000,0.0000,0.0000,0.0000,5.0,nan
1615,3.27e-04,0.6820,0.0000,0.0000,0.0000,0.0000,4.9,nan
1616,3.27e-04,0.6530,0.0000,0.0000,0.0000,0.0000,4.7,nan
1617,3.27e-04,0.7438,0.0000,0.0000,0.0000,0.0000,4.9,nan
1618,3.27e-04,0.5227,0.0000,0.0000,0.0000,0.0000,4.9,nan
1619,3.26e-04,0.8156,0.0000,0.0000,0.0000,0.0000,5.0,nan
1620,3.26e-04,0.6287,0.0000,0.0000,0.0000,0.0000,8.0,0.6674
1621,3.26e-04,0.8388,0.0000,0.0000,0.0000,0.0000,5.0,nan
1622,3.26e-04,0.4273,0.0000,0.0000,0.0000,0.0000,5.0,nan
1623,3.26e-04,0.5098,0.0000,0.0000,0.0000,0.0000,4.8,nan
1624,3.25e-04,0.7855,0.0000,0.0000,0.0000,0.0000,4.8,nan
1625,3.25e-04,0.8602,0.0000,0.0000,0.0000,0.0000,4.9,nan
1626,3.25e-04,0.7560,0.0000,0.0000,0.0000,0.0000,4.7,nan
1627,3.25e-04,0.8261,0.0000,0.0000,0.0000,0.0000,5.1,nan
1628,3.25e-04,0.7807,0.0000,0.0000,0.0000,0.0000,4.7,nan
1629,3.25e-04,0.7535,0.0000,0.0000,0.0000,0.0000,5.0,nan
1630,3.24e-04,0.5390,0.0000,0.0000,0.0000,0.0000,5.0,nan
1631,3.24e-04,0.6693,0.0000,0.0000,0.0000,0.0000,4.8,nan
1632,3.24e-04,0.6020,0.0000,0.0000,0.0000,0.0000,4.8,nan
1633,3.24e-04,0.5872,0.0000,0.0000,0.0000,0.0000,5.0,nan
1634,3.24e-04,1.0355,0.0000,0.0000,0.0000,0.0000,5.1,nan
1635,3.23e-04,0.5848,0.0000,0.0000,0.0000,0.0000,4.9,nan
1636,3.23e-04,0.5011,0.0000,0.0000,0.0000,0.0000,5.0,nan
1637,3.23e-04,0.4919,0.0000,0.0000,0.0000,0.0000,5.0,nan
1638,3.23e-04,0.6644,0.0000,0.0000,0.0000,0.0000,5.0,nan
1639,3.23e-04,0.9018,0.0000,0.0000,0.0000,0.0000,4.8,nan
1640,3.22e-04,0.6687,0.0000,0.0000,0.0000,0.0000,8.0,0.6653
1641,3.22e-04,0.7202,0.0000,0.0000,0.0000,0.0000,5.0,nan
1642,3.22e-04,0.6334,0.0000,0.0000,0.0000,0.0000,5.1,nan
1643,3.22e-04,0.8496,0.0000,0.0000,0.0000,0.0000,5.0,nan
1644,3.22e-04,0.4262,0.0000,0.0000,0.0000,0.0000,5.0,nan
1645,3.22e-04,0.5764,0.0000,0.0000,0.0000,0.0000,4.7,nan
1646,3.21e-04,0.6719,0.0000,0.0000,0.0000,0.0000,5.1,nan
1647,3.21e-04,0.9635,0.0000,0.0000,0.0000,0.0000,4.9,nan
1648,3.21e-04,0.7819,0.0000,0.0000,0.0000,0.0000,5.1,nan
1649,3.21e-04,0.6400,0.0000,0.0000,0.0000,0.0000,5.1,nan
1650,3.21e-04,0.5974,0.0000,0.0000,0.0000,0.0000,4.9,nan
1651,3.20e-04,0.6808,0.0000,0.0000,0.0000,0.0000,4.7,nan
1652,3.20e-04,0.5768,0.0000,0.0000,0.0000,0.0000,4.9,nan
1653,3.20e-04,0.7014,0.0000,0.0000,0.0000,0.0000,4.9,nan
1654,3.20e-04,0.6268,0.0000,0.0000,0.0000,0.0000,4.7,nan
1655,3.20e-04,0.7911,0.0000,0.0000,0.0000,0.0000,4.9,nan
1656,3.19e-04,0.5872,0.0000,0.0000,0.0000,0.0000,5.1,nan
1657,3.19e-04,0.5305,0.0000,0.0000,0.0000,0.0000,5.0,nan
1658,3.19e-04,0.7990,0.0000,0.0000,0.0000,0.0000,5.0,nan
1659,3.19e-04,0.5127,0.0000,0.0000,0.0000,0.0000,4.8,nan
1660,3.19e-04,0.5772,0.0000,0.0000,0.0000,0.0000,8.0,0.6928
1661,3.19e-04,0.8094,0.0000,0.0000,0.0000,0.0000,5.0,nan
1662,3.18e-04,0.5333,0.0000,0.0000,0.0000,0.0000,4.9,nan
1663,3.18e-04,0.5388,0.0000,0.0000,0.0000,0.0000,4.8,nan
1664,3.18e-04,0.3347,0.0000,0.0000,0.0000,0.0000,4.9,nan
1665,3.18e-04,0.7919,0.0000,0.0000,0.0000,0.0000,5.1,nan
1666,3.18e-04,0.9787,0.0000,0.0000,0.0000,0.0000,4.8,nan
1667,3.17e-04,0.5741,0.0000,0.0000,0.0000,0.0000,4.8,nan
1668,3.17e-04,0.7303,0.0000,0.0000,0.0000,0.0000,4.9,nan
1669,3.17e-04,0.5480,0.0000,0.0000,0.0000,0.0000,5.1,nan
1670,3.17e-04,0.6327,0.0000,0.0000,0.0000,0.0000,4.8,nan
1671,3.17e-04,0.8500,0.0000,0.0000,0.0000,0.0000,4.9,nan
1672,3.16e-04,0.7444,0.0000,0.0000,0.0000,0.0000,5.0,nan
1673,3.16e-04,0.8012,0.0000,0.0000,0.0000,0.0000,5.0,nan
1674,3.16e-04,0.8872,0.0000,0.0000,0.0000,0.0000,5.0,nan
1675,3.16e-04,0.9378,0.0000,0.0000,0.0000,0.0000,4.9,nan
1676,3.16e-04,0.4179,0.0000,0.0000,0.0000,0.0000,4.9,nan
1677,3.16e-04,0.6036,0.0000,0.0000,0.0000,0.0000,5.0,nan
1678,3.15e-04,0.7363,0.0000,0.0000,0.0000,0.0000,4.8,nan
1679,3.15e-04,0.5128,0.0000,0.0000,0.0000,0.0000,4.8,nan
1680,3.15e-04,1.0222,0.0000,0.0000,0.0000,0.0000,7.9,0.6462
1681,3.15e-04,0.9650,0.0000,0.0000,0.0000,0.0000,5.0,nan
1682,3.15e-04,0.6197,0.0000,0.0000,0.0000,0.0000,4.9,nan
1683,3.14e-04,0.7860,0.0000,0.0000,0.0000,0.0000,4.8,nan
1684,3.14e-04,0.9052,0.0000,0.0000,0.0000,0.0000,5.1,nan
1685,3.14e-04,0.7024,0.0000,0.0000,0.0000,0.0000,5.0,nan
1686,3.14e-04,0.8849,0.0000,0.0000,0.0000,0.0000,4.9,nan
1687,3.14e-04,0.7713,0.0000,0.0000,0.0000,0.0000,4.8,nan
1688,3.13e-04,0.8529,0.0000,0.0000,0.0000,0.0000,4.8,nan
1689,3.13e-04,0.5871,0.0000,0.0000,0.0000,0.0000,5.1,nan
1690,3.13e-04,0.6377,0.0000,0.0000,0.0000,0.0000,5.0,nan
1691,3.13e-04,0.6522,0.0000,0.0000,0.0000,0.0000,4.9,nan
1692,3.13e-04,0.5640,0.0000,0.0000,0.0000,0.0000,4.9,nan
1693,3.13e-04,0.5186,0.0000,0.0000,0.0000,0.0000,4.9,nan
1694,3.12e-04,0.8678,0.0000,0.0000,0.0000,0.0000,4.8,nan
1695,3.12e-04,0.7402,0.0000,0.0000,0.0000,0.0000,4.9,nan
1696,3.12e-04,0.7012,0.0000,0.0000,0.0000,0.0000,4.9,nan
1697,3.12e-04,1.0642,0.0000,0.0000,0.0000,0.0000,4.8,nan
1698,3.12e-04,0.6452,0.0000,0.0000,0.0000,0.0000,4.9,nan
1699,3.11e-04,0.6287,0.0000,0.0000,0.0000,0.0000,4.8,nan
1700,3.11e-04,0.5655,0.0000,0.0000,0.0000,0.0000,8.2,0.6441
1701,3.11e-04,0.7309,0.0000,0.0000,0.0000,0.0000,4.9,nan
1702,3.11e-04,0.4963,0.0000,0.0000,0.0000,0.0000,5.0,nan
1703,3.11e-04,0.7800,0.0000,0.0000,0.0000,0.0000,4.9,nan
1704,3.10e-04,0.6324,0.0000,0.0000,0.0000,0.0000,4.9,nan
1705,3.10e-04,0.4341,0.0000,0.0000,0.0000,0.0000,5.0,nan
1706,3.10e-04,0.3846,0.0000,0.0000,0.0000,0.0000,4.7,nan
1707,3.10e-04,0.6869,0.0000,0.0000,0.0000,0.0000,4.7,nan
1708,3.10e-04,0.9993,0.0000,0.0000,0.0000,0.0000,4.8,nan
1709,3.09e-04,0.4402,0.0000,0.0000,0.0000,0.0000,4.8,nan
1710,3.09e-04,0.6958,0.0000,0.0000,0.0000,0.0000,4.8,nan
1711,3.09e-04,0.6732,0.0000,0.0000,0.0000,0.0000,5.1,nan
1712,3.09e-04,0.4078,0.0000,0.0000,0.0000,0.0000,4.9,nan
1713,3.09e-04,0.6226,0.0000,0.0000,0.0000,0.0000,5.0,nan
1714,3.09e-04,0.4186,0.0000,0.0000,0.0000,0.0000,5.0,nan
1715,3.08e-04,0.5976,0.0000,0.0000,0.0000,0.0000,5.0,nan
1716,3.08e-04,0.6703,0.0000,0.0000,0.0000,0.0000,4.9,nan
1717,3.08e-04,0.6527,0.0000,0.0000,0.0000,0.0000,4.8,nan
1718,3.08e-04,0.5373,0.0000,0.0000,0.0000,0.0000,5.0,nan
1719,3.08e-04,1.0703,0.0000,0.0000,0.0000,0.0000,4.9,nan
1720,3.07e-04,0.7913,0.0000,0.0000,0.0000,0.0000,8.2,0.6801
1721,3.07e-04,0.7244,0.0000,0.0000,0.0000,0.0000,5.0,nan
1722,3.07e-04,0.6575,0.0000,0.0000,0.0000,0.0000,5.1,nan
1723,3.07e-04,0.9403,0.0000,0.0000,0.0000,0.0000,5.0,nan
1724,3.07e-04,1.0880,0.0000,0.0000,0.0000,0.0000,4.7,nan
1725,3.06e-04,0.6526,0.0000,0.0000,0.0000,0.0000,4.8,nan
1726,3.06e-04,0.6928,0.0000,0.0000,0.0000,0.0000,5.0,nan
1727,3.06e-04,0.5095,0.0000,0.0000,0.0000,0.0000,5.0,nan
1728,3.06e-04,0.5061,0.0000,0.0000,0.0000,0.0000,5.0,nan
1729,3.06e-04,0.6562,0.0000,0.0000,0.0000,0.0000,5.0,nan
1730,3.06e-04,0.5995,0.0000,0.0000,0.0000,0.0000,4.9,nan
1731,3.05e-04,0.6835,0.0000,0.0000,0.0000,0.0000,5.0,nan
1732,3.05e-04,0.7559,0.0000,0.0000,0.0000,0.0000,5.3,nan
1733,3.05e-04,1.0067,0.0000,0.0000,0.0000,0.0000,4.8,nan
1734,3.05e-04,0.8002,0.0000,0.0000,0.0000,0.0000,5.0,nan
1735,3.05e-04,0.6767,0.0000,0.0000,0.0000,0.0000,4.8,nan
1736,3.04e-04,0.6988,0.0000,0.0000,0.0000,0.0000,4.9,nan
1737,3.04e-04,0.5383,0.0000,0.0000,0.0000,0.0000,4.9,nan
1738,3.04e-04,0.6037,0.0000,0.0000,0.0000,0.0000,5.0,nan
1739,3.04e-04,0.7704,0.0000,0.0000,0.0000,0.0000,5.0,nan
1740,3.04e-04,0.8123,0.0000,0.0000,0.0000,0.0000,8.2,0.6674
1741,3.03e-04,1.0140,0.0000,0.0000,0.0000,0.0000,4.9,nan
1742,3.03e-04,0.7155,0.0000,0.0000,0.0000,0.0000,5.1,nan
1743,3.03e-04,0.6265,0.0000,0.0000,0.0000,0.0000,4.8,nan
1744,3.03e-04,0.9352,0.0000,0.0000,0.0000,0.0000,4.9,nan
1745,3.03e-04,0.5803,0.0000,0.0000,0.0000,0.0000,4.9,nan
1746,3.02e-04,0.5463,0.0000,0.0000,0.0000,0.0000,4.9,nan
1747,3.02e-04,0.8505,0.0000,0.0000,0.0000,0.0000,5.1,nan
1748,3.02e-04,0.5116,0.0000,0.0000,0.0000,0.0000,5.0,nan
1749,3.02e-04,0.6883,0.0000,0.0000,0.0000,0.0000,5.0,nan
1750,3.02e-04,1.0078,0.0000,0.0000,0.0000,0.0000,5.0,nan
1751,3.02e-04,0.6279,0.0000,0.0000,0.0000,0.0000,4.9,nan
1752,3.01e-04,0.4744,0.0000,0.0000,0.0000,0.0000,4.9,nan
1753,3.01e-04,0.4813,0.0000,0.0000,0.0000,0.0000,5.1,nan
1754,3.01e-04,0.5891,0.0000,0.0000,0.0000,0.0000,4.9,nan
1755,3.01e-04,0.8779,0.0000,0.0000,0.0000,0.0000,4.9,nan
1756,3.01e-04,0.4795,0.0000,0.0000,0.0000,0.0000,5.0,nan
1757,3.00e-04,0.5854,0.0000,0.0000,0.0000,0.0000,4.9,nan
1758,3.00e-04,0.6330,0.0000,0.0000,0.0000,0.0000,5.0,nan
1759,3.00e-04,0.6381,0.0000,0.0000,0.0000,0.0000,5.0,nan
1760,3.00e-04,0.6028,0.0000,0.0000,0.0000,0.0000,8.1,0.6377
1761,3.00e-04,0.9525,0.0000,0.0000,0.0000,0.0000,4.8,nan
1762,2.99e-04,0.6472,0.0000,0.0000,0.0000,0.0000,4.8,nan
1763,2.99e-04,0.5953,0.0000,0.0000,0.0000,0.0000,5.0,nan
1764,2.99e-04,0.3881,0.0000,0.0000,0.0000,0.0000,5.0,nan
1765,2.99e-04,0.8793,0.0000,0.0000,0.0000,0.0000,5.1,nan
1766,2.99e-04,0.4248,0.0000,0.0000,0.0000,0.0000,5.1,nan
1767,2.98e-04,0.4705,0.0000,0.0000,0.0000,0.0000,5.1,nan
1768,2.98e-04,0.6830,0.0000,0.0000,0.0000,0.0000,5.1,nan
1769,2.98e-04,0.6120,0.0000,0.0000,0.0000,0.0000,4.7,nan
1770,2.98e-04,0.4934,0.0000,0.0000,0.0000,0.0000,5.0,nan
1771,2.98e-04,0.6182,0.0000,0.0000,0.0000,0.0000,5.0,nan
1772,2.97e-04,0.8522,0.0000,0.0000,0.0000,0.0000,4.9,nan
1773,2.97e-04,0.7131,0.0000,0.0000,0.0000,0.0000,5.0,nan
1774,2.97e-04,0.9372,0.0000,0.0000,0.0000,0.0000,5.1,nan
1775,2.97e-04,0.5786,0.0000,0.0000,0.0000,0.0000,4.7,nan
1776,2.97e-04,0.6695,0.0000,0.0000,0.0000,0.0000,5.0,nan
1777,2.97e-04,0.5508,0.0000,0.0000,0.0000,0.0000,5.1,nan
1778,2.96e-04,0.7043,0.0000,0.0000,0.0000,0.0000,4.8,nan
1779,2.96e-04,0.6752,0.0000,0.0000,0.0000,0.0000,5.1,nan
1780,2.96e-04,0.5572,0.0000,0.0000,0.0000,0.0000,7.8,0.6631
1781,2.96e-04,0.5051,0.0000,0.0000,0.0000,0.0000,4.9,nan
1782,2.96e-04,0.5754,0.0000,0.0000,0.0000,0.0000,4.9,nan
1783,2.95e-04,0.8032,0.0000,0.0000,0.0000,0.0000,4.9,nan
1784,2.95e-04,0.5586,0.0000,0.0000,0.0000,0.0000,4.9,nan
1785,2.95e-04,0.5846,0.0000,0.0000,0.0000,0.0000,5.1,nan
1786,2.95e-04,0.7110,0.0000,0.0000,0.0000,0.0000,4.9,nan
1787,2.95e-04,0.6925,0.0000,0.0000,0.0000,0.0000,4.9,nan
1788,2.94e-04,0.7448,0.0000,0.0000,0.0000,0.0000,4.9,nan
1789,2.94e-04,0.6324,0.0000,0.0000,0.0000,0.0000,4.8,nan
1790,2.94e-04,0.4738,0.0000,0.0000,0.0000,0.0000,5.1,nan
1791,2.94e-04,0.6538,0.0000,0.0000,0.0000,0.0000,5.1,nan
1792,2.94e-04,0.8799,0.0000,0.0000,0.0000,0.0000,4.9,nan
1793,2.93e-04,0.5878,0.0000,0.0000,0.0000,0.0000,4.7,nan
1794,2.93e-04,0.4234,0.0000,0.0000,0.0000,0.0000,4.9,nan
1795,2.93e-04,0.5564,0.0000,0.0000,0.0000,0.0000,5.0,nan
1796,2.93e-04,0.7595,0.0000,0.0000,0.0000,0.0000,4.7,nan
1797,2.93e-04,0.5597,0.0000,0.0000,0.0000,0.0000,4.9,nan
1798,2.92e-04,0.6810,0.0000,0.0000,0.0000,0.0000,5.0,nan
1799,2.92e-04,0.7064,0.0000,0.0000,0.0000,0.0000,5.2,nan
1800,2.92e-04,0.4444,0.0000,0.0000,0.0000,0.0000,8.7,0.6335
1801,2.92e-04,0.5186,0.0000,0.0000,0.0000,0.0000,5.0,nan
1802,2.92e-04,0.6074,0.0000,0.0000,0.0000,0.0000,4.8,nan
1803,2.92e-04,0.9015,0.0000,0.0000,0.0000,0.0000,5.0,nan
1804,2.91e-04,0.7516,0.0000,0.0000,0.0000,0.0000,5.1,nan
1805,2.91e-04,0.7850,0.0000,0.0000,0.0000,0.0000,4.9,nan
1806,2.91e-04,0.5750,0.0000,0.0000,0.0000,0.0000,5.0,nan
1807,2.91e-04,0.4713,0.0000,0.0000,0.0000,0.0000,4.8,nan
1808,2.91e-04,0.5899,0.0000,0.0000,0.0000,0.0000,5.0,nan
1809,2.90e-04,0.5253,0.0000,0.0000,0.0000,0.0000,4.8,nan
1810,2.90e-04,0.5833,0.0000,0.0000,0.0000,0.0000,4.8,nan
1811,2.90e-04,0.7552,0.0000,0.0000,0.0000,0.0000,5.0,nan
1812,2.90e-04,0.6716,0.0000,0.0000,0.0000,0.0000,4.9,nan
1813,2.90e-04,1.1232,0.0000,0.0000,0.0000,0.0000,4.8,nan
1814,2.89e-04,0.6926,0.0000,0.0000,0.0000,0.0000,4.7,nan
1815,2.89e-04,1.0176,0.0000,0.0000,0.0000,0.0000,4.8,nan
1816,2.89e-04,0.3800,0.0000,0.0000,0.0000,0.0000,5.1,nan
1817,2.89e-04,0.8024,0.0000,0.0000,0.0000,0.0000,4.8,nan
1818,2.89e-04,0.9032,0.0000,0.0000,0.0000,0.0000,5.0,nan
1819,2.88e-04,0.4777,0.0000,0.0000,0.0000,0.0000,4.9,nan
1820,2.88e-04,0.7570,0.0000,0.0000,0.0000,0.0000,8.2,0.6674
1821,2.88e-04,0.7322,0.0000,0.0000,0.0000,0.0000,4.9,nan
1822,2.88e-04,0.8736,0.0000,0.0000,0.0000,0.0000,5.1,nan
1823,2.88e-04,0.8211,0.0000,0.0000,0.0000,0.0000,5.0,nan
1824,2.87e-04,0.8354,0.0000,0.0000,0.0000,0.0000,4.9,nan
1825,2.87e-04,0.8453,0.0000,0.0000,0.0000,0.0000,5.1,nan
1826,2.87e-04,0.5253,0.0000,0.0000,0.0000,0.0000,5.0,nan
1827,2.87e-04,0.7093,0.0000,0.0000,0.0000,0.0000,4.8,nan
1828,2.87e-04,0.8299,0.0000,0.0000,0.0000,0.0000,4.9,nan
1829,2.87e-04,0.5495,0.0000,0.0000,0.0000,0.0000,5.0,nan
1830,2.86e-04,0.5150,0.0000,0.0000,0.0000,0.0000,4.9,nan
1831,2.86e-04,0.5844,0.0000,0.0000,0.0000,0.0000,5.0,nan
1832,2.86e-04,0.8879,0.0000,0.0000,0.0000,0.0000,5.1,nan
1833,2.86e-04,0.8675,0.0000,0.0000,0.0000,0.0000,4.7,nan
1834,2.86e-04,0.5722,0.0000,0.0000,0.0000,0.0000,5.0,nan
1835,2.85e-04,0.6369,0.0000,0.0000,0.0000,0.0000,4.8,nan
1836,2.85e-04,0.6562,0.0000,0.0000,0.0000,0.0000,5.0,nan
1837,2.85e-04,0.8083,0.0000,0.0000,0.0000,0.0000,5.2,nan
1838,2.85e-04,0.7714,0.0000,0.0000,0.0000,0.0000,4.7,nan
1839,2.85e-04,0.9342,0.0000,0.0000,0.0000,0.0000,4.8,nan
1840,2.84e-04,0.6250,0.0000,0.0000,0.0000,0.0000,8.2,0.7225
1841,2.84e-04,0.5754,0.0000,0.0000,0.0000,0.0000,5.0,nan
1842,2.84e-04,0.6222,0.0000,0.0000,0.0000,0.0000,5.1,nan
1843,2.84e-04,0.6313,0.0000,0.0000,0.0000,0.0000,4.8,nan
1844,2.84e-04,0.4523,0.0000,0.0000,0.0000,0.0000,5.1,nan
1845,2.83e-04,0.5512,0.0000,0.0000,0.0000,0.0000,5.1,nan
1846,2.83e-04,0.8103,0.0000,0.0000,0.0000,0.0000,5.0,nan
1847,2.83e-04,0.8292,0.0000,0.0000,0.0000,0.0000,5.3,nan
1848,2.83e-04,0.6435,0.0000,0.0000,0.0000,0.0000,4.7,nan
1849,2.83e-04,0.4954,0.0000,0.0000,0.0000,0.0000,4.9,nan
1850,2.82e-04,0.6720,0.0000,0.0000,0.0000,0.0000,4.9,nan
1851,2.82e-04,0.5555,0.0000,0.0000,0.0000,0.0000,5.0,nan
1852,2.82e-04,0.6178,0.0000,0.0000,0.0000,0.0000,4.9,nan
1853,2.82e-04,0.8654,0.0000,0.0000,0.0000,0.0000,4.9,nan
1854,2.82e-04,0.6910,0.0000,0.0000,0.0000,0.0000,4.9,nan
1855,2.81e-04,0.2190,0.0000,0.0000,0.0000,0.0000,5.1,nan
1856,2.81e-04,0.6728,0.0000,0.0000,0.0000,0.0000,4.8,nan
1857,2.81e-04,0.7544,0.0000,0.0000,0.0000,0.0000,4.7,nan
1858,2.81e-04,0.5748,0.0000,0.0000,0.0000,0.0000,5.0,nan
1859,2.81e-04,0.7354,0.0000,0.0000,0.0000,0.0000,5.0,nan
1860,2.81e-04,0.5385,0.0000,0.0000,0.0000,0.0000,8.2,0.6780
1861,2.80e-04,0.8192,0.0000,0.0000,0.0000,0.0000,5.1,nan
1862,2.80e-04,0.6488,0.0000,0.0000,0.0000,0.0000,4.9,nan
1863,2.80e-04,0.5255,0.0000,0.0000,0.0000,0.0000,4.9,nan
1864,2.80e-04,0.7463,0.0000,0.0000,0.0000,0.0000,4.9,nan
1865,2.80e-04,0.8202,0.0000,0.0000,0.0000,0.0000,4.9,nan
1866,2.79e-04,0.8907,0.0000,0.0000,0.0000,0.0000,4.8,nan
1867,2.79e-04,0.6135,0.0000,0.0000,0.0000,0.0000,4.9,nan
1868,2.79e-04,0.5831,0.0000,0.0000,0.0000,0.0000,5.0,nan
1869,2.79e-04,0.4623,0.0000,0.0000,0.0000,0.0000,4.9,nan
1870,2.79e-04,0.7711,0.0000,0.0000,0.0000,0.0000,4.9,nan
1871,2.78e-04,0.7676,0.0000,0.0000,0.0000,0.0000,4.9,nan
1872,2.78e-04,0.5062,0.0000,0.0000,0.0000,0.0000,5.0,nan
1873,2.78e-04,0.8288,0.0000,0.0000,0.0000,0.0000,4.9,nan
1874,2.78e-04,0.5521,0.0000,0.0000,0.0000,0.0000,4.9,nan
1875,2.78e-04,0.7574,0.0000,0.0000,0.0000,0.0000,4.8,nan
1876,2.77e-04,0.8987,0.0000,0.0000,0.0000,0.0000,5.0,nan
1877,2.77e-04,0.8473,0.0000,0.0000,0.0000,0.0000,4.9,nan
1878,2.77e-04,0.5008,0.0000,0.0000,0.0000,0.0000,5.1,nan
1879,2.77e-04,0.8079,0.0000,0.0000,0.0000,0.0000,5.0,nan
1880,2.77e-04,0.6499,0.0000,0.0000,0.0000,0.0000,8.1,0.6822
1881,2.76e-04,0.4154,0.0000,0.0000,0.0000,0.0000,4.8,nan
1882,2.76e-04,0.4238,0.0000,0.0000,0.0000,0.0000,4.9,nan
1883,2.76e-04,0.4882,0.0000,0.0000,0.0000,0.0000,5.1,nan
1884,2.76e-04,0.5369,0.0000,0.0000,0.0000,0.0000,5.0,nan
1885,2.76e-04,0.9948,0.0000,0.0000,0.0000,0.0000,4.8,nan
1886,2.75e-04,0.8220,0.0000,0.0000,0.0000,0.0000,4.9,nan
1887,2.75e-04,0.6603,0.0000,0.0000,0.0000,0.0000,4.7,nan
1888,2.75e-04,0.7670,0.0000,0.0000,0.0000,0.0000,5.0,nan
1889,2.75e-04,0.4258,0.0000,0.0000,0.0000,0.0000,4.8,nan
1890,2.75e-04,0.8120,0.0000,0.0000,0.0000,0.0000,5.1,nan
1891,2.75e-04,0.7693,0.0000,0.0000,0.0000,0.0000,5.2,nan
1892,2.74e-04,0.6701,0.0000,0.0000,0.0000,0.0000,4.8,nan
1893,2.74e-04,0.7324,0.0000,0.0000,0.0000,0.0000,5.0,nan
1894,2.74e-04,0.8870,0.0000,0.0000,0.0000,0.0000,5.1,nan
1895,2.74e-04,0.7855,0.0000,0.0000,0.0000,0.0000,4.9,nan
1896,2.74e-04,0.5683,0.0000,0.0000,0.0000,0.0000,4.9,nan
1897,2.73e-04,0.5406,0.0000,0.0000,0.0000,0.0000,5.0,nan
1898,2.73e-04,0.2811,0.0000,0.0000,0.0000,0.0000,4.9,nan
1899,2.73e-04,0.6770,0.0000,0.0000,0.0000,0.0000,4.9,nan
1900,2.73e-04,0.6058,0.0000,0.0000,0.0000,0.0000,8.0,0.6377
1901,2.73e-04,0.5325,0.0000,0.0000,0.0000,0.0000,5.0,nan
1902,2.72e-04,0.7635,0.0000,0.0000,0.0000,0.0000,4.9,nan
1903,2.72e-04,1.0025,0.0000,0.0000,0.0000,0.0000,4.9,nan
1904,2.72e-04,0.5648,0.0000,0.0000,0.0000,0.0000,4.7,nan
1905,2.72e-04,0.6707,0.0000,0.0000,0.0000,0.0000,5.0,nan
1906,2.72e-04,0.4786,0.0000,0.0000,0.0000,0.0000,4.7,nan
1907,2.71e-04,0.6971,0.0000,0.0000,0.0000,0.0000,5.1,nan
1908,2.71e-04,0.6746,0.0000,0.0000,0.0000,0.0000,5.0,nan
1909,2.71e-04,0.3718,0.0000,0.0000,0.0000,0.0000,5.1,nan
1910,2.71e-04,0.5353,0.0000,0.0000,0.0000,0.0000,4.9,nan
1911,2.71e-04,0.6670,0.0000,0.0000,0.0000,0.0000,4.9,nan
1912,2.70e-04,0.7859,0.0000,0.0000,0.0000,0.0000,5.0,nan
1913,2.70e-04,0.8504,0.0000,0.0000,0.0000,0.0000,4.9,nan
1914,2.70e-04,0.6466,0.0000,0.0000,0.0000,0.0000,4.9,nan
1915,2.70e-04,0.6763,0.0000,0.0000,0.0000,0.0000,4.9,nan
1916,2.70e-04,0.7522,0.0000,0.0000,0.0000,0.0000,5.1,nan
1917,2.69e-04,0.4406,0.0000,0.0000,0.0000,0.0000,4.7,nan
1918,2.69e-04,0.6251,0.0000,0.0000,0.0000,0.0000,4.7,nan
1919,2.69e-04,0.5934,0.0000,0.0000,0.0000,0.0000,4.9,nan
1920,2.69e-04,0.8914,0.0000,0.0000,0.0000,0.0000,7.9,0.6568
1921,2.69e-04,0.7243,0.0000,0.0000,0.0000,0.0000,4.9,nan
1922,2.68e-04,0.7321,0.0000,0.0000,0.0000,0.0000,4.9,nan
1923,2.68e-04,0.8069,0.0000,0.0000,0.0000,0.0000,4.8,nan
1924,2.68e-04,0.9649,0.0000,0.0000,0.0000,0.0000,4.9,nan
1925,2.68e-04,0.5822,0.0000,0.0000,0.0000,0.0000,5.0,nan
1926,2.68e-04,0.7232,0.0000,0.0000,0.0000,0.0000,5.0,nan
1927,2.68e-04,0.4305,0.0000,0.0000,0.0000,0.0000,5.0,nan
1928,2.67e-04,0.6893,0.0000,0.0000,0.0000,0.0000,4.9,nan
1929,2.67e-04,0.8451,0.0000,0.0000,0.0000,0.0000,5.1,nan
1930,2.67e-04,0.4238,0.0000,0.0000,0.0000,0.0000,5.0,nan
1931,2.67e-04,0.6374,0.0000,0.0000,0.0000,0.0000,4.7,nan
1932,2.67e-04,0.8533,0.0000,0.0000,0.0000,0.0000,5.1,nan
1933,2.66e-04,0.5502,0.0000,0.0000,0.0000,0.0000,4.8,nan
1934,2.66e-04,0.4764,0.0000,0.0000,0.0000,0.0000,5.2,nan
1935,2.66e-04,0.8102,0.0000,0.0000,0.0000,0.0000,4.8,nan
1936,2.66e-04,0.3126,0.0000,0.0000,0.0000,0.0000,5.0,nan
1937,2.66e-04,0.7349,0.0000,0.0000,0.0000,0.0000,4.9,nan
1938,2.65e-04,0.7218,0.0000,0.0000,0.0000,0.0000,4.9,nan
1939,2.65e-04,0.8648,0.0000,0.0000,0.0000,0.0000,4.8,nan
1940,2.65e-04,0.4998,0.0000,0.0000,0.0000,0.0000,8.1,0.6674
1941,2.65e-04,0.5996,0.0000,0.0000,0.0000,0.0000,4.9,nan
1942,2.65e-04,0.4282,0.0000,0.0000,0.0000,0.0000,4.9,nan
1943,2.64e-04,0.6543,0.0000,0.0000,0.0000,0.0000,5.1,nan
1944,2.64e-04,0.6124,0.0000,0.0000,0.0000,0.0000,4.9,nan
1945,2.64e-04,0.7263,0.0000,0.0000,0.0000,0.0000,5.0,nan
1946,2.64e-04,0.5364,0.0000,0.0000,0.0000,0.0000,4.9,nan
1947,2.64e-04,0.9182,0.0000,0.0000,0.0000,0.0000,4.9,nan
1948,2.63e-04,0.5662,0.0000,0.0000,0.0000,0.0000,4.9,nan
1949,2.63e-04,0.7860,0.0000,0.0000,0.0000,0.0000,4.9,nan
1950,2.63e-04,0.6983,0.0000,0.0000,0.0000,0.0000,4.8,nan
1951,2.63e-04,0.8971,0.0000,0.0000,0.0000,0.0000,4.8,nan
1952,2.63e-04,0.7684,0.0000,0.0000,0.0000,0.0000,4.9,nan
1953,2.62e-04,0.6872,0.0000,0.0000,0.0000,0.0000,4.9,nan
1954,2.62e-04,0.6596,0.0000,0.0000,0.0000,0.0000,5.1,nan
1955,2.62e-04,0.8227,0.0000,0.0000,0.0000,0.0000,4.9,nan
1956,2.62e-04,0.5577,0.0000,0.0000,0.0000,0.0000,5.3,nan
1957,2.62e-04,0.5780,0.0000,0.0000,0.0000,0.0000,5.3,nan
1958,2.61e-04,0.7499,0.0000,0.0000,0.0000,0.0000,4.8,nan
1959,2.61e-04,0.5855,0.0000,0.0000,0.0000,0.0000,4.7,nan
1960,2.61e-04,0.6700,0.0000,0.0000,0.0000,0.0000,8.2,0.6695
1961,2.61e-04,0.6032,0.0000,0.0000,0.0000,0.0000,4.8,nan
1962,2.61e-04,0.7361,0.0000,0.0000,0.0000,0.0000,5.1,nan
1963,2.61e-04,0.8146,0.0000,0.0000,0.0000,0.0000,4.9,nan
1964,2.60e-04,0.5997,0.0000,0.0000,0.0000,0.0000,5.1,nan
1965,2.60e-04,0.6732,0.0000,0.0000,0.0000,0.0000,5.1,nan
1966,2.60e-04,0.6091,0.0000,0.0000,0.0000,0.0000,5.0,nan
1967,2.60e-04,0.6172,0.0000,0.0000,0.0000,0.0000,4.9,nan
1968,2.60e-04,0.8210,0.0000,0.0000,0.0000,0.0000,5.0,nan
1969,2.59e-04,0.6225,0.0000,0.0000,0.0000,0.0000,5.1,nan
1970,2.59e-04,0.7039,0.0000,0.0000,0.0000,0.0000,5.1,nan
1971,2.59e-04,0.6807,0.0000,0.0000,0.0000,0.0000,4.7,nan
1972,2.59e-04,0.5655,0.0000,0.0000,0.0000,0.0000,4.8,nan
1973,2.59e-04,0.7390,0.0000,0.0000,0.0000,0.0000,5.1,nan
1974,2.58e-04,0.5885,0.0000,0.0000,0.0000,0.0000,4.9,nan
1975,2.58e-04,0.8710,0.0000,0.0000,0.0000,0.0000,4.8,nan
1976,2.58e-04,0.8138,0.0000,0.0000,0.0000,0.0000,5.0,nan
1977,2.58e-04,0.7462,0.0000,0.0000,0.0000,0.0000,4.8,nan
1978,2.58e-04,0.5526,0.0000,0.0000,0.0000,0.0000,5.1,nan
1979,2.57e-04,0.7919,0.0000,0.0000,0.0000,0.0000,4.9,nan
1980,2.57e-04,0.6508,0.0000,0.0000,0.0000,0.0000,8.0,0.6907
1981,2.57e-04,0.8362,0.0000,0.0000,0.0000,0.0000,5.1,nan
1982,2.57e-04,0.4608,0.0000,0.0000,0.0000,0.0000,4.8,nan
1983,2.57e-04,0.4170,0.0000,0.0000,0.0000,0.0000,5.0,nan
1984,2.56e-04,0.8884,0.0000,0.0000,0.0000,0.0000,4.7,nan
1985,2.56e-04,0.8818,0.0000,0.0000,0.0000,0.0000,4.8,nan
1986,2.56e-04,0.3588,0.0000,0.0000,0.0000,0.0000,4.8,nan
1987,2.56e-04,0.6913,0.0000,0.0000,0.0000,0.0000,5.0,nan
1988,2.56e-04,0.5792,0.0000,0.0000,0.0000,0.0000,4.9,nan
1989,2.55e-04,0.6396,0.0000,0.0000,0.0000,0.0000,4.9,nan
1990,2.55e-04,0.4795,0.0000,0.0000,0.0000,0.0000,5.1,nan
1991,2.55e-04,0.7711,0.0000,0.0000,0.0000,0.0000,4.9,nan
1992,2.55e-04,0.4208,0.0000,0.0000,0.0000,0.0000,5.0,nan
1993,2.55e-04,0.5724,0.0000,0.0000,0.0000,0.0000,5.1,nan
1994,2.54e-04,0.6453,0.0000,0.0000,0.0000,0.0000,4.8,nan
1995,2.54e-04,0.6864,0.0000,0.0000,0.0000,0.0000,5.1,nan
1996,2.54e-04,0.7951,0.0000,0.0000,0.0000,0.0000,4.9,nan
1997,2.54e-04,0.4526,0.0000,0.0000,0.0000,0.0000,5.2,nan
1998,2.54e-04,0.9023,0.0000,0.0000,0.0000,0.0000,4.8,nan
1999,2.53e-04,0.6971,0.0000,0.0000,0.0000,0.0000,4.9,nan
2000,2.53e-04,0.7870,0.0000,0.0000,0.0000,0.0000,8.3,0.6864
2001,2.53e-04,0.7691,0.0000,0.0000,0.0000,0.0000,4.7,nan
2002,2.53e-04,0.5661,0.0000,0.0000,0.0000,0.0000,4.9,nan
2003,2.53e-04,0.6709,0.0000,0.0000,0.0000,0.0000,5.1,nan
2004,2.53e-04,0.5759,0.0000,0.0000,0.0000,0.0000,5.0,nan
2005,2.52e-04,0.6493,0.0000,0.0000,0.0000,0.0000,4.9,nan
2006,2.52e-04,0.4992,0.0000,0.0000,0.0000,0.0000,4.8,nan
2007,2.52e-04,0.6099,0.0000,0.0000,0.0000,0.0000,4.9,nan
2008,2.52e-04,0.5843,0.0000,0.0000,0.0000,0.0000,5.0,nan
2009,2.52e-04,0.7353,0.0000,0.0000,0.0000,0.0000,4.8,nan
2010,2.51e-04,0.4640,0.0000,0.0000,0.0000,0.0000,4.9,nan
2011,2.51e-04,0.6001,0.0000,0.0000,0.0000,0.0000,4.9,nan
2012,2.51e-04,0.5349,0.0000,0.0000,0.0000,0.0000,4.9,nan
2013,2.51e-04,0.7411,0.0000,0.0000,0.0000,0.0000,4.9,nan
2014,2.51e-04,0.8895,0.0000,0.0000,0.0000,0.0000,4.9,nan
2015,2.50e-04,0.4244,0.0000,0.0000,0.0000,0.0000,5.0,nan
2016,2.50e-04,0.9011,0.0000,0.0000,0.0000,0.0000,4.7,nan
2017,2.50e-04,0.4870,0.0000,0.0000,0.0000,0.0000,4.9,nan
2018,2.50e-04,0.6467,0.0000,0.0000,0.0000,0.0000,5.1,nan
2019,2.50e-04,0.6305,0.0000,0.0000,0.0000,0.0000,4.8,nan
2020,2.49e-04,0.4446,0.0000,0.0000,0.0000,0.0000,8.1,0.6377
2021,2.49e-04,0.5909,0.0000,0.0000,0.0000,0.0000,4.7,nan
2022,2.49e-04,0.8103,0.0000,0.0000,0.0000,0.0000,4.9,nan
2023,2.49e-04,0.8468,0.0000,0.0000,0.0000,0.0000,4.8,nan
2024,2.49e-04,0.6097,0.0000,0.0000,0.0000,0.0000,4.7,nan
2025,2.48e-04,0.6470,0.0000,0.0000,0.0000,0.0000,4.7,nan
2026,2.48e-04,0.7251,0.0000,0.0000,0.0000,0.0000,4.7,nan
2027,2.48e-04,0.7886,0.0000,0.0000,0.0000,0.0000,4.9,nan
2028,2.48e-04,0.5807,0.0000,0.0000,0.0000,0.0000,5.0,nan
2029,2.48e-04,0.6122,0.0000,0.0000,0.0000,0.0000,4.8,nan
2030,2.47e-04,0.5766,0.0000,0.0000,0.0000,0.0000,5.0,nan
2031,2.47e-04,0.6050,0.0000,0.0000,0.0000,0.0000,4.8,nan
2032,2.47e-04,0.5453,0.0000,0.0000,0.0000,0.0000,4.8,nan
2033,2.47e-04,0.5158,0.0000,0.0000,0.0000,0.0000,4.9,nan
2034,2.47e-04,0.7313,0.0000,0.0000,0.0000,0.0000,5.0,nan
2035,2.46e-04,0.4480,0.0000,0.0000,0.0000,0.0000,5.1,nan
2036,2.46e-04,0.5383,0.0000,0.0000,0.0000,0.0000,4.8,nan
2037,2.46e-04,0.6682,0.0000,0.0000,0.0000,0.0000,4.9,nan
2038,2.46e-04,0.4311,0.0000,0.0000,0.0000,0.0000,4.8,nan
2039,2.46e-04,0.6437,0.0000,0.0000,0.0000,0.0000,4.8,nan
2040,2.46e-04,0.6316,0.0000,0.0000,0.0000,0.0000,8.3,0.6525
2041,2.45e-04,0.4580,0.0000,0.0000,0.0000,0.0000,4.8,nan
2042,2.45e-04,0.3607,0.0000,0.0000,0.0000,0.0000,4.8,nan
2043,2.45e-04,0.5953,0.0000,0.0000,0.0000,0.0000,5.0,nan
2044,2.45e-04,0.6478,0.0000,0.0000,0.0000,0.0000,4.8,nan
2045,2.45e-04,0.7235,0.0000,0.0000,0.0000,0.0000,4.7,nan
2046,2.44e-04,0.6357,0.0000,0.0000,0.0000,0.0000,5.1,nan
2047,2.44e-04,0.6970,0.0000,0.0000,0.0000,0.0000,5.1,nan
2048,2.44e-04,0.5017,0.0000,0.0000,0.0000,0.0000,5.1,nan
2049,2.44e-04,0.6092,0.0000,0.0000,0.0000,0.0000,5.2,nan
2050,2.44e-04,0.5511,0.0000,0.0000,0.0000,0.0000,4.8,nan
2051,2.43e-04,0.9054,0.0000,0.0000,0.0000,0.0000,4.9,nan
2052,2.43e-04,0.5682,0.0000,0.0000,0.0000,0.0000,4.9,nan
2053,2.43e-04,0.8244,0.0000,0.0000,0.0000,0.0000,5.0,nan
2054,2.43e-04,0.5703,0.0000,0.0000,0.0000,0.0000,4.8,nan
2055,2.43e-04,0.8110,0.0000,0.0000,0.0000,0.0000,4.9,nan
2056,2.42e-04,0.5767,0.0000,0.0000,0.0000,0.0000,4.9,nan
2057,2.42e-04,0.5794,0.0000,0.0000,0.0000,0.0000,4.9,nan
2058,2.42e-04,0.5840,0.0000,0.0000,0.0000,0.0000,4.8,nan
2059,2.42e-04,0.4539,0.0000,0.0000,0.0000,0.0000,4.9,nan
2060,2.42e-04,0.5148,0.0000,0.0000,0.0000,0.0000,8.5,0.6377
2061,2.41e-04,0.3573,0.0000,0.0000,0.0000,0.0000,5.0,nan
2062,2.41e-04,0.4031,0.0000,0.0000,0.0000,0.0000,5.0,nan
2063,2.41e-04,0.6244,0.0000,0.0000,0.0000,0.0000,4.9,nan
2064,2.41e-04,0.6948,0.0000,0.0000,0.0000,0.0000,4.9,nan
2065,2.41e-04,0.6590,0.0000,0.0000,0.0000,0.0000,5.1,nan
2066,2.40e-04,0.7633,0.0000,0.0000,0.0000,0.0000,4.9,nan
2067,2.40e-04,0.4310,0.0000,0.0000,0.0000,0.0000,5.0,nan
2068,2.40e-04,0.8685,0.0000,0.0000,0.0000,0.0000,5.0,nan
2069,2.40e-04,0.7160,0.0000,0.0000,0.0000,0.0000,5.1,nan
2070,2.40e-04,0.4415,0.0000,0.0000,0.0000,0.0000,4.8,nan
2071,2.39e-04,0.6912,0.0000,0.0000,0.0000,0.0000,4.8,nan
2072,2.39e-04,0.6670,0.0000,0.0000,0.0000,0.0000,5.1,nan
2073,2.39e-04,0.5755,0.0000,0.0000,0.0000,0.0000,5.1,nan
2074,2.39e-04,0.8972,0.0000,0.0000,0.0000,0.0000,4.8,nan
2075,2.39e-04,0.3362,0.0000,0.0000,0.0000,0.0000,4.9,nan
2076,2.39e-04,0.7391,0.0000,0.0000,0.0000,0.0000,5.0,nan
2077,2.38e-04,0.5476,0.0000,0.0000,0.0000,0.0000,5.0,nan
2078,2.38e-04,0.4209,0.0000,0.0000,0.0000,0.0000,5.1,nan
2079,2.38e-04,0.8360,0.0000,0.0000,0.0000,0.0000,4.8,nan
2080,2.38e-04,0.5757,0.0000,0.0000,0.0000,0.0000,8.1,0.6610
2081,2.38e-04,0.8510,0.0000,0.0000,0.0000,0.0000,5.2,nan
2082,2.37e-04,0.6776,0.0000,0.0000,0.0000,0.0000,4.9,nan
2083,2.37e-04,0.6389,0.0000,0.0000,0.0000,0.0000,4.8,nan
2084,2.37e-04,0.5856,0.0000,0.0000,0.0000,0.0000,5.1,nan
2085,2.37e-04,0.7677,0.0000,0.0000,0.0000,0.0000,4.7,nan
2086,2.37e-04,0.5158,0.0000,0.0000,0.0000,0.0000,5.0,nan
2087,2.36e-04,0.6689,0.0000,0.0000,0.0000,0.0000,5.1,nan
2088,2.36e-04,0.8391,0.0000,0.0000,0.0000,0.0000,5.0,nan
2089,2.36e-04,0.5445,0.0000,0.0000,0.0000,0.0000,4.9,nan
2090,2.36e-04,0.6292,0.0000,0.0000,0.0000,0.0000,5.0,nan
2091,2.36e-04,0.5787,0.0000,0.0000,0.0000,0.0000,4.8,nan
2092,2.35e-04,0.8356,0.0000,0.0000,0.0000,0.0000,4.9,nan
2093,2.35e-04,0.3469,0.0000,0.0000,0.0000,0.0000,5.0,nan
2094,2.35e-04,0.5659,0.0000,0.0000,0.0000,0.0000,5.2,nan
2095,2.35e-04,0.5095,0.0000,0.0000,0.0000,0.0000,4.7,nan
2096,2.35e-04,0.4845,0.0000,0.0000,0.0000,0.0000,4.8,nan
2097,2.34e-04,0.6356,0.0000,0.0000,0.0000,0.0000,4.7,nan
2098,2.34e-04,0.7703,0.0000,0.0000,0.0000,0.0000,4.7,nan
2099,2.34e-04,0.7878,0.0000,0.0000,0.0000,0.0000,5.1,nan
2100,2.34e-04,0.7904,0.0000,0.0000,0.0000,0.0000,8.2,0.6547
2101,2.34e-04,0.5656,0.0000,0.0000,0.0000,0.0000,4.7,nan
2102,2.33e-04,0.7323,0.0000,0.0000,0.0000,0.0000,4.8,nan
2103,2.33e-04,0.4271,0.0000,0.0000,0.0000,0.0000,5.0,nan
2104,2.33e-04,0.6621,0.0000,0.0000,0.0000,0.0000,4.7,nan
2105,2.33e-04,0.9432,0.0000,0.0000,0.0000,0.0000,5.0,nan
2106,2.33e-04,0.5538,0.0000,0.0000,0.0000,0.0000,5.1,nan
2107,2.32e-04,0.6640,0.0000,0.0000,0.0000,0.0000,4.9,nan
2108,2.32e-04,0.5248,0.0000,0.0000,0.0000,0.0000,4.9,nan
2109,2.32e-04,0.6401,0.0000,0.0000,0.0000,0.0000,5.0,nan
2110,2.32e-04,0.5021,0.0000,0.0000,0.0000,0.0000,5.1,nan
2111,2.32e-04,0.4980,0.0000,0.0000,0.0000,0.0000,5.0,nan
2112,2.32e-04,0.4936,0.0000,0.0000,0.0000,0.0000,5.1,nan
2113,2.31e-04,0.7793,0.0000,0.0000,0.0000,0.0000,5.0,nan
2114,2.31e-04,0.7618,0.0000,0.0000,0.0000,0.0000,4.8,nan
2115,2.31e-04,0.6466,0.0000,0.0000,0.0000,0.0000,5.0,nan
2116,2.31e-04,0.6746,0.0000,0.0000,0.0000,0.0000,4.9,nan
2117,2.31e-04,0.7668,0.0000,0.0000,0.0000,0.0000,5.0,nan
2118,2.30e-04,0.6720,0.0000,0.0000,0.0000,0.0000,4.8,nan
2119,2.30e-04,0.9637,0.0000,0.0000,0.0000,0.0000,4.8,nan
2120,2.30e-04,1.0315,0.0000,0.0000,0.0000,0.0000,7.8,0.6758
2121,2.30e-04,0.5954,0.0000,0.0000,0.0000,0.0000,4.9,nan
2122,2.30e-04,0.9032,0.0000,0.0000,0.0000,0.0000,5.0,nan
2123,2.29e-04,0.5043,0.0000,0.0000,0.0000,0.0000,4.7,nan
2124,2.29e-04,0.6042,0.0000,0.0000,0.0000,0.0000,5.0,nan
2125,2.29e-04,0.5738,0.0000,0.0000,0.0000,0.0000,4.8,nan
2126,2.29e-04,0.6220,0.0000,0.0000,0.0000,0.0000,4.9,nan
2127,2.29e-04,0.8491,0.0000,0.0000,0.0000,0.0000,4.8,nan
2128,2.28e-04,0.6898,0.0000,0.0000,0.0000,0.0000,5.3,nan
2129,2.28e-04,0.6925,0.0000,0.0000,0.0000,0.0000,4.8,nan
2130,2.28e-04,0.7529,0.0000,0.0000,0.0000,0.0000,5.1,nan
2131,2.28e-04,0.7682,0.0000,0.0000,0.0000,0.0000,5.0,nan
2132,2.28e-04,0.5669,0.0000,0.0000,0.0000,0.0000,4.9,nan
2133,2.27e-04,0.6000,0.0000,0.0000,0.0000,0.0000,5.1,nan
2134,2.27e-04,0.4456,0.0000,0.0000,0.0000,0.0000,4.9,nan
2135,2.27e-04,0.6912,0.0000,0.0000,0.0000,0.0000,5.0,nan
2136,2.27e-04,0.5434,0.0000,0.0000,0.0000,0.0000,4.9,nan
2137,2.27e-04,0.6802,0.0000,0.0000,0.0000,0.0000,4.9,nan
2138,2.26e-04,0.5506,0.0000,0.0000,0.0000,0.0000,4.8,nan
2139,2.26e-04,0.8444,0.0000,0.0000,0.0000,0.0000,4.9,nan
2140,2.26e-04,0.4501,0.0000,0.0000,0.0000,0.0000,7.8,0.6716
2141,2.26e-04,0.2977,0.0000,0.0000,0.0000,0.0000,4.8,nan
2142,2.26e-04,0.5310,0.0000,0.0000,0.0000,0.0000,5.0,nan
2143,2.25e-04,0.6863,0.0000,0.0000,0.0000,0.0000,5.0,nan
2144,2.25e-04,0.6323,0.0000,0.0000,0.0000,0.0000,4.9,nan
2145,2.25e-04,0.8716,0.0000,0.0000,0.0000,0.0000,5.1,nan
2146,2.25e-04,0.4728,0.0000,0.0000,0.0000,0.0000,4.7,nan
2147,2.25e-04,0.5101,0.0000,0.0000,0.0000,0.0000,5.2,nan
2148,2.25e-04,0.7408,0.0000,0.0000,0.0000,0.0000,5.0,nan
2149,2.24e-04,0.6132,0.0000,0.0000,0.0000,0.0000,5.0,nan
2150,2.24e-04,0.4591,0.0000,0.0000,0.0000,0.0000,4.9,nan
2151,2.24e-04,0.6983,0.0000,0.0000,0.0000,0.0000,5.1,nan
2152,2.24e-04,0.6184,0.0000,0.0000,0.0000,0.0000,4.9,nan
2153,2.24e-04,0.6016,0.0000,0.0000,0.0000,0.0000,4.7,nan
2154,2.23e-04,0.4539,0.0000,0.0000,0.0000,0.0000,5.1,nan
2155,2.23e-04,0.6885,0.0000,0.0000,0.0000,0.0000,4.7,nan
2156,2.23e-04,0.6059,0.0000,0.0000,0.0000,0.0000,5.0,nan
2157,2.23e-04,0.6409,0.0000,0.0000,0.0000,0.0000,5.1,nan
2158,2.23e-04,0.3482,0.0000,0.0000,0.0000,0.0000,5.0,nan
2159,2.22e-04,0.7729,0.0000,0.0000,0.0000,0.0000,5.1,nan
2160,2.22e-04,0.8177,0.0000,0.0000,0.0000,0.0000,7.9,0.6419
2161,2.22e-04,0.4042,0.0000,0.0000,0.0000,0.0000,5.1,nan
2162,2.22e-04,0.5750,0.0000,0.0000,0.0000,0.0000,4.7,nan
2163,2.22e-04,0.3677,0.0000,0.0000,0.0000,0.0000,4.9,nan
2164,2.21e-04,0.6162,0.0000,0.0000,0.0000,0.0000,5.0,nan
2165,2.21e-04,0.6120,0.0000,0.0000,0.0000,0.0000,4.8,nan
2166,2.21e-04,0.6401,0.0000,0.0000,0.0000,0.0000,5.0,nan
2167,2.21e-04,0.5027,0.0000,0.0000,0.0000,0.0000,4.8,nan
2168,2.21e-04,0.4116,0.0000,0.0000,0.0000,0.0000,4.8,nan
2169,2.20e-04,0.6817,0.0000,0.0000,0.0000,0.0000,4.9,nan
2170,2.20e-04,0.4698,0.0000,0.0000,0.0000,0.0000,4.9,nan
2171,2.20e-04,0.6579,0.0000,0.0000,0.0000,0.0000,4.9,nan
2172,2.20e-04,0.6164,0.0000,0.0000,0.0000,0.0000,5.0,nan
2173,2.20e-04,0.7052,0.0000,0.0000,0.0000,0.0000,4.8,nan
2174,2.19e-04,0.5621,0.0000,0.0000,0.0000,0.0000,5.0,nan
2175,2.19e-04,0.8341,0.0000,0.0000,0.0000,0.0000,4.9,nan
2176,2.19e-04,0.4174,0.0000,0.0000,0.0000,0.0000,5.1,nan
2177,2.19e-04,0.3762,0.0000,0.0000,0.0000,0.0000,4.9,nan
2178,2.19e-04,0.5353,0.0000,0.0000,0.0000,0.0000,5.1,nan
2179,2.19e-04,0.8177,0.0000,0.0000,0.0000,0.0000,4.7,nan
2180,2.18e-04,0.5203,0.0000,0.0000,0.0000,0.0000,8.1,0.6716
2181,2.18e-04,0.4913,0.0000,0.0000,0.0000,0.0000,5.1,nan
2182,2.18e-04,0.6039,0.0000,0.0000,0.0000,0.0000,4.8,nan
2183,2.18e-04,0.8064,0.0000,0.0000,0.0000,0.0000,5.0,nan
2184,2.18e-04,0.4672,0.0000,0.0000,0.0000,0.0000,5.2,nan
2185,2.17e-04,0.7367,0.0000,0.0000,0.0000,0.0000,4.7,nan
2186,2.17e-04,0.8921,0.0000,0.0000,0.0000,0.0000,5.1,nan
2187,2.17e-04,0.4863,0.0000,0.0000,0.0000,0.0000,4.8,nan
2188,2.17e-04,0.6409,0.0000,0.0000,0.0000,0.0000,5.5,nan
2189,2.17e-04,0.8463,0.0000,0.0000,0.0000,0.0000,4.9,nan
2190,2.16e-04,0.7607,0.0000,0.0000,0.0000,0.0000,4.9,nan
2191,2.16e-04,0.5146,0.0000,0.0000,0.0000,0.0000,4.8,nan
2192,2.16e-04,0.6134,0.0000,0.0000,0.0000,0.0000,4.8,nan
2193,2.16e-04,0.6056,0.0000,0.0000,0.0000,0.0000,5.1,nan
2194,2.16e-04,0.4804,0.0000,0.0000,0.0000,0.0000,4.8,nan
2195,2.15e-04,0.6767,0.0000,0.0000,0.0000,0.0000,4.9,nan
2196,2.15e-04,0.2332,0.0000,0.0000,0.0000,0.0000,5.0,nan
2197,2.15e-04,0.5232,0.0000,0.0000,0.0000,0.0000,5.1,nan
2198,2.15e-04,0.5256,0.0000,0.0000,0.0000,0.0000,4.8,nan
2199,2.15e-04,0.4435,0.0000,0.0000,0.0000,0.0000,5.0,nan
2200,2.14e-04,0.7656,0.0000,0.0000,0.0000,0.0000,8.5,0.6674
2201,2.14e-04,0.5159,0.0000,0.0000,0.0000,0.0000,4.9,nan
2202,2.14e-04,0.9179,0.0000,0.0000,0.0000,0.0000,5.1,nan
2203,2.14e-04,0.6187,0.0000,0.0000,0.0000,0.0000,5.2,nan
2204,2.14e-04,0.6405,0.0000,0.0000,0.0000,0.0000,4.9,nan
2205,2.14e-04,0.4332,0.0000,0.0000,0.0000,0.0000,4.9,nan
2206,2.13e-04,0.7655,0.0000,0.0000,0.0000,0.0000,4.9,nan
2207,2.13e-04,0.7023,0.0000,0.0000,0.0000,0.0000,5.0,nan
2208,2.13e-04,0.9059,0.0000,0.0000,0.0000,0.0000,5.0,nan
2209,2.13e-04,0.6412,0.0000,0.0000,0.0000,0.0000,4.8,nan
2210,2.13e-04,0.6706,0.0000,0.0000,0.0000,0.0000,4.7,nan
2211,2.12e-04,0.4980,0.0000,0.0000,0.0000,0.0000,4.9,nan
2212,2.12e-04,0.6402,0.0000,0.0000,0.0000,0.0000,4.7,nan
2213,2.12e-04,0.4974,0.0000,0.0000,0.0000,0.0000,5.3,nan
2214,2.12e-04,0.6979,0.0000,0.0000,0.0000,0.0000,4.8,nan
2215,2.12e-04,0.4845,0.0000,0.0000,0.0000,0.0000,4.9,nan
2216,2.11e-04,0.5154,0.0000,0.0000,0.0000,0.0000,5.0,nan
2217,2.11e-04,0.6303,0.0000,0.0000,0.0000,0.0000,5.0,nan
2218,2.11e-04,0.6248,0.0000,0.0000,0.0000,0.0000,5.1,nan
2219,2.11e-04,0.5825,0.0000,0.0000,0.0000,0.0000,4.9,nan
2220,2.11e-04,0.7195,0.0000,0.0000,0.0000,0.0000,7.9,0.6695
2221,2.10e-04,0.6389,0.0000,0.0000,0.0000,0.0000,4.9,nan
2222,2.10e-04,0.6092,0.0000,0.0000,0.0000,0.0000,5.0,nan
2223,2.10e-04,0.7032,0.0000,0.0000,0.0000,0.0000,5.1,nan
2224,2.10e-04,0.4289,0.0000,0.0000,0.0000,0.0000,4.8,nan
2225,2.10e-04,0.7140,0.0000,0.0000,0.0000,0.0000,4.9,nan
2226,2.09e-04,0.4739,0.0000,0.0000,0.0000,0.0000,4.8,nan
2227,2.09e-04,0.6733,0.0000,0.0000,0.0000,0.0000,5.0,nan
2228,2.09e-04,0.8831,0.0000,0.0000,0.0000,0.0000,4.9,nan
2229,2.09e-04,0.6822,0.0000,0.0000,0.0000,0.0000,4.8,nan
2230,2.09e-04,0.8250,0.0000,0.0000,0.0000,0.0000,4.9,nan
2231,2.09e-04,0.5470,0.0000,0.0000,0.0000,0.0000,5.3,nan
2232,2.08e-04,0.5486,0.0000,0.0000,0.0000,0.0000,5.1,nan
2233,2.08e-04,0.5587,0.0000,0.0000,0.0000,0.0000,5.1,nan
2234,2.08e-04,0.4295,0.0000,0.0000,0.0000,0.0000,4.9,nan
2235,2.08e-04,0.6045,0.0000,0.0000,0.0000,0.0000,5.2,nan
2236,2.08e-04,0.5568,0.0000,0.0000,0.0000,0.0000,4.8,nan
2237,2.07e-04,0.5255,0.0000,0.0000,0.0000,0.0000,5.1,nan
2238,2.07e-04,0.7223,0.0000,0.0000,0.0000,0.0000,4.8,nan
2239,2.07e-04,0.5744,0.0000,0.0000,0.0000,0.0000,4.8,nan
2240,2.07e-04,0.7056,0.0000,0.0000,0.0000,0.0000,8.4,0.6504
2241,2.07e-04,0.7895,0.0000,0.0000,0.0000,0.0000,5.0,nan
2242,2.06e-04,0.8447,0.0000,0.0000,0.0000,0.0000,4.8,nan
2243,2.06e-04,0.5556,0.0000,0.0000,0.0000,0.0000,5.1,nan
2244,2.06e-04,0.5055,0.0000,0.0000,0.0000,0.0000,4.8,nan
2245,2.06e-04,0.5798,0.0000,0.0000,0.0000,0.0000,4.9,nan
2246,2.06e-04,0.7227,0.0000,0.0000,0.0000,0.0000,4.9,nan
2247,2.05e-04,0.5150,0.0000,0.0000,0.0000,0.0000,5.1,nan
2248,2.05e-04,0.5790,0.0000,0.0000,0.0000,0.0000,5.1,nan
2249,2.05e-04,0.7281,0.0000,0.0000,0.0000,0.0000,5.2,nan
2250,2.05e-04,0.6499,0.0000,0.0000,0.0000,0.0000,4.9,nan
2251,2.05e-04,0.6743,0.0000,0.0000,0.0000,0.0000,5.2,nan
2252,2.05e-04,0.7803,0.0000,0.0000,0.0000,0.0000,5.1,nan
2253,2.04e-04,0.6647,0.0000,0.0000,0.0000,0.0000,5.2,nan
2254,2.04e-04,0.6333,0.0000,0.0000,0.0000,0.0000,5.1,nan
2255,2.04e-04,0.5769,0.0000,0.0000,0.0000,0.0000,5.2,nan
2256,2.04e-04,1.0219,0.0000,0.0000,0.0000,0.0000,4.8,nan
2257,2.04e-04,0.5172,0.0000,0.0000,0.0000,0.0000,4.8,nan
2258,2.03e-04,0.5196,0.0000,0.0000,0.0000,0.0000,5.4,nan
2259,2.03e-04,0.3411,0.0000,0.0000,0.0000,0.0000,5.3,nan
2260,2.03e-04,0.8613,0.0000,0.0000,0.0000,0.0000,8.1,0.6822
2261,2.03e-04,0.6262,0.0000,0.0000,0.0000,0.0000,4.9,nan
2262,2.03e-04,0.7608,0.0000,0.0000,0.0000,0.0000,4.8,nan
2263,2.02e-04,0.7367,0.0000,0.0000,0.0000,0.0000,4.8,nan
2264,2.02e-04,0.8116,0.0000,0.0000,0.0000,0.0000,5.0,nan
2265,2.02e-04,0.5919,0.0000,0.0000,0.0000,0.0000,4.7,nan
2266,2.02e-04,0.6959,0.0000,0.0000,0.0000,0.0000,5.1,nan
2267,2.02e-04,0.6749,0.0000,0.0000,0.0000,0.0000,5.1,nan
2268,2.01e-04,0.6127,0.0000,0.0000,0.0000,0.0000,4.8,nan
2269,2.01e-04,0.3891,0.0000,0.0000,0.0000,0.0000,5.0,nan
2270,2.01e-04,0.6558,0.0000,0.0000,0.0000,0.0000,5.1,nan
2271,2.01e-04,0.8417,0.0000,0.0000,0.0000,0.0000,4.9,nan
2272,2.01e-04,0.5762,0.0000,0.0000,0.0000,0.0000,4.7,nan
2273,2.00e-04,0.4309,0.0000,0.0000,0.0000,0.0000,5.0,nan
2274,2.00e-04,0.6370,0.0000,0.0000,0.0000,0.0000,5.0,nan
2275,2.00e-04,0.5806,0.0000,0.0000,0.0000,0.0000,5.0,nan
2276,2.00e-04,0.8259,0.0000,0.0000,0.0000,0.0000,4.9,nan
2277,2.00e-04,0.7719,0.0000,0.0000,0.0000,0.0000,5.0,nan
2278,2.00e-04,0.7602,0.0000,0.0000,0.0000,0.0000,4.8,nan
2279,1.99e-04,0.5224,0.0000,0.0000,0.0000,0.0000,5.6,nan
2280,1.99e-04,0.4905,0.0000,0.0000,0.0000,0.0000,8.0,0.6631
2281,1.99e-04,0.6060,0.0000,0.0000,0.0000,0.0000,4.8,nan
2282,1.99e-04,0.8130,0.0000,0.0000,0.0000,0.0000,4.7,nan
2283,1.99e-04,0.6016,0.0000,0.0000,0.0000,0.0000,5.1,nan
2284,1.98e-04,0.4158,0.0000,0.0000,0.0000,0.0000,4.9,nan
2285,1.98e-04,0.5788,0.0000,0.0000,0.0000,0.0000,4.9,nan
2286,1.98e-04,0.4210,0.0000,0.0000,0.0000,0.0000,5.2,nan
2287,1.98e-04,0.7570,0.0000,0.0000,0.0000,0.0000,5.0,nan
2288,1.98e-04,0.6623,0.0000,0.0000,0.0000,0.0000,5.0,nan
2289,1.97e-04,0.6241,0.0000,0.0000,0.0000,0.0000,4.7,nan
2290,1.97e-04,0.5519,0.0000,0.0000,0.0000,0.0000,4.9,nan
2291,1.97e-04,0.4902,0.0000,0.0000,0.0000,0.0000,5.1,nan
2292,1.97e-04,0.6020,0.0000,0.0000,0.0000,0.0000,5.1,nan
2293,1.97e-04,0.4498,0.0000,0.0000,0.0000,0.0000,4.9,nan
2294,1.97e-04,0.8136,0.0000,0.0000,0.0000,0.0000,4.7,nan
2295,1.96e-04,0.7326,0.0000,0.0000,0.0000,0.0000,5.0,nan
2296,1.96e-04,0.5014,0.0000,0.0000,0.0000,0.0000,5.2,nan
2297,1.96e-04,0.6286,0.0000,0.0000,0.0000,0.0000,5.0,nan
2298,1.96e-04,0.7536,0.0000,0.0000,0.0000,0.0000,4.8,nan
2299,1.96e-04,0.7155,0.0000,0.0000,0.0000,0.0000,4.8,nan
2300,1.95e-04,1.0682,0.0000,0.0000,0.0000,0.0000,8.4,0.6653
2301,1.95e-04,0.7809,0.0000,0.0000,0.0000,0.0000,4.8,nan
2302,1.95e-04,0.6239,0.0000,0.0000,0.0000,0.0000,5.3,nan
2303,1.95e-04,0.5954,0.0000,0.0000,0.0000,0.0000,5.5,nan
2304,1.95e-04,0.4341,0.0000,0.0000,0.0000,0.0000,5.1,nan
2305,1.94e-04,0.8673,0.0000,0.0000,0.0000,0.0000,5.0,nan
2306,1.94e-04,0.8446,0.0000,0.0000,0.0000,0.0000,5.0,nan
2307,1.94e-04,0.5606,0.0000,0.0000,0.0000,0.0000,5.0,nan
2308,1.94e-04,0.4858,0.0000,0.0000,0.0000,0.0000,5.0,nan
2309,1.94e-04,0.4743,0.0000,0.0000,0.0000,0.0000,5.1,nan
2310,1.93e-04,0.7117,0.0000,0.0000,0.0000,0.0000,5.4,nan
2311,1.93e-04,0.8246,0.0000,0.0000,0.0000,0.0000,5.0,nan
2312,1.93e-04,0.9520,0.0000,0.0000,0.0000,0.0000,5.0,nan
2313,1.93e-04,0.4277,0.0000,0.0000,0.0000,0.0000,5.1,nan
2314,1.93e-04,0.6831,0.0000,0.0000,0.0000,0.0000,5.3,nan
2315,1.93e-04,0.8589,0.0000,0.0000,0.0000,0.0000,4.9,nan
2316,1.92e-04,0.4535,0.0000,0.0000,0.0000,0.0000,5.4,nan
2317,1.92e-04,0.6046,0.0000,0.0000,0.0000,0.0000,4.9,nan
2318,1.92e-04,0.5461,0.0000,0.0000,0.0000,0.0000,5.0,nan
2319,1.92e-04,0.7575,0.0000,0.0000,0.0000,0.0000,5.0,nan
2320,1.92e-04,0.6898,0.0000,0.0000,0.0000,0.0000,8.5,0.6589
2321,1.91e-04,0.8520,0.0000,0.0000,0.0000,0.0000,5.1,nan
2322,1.91e-04,0.7784,0.0000,0.0000,0.0000,0.0000,5.0,nan
2323,1.91e-04,0.5825,0.0000,0.0000,0.0000,0.0000,5.0,nan
2324,1.91e-04,0.6608,0.0000,0.0000,0.0000,0.0000,4.9,nan
2325,1.91e-04,0.4402,0.0000,0.0000,0.0000,0.0000,4.7,nan
2326,1.90e-04,0.6867,0.0000,0.0000,0.0000,0.0000,4.9,nan
2327,1.90e-04,0.7278,0.0000,0.0000,0.0000,0.0000,5.0,nan
2328,1.90e-04,0.5395,0.0000,0.0000,0.0000,0.0000,4.9,nan
2329,1.90e-04,0.7294,0.0000,0.0000,0.0000,0.0000,4.7,nan
2330,1.90e-04,0.7110,0.0000,0.0000,0.0000,0.0000,5.0,nan
2331,1.90e-04,0.6281,0.0000,0.0000,0.0000,0.0000,5.0,nan
2332,1.89e-04,0.7521,0.0000,0.0000,0.0000,0.0000,4.9,nan
2333,1.89e-04,0.9308,0.0000,0.0000,0.0000,0.0000,5.1,nan
2334,1.89e-04,0.5749,0.0000,0.0000,0.0000,0.0000,5.0,nan
2335,1.89e-04,0.7769,0.0000,0.0000,0.0000,0.0000,4.8,nan
2336,1.89e-04,0.4925,0.0000,0.0000,0.0000,0.0000,4.9,nan
2337,1.88e-04,0.4817,0.0000,0.0000,0.0000,0.0000,4.9,nan
2338,1.88e-04,0.5365,0.0000,0.0000,0.0000,0.0000,5.1,nan
2339,1.88e-04,0.7576,0.0000,0.0000,0.0000,0.0000,5.0,nan
2340,1.88e-04,0.7774,0.0000,0.0000,0.0000,0.0000,7.9,0.6419
2341,1.88e-04,0.5796,0.0000,0.0000,0.0000,0.0000,4.7,nan
2342,1.87e-04,0.6071,0.0000,0.0000,0.0000,0.0000,4.9,nan
2343,1.87e-04,0.6525,0.0000,0.0000,0.0000,0.0000,4.9,nan
2344,1.87e-04,0.3829,0.0000,0.0000,0.0000,0.0000,5.0,nan
2345,1.87e-04,0.6719,0.0000,0.0000,0.0000,0.0000,5.0,nan
2346,1.87e-04,0.6820,0.0000,0.0000,0.0000,0.0000,4.8,nan
2347,1.86e-04,0.5397,0.0000,0.0000,0.0000,0.0000,4.7,nan
2348,1.86e-04,0.4542,0.0000,0.0000,0.0000,0.0000,4.9,nan
2349,1.86e-04,0.7466,0.0000,0.0000,0.0000,0.0000,5.0,nan
2350,1.86e-04,0.7779,0.0000,0.0000,0.0000,0.0000,4.9,nan
2351,1.86e-04,0.8618,0.0000,0.0000,0.0000,0.0000,5.1,nan
2352,1.86e-04,0.5002,0.0000,0.0000,0.0000,0.0000,5.0,nan
2353,1.85e-04,0.8095,0.0000,0.0000,0.0000,0.0000,5.0,nan
2354,1.85e-04,0.6488,0.0000,0.0000,0.0000,0.0000,4.7,nan
2355,1.85e-04,0.6868,0.0000,0.0000,0.0000,0.0000,5.1,nan
2356,1.85e-04,0.8903,0.0000,0.0000,0.0000,0.0000,5.0,nan
2357,1.85e-04,0.7101,0.0000,0.0000,0.0000,0.0000,4.9,nan
2358,1.84e-04,0.8424,0.0000,0.0000,0.0000,0.0000,4.9,nan
2359,1.84e-04,0.6160,0.0000,0.0000,0.0000,0.0000,4.9,nan
2360,1.84e-04,0.5819,0.0000,0.0000,0.0000,0.0000,8.0,0.6801
2361,1.84e-04,0.8881,0.0000,0.0000,0.0000,0.0000,4.9,nan
2362,1.84e-04,0.7539,0.0000,0.0000,0.0000,0.0000,5.0,nan
2363,1.83e-04,0.6451,0.0000,0.0000,0.0000,0.0000,5.2,nan
2364,1.83e-04,0.6953,0.0000,0.0000,0.0000,0.0000,4.9,nan
2365,1.83e-04,0.9950,0.0000,0.0000,0.0000,0.0000,4.9,nan
2366,1.83e-04,0.6263,0.0000,0.0000,0.0000,0.0000,5.0,nan
2367,1.83e-04,0.4100,0.0000,0.0000,0.0000,0.0000,5.1,nan
2368,1.83e-04,0.5863,0.0000,0.0000,0.0000,0.0000,5.0,nan
2369,1.82e-04,0.8255,0.0000,0.0000,0.0000,0.0000,5.1,nan
2370,1.82e-04,1.0665,0.0000,0.0000,0.0000,0.0000,4.6,nan
2371,1.82e-04,0.6636,0.0000,0.0000,0.0000,0.0000,5.1,nan
2372,1.82e-04,0.5502,0.0000,0.0000,0.0000,0.0000,4.9,nan
2373,1.82e-04,0.6475,0.0000,0.0000,0.0000,0.0000,5.0,nan
2374,1.81e-04,0.8855,0.0000,0.0000,0.0000,0.0000,5.1,nan
2375,1.81e-04,0.6603,0.0000,0.0000,0.0000,0.0000,5.0,nan
2376,1.81e-04,0.6703,0.0000,0.0000,0.0000,0.0000,4.9,nan
2377,1.81e-04,0.8455,0.0000,0.0000,0.0000,0.0000,4.7,nan
2378,1.81e-04,0.5117,0.0000,0.0000,0.0000,0.0000,4.9,nan
2379,1.81e-04,0.8495,0.0000,0.0000,0.0000,0.0000,4.8,nan
2380,1.80e-04,0.7333,0.0000,0.0000,0.0000,0.0000,7.9,0.6758
2381,1.80e-04,0.6623,0.0000,0.0000,0.0000,0.0000,5.0,nan
2382,1.80e-04,0.5413,0.0000,0.0000,0.0000,0.0000,5.0,nan
2383,1.80e-04,0.7169,0.0000,0.0000,0.0000,0.0000,4.8,nan
2384,1.80e-04,0.6424,0.0000,0.0000,0.0000,0.0000,4.8,nan
2385,1.79e-04,0.8747,0.0000,0.0000,0.0000,0.0000,4.9,nan
2386,1.79e-04,0.6602,0.0000,0.0000,0.0000,0.0000,4.9,nan
2387,1.79e-04,0.5187,0.0000,0.0000,0.0000,0.0000,5.0,nan
2388,1.79e-04,0.7480,0.0000,0.0000,0.0000,0.0000,5.0,nan
2389,1.79e-04,0.7522,0.0000,0.0000,0.0000,0.0000,5.1,nan
2390,1.78e-04,0.3666,0.0000,0.0000,0.0000,0.0000,4.8,nan
2391,1.78e-04,0.6293,0.0000,0.0000,0.0000,0.0000,5.0,nan
2392,1.78e-04,0.6039,0.0000,0.0000,0.0000,0.0000,4.9,nan
2393,1.78e-04,0.7131,0.0000,0.0000,0.0000,0.0000,4.9,nan
2394,1.78e-04,0.8783,0.0000,0.0000,0.0000,0.0000,5.1,nan
2395,1.78e-04,0.6414,0.0000,0.0000,0.0000,0.0000,5.0,nan
2396,1.77e-04,0.6844,0.0000,0.0000,0.0000,0.0000,5.0,nan
2397,1.77e-04,0.8349,0.0000,0.0000,0.0000,0.0000,5.2,nan
2398,1.77e-04,0.8460,0.0000,0.0000,0.0000,0.0000,4.8,nan
2399,1.77e-04,0.4036,0.0000,0.0000,0.0000,0.0000,4.9,nan
2400,1.77e-04,0.7994,0.0000,0.0000,0.0000,0.0000,8.3,0.6992
2401,1.76e-04,0.7454,0.0000,0.0000,0.0000,0.0000,4.8,nan
2402,1.76e-04,0.5841,0.0000,0.0000,0.0000,0.0000,4.9,nan
2403,1.76e-04,0.5864,0.0000,0.0000,0.0000,0.0000,4.7,nan
2404,1.76e-04,0.6575,0.0000,0.0000,0.0000,0.0000,4.9,nan
2405,1.76e-04,0.8919,0.0000,0.0000,0.0000,0.0000,5.0,nan
2406,1.75e-04,0.9954,0.0000,0.0000,0.0000,0.0000,4.8,nan
2407,1.75e-04,0.7762,0.0000,0.0000,0.0000,0.0000,4.9,nan
2408,1.75e-04,0.5614,0.0000,0.0000,0.0000,0.0000,5.0,nan
2409,1.75e-04,0.6866,0.0000,0.0000,0.0000,0.0000,5.0,nan
2410,1.75e-04,0.4354,0.0000,0.0000,0.0000,0.0000,5.1,nan
2411,1.75e-04,0.6089,0.0000,0.0000,0.0000,0.0000,5.0,nan
2412,1.74e-04,0.6561,0.0000,0.0000,0.0000,0.0000,5.1,nan
2413,1.74e-04,0.4938,0.0000,0.0000,0.0000,0.0000,5.0,nan
2414,1.74e-04,0.6373,0.0000,0.0000,0.0000,0.0000,5.0,nan
2415,1.74e-04,0.8681,0.0000,0.0000,0.0000,0.0000,5.1,nan
2416,1.74e-04,0.5646,0.0000,0.0000,0.0000,0.0000,4.7,nan
2417,1.73e-04,0.4610,0.0000,0.0000,0.0000,0.0000,4.8,nan
2418,1.73e-04,0.7368,0.0000,0.0000,0.0000,0.0000,5.0,nan
2419,1.73e-04,0.5687,0.0000,0.0000,0.0000,0.0000,5.1,nan
2420,1.73e-04,0.7575,0.0000,0.0000,0.0000,0.0000,7.9,0.7034
2421,1.73e-04,0.6753,0.0000,0.0000,0.0000,0.0000,4.9,nan
2422,1.73e-04,0.6967,0.0000,0.0000,0.0000,0.0000,5.0,nan
2423,1.72e-04,0.6914,0.0000,0.0000,0.0000,0.0000,4.8,nan
2424,1.72e-04,0.6576,0.0000,0.0000,0.0000,0.0000,5.1,nan
2425,1.72e-04,0.8597,0.0000,0.0000,0.0000,0.0000,5.0,nan
2426,1.72e-04,0.6378,0.0000,0.0000,0.0000,0.0000,4.9,nan
2427,1.72e-04,0.8609,0.0000,0.0000,0.0000,0.0000,4.8,nan
2428,1.71e-04,0.4845,0.0000,0.0000,0.0000,0.0000,5.1,nan
2429,1.71e-04,0.7463,0.0000,0.0000,0.0000,0.0000,5.0,nan
2430,1.71e-04,0.5702,0.0000,0.0000,0.0000,0.0000,5.0,nan
2431,1.71e-04,0.9479,0.0000,0.0000,0.0000,0.0000,5.2,nan
2432,1.71e-04,0.3370,0.0000,0.0000,0.0000,0.0000,4.9,nan
2433,1.71e-04,0.7877,0.0000,0.0000,0.0000,0.0000,5.3,nan
2434,1.70e-04,0.6290,0.0000,0.0000,0.0000,0.0000,5.2,nan
2435,1.70e-04,0.7370,0.0000,0.0000,0.0000,0.0000,5.0,nan
2436,1.70e-04,0.6225,0.0000,0.0000,0.0000,0.0000,5.1,nan
2437,1.70e-04,0.6536,0.0000,0.0000,0.0000,0.0000,5.0,nan
2438,1.70e-04,0.9002,0.0000,0.0000,0.0000,0.0000,4.9,nan
2439,1.69e-04,0.4792,0.0000,0.0000,0.0000,0.0000,5.0,nan
2440,1.69e-04,0.7554,0.0000,0.0000,0.0000,0.0000,8.1,0.6758
2441,1.69e-04,0.6731,0.0000,0.0000,0.0000,0.0000,5.0,nan
2442,1.69e-04,0.7853,0.0000,0.0000,0.0000,0.0000,4.8,nan
2443,1.69e-04,0.8743,0.0000,0.0000,0.0000,0.0000,4.9,nan
2444,1.68e-04,0.7439,0.0000,0.0000,0.0000,0.0000,4.9,nan
2445,1.68e-04,0.9775,0.0000,0.0000,0.0000,0.0000,4.9,nan
2446,1.68e-04,0.3301,0.0000,0.0000,0.0000,0.0000,5.1,nan
2447,1.68e-04,0.7240,0.0000,0.0000,0.0000,0.0000,5.1,nan
2448,1.68e-04,0.6603,0.0000,0.0000,0.0000,0.0000,5.1,nan
2449,1.68e-04,0.6532,0.0000,0.0000,0.0000,0.0000,4.9,nan
2450,1.67e-04,0.2683,0.0000,0.0000,0.0000,0.0000,4.9,nan
2451,1.67e-04,0.2561,0.0000,0.0000,0.0000,0.0000,4.9,nan
2452,1.67e-04,0.6106,0.0000,0.0000,0.0000,0.0000,4.8,nan
2453,1.67e-04,0.6484,0.0000,0.0000,0.0000,0.0000,4.9,nan
2454,1.67e-04,0.8463,0.0000,0.0000,0.0000,0.0000,5.0,nan
2455,1.66e-04,0.6897,0.0000,0.0000,0.0000,0.0000,4.8,nan
2456,1.66e-04,0.6503,0.0000,0.0000,0.0000,0.0000,4.8,nan
2457,1.66e-04,0.4265,0.0000,0.0000,0.0000,0.0000,4.9,nan
2458,1.66e-04,0.7036,0.0000,0.0000,0.0000,0.0000,4.7,nan
2459,1.66e-04,0.7187,0.0000,0.0000,0.0000,0.0000,4.9,nan
2460,1.66e-04,0.6803,0.0000,0.0000,0.0000,0.0000,7.8,0.6525
2461,1.65e-04,0.4318,0.0000,0.0000,0.0000,0.0000,5.0,nan
2462,1.65e-04,0.5996,0.0000,0.0000,0.0000,0.0000,5.2,nan
2463,1.65e-04,0.9162,0.0000,0.0000,0.0000,0.0000,4.7,nan
2464,1.65e-04,0.8956,0.0000,0.0000,0.0000,0.0000,5.0,nan
2465,1.65e-04,0.6554,0.0000,0.0000,0.0000,0.0000,5.0,nan
2466,1.64e-04,0.5527,0.0000,0.0000,0.0000,0.0000,5.1,nan
2467,1.64e-04,0.5906,0.0000,0.0000,0.0000,0.0000,4.8,nan
2468,1.64e-04,0.7559,0.0000,0.0000,0.0000,0.0000,5.1,nan
2469,1.64e-04,0.5874,0.0000,0.0000,0.0000,0.0000,5.1,nan
2470,1.64e-04,0.6106,0.0000,0.0000,0.0000,0.0000,4.8,nan
2471,1.64e-04,0.5724,0.0000,0.0000,0.0000,0.0000,4.9,nan
2472,1.63e-04,0.5369,0.0000,0.0000,0.0000,0.0000,5.1,nan
2473,1.63e-04,0.7399,0.0000,0.0000,0.0000,0.0000,5.1,nan
2474,1.63e-04,0.6794,0.0000,0.0000,0.0000,0.0000,4.8,nan
2475,1.63e-04,0.7289,0.0000,0.0000,0.0000,0.0000,4.9,nan
2476,1.63e-04,0.5729,0.0000,0.0000,0.0000,0.0000,5.1,nan
2477,1.62e-04,0.5496,0.0000,0.0000,0.0000,0.0000,5.0,nan
2478,1.62e-04,0.5156,0.0000,0.0000,0.0000,0.0000,4.9,nan
2479,1.62e-04,0.4939,0.0000,0.0000,0.0000,0.0000,5.0,nan
2480,1.62e-04,0.7151,0.0000,0.0000,0.0000,0.0000,8.2,0.6780
2481,1.62e-04,0.8936,0.0000,0.0000,0.0000,0.0000,4.9,nan
2482,1.62e-04,0.6583,0.0000,0.0000,0.0000,0.0000,4.8,nan
2483,1.61e-04,0.5999,0.0000,0.0000,0.0000,0.0000,5.0,nan
2484,1.61e-04,0.4942,0.0000,0.0000,0.0000,0.0000,5.0,nan
2485,1.61e-04,0.7187,0.0000,0.0000,0.0000,0.0000,4.8,nan
2486,1.61e-04,0.7057,0.0000,0.0000,0.0000,0.0000,4.8,nan
2487,1.61e-04,0.5306,0.0000,0.0000,0.0000,0.0000,4.8,nan
2488,1.60e-04,0.6082,0.0000,0.0000,0.0000,0.0000,4.7,nan
2489,1.60e-04,0.6150,0.0000,0.0000,0.0000,0.0000,4.7,nan
2490,1.60e-04,0.8627,0.0000,0.0000,0.0000,0.0000,5.0,nan
2491,1.60e-04,0.6868,0.0000,0.0000,0.0000,0.0000,4.8,nan
2492,1.60e-04,0.7217,0.0000,0.0000,0.0000,0.0000,4.9,nan
2493,1.60e-04,0.4978,0.0000,0.0000,0.0000,0.0000,4.8,nan
2494,1.59e-04,0.4816,0.0000,0.0000,0.0000,0.0000,4.7,nan
2495,1.59e-04,0.5789,0.0000,0.0000,0.0000,0.0000,4.8,nan
2496,1.59e-04,0.4912,0.0000,0.0000,0.0000,0.0000,4.7,nan
2497,1.59e-04,0.8313,0.0000,0.0000,0.0000,0.0000,4.8,nan
2498,1.59e-04,0.7970,0.0000,0.0000,0.0000,0.0000,5.1,nan
2499,1.58e-04,0.6989,0.0000,0.0000,0.0000,0.0000,4.8,nan
2500,1.58e-04,0.5780,0.0000,0.0000,0.0000,0.0000,8.3,0.6864
2501,1.58e-04,0.2710,0.0000,0.0000,0.0000,0.0000,5.2,nan
2502,1.58e-04,0.6702,0.0000,0.0000,0.0000,0.0000,4.9,nan
2503,1.58e-04,0.6897,0.0000,0.0000,0.0000,0.0000,4.9,nan
2504,1.58e-04,0.6396,0.0000,0.0000,0.0000,0.0000,4.9,nan
2505,1.57e-04,0.9182,0.0000,0.0000,0.0000,0.0000,4.8,nan
2506,1.57e-04,0.8057,0.0000,0.0000,0.0000,0.0000,4.9,nan
2507,1.57e-04,0.8605,0.0000,0.0000,0.0000,0.0000,4.8,nan
2508,1.57e-04,0.5913,0.0000,0.0000,0.0000,0.0000,4.9,nan
2509,1.57e-04,0.8520,0.0000,0.0000,0.0000,0.0000,4.7,nan
2510,1.57e-04,0.4539,0.0000,0.0000,0.0000,0.0000,4.9,nan
2511,1.56e-04,0.6140,0.0000,0.0000,0.0000,0.0000,4.9,nan
2512,1.56e-04,0.6023,0.0000,0.0000,0.0000,0.0000,4.9,nan
2513,1.56e-04,0.6710,0.0000,0.0000,0.0000,0.0000,4.8,nan
2514,1.56e-04,0.8421,0.0000,0.0000,0.0000,0.0000,4.7,nan
2515,1.56e-04,0.6214,0.0000,0.0000,0.0000,0.0000,4.9,nan
2516,1.55e-04,0.7532,0.0000,0.0000,0.0000,0.0000,5.0,nan
2517,1.55e-04,0.6424,0.0000,0.0000,0.0000,0.0000,4.9,nan
2518,1.55e-04,0.6724,0.0000,0.0000,0.0000,0.0000,4.9,nan
2519,1.55e-04,0.5813,0.0000,0.0000,0.0000,0.0000,4.8,nan
2520,1.55e-04,0.7004,0.0000,0.0000,0.0000,0.0000,7.9,0.6653
2521,1.55e-04,0.7029,0.0000,0.0000,0.0000,0.0000,4.8,nan
2522,1.54e-04,0.8136,0.0000,0.0000,0.0000,0.0000,5.1,nan
2523,1.54e-04,0.4075,0.0000,0.0000,0.0000,0.0000,4.9,nan
2524,1.54e-04,0.7162,0.0000,0.0000,0.0000,0.0000,5.0,nan
2525,1.54e-04,0.5256,0.0000,0.0000,0.0000,0.0000,4.9,nan
2526,1.54e-04,0.5701,0.0000,0.0000,0.0000,0.0000,4.9,nan
2527,1.53e-04,0.7499,0.0000,0.0000,0.0000,0.0000,4.9,nan
2528,1.53e-04,0.6978,0.0000,0.0000,0.0000,0.0000,5.0,nan
2529,1.53e-04,0.3512,0.0000,0.0000,0.0000,0.0000,4.8,nan
2530,1.53e-04,0.5616,0.0000,0.0000,0.0000,0.0000,5.1,nan
2531,1.53e-04,0.5144,0.0000,0.0000,0.0000,0.0000,5.0,nan
2532,1.53e-04,0.9194,0.0000,0.0000,0.0000,0.0000,4.6,nan
2533,1.52e-04,0.7786,0.0000,0.0000,0.0000,0.0000,5.1,nan
2534,1.52e-04,0.7037,0.0000,0.0000,0.0000,0.0000,4.8,nan
2535,1.52e-04,0.6267,0.0000,0.0000,0.0000,0.0000,4.7,nan
2536,1.52e-04,0.6526,0.0000,0.0000,0.0000,0.0000,4.9,nan
2537,1.52e-04,0.2943,0.0000,0.0000,0.0000,0.0000,4.9,nan
2538,1.51e-04,0.5521,0.0000,0.0000,0.0000,0.0000,4.9,nan
2539,1.51e-04,0.8705,0.0000,0.0000,0.0000,0.0000,5.0,nan
2540,1.51e-04,0.7166,0.0000,0.0000,0.0000,0.0000,8.1,0.6928
2541,1.51e-04,0.6907,0.0000,0.0000,0.0000,0.0000,5.1,nan
2542,1.51e-04,0.6657,0.0000,0.0000,0.0000,0.0000,5.0,nan
2543,1.51e-04,0.5407,0.0000,0.0000,0.0000,0.0000,5.0,nan
2544,1.50e-04,0.6149,0.0000,0.0000,0.0000,0.0000,4.8,nan
2545,1.50e-04,0.7105,0.0000,0.0000,0.0000,0.0000,4.7,nan
2546,1.50e-04,0.9495,0.0000,0.0000,0.0000,0.0000,5.0,nan
2547,1.50e-04,0.5091,0.0000,0.0000,0.0000,0.0000,4.8,nan
2548,1.50e-04,0.6235,0.0000,0.0000,0.0000,0.0000,5.1,nan
2549,1.50e-04,0.4736,0.0000,0.0000,0.0000,0.0000,4.7,nan
2550,1.49e-04,0.6579,0.0000,0.0000,0.0000,0.0000,5.1,nan
2551,1.49e-04,0.7750,0.0000,0.0000,0.0000,0.0000,5.1,nan
2552,1.49e-04,0.6032,0.0000,0.0000,0.0000,0.0000,4.8,nan
2553,1.49e-04,0.8211,0.0000,0.0000,0.0000,0.0000,4.9,nan
2554,1.49e-04,0.7505,0.0000,0.0000,0.0000,0.0000,4.9,nan
2555,1.48e-04,0.6404,0.0000,0.0000,0.0000,0.0000,4.9,nan
2556,1.48e-04,0.4869,0.0000,0.0000,0.0000,0.0000,5.1,nan
2557,1.48e-04,0.6145,0.0000,0.0000,0.0000,0.0000,5.0,nan
2558,1.48e-04,0.6849,0.0000,0.0000,0.0000,0.0000,5.2,nan
2559,1.48e-04,0.6711,0.0000,0.0000,0.0000,0.0000,4.8,nan
2560,1.48e-04,0.5143,0.0000,0.0000,0.0000,0.0000,8.2,0.6843
2561,1.47e-04,0.6271,0.0000,0.0000,0.0000,0.0000,5.0,nan
2562,1.47e-04,0.5099,0.0000,0.0000,0.0000,0.0000,4.8,nan
2563,1.47e-04,0.8899,0.0000,0.0000,0.0000,0.0000,5.0,nan
2564,1.47e-04,0.3839,0.0000,0.0000,0.0000,0.0000,5.0,nan
2565,1.47e-04,0.5991,0.0000,0.0000,0.0000,0.0000,4.8,nan
2566,1.47e-04,0.6960,0.0000,0.0000,0.0000,0.0000,5.0,nan
2567,1.46e-04,0.5868,0.0000,0.0000,0.0000,0.0000,4.9,nan
2568,1.46e-04,0.5680,0.0000,0.0000,0.0000,0.0000,5.0,nan
2569,1.46e-04,0.8032,0.0000,0.0000,0.0000,0.0000,4.9,nan
2570,1.46e-04,0.6841,0.0000,0.0000,0.0000,0.0000,4.8,nan
2571,1.46e-04,0.5419,0.0000,0.0000,0.0000,0.0000,5.0,nan
2572,1.45e-04,0.6770,0.0000,0.0000,0.0000,0.0000,5.0,nan
2573,1.45e-04,0.6621,0.0000,0.0000,0.0000,0.0000,4.7,nan
2574,1.45e-04,0.6480,0.0000,0.0000,0.0000,0.0000,5.0,nan
2575,1.45e-04,0.4110,0.0000,0.0000,0.0000,0.0000,4.8,nan
2576,1.45e-04,0.7060,0.0000,0.0000,0.0000,0.0000,5.0,nan
2577,1.45e-04,0.6175,0.0000,0.0000,0.0000,0.0000,4.7,nan
2578,1.44e-04,0.4090,0.0000,0.0000,0.0000,0.0000,4.9,nan
2579,1.44e-04,0.7498,0.0000,0.0000,0.0000,0.0000,5.0,nan
2580,1.44e-04,0.7226,0.0000,0.0000,0.0000,0.0000,8.1,0.7055
2581,1.44e-04,0.4746,0.0000,0.0000,0.0000,0.0000,4.8,nan
2582,1.44e-04,0.7486,0.0000,0.0000,0.0000,0.0000,5.0,nan
2583,1.44e-04,0.5739,0.0000,0.0000,0.0000,0.0000,4.9,nan
2584,1.43e-04,0.4095,0.0000,0.0000,0.0000,0.0000,4.8,nan
2585,1.43e-04,0.5877,0.0000,0.0000,0.0000,0.0000,5.2,nan
2586,1.43e-04,0.6245,0.0000,0.0000,0.0000,0.0000,4.9,nan
2587,1.43e-04,0.5556,0.0000,0.0000,0.0000,0.0000,5.0,nan
2588,1.43e-04,0.4048,0.0000,0.0000,0.0000,0.0000,4.9,nan
2589,1.43e-04,0.7338,0.0000,0.0000,0.0000,0.0000,5.0,nan
2590,1.42e-04,0.6397,0.0000,0.0000,0.0000,0.0000,5.0,nan
2591,1.42e-04,0.6898,0.0000,0.0000,0.0000,0.0000,4.8,nan
2592,1.42e-04,0.3814,0.0000,0.0000,0.0000,0.0000,4.9,nan
2593,1.42e-04,0.7177,0.0000,0.0000,0.0000,0.0000,5.3,nan
2594,1.42e-04,0.7949,0.0000,0.0000,0.0000,0.0000,5.0,nan
2595,1.41e-04,0.5557,0.0000,0.0000,0.0000,0.0000,4.9,nan
2596,1.41e-04,0.5809,0.0000,0.0000,0.0000,0.0000,4.9,nan
2597,1.41e-04,0.6456,0.0000,0.0000,0.0000,0.0000,5.0,nan
2598,1.41e-04,0.8007,0.0000,0.0000,0.0000,0.0000,4.8,nan
2599,1.41e-04,0.7117,0.0000,0.0000,0.0000,0.0000,5.0,nan
2600,1.41e-04,0.5770,0.0000,0.0000,0.0000,0.0000,8.2,0.6653
2601,1.40e-04,0.7480,0.0000,0.0000,0.0000,0.0000,4.7,nan
2602,1.40e-04,0.7401,0.0000,0.0000,0.0000,0.0000,4.9,nan
2603,1.40e-04,0.7017,0.0000,0.0000,0.0000,0.0000,5.0,nan
2604,1.40e-04,0.5353,0.0000,0.0000,0.0000,0.0000,5.0,nan
2605,1.40e-04,0.4269,0.0000,0.0000,0.0000,0.0000,4.7,nan
2606,1.40e-04,0.3091,0.0000,0.0000,0.0000,0.0000,5.0,nan
2607,1.39e-04,0.6661,0.0000,0.0000,0.0000,0.0000,4.9,nan
2608,1.39e-04,0.5800,0.0000,0.0000,0.0000,0.0000,5.0,nan
2609,1.39e-04,0.6647,0.0000,0.0000,0.0000,0.0000,4.7,nan
2610,1.39e-04,0.7121,0.0000,0.0000,0.0000,0.0000,5.0,nan
2611,1.39e-04,0.5410,0.0000,0.0000,0.0000,0.0000,5.0,nan
2612,1.39e-04,0.6311,0.0000,0.0000,0.0000,0.0000,4.9,nan
2613,1.38e-04,0.7860,0.0000,0.0000,0.0000,0.0000,4.8,nan
2614,1.38e-04,0.8036,0.0000,0.0000,0.0000,0.0000,5.0,nan
2615,1.38e-04,0.7138,0.0000,0.0000,0.0000,0.0000,4.7,nan
2616,1.38e-04,0.5367,0.0000,0.0000,0.0000,0.0000,5.0,nan
2617,1.38e-04,0.5789,0.0000,0.0000,0.0000,0.0000,4.8,nan
2618,1.37e-04,0.8059,0.0000,0.0000,0.0000,0.0000,5.0,nan
2619,1.37e-04,0.5713,0.0000,0.0000,0.0000,0.0000,4.9,nan
2620,1.37e-04,0.5729,0.0000,0.0000,0.0000,0.0000,8.4,0.7246
2621,1.37e-04,0.6974,0.0000,0.0000,0.0000,0.0000,4.7,nan
2622,1.37e-04,0.6093,0.0000,0.0000,0.0000,0.0000,4.8,nan
2623,1.37e-04,0.5436,0.0000,0.0000,0.0000,0.0000,4.9,nan
2624,1.36e-04,0.5827,0.0000,0.0000,0.0000,0.0000,5.2,nan
2625,1.36e-04,0.6493,0.0000,0.0000,0.0000,0.0000,4.8,nan
2626,1.36e-04,0.7022,0.0000,0.0000,0.0000,0.0000,5.1,nan
2627,1.36e-04,0.6866,0.0000,0.0000,0.0000,0.0000,5.0,nan
2628,1.36e-04,0.8746,0.0000,0.0000,0.0000,0.0000,4.9,nan
2629,1.36e-04,0.5282,0.0000,0.0000,0.0000,0.0000,5.0,nan
2630,1.35e-04,0.4769,0.0000,0.0000,0.0000,0.0000,4.8,nan
2631,1.35e-04,0.6962,0.0000,0.0000,0.0000,0.0000,4.8,nan
2632,1.35e-04,0.5659,0.0000,0.0000,0.0000,0.0000,4.7,nan
2633,1.35e-04,0.7399,0.0000,0.0000,0.0000,0.0000,5.0,nan
2634,1.35e-04,0.5092,0.0000,0.0000,0.0000,0.0000,4.7,nan
2635,1.35e-04,0.3830,0.0000,0.0000,0.0000,0.0000,4.7,nan
2636,1.34e-04,0.6685,0.0000,0.0000,0.0000,0.0000,4.8,nan
2637,1.34e-04,0.7362,0.0000,0.0000,0.0000,0.0000,5.0,nan
2638,1.34e-04,0.6447,0.0000,0.0000,0.0000,0.0000,5.0,nan
2639,1.34e-04,0.5551,0.0000,0.0000,0.0000,0.0000,5.0,nan
2640,1.34e-04,0.6435,0.0000,0.0000,0.0000,0.0000,8.3,0.6822
2641,1.34e-04,0.3185,0.0000,0.0000,0.0000,0.0000,4.8,nan
2642,1.33e-04,0.6153,0.0000,0.0000,0.0000,0.0000,5.0,nan
2643,1.33e-04,0.4809,0.0000,0.0000,0.0000,0.0000,5.0,nan
2644,1.33e-04,0.6727,0.0000,0.0000,0.0000,0.0000,4.8,nan
2645,1.33e-04,0.3586,0.0000,0.0000,0.0000,0.0000,5.1,nan
2646,1.33e-04,0.7179,0.0000,0.0000,0.0000,0.0000,5.1,nan
2647,1.33e-04,0.5809,0.0000,0.0000,0.0000,0.0000,4.9,nan
2648,1.32e-04,0.4008,0.0000,0.0000,0.0000,0.0000,5.1,nan
2649,1.32e-04,0.5615,0.0000,0.0000,0.0000,0.0000,4.9,nan
2650,1.32e-04,0.5433,0.0000,0.0000,0.0000,0.0000,5.3,nan
2651,1.32e-04,0.5453,0.0000,0.0000,0.0000,0.0000,5.0,nan
2652,1.32e-04,0.7577,0.0000,0.0000,0.0000,0.0000,4.9,nan
2653,1.31e-04,0.5322,0.0000,0.0000,0.0000,0.0000,4.8,nan
2654,1.31e-04,0.6359,0.0000,0.0000,0.0000,0.0000,4.8,nan
2655,1.31e-04,0.4454,0.0000,0.0000,0.0000,0.0000,4.8,nan
2656,1.31e-04,0.4930,0.0000,0.0000,0.0000,0.0000,4.9,nan
2657,1.31e-04,0.8340,0.0000,0.0000,0.0000,0.0000,4.8,nan
2658,1.31e-04,0.6091,0.0000,0.0000,0.0000,0.0000,5.0,nan
2659,1.30e-04,0.4074,0.0000,0.0000,0.0000,0.0000,5.9,nan
2660,1.30e-04,0.6746,0.0000,0.0000,0.0000,0.0000,8.8,0.6780
2661,1.30e-04,0.7322,0.0000,0.0000,0.0000,0.0000,4.9,nan
2662,1.30e-04,0.5099,0.0000,0.0000,0.0000,0.0000,4.8,nan
2663,1.30e-04,0.5567,0.0000,0.0000,0.0000,0.0000,4.9,nan
2664,1.30e-04,0.7380,0.0000,0.0000,0.0000,0.0000,4.8,nan
2665,1.29e-04,0.6471,0.0000,0.0000,0.0000,0.0000,4.9,nan
2666,1.29e-04,0.6173,0.0000,0.0000,0.0000,0.0000,5.1,nan
2667,1.29e-04,0.7462,0.0000,0.0000,0.0000,0.0000,4.9,nan
2668,1.29e-04,0.5566,0.0000,0.0000,0.0000,0.0000,5.3,nan
2669,1.29e-04,0.6541,0.0000,0.0000,0.0000,0.0000,5.2,nan
2670,1.29e-04,0.7449,0.0000,0.0000,0.0000,0.0000,4.8,nan
2671,1.28e-04,0.4850,0.0000,0.0000,0.0000,0.0000,4.8,nan
2672,1.28e-04,0.8278,0.0000,0.0000,0.0000,0.0000,4.9,nan
2673,1.28e-04,0.5937,0.0000,0.0000,0.0000,0.0000,4.8,nan
2674,1.28e-04,0.5382,0.0000,0.0000,0.0000,0.0000,4.9,nan
2675,1.28e-04,0.6297,0.0000,0.0000,0.0000,0.0000,4.8,nan
2676,1.28e-04,0.7423,0.0000,0.0000,0.0000,0.0000,5.0,nan
2677,1.27e-04,0.6462,0.0000,0.0000,0.0000,0.0000,5.0,nan
2678,1.27e-04,0.5725,0.0000,0.0000,0.0000,0.0000,4.9,nan
2679,1.27e-04,0.7518,0.0000,0.0000,0.0000,0.0000,4.7,nan
2680,1.27e-04,0.5343,0.0000,0.0000,0.0000,0.0000,8.4,0.6992
2681,1.27e-04,0.5648,0.0000,0.0000,0.0000,0.0000,5.0,nan
2682,1.27e-04,0.6215,0.0000,0.0000,0.0000,0.0000,5.0,nan
2683,1.26e-04,0.9325,0.0000,0.0000,0.0000,0.0000,4.9,nan
2684,1.26e-04,0.5092,0.0000,0.0000,0.0000,0.0000,5.0,nan
2685,1.26e-04,0.6519,0.0000,0.0000,0.0000,0.0000,4.9,nan
2686,1.26e-04,0.5089,0.0000,0.0000,0.0000,0.0000,5.1,nan
2687,1.26e-04,0.8665,0.0000,0.0000,0.0000,0.0000,4.7,nan
2688,1.26e-04,0.6931,0.0000,0.0000,0.0000,0.0000,4.7,nan
2689,1.25e-04,0.3430,0.0000,0.0000,0.0000,0.0000,5.0,nan
2690,1.25e-04,0.5757,0.0000,0.0000,0.0000,0.0000,4.9,nan
2691,1.25e-04,0.6686,0.0000,0.0000,0.0000,0.0000,4.9,nan
2692,1.25e-04,0.7014,0.0000,0.0000,0.0000,0.0000,5.0,nan
2693,1.25e-04,0.5208,0.0000,0.0000,0.0000,0.0000,4.8,nan
2694,1.25e-04,0.7171,0.0000,0.0000,0.0000,0.0000,5.1,nan
2695,1.24e-04,0.4584,0.0000,0.0000,0.0000,0.0000,4.9,nan
2696,1.24e-04,0.4311,0.0000,0.0000,0.0000,0.0000,5.1,nan
2697,1.24e-04,0.5692,0.0000,0.0000,0.0000,0.0000,4.8,nan
2698,1.24e-04,0.8749,0.0000,0.0000,0.0000,0.0000,5.2,nan
2699,1.24e-04,0.8016,0.0000,0.0000,0.0000,0.0000,5.1,nan
2700,1.24e-04,0.5955,0.0000,0.0000,0.0000,0.0000,8.0,0.6907
2701,1.23e-04,0.5910,0.0000,0.0000,0.0000,0.0000,4.9,nan
2702,1.23e-04,0.4932,0.0000,0.0000,0.0000,0.0000,4.9,nan
2703,1.23e-04,0.4253,0.0000,0.0000,0.0000,0.0000,4.8,nan
2704,1.23e-04,0.6205,0.0000,0.0000,0.0000,0.0000,4.8,nan
2705,1.23e-04,0.6634,0.0000,0.0000,0.0000,0.0000,5.1,nan
2706,1.23e-04,0.3953,0.0000,0.0000,0.0000,0.0000,4.8,nan
2707,1.22e-04,0.6571,0.0000,0.0000,0.0000,0.0000,5.2,nan
2708,1.22e-04,0.7817,0.0000,0.0000,0.0000,0.0000,4.9,nan
2709,1.22e-04,0.8823,0.0000,0.0000,0.0000,0.0000,4.9,nan
2710,1.22e-04,0.8028,0.0000,0.0000,0.0000,0.0000,5.0,nan
2711,1.22e-04,0.4668,0.0000,0.0000,0.0000,0.0000,4.8,nan
2712,1.22e-04,0.2695,0.0000,0.0000,0.0000,0.0000,5.0,nan
2713,1.21e-04,0.6500,0.0000,0.0000,0.0000,0.0000,5.2,nan
2714,1.21e-04,0.4068,0.0000,0.0000,0.0000,0.0000,4.9,nan
2715,1.21e-04,0.9615,0.0000,0.0000,0.0000,0.0000,5.0,nan
2716,1.21e-04,0.5461,0.0000,0.0000,0.0000,0.0000,4.9,nan
2717,1.21e-04,0.7826,0.0000,0.0000,0.0000,0.0000,5.0,nan
2718,1.21e-04,0.3817,0.0000,0.0000,0.0000,0.0000,4.8,nan
2719,1.20e-04,0.4146,0.0000,0.0000,0.0000,0.0000,4.8,nan
2720,1.20e-04,0.9228,0.0000,0.0000,0.0000,0.0000,8.2,0.7055
2721,1.20e-04,0.7380,0.0000,0.0000,0.0000,0.0000,5.1,nan
2722,1.20e-04,0.7352,0.0000,0.0000,0.0000,0.0000,5.0,nan
2723,1.20e-04,0.4588,0.0000,0.0000,0.0000,0.0000,4.8,nan
2724,1.20e-04,0.6502,0.0000,0.0000,0.0000,0.0000,4.9,nan
2725,1.19e-04,0.6454,0.0000,0.0000,0.0000,0.0000,4.8,nan
2726,1.19e-04,0.4034,0.0000,0.0000,0.0000,0.0000,5.1,nan
2727,1.19e-04,0.4213,0.0000,0.0000,0.0000,0.0000,5.0,nan
2728,1.19e-04,0.5672,0.0000,0.0000,0.0000,0.0000,5.1,nan
2729,1.19e-04,0.5570,0.0000,0.0000,0.0000,0.0000,4.8,nan
2730,1.19e-04,0.5714,0.0000,0.0000,0.0000,0.0000,4.9,nan
2731,1.18e-04,0.7223,0.0000,0.0000,0.0000,0.0000,5.2,nan
2732,1.18e-04,0.4709,0.0000,0.0000,0.0000,0.0000,4.7,nan
2733,1.18e-04,0.6594,0.0000,0.0000,0.0000,0.0000,4.8,nan
2734,1.18e-04,0.6357,0.0000,0.0000,0.0000,0.0000,4.8,nan
2735,1.18e-04,0.5455,0.0000,0.0000,0.0000,0.0000,4.9,nan
2736,1.18e-04,0.6500,0.0000,0.0000,0.0000,0.0000,4.9,nan
2737,1.17e-04,0.6890,0.0000,0.0000,0.0000,0.0000,4.9,nan
2738,1.17e-04,0.6270,0.0000,0.0000,0.0000,0.0000,5.0,nan
2739,1.17e-04,0.6686,0.0000,0.0000,0.0000,0.0000,4.8,nan
2740,1.17e-04,0.3921,0.0000,0.0000,0.0000,0.0000,7.9,0.6674
2741,1.17e-04,0.4974,0.0000,0.0000,0.0000,0.0000,4.9,nan
2742,1.17e-04,0.7676,0.0000,0.0000,0.0000,0.0000,5.0,nan
2743,1.16e-04,0.5792,0.0000,0.0000,0.0000,0.0000,4.9,nan
2744,1.16e-04,0.6569,0.0000,0.0000,0.0000,0.0000,4.9,nan
2745,1.16e-04,0.8114,0.0000,0.0000,0.0000,0.0000,4.9,nan
2746,1.16e-04,0.8652,0.0000,0.0000,0.0000,0.0000,5.1,nan
2747,1.16e-04,0.7451,0.0000,0.0000,0.0000,0.0000,4.8,nan
2748,1.16e-04,0.4493,0.0000,0.0000,0.0000,0.0000,5.0,nan
2749,1.16e-04,0.4954,0.0000,0.0000,0.0000,0.0000,4.9,nan
2750,1.15e-04,0.4659,0.0000,0.0000,0.0000,0.0000,4.9,nan
2751,1.15e-04,0.5306,0.0000,0.0000,0.0000,0.0000,5.0,nan
2752,1.15e-04,0.7225,0.0000,0.0000,0.0000,0.0000,4.8,nan
2753,1.15e-04,0.5448,0.0000,0.0000,0.0000,0.0000,4.9,nan
2754,1.15e-04,0.8238,0.0000,0.0000,0.0000,0.0000,4.8,nan
2755,1.15e-04,0.7291,0.0000,0.0000,0.0000,0.0000,4.8,nan
2756,1.14e-04,0.6189,0.0000,0.0000,0.0000,0.0000,4.7,nan
2757,1.14e-04,0.7063,0.0000,0.0000,0.0000,0.0000,5.3,nan
2758,1.14e-04,0.6661,0.0000,0.0000,0.0000,0.0000,4.7,nan
2759,1.14e-04,0.2802,0.0000,0.0000,0.0000,0.0000,4.8,nan
2760,1.14e-04,0.6695,0.0000,0.0000,0.0000,0.0000,8.1,0.6822
2761,1.14e-04,0.7004,0.0000,0.0000,0.0000,0.0000,5.2,nan
2762,1.13e-04,0.6041,0.0000,0.0000,0.0000,0.0000,4.8,nan
2763,1.13e-04,0.5816,0.0000,0.0000,0.0000,0.0000,5.0,nan
2764,1.13e-04,0.4798,0.0000,0.0000,0.0000,0.0000,4.8,nan
2765,1.13e-04,0.5807,0.0000,0.0000,0.0000,0.0000,4.9,nan
2766,1.13e-04,0.2872,0.0000,0.0000,0.0000,0.0000,4.9,nan
2767,1.13e-04,0.5535,0.0000,0.0000,0.0000,0.0000,4.9,nan
2768,1.12e-04,0.4663,0.0000,0.0000,0.0000,0.0000,5.1,nan
2769,1.12e-04,0.2796,0.0000,0.0000,0.0000,0.0000,5.0,nan
2770,1.12e-04,0.6114,0.0000,0.0000,0.0000,0.0000,4.8,nan
2771,1.12e-04,0.4872,0.0000,0.0000,0.0000,0.0000,5.0,nan
2772,1.12e-04,0.5857,0.0000,0.0000,0.0000,0.0000,5.0,nan
2773,1.12e-04,0.9749,0.0000,0.0000,0.0000,0.0000,5.1,nan
2774,1.11e-04,0.5545,0.0000,0.0000,0.0000,0.0000,4.9,nan
2775,1.11e-04,0.5845,0.0000,0.0000,0.0000,0.0000,4.7,nan
2776,1.11e-04,0.4407,0.0000,0.0000,0.0000,0.0000,5.0,nan
2777,1.11e-04,0.8045,0.0000,0.0000,0.0000,0.0000,4.9,nan
2778,1.11e-04,0.6740,0.0000,0.0000,0.0000,0.0000,4.8,nan
2779,1.11e-04,0.6315,0.0000,0.0000,0.0000,0.0000,5.1,nan
2780,1.11e-04,0.3424,0.0000,0.0000,0.0000,0.0000,8.3,0.6780
2781,1.10e-04,0.8884,0.0000,0.0000,0.0000,0.0000,4.9,nan
2782,1.10e-04,0.7855,0.0000,0.0000,0.0000,0.0000,4.9,nan
2783,1.10e-04,0.5127,0.0000,0.0000,0.0000,0.0000,4.8,nan
2784,1.10e-04,0.6597,0.0000,0.0000,0.0000,0.0000,4.8,nan
2785,1.10e-04,0.6798,0.0000,0.0000,0.0000,0.0000,5.2,nan
2786,1.10e-04,0.3380,0.0000,0.0000,0.0000,0.0000,5.1,nan
2787,1.09e-04,0.5370,0.0000,0.0000,0.0000,0.0000,5.0,nan
2788,1.09e-04,0.6356,0.0000,0.0000,0.0000,0.0000,4.8,nan
2789,1.09e-04,0.5024,0.0000,0.0000,0.0000,0.0000,5.1,nan
2790,1.09e-04,0.7011,0.0000,0.0000,0.0000,0.0000,5.0,nan
2791,1.09e-04,0.7299,0.0000,0.0000,0.0000,0.0000,4.8,nan
2792,1.09e-04,0.3980,0.0000,0.0000,0.0000,0.0000,4.9,nan
2793,1.08e-04,0.5502,0.0000,0.0000,0.0000,0.0000,5.0,nan
2794,1.08e-04,0.6828,0.0000,0.0000,0.0000,0.0000,4.9,nan
2795,1.08e-04,0.3915,0.0000,0.0000,0.0000,0.0000,4.9,nan
2796,1.08e-04,0.5292,0.0000,0.0000,0.0000,0.0000,4.9,nan
2797,1.08e-04,0.6296,0.0000,0.0000,0.0000,0.0000,5.0,nan
2798,1.08e-04,0.5768,0.0000,0.0000,0.0000,0.0000,5.0,nan
2799,1.08e-04,0.5437,0.0000,0.0000,0.0000,0.0000,5.3,nan
2800,1.07e-04,0.5862,0.0000,0.0000,0.0000,0.0000,8.0,0.6928
2801,1.07e-04,0.4334,0.0000,0.0000,0.0000,0.0000,5.1,nan
2802,1.07e-04,0.7699,0.0000,0.0000,0.0000,0.0000,4.9,nan
2803,1.07e-04,0.5689,0.0000,0.0000,0.0000,0.0000,4.9,nan
2804,1.07e-04,0.8391,0.0000,0.0000,0.0000,0.0000,5.1,nan
2805,1.07e-04,0.8189,0.0000,0.0000,0.0000,0.0000,4.7,nan
2806,1.06e-04,0.6750,0.0000,0.0000,0.0000,0.0000,5.0,nan
2807,1.06e-04,0.4293,0.0000,0.0000,0.0000,0.0000,5.0,nan
2808,1.06e-04,0.4132,0.0000,0.0000,0.0000,0.0000,4.8,nan
2809,1.06e-04,0.5243,0.0000,0.0000,0.0000,0.0000,5.1,nan
2810,1.06e-04,0.9473,0.0000,0.0000,0.0000,0.0000,5.1,nan
2811,1.06e-04,0.4460,0.0000,0.0000,0.0000,0.0000,5.2,nan
2812,1.05e-04,0.5133,0.0000,0.0000,0.0000,0.0000,5.0,nan
2813,1.05e-04,0.6490,0.0000,0.0000,0.0000,0.0000,4.8,nan
2814,1.05e-04,0.8136,0.0000,0.0000,0.0000,0.0000,4.9,nan
2815,1.05e-04,0.4496,0.0000,0.0000,0.0000,0.0000,4.8,nan
2816,1.05e-04,0.5453,0.0000,0.0000,0.0000,0.0000,4.9,nan
2817,1.05e-04,0.6762,0.0000,0.0000,0.0000,0.0000,5.0,nan
2818,1.05e-04,0.4873,0.0000,0.0000,0.0000,0.0000,4.8,nan
2819,1.04e-04,0.4815,0.0000,0.0000,0.0000,0.0000,4.8,nan
2820,1.04e-04,0.6547,0.0000,0.0000,0.0000,0.0000,7.9,0.7076
2821,1.04e-04,0.6135,0.0000,0.0000,0.0000,0.0000,4.9,nan
2822,1.04e-04,0.6010,0.0000,0.0000,0.0000,0.0000,4.9,nan
2823,1.04e-04,0.7148,0.0000,0.0000,0.0000,0.0000,4.9,nan
2824,1.04e-04,0.5649,0.0000,0.0000,0.0000,0.0000,4.8,nan
2825,1.03e-04,0.4929,0.0000,0.0000,0.0000,0.0000,4.8,nan
2826,1.03e-04,0.5982,0.0000,0.0000,0.0000,0.0000,4.8,nan
2827,1.03e-04,0.5646,0.0000,0.0000,0.0000,0.0000,5.0,nan
2828,1.03e-04,0.4931,0.0000,0.0000,0.0000,0.0000,4.8,nan
2829,1.03e-04,0.5280,0.0000,0.0000,0.0000,0.0000,5.2,nan
2830,1.03e-04,0.3586,0.0000,0.0000,0.0000,0.0000,5.1,nan
2831,1.03e-04,0.5917,0.0000,0.0000,0.0000,0.0000,5.0,nan
2832,1.02e-04,0.6225,0.0000,0.0000,0.0000,0.0000,4.7,nan
2833,1.02e-04,0.6554,0.0000,0.0000,0.0000,0.0000,5.0,nan
2834,1.02e-04,0.4801,0.0000,0.0000,0.0000,0.0000,4.9,nan
2835,1.02e-04,0.3559,0.0000,0.0000,0.0000,0.0000,5.1,nan
2836,1.02e-04,0.8347,0.0000,0.0000,0.0000,0.0000,4.8,nan
2837,1.02e-04,0.6451,0.0000,0.0000,0.0000,0.0000,5.0,nan
2838,1.01e-04,0.5881,0.0000,0.0000,0.0000,0.0000,5.0,nan
2839,1.01e-04,0.4432,0.0000,0.0000,0.0000,0.0000,4.8,nan
2840,1.01e-04,0.4163,0.0000,0.0000,0.0000,0.0000,8.1,0.7076
2841,1.01e-04,0.6952,0.0000,0.0000,0.0000,0.0000,4.7,nan
2842,1.01e-04,0.4980,0.0000,0.0000,0.0000,0.0000,5.0,nan
2843,1.01e-04,0.5614,0.0000,0.0000,0.0000,0.0000,5.0,nan
2844,1.01e-04,0.5460,0.0000,0.0000,0.0000,0.0000,5.2,nan
2845,1.00e-04,0.6619,0.0000,0.0000,0.0000,0.0000,4.8,nan
2846,1.00e-04,0.6306,0.0000,0.0000,0.0000,0.0000,4.9,nan
2847,1.00e-04,0.5115,0.0000,0.0000,0.0000,0.0000,5.0,nan
2848,9.99e-05,0.6315,0.0000,0.0000,0.0000,0.0000,4.8,nan
2849,9.97e-05,0.7804,0.0000,0.0000,0.0000,0.0000,4.9,nan
2850,9.96e-05,0.8773,0.0000,0.0000,0.0000,0.0000,4.9,nan
2851,9.94e-05,0.6241,0.0000,0.0000,0.0000,0.0000,5.0,nan
2852,9.93e-05,0.5259,0.0000,0.0000,0.0000,0.0000,4.8,nan
2853,9.91e-05,0.8139,0.0000,0.0000,0.0000,0.0000,4.8,nan
2854,9.90e-05,0.6210,0.0000,0.0000,0.0000,0.0000,4.7,nan
2855,9.88e-05,0.6699,0.0000,0.0000,0.0000,0.0000,4.9,nan
2856,9.87e-05,0.7448,0.0000,0.0000,0.0000,0.0000,4.9,nan
2857,9.85e-05,0.4080,0.0000,0.0000,0.0000,0.0000,4.8,nan
2858,9.84e-05,0.4489,0.0000,0.0000,0.0000,0.0000,4.8,nan
2859,9.82e-05,0.7325,0.0000,0.0000,0.0000,0.0000,5.1,nan
2860,9.81e-05,0.4356,0.0000,0.0000,0.0000,0.0000,8.3,0.6843
2861,9.79e-05,0.5521,0.0000,0.0000,0.0000,0.0000,5.0,nan
2862,9.77e-05,0.6612,0.0000,0.0000,0.0000,0.0000,5.4,nan
2863,9.76e-05,0.6398,0.0000,0.0000,0.0000,0.0000,5.5,nan
2864,9.74e-05,0.8797,0.0000,0.0000,0.0000,0.0000,5.5,nan
2865,9.73e-05,0.4692,0.0000,0.0000,0.0000,0.0000,5.3,nan
2866,9.71e-05,0.4914,0.0000,0.0000,0.0000,0.0000,5.2,nan
2867,9.70e-05,0.6861,0.0000,0.0000,0.0000,0.0000,4.9,nan
2868,9.68e-05,0.5929,0.0000,0.0000,0.0000,0.0000,4.9,nan
2869,9.67e-05,0.5865,0.0000,0.0000,0.0000,0.0000,4.8,nan
2870,9.65e-05,0.6190,0.0000,0.0000,0.0000,0.0000,4.9,nan
2871,9.64e-05,0.6343,0.0000,0.0000,0.0000,0.0000,5.0,nan
2872,9.62e-05,0.5053,0.0000,0.0000,0.0000,0.0000,4.8,nan
2873,9.61e-05,0.4834,0.0000,0.0000,0.0000,0.0000,4.8,nan
2874,9.59e-05,0.7356,0.0000,0.0000,0.0000,0.0000,4.9,nan
2875,9.58e-05,0.5894,0.0000,0.0000,0.0000,0.0000,4.9,nan
2876,9.56e-05,0.6167,0.0000,0.0000,0.0000,0.0000,4.8,nan
2877,9.55e-05,0.4155,0.0000,0.0000,0.0000,0.0000,5.1,nan
2878,9.53e-05,0.5616,0.0000,0.0000,0.0000,0.0000,4.8,nan
2879,9.52e-05,0.9398,0.0000,0.0000,0.0000,0.0000,4.7,nan
2880,9.50e-05,0.3838,0.0000,0.0000,0.0000,0.0000,8.3,0.6886
2881,9.49e-05,0.4963,0.0000,0.0000,0.0000,0.0000,5.1,nan
2882,9.47e-05,0.6271,0.0000,0.0000,0.0000,0.0000,4.7,nan
2883,9.46e-05,0.6428,0.0000,0.0000,0.0000,0.0000,5.1,nan
2884,9.44e-05,0.4834,0.0000,0.0000,0.0000,0.0000,5.0,nan
2885,9.43e-05,0.7594,0.0000,0.0000,0.0000,0.0000,4.7,nan
2886,9.41e-05,0.7414,0.0000,0.0000,0.0000,0.0000,4.8,nan
2887,9.40e-05,0.6081,0.0000,0.0000,0.0000,0.0000,5.0,nan
2888,9.38e-05,0.4980,0.0000,0.0000,0.0000,0.0000,4.8,nan
2889,9.37e-05,0.6298,0.0000,0.0000,0.0000,0.0000,4.9,nan
2890,9.35e-05,0.5713,0.0000,0.0000,0.0000,0.0000,5.0,nan
2891,9.34e-05,0.6864,0.0000,0.0000,0.0000,0.0000,4.8,nan
2892,9.32e-05,0.5755,0.0000,0.0000,0.0000,0.0000,5.0,nan
2893,9.31e-05,0.6555,0.0000,0.0000,0.0000,0.0000,4.8,nan
2894,9.29e-05,0.7094,0.0000,0.0000,0.0000,0.0000,5.0,nan
2895,9.28e-05,0.4090,0.0000,0.0000,0.0000,0.0000,4.8,nan
2896,9.26e-05,0.6152,0.0000,0.0000,0.0000,0.0000,4.8,nan
2897,9.25e-05,0.4908,0.0000,0.0000,0.0000,0.0000,4.9,nan
2898,9.23e-05,0.5633,0.0000,0.0000,0.0000,0.0000,4.9,nan
2899,9.22e-05,0.7476,0.0000,0.0000,0.0000,0.0000,5.0,nan
2900,9.20e-05,0.5574,0.0000,0.0000,0.0000,0.0000,7.9,0.7161
2901,9.19e-05,0.5573,0.0000,0.0000,0.0000,0.0000,4.9,nan
2902,9.17e-05,0.4055,0.0000,0.0000,0.0000,0.0000,5.0,nan
2903,9.16e-05,0.4974,0.0000,0.0000,0.0000,0.0000,5.1,nan
2904,9.14e-05,0.6665,0.0000,0.0000,0.0000,0.0000,4.7,nan
2905,9.13e-05,0.8081,0.0000,0.0000,0.0000,0.0000,4.9,nan
2906,9.12e-05,0.8858,0.0000,0.0000,0.0000,0.0000,5.1,nan
2907,9.10e-05,0.5992,0.0000,0.0000,0.0000,0.0000,5.0,nan
2908,9.09e-05,0.5465,0.0000,0.0000,0.0000,0.0000,5.0,nan
2909,9.07e-05,0.6807,0.0000,0.0000,0.0000,0.0000,4.9,nan
2910,9.06e-05,0.6418,0.0000,0.0000,0.0000,0.0000,5.0,nan
2911,9.04e-05,0.8075,0.0000,0.0000,0.0000,0.0000,5.0,nan
2912,9.03e-05,0.5903,0.0000,0.0000,0.0000,0.0000,5.1,nan
2913,9.01e-05,0.4936,0.0000,0.0000,0.0000,0.0000,4.9,nan
2914,9.00e-05,0.7016,0.0000,0.0000,0.0000,0.0000,4.8,nan
2915,8.98e-05,0.3479,0.0000,0.0000,0.0000,0.0000,4.8,nan
2916,8.97e-05,0.7616,0.0000,0.0000,0.0000,0.0000,4.9,nan
2917,8.95e-05,0.7490,0.0000,0.0000,0.0000,0.0000,4.8,nan
2918,8.94e-05,0.3986,0.0000,0.0000,0.0000,0.0000,4.9,nan
2919,8.92e-05,0.5755,0.0000,0.0000,0.0000,0.0000,4.9,nan
2920,8.91e-05,0.7496,0.0000,0.0000,0.0000,0.0000,8.4,0.6928
2921,8.89e-05,0.5920,0.0000,0.0000,0.0000,0.0000,4.9,nan
2922,8.88e-05,0.6172,0.0000,0.0000,0.0000,0.0000,4.8,nan
2923,8.87e-05,0.4186,0.0000,0.0000,0.0000,0.0000,4.9,nan
2924,8.85e-05,0.6488,0.0000,0.0000,0.0000,0.0000,4.9,nan
2925,8.84e-05,0.8253,0.0000,0.0000,0.0000,0.0000,5.1,nan
2926,8.82e-05,0.6237,0.0000,0.0000,0.0000,0.0000,4.8,nan
2927,8.81e-05,0.7536,0.0000,0.0000,0.0000,0.0000,5.1,nan
2928,8.79e-05,0.6397,0.0000,0.0000,0.0000,0.0000,5.0,nan
2929,8.78e-05,0.4137,0.0000,0.0000,0.0000,0.0000,4.7,nan
2930,8.76e-05,0.7064,0.0000,0.0000,0.0000,0.0000,5.0,nan
2931,8.75e-05,0.4291,0.0000,0.0000,0.0000,0.0000,5.1,nan
2932,8.73e-05,0.5893,0.0000,0.0000,0.0000,0.0000,5.1,nan
2933,8.72e-05,0.8200,0.0000,0.0000,0.0000,0.0000,4.8,nan
2934,8.71e-05,0.6881,0.0000,0.0000,0.0000,0.0000,5.0,nan
2935,8.69e-05,0.7290,0.0000,0.0000,0.0000,0.0000,4.9,nan
2936,8.68e-05,0.5193,0.0000,0.0000,0.0000,0.0000,5.1,nan
2937,8.66e-05,0.7823,0.0000,0.0000,0.0000,0.0000,4.8,nan
2938,8.65e-05,0.5666,0.0000,0.0000,0.0000,0.0000,5.0,nan
2939,8.63e-05,0.8486,0.0000,0.0000,0.0000,0.0000,4.9,nan
2940,8.62e-05,0.7660,0.0000,0.0000,0.0000,0.0000,8.3,0.6780
2941,8.60e-05,0.5495,0.0000,0.0000,0.0000,0.0000,4.8,nan
2942,8.59e-05,0.2733,0.0000,0.0000,0.0000,0.0000,4.9,nan
2943,8.58e-05,0.5758,0.0000,0.0000,0.0000,0.0000,4.9,nan
2944,8.56e-05,0.6739,0.0000,0.0000,0.0000,0.0000,4.9,nan
2945,8.55e-05,0.4419,0.0000,0.0000,0.0000,0.0000,4.9,nan
2946,8.53e-05,0.3724,0.0000,0.0000,0.0000,0.0000,5.0,nan
2947,8.52e-05,0.4924,0.0000,0.0000,0.0000,0.0000,4.9,nan
2948,8.50e-05,0.5665,0.0000,0.0000,0.0000,0.0000,5.0,nan
2949,8.49e-05,0.5041,0.0000,0.0000,0.0000,0.0000,5.0,nan
2950,8.47e-05,0.6807,0.0000,0.0000,0.0000,0.0000,5.1,nan
2951,8.46e-05,0.7384,0.0000,0.0000,0.0000,0.0000,5.0,nan
2952,8.45e-05,0.6051,0.0000,0.0000,0.0000,0.0000,4.9,nan
2953,8.43e-05,0.6645,0.0000,0.0000,0.0000,0.0000,4.9,nan
2954,8.42e-05,0.4044,0.0000,0.0000,0.0000,0.0000,4.8,nan
2955,8.40e-05,0.6414,0.0000,0.0000,0.0000,0.0000,5.2,nan
2956,8.39e-05,0.4654,0.0000,0.0000,0.0000,0.0000,5.2,nan
2957,8.37e-05,0.5825,0.0000,0.0000,0.0000,0.0000,4.7,nan
2958,8.36e-05,0.9876,0.0000,0.0000,0.0000,0.0000,4.9,nan
2959,8.35e-05,0.7275,0.0000,0.0000,0.0000,0.0000,4.7,nan
2960,8.33e-05,0.6998,0.0000,0.0000,0.0000,0.0000,8.3,0.6928
2961,8.32e-05,0.7954,0.0000,0.0000,0.0000,0.0000,4.8,nan
2962,8.30e-05,0.8000,0.0000,0.0000,0.0000,0.0000,5.0,nan
2963,8.29e-05,0.4688,0.0000,0.0000,0.0000,0.0000,4.9,nan
2964,8.28e-05,0.4204,0.0000,0.0000,0.0000,0.0000,4.8,nan
2965,8.26e-05,0.5649,0.0000,0.0000,0.0000,0.0000,5.1,nan
2966,8.25e-05,0.6639,0.0000,0.0000,0.0000,0.0000,4.9,nan
2967,8.23e-05,0.6347,0.0000,0.0000,0.0000,0.0000,4.9,nan
2968,8.22e-05,0.5793,0.0000,0.0000,0.0000,0.0000,5.0,nan
2969,8.20e-05,0.7099,0.0000,0.0000,0.0000,0.0000,4.8,nan
2970,8.19e-05,0.6888,0.0000,0.0000,0.0000,0.0000,4.8,nan
2971,8.18e-05,0.7173,0.0000,0.0000,0.0000,0.0000,4.9,nan
2972,8.16e-05,0.9307,0.0000,0.0000,0.0000,0.0000,5.1,nan
2973,8.15e-05,0.5117,0.0000,0.0000,0.0000,0.0000,4.7,nan
2974,8.13e-05,0.4679,0.0000,0.0000,0.0000,0.0000,4.9,nan
2975,8.12e-05,0.6367,0.0000,0.0000,0.0000,0.0000,4.9,nan
2976,8.11e-05,0.6838,0.0000,0.0000,0.0000,0.0000,4.9,nan
2977,8.09e-05,0.4513,0.0000,0.0000,0.0000,0.0000,4.9,nan
2978,8.08e-05,0.7849,0.0000,0.0000,0.0000,0.0000,5.0,nan
2979,8.06e-05,0.6386,0.0000,0.0000,0.0000,0.0000,4.9,nan
2980,8.05e-05,0.5208,0.0000,0.0000,0.0000,0.0000,8.5,0.6886
2981,8.04e-05,0.4191,0.0000,0.0000,0.0000,0.0000,5.1,nan
2982,8.02e-05,0.5382,0.0000,0.0000,0.0000,0.0000,4.9,nan
2983,8.01e-05,0.5625,0.0000,0.0000,0.0000,0.0000,4.9,nan
2984,7.99e-05,0.4797,0.0000,0.0000,0.0000,0.0000,5.1,nan
2985,7.98e-05,0.5501,0.0000,0.0000,0.0000,0.0000,5.0,nan
2986,7.97e-05,0.7178,0.0000,0.0000,0.0000,0.0000,5.1,nan
2987,7.95e-05,0.5463,0.0000,0.0000,0.0000,0.0000,5.0,nan
2988,7.94e-05,0.3379,0.0000,0.0000,0.0000,0.0000,4.9,nan
2989,7.92e-05,0.5618,0.0000,0.0000,0.0000,0.0000,5.4,nan
2990,7.91e-05,0.8168,0.0000,0.0000,0.0000,0.0000,6.6,nan
2991,7.90e-05,0.7726,0.0000,0.0000,0.0000,0.0000,8.5,nan
2992,7.88e-05,0.7258,0.0000,0.0000,0.0000,0.0000,8.1,nan
2993,7.87e-05,0.5208,0.0000,0.0000,0.0000,0.0000,6.2,nan
2994,7.85e-05,0.5219,0.0000,0.0000,0.0000,0.0000,6.0,nan
2995,7.84e-05,0.8473,0.0000,0.0000,0.0000,0.0000,5.3,nan
2996,7.83e-05,0.7710,0.0000,0.0000,0.0000,0.0000,5.3,nan
2997,7.81e-05,0.8585,0.0000,0.0000,0.0000,0.0000,5.1,nan
2998,7.80e-05,0.6545,0.0000,0.0000,0.0000,0.0000,5.1,nan
2999,7.79e-05,0.6726,0.0000,0.0000,0.0000,0.0000,5.1,nan
3000,7.77e-05,0.6889,0.0000,0.0000,0.0000,0.0000,8.2,0.6843
3001,7.76e-05,0.5964,0.0000,0.0000,0.0000,0.0000,5.0,nan
3002,7.74e-05,0.5997,0.0000,0.0000,0.0000,0.0000,4.8,nan
3003,7.73e-05,0.5344,0.0000,0.0000,0.0000,0.0000,4.9,nan
3004,7.72e-05,0.5005,0.0000,0.0000,0.0000,0.0000,4.9,nan
3005,7.70e-05,0.4986,0.0000,0.0000,0.0000,0.0000,4.7,nan
3006,7.69e-05,0.8317,0.0000,0.0000,0.0000,0.0000,5.1,nan
3007,7.68e-05,0.9347,0.0000,0.0000,0.0000,0.0000,4.9,nan
3008,7.66e-05,0.6236,0.0000,0.0000,0.0000,0.0000,5.0,nan
3009,7.65e-05,0.9282,0.0000,0.0000,0.0000,0.0000,5.1,nan
3010,7.63e-05,0.5740,0.0000,0.0000,0.0000,0.0000,4.8,nan
3011,7.62e-05,0.6418,0.0000,0.0000,0.0000,0.0000,5.1,nan
3012,7.61e-05,0.5961,0.0000,0.0000,0.0000,0.0000,5.1,nan
3013,7.59e-05,0.6759,0.0000,0.0000,0.0000,0.0000,4.9,nan
3014,7.58e-05,0.4769,0.0000,0.0000,0.0000,0.0000,5.2,nan
3015,7.57e-05,0.5972,0.0000,0.0000,0.0000,0.0000,4.8,nan
3016,7.55e-05,0.5879,0.0000,0.0000,0.0000,0.0000,4.9,nan
3017,7.54e-05,0.2478,0.0000,0.0000,0.0000,0.0000,5.2,nan
3018,7.52e-05,0.4863,0.0000,0.0000,0.0000,0.0000,5.3,nan
3019,7.51e-05,0.6687,0.0000,0.0000,0.0000,0.0000,5.0,nan
3020,7.50e-05,0.4101,0.0000,0.0000,0.0000,0.0000,8.2,0.6992
3021,7.48e-05,0.6909,0.0000,0.0000,0.0000,0.0000,5.1,nan
3022,7.47e-05,0.6781,0.0000,0.0000,0.0000,0.0000,5.2,nan
3023,7.46e-05,0.6602,0.0000,0.0000,0.0000,0.0000,5.1,nan
3024,7.44e-05,0.7021,0.0000,0.0000,0.0000,0.0000,5.1,nan
3025,7.43e-05,0.5470,0.0000,0.0000,0.0000,0.0000,5.0,nan
3026,7.42e-05,0.5203,0.0000,0.0000,0.0000,0.0000,5.1,nan
3027,7.40e-05,0.6108,0.0000,0.0000,0.0000,0.0000,5.1,nan
3028,7.39e-05,0.4909,0.0000,0.0000,0.0000,0.0000,5.0,nan
3029,7.38e-05,0.6355,0.0000,0.0000,0.0000,0.0000,5.0,nan
3030,7.36e-05,0.6264,0.0000,0.0000,0.0000,0.0000,4.8,nan
3031,7.35e-05,0.6255,0.0000,0.0000,0.0000,0.0000,4.9,nan
3032,7.34e-05,0.5241,0.0000,0.0000,0.0000,0.0000,5.0,nan
3033,7.32e-05,0.5589,0.0000,0.0000,0.0000,0.0000,5.0,nan
3034,7.31e-05,0.5794,0.0000,0.0000,0.0000,0.0000,4.9,nan
3035,7.30e-05,0.5223,0.0000,0.0000,0.0000,0.0000,5.0,nan
3036,7.28e-05,0.7699,0.0000,0.0000,0.0000,0.0000,4.8,nan
3037,7.27e-05,0.7168,0.0000,0.0000,0.0000,0.0000,4.8,nan
3038,7.26e-05,0.6102,0.0000,0.0000,0.0000,0.0000,4.9,nan
3039,7.24e-05,0.6512,0.0000,0.0000,0.0000,0.0000,5.0,nan
3040,7.23e-05,0.6169,0.0000,0.0000,0.0000,0.0000,8.2,0.6822
3041,7.22e-05,0.5353,0.0000,0.0000,0.0000,0.0000,4.8,nan
3042,7.20e-05,0.7011,0.0000,0.0000,0.0000,0.0000,4.7,nan
3043,7.19e-05,0.5490,0.0000,0.0000,0.0000,0.0000,5.0,nan
3044,7.18e-05,0.3966,0.0000,0.0000,0.0000,0.0000,4.7,nan
3045,7.16e-05,0.3956,0.0000,0.0000,0.0000,0.0000,5.1,nan
3046,7.15e-05,0.5955,0.0000,0.0000,0.0000,0.0000,4.9,nan
3047,7.14e-05,0.7376,0.0000,0.0000,0.0000,0.0000,5.0,nan
3048,7.12e-05,0.6554,0.0000,0.0000,0.0000,0.0000,5.1,nan
3049,7.11e-05,0.7012,0.0000,0.0000,0.0000,0.0000,4.8,nan
3050,7.10e-05,0.5182,0.0000,0.0000,0.0000,0.0000,5.0,nan
3051,7.08e-05,0.5583,0.0000,0.0000,0.0000,0.0000,4.8,nan
3052,7.07e-05,0.5467,0.0000,0.0000,0.0000,0.0000,5.0,nan
3053,7.06e-05,0.4181,0.0000,0.0000,0.0000,0.0000,5.1,nan
3054,7.04e-05,0.4917,0.0000,0.0000,0.0000,0.0000,5.0,nan
3055,7.03e-05,0.5681,0.0000,0.0000,0.0000,0.0000,4.7,nan
3056,7.02e-05,0.5628,0.0000,0.0000,0.0000,0.0000,5.1,nan
3057,7.00e-05,0.8118,0.0000,0.0000,0.0000,0.0000,4.9,nan
3058,6.99e-05,0.5255,0.0000,0.0000,0.0000,0.0000,5.1,nan
3059,6.98e-05,0.6852,0.0000,0.0000,0.0000,0.0000,4.8,nan
3060,6.96e-05,0.7354,0.0000,0.0000,0.0000,0.0000,8.3,0.6758
3061,6.95e-05,0.6096,0.0000,0.0000,0.0000,0.0000,4.9,nan
3062,6.94e-05,0.6789,0.0000,0.0000,0.0000,0.0000,4.8,nan
3063,6.92e-05,0.6430,0.0000,0.0000,0.0000,0.0000,5.1,nan
3064,6.91e-05,0.6315,0.0000,0.0000,0.0000,0.0000,5.0,nan
3065,6.90e-05,0.5325,0.0000,0.0000,0.0000,0.0000,5.0,nan
3066,6.88e-05,0.5620,0.0000,0.0000,0.0000,0.0000,4.9,nan
3067,6.87e-05,0.7331,0.0000,0.0000,0.0000,0.0000,5.0,nan
3068,6.86e-05,0.4961,0.0000,0.0000,0.0000,0.0000,4.9,nan
3069,6.85e-05,0.6475,0.0000,0.0000,0.0000,0.0000,4.8,nan
3070,6.83e-05,0.5311,0.0000,0.0000,0.0000,0.0000,5.1,nan
3071,6.82e-05,0.6253,0.0000,0.0000,0.0000,0.0000,4.8,nan
3072,6.81e-05,0.5024,0.0000,0.0000,0.0000,0.0000,4.9,nan
3073,6.79e-05,0.7988,0.0000,0.0000,0.0000,0.0000,4.9,nan
3074,6.78e-05,0.5292,0.0000,0.0000,0.0000,0.0000,4.9,nan
3075,6.77e-05,0.6749,0.0000,0.0000,0.0000,0.0000,4.8,nan
3076,6.75e-05,0.4262,0.0000,0.0000,0.0000,0.0000,4.9,nan
3077,6.74e-05,0.4518,0.0000,0.0000,0.0000,0.0000,4.9,nan
3078,6.73e-05,0.5509,0.0000,0.0000,0.0000,0.0000,4.9,nan
3079,6.72e-05,0.4664,0.0000,0.0000,0.0000,0.0000,4.9,nan
3080,6.70e-05,0.7346,0.0000,0.0000,0.0000,0.0000,8.0,0.6801
3081,6.69e-05,0.6513,0.0000,0.0000,0.0000,0.0000,4.9,nan
3082,6.68e-05,0.5935,0.0000,0.0000,0.0000,0.0000,5.0,nan
3083,6.66e-05,0.6730,0.0000,0.0000,0.0000,0.0000,5.0,nan
3084,6.65e-05,0.5348,0.0000,0.0000,0.0000,0.0000,4.8,nan
3085,6.64e-05,0.5077,0.0000,0.0000,0.0000,0.0000,4.8,nan
3086,6.63e-05,0.4323,0.0000,0.0000,0.0000,0.0000,4.7,nan
3087,6.61e-05,0.6949,0.0000,0.0000,0.0000,0.0000,5.1,nan
3088,6.60e-05,0.6679,0.0000,0.0000,0.0000,0.0000,5.1,nan
3089,6.59e-05,0.6326,0.0000,0.0000,0.0000,0.0000,5.1,nan
3090,6.57e-05,0.6232,0.0000,0.0000,0.0000,0.0000,4.8,nan
3091,6.56e-05,0.5359,0.0000,0.0000,0.0000,0.0000,5.0,nan
3092,6.55e-05,0.5400,0.0000,0.0000,0.0000,0.0000,4.9,nan
3093,6.54e-05,0.6167,0.0000,0.0000,0.0000,0.0000,4.8,nan
3094,6.52e-05,0.7561,0.0000,0.0000,0.0000,0.0000,4.9,nan
3095,6.51e-05,0.5494,0.0000,0.0000,0.0000,0.0000,5.0,nan
3096,6.50e-05,0.4813,0.0000,0.0000,0.0000,0.0000,5.0,nan
3097,6.49e-05,0.5681,0.0000,0.0000,0.0000,0.0000,4.9,nan
3098,6.47e-05,0.5095,0.0000,0.0000,0.0000,0.0000,4.9,nan
3099,6.46e-05,0.6929,0.0000,0.0000,0.0000,0.0000,4.9,nan
3100,6.45e-05,0.5129,0.0000,0.0000,0.0000,0.0000,8.2,0.6822
3101,6.43e-05,0.6169,0.0000,0.0000,0.0000,0.0000,4.9,nan
3102,6.42e-05,0.6853,0.0000,0.0000,0.0000,0.0000,5.1,nan
3103,6.41e-05,0.7311,0.0000,0.0000,0.0000,0.0000,4.9,nan
3104,6.40e-05,0.6870,0.0000,0.0000,0.0000,0.0000,5.1,nan
3105,6.38e-05,0.4279,0.0000,0.0000,0.0000,0.0000,5.0,nan
3106,6.37e-05,0.9482,0.0000,0.0000,0.0000,0.0000,5.0,nan
3107,6.36e-05,0.7049,0.0000,0.0000,0.0000,0.0000,5.2,nan
3108,6.35e-05,0.6229,0.0000,0.0000,0.0000,0.0000,4.9,nan
3109,6.33e-05,0.5979,0.0000,0.0000,0.0000,0.0000,4.8,nan
3110,6.32e-05,0.5443,0.0000,0.0000,0.0000,0.0000,4.9,nan
3111,6.31e-05,0.6031,0.0000,0.0000,0.0000,0.0000,5.0,nan
3112,6.30e-05,0.5096,0.0000,0.0000,0.0000,0.0000,5.0,nan
3113,6.28e-05,0.6842,0.0000,0.0000,0.0000,0.0000,4.8,nan
3114,6.27e-05,0.4649,0.0000,0.0000,0.0000,0.0000,5.0,nan
3115,6.26e-05,0.4002,0.0000,0.0000,0.0000,0.0000,4.8,nan
3116,6.25e-05,0.7865,0.0000,0.0000,0.0000,0.0000,4.9,nan
3117,6.23e-05,0.6570,0.0000,0.0000,0.0000,0.0000,5.0,nan
3118,6.22e-05,0.4087,0.0000,0.0000,0.0000,0.0000,5.1,nan
3119,6.21e-05,0.5521,0.0000,0.0000,0.0000,0.0000,5.1,nan
3120,6.20e-05,0.6309,0.0000,0.0000,0.0000,0.0000,8.2,0.6653
3121,6.18e-05,0.4785,0.0000,0.0000,0.0000,0.0000,5.0,nan
3122,6.17e-05,0.8229,0.0000,0.0000,0.0000,0.0000,4.7,nan
3123,6.16e-05,0.8177,0.0000,0.0000,0.0000,0.0000,5.0,nan
3124,6.15e-05,0.6511,0.0000,0.0000,0.0000,0.0000,5.3,nan
3125,6.13e-05,0.6133,0.0000,0.0000,0.0000,0.0000,4.8,nan
3126,6.12e-05,0.4170,0.0000,0.0000,0.0000,0.0000,4.9,nan
3127,6.11e-05,0.7990,0.0000,0.0000,0.0000,0.0000,4.9,nan
3128,6.10e-05,0.4948,0.0000,0.0000,0.0000,0.0000,5.0,nan
3129,6.08e-05,0.5545,0.0000,0.0000,0.0000,0.0000,4.9,nan
3130,6.07e-05,0.5657,0.0000,0.0000,0.0000,0.0000,5.0,nan
3131,6.06e-05,0.7876,0.0000,0.0000,0.0000,0.0000,5.0,nan
3132,6.05e-05,0.7178,0.0000,0.0000,0.0000,0.0000,4.9,nan
3133,6.04e-05,0.6387,0.0000,0.0000,0.0000,0.0000,4.8,nan
3134,6.02e-05,0.7393,0.0000,0.0000,0.0000,0.0000,5.0,nan
3135,6.01e-05,0.4876,0.0000,0.0000,0.0000,0.0000,5.2,nan
3136,6.00e-05,0.5494,0.0000,0.0000,0.0000,0.0000,5.0,nan
3137,5.99e-05,0.7694,0.0000,0.0000,0.0000,0.0000,4.7,nan
3138,5.97e-05,0.6778,0.0000,0.0000,0.0000,0.0000,4.9,nan
3139,5.96e-05,0.4205,0.0000,0.0000,0.0000,0.0000,4.8,nan
3140,5.95e-05,0.5311,0.0000,0.0000,0.0000,0.0000,8.3,0.6695
3141,5.94e-05,0.4363,0.0000,0.0000,0.0000,0.0000,4.9,nan
3142,5.93e-05,0.5273,0.0000,0.0000,0.0000,0.0000,5.1,nan
3143,5.91e-05,0.4208,0.0000,0.0000,0.0000,0.0000,4.9,nan
3144,5.90e-05,0.8143,0.0000,0.0000,0.0000,0.0000,5.0,nan
3145,5.89e-05,0.5088,0.0000,0.0000,0.0000,0.0000,5.0,nan
3146,5.88e-05,0.5147,0.0000,0.0000,0.0000,0.0000,4.8,nan
3147,5.86e-05,0.5980,0.0000,0.0000,0.0000,0.0000,4.9,nan
3148,5.85e-05,0.6267,0.0000,0.0000,0.0000,0.0000,4.9,nan
3149,5.84e-05,0.5002,0.0000,0.0000,0.0000,0.0000,5.0,nan
3150,5.83e-05,0.5193,0.0000,0.0000,0.0000,0.0000,5.0,nan
3151,5.82e-05,0.3695,0.0000,0.0000,0.0000,0.0000,5.0,nan
3152,5.80e-05,0.6029,0.0000,0.0000,0.0000,0.0000,4.9,nan
3153,5.79e-05,0.5324,0.0000,0.0000,0.0000,0.0000,5.0,nan
3154,5.78e-05,0.3736,0.0000,0.0000,0.0000,0.0000,4.9,nan
3155,5.77e-05,0.5644,0.0000,0.0000,0.0000,0.0000,5.1,nan
3156,5.76e-05,0.4637,0.0000,0.0000,0.0000,0.0000,4.9,nan
3157,5.74e-05,0.6903,0.0000,0.0000,0.0000,0.0000,4.9,nan
3158,5.73e-05,0.6492,0.0000,0.0000,0.0000,0.0000,4.8,nan
3159,5.72e-05,0.5558,0.0000,0.0000,0.0000,0.0000,5.3,nan
3160,5.71e-05,0.6345,0.0000,0.0000,0.0000,0.0000,7.8,0.6737
3161,5.70e-05,0.3941,0.0000,0.0000,0.0000,0.0000,5.0,nan
3162,5.68e-05,0.3969,0.0000,0.0000,0.0000,0.0000,5.1,nan
3163,5.67e-05,0.7161,0.0000,0.0000,0.0000,0.0000,4.8,nan
3164,5.66e-05,0.6376,0.0000,0.0000,0.0000,0.0000,5.1,nan
3165,5.65e-05,0.6978,0.0000,0.0000,0.0000,0.0000,5.0,nan
3166,5.64e-05,0.4832,0.0000,0.0000,0.0000,0.0000,4.8,nan
3167,5.62e-05,0.8342,0.0000,0.0000,0.0000,0.0000,5.0,nan
3168,5.61e-05,0.6189,0.0000,0.0000,0.0000,0.0000,5.0,nan
3169,5.60e-05,0.6742,0.0000,0.0000,0.0000,0.0000,5.0,nan
3170,5.59e-05,0.6834,0.0000,0.0000,0.0000,0.0000,5.1,nan
3171,5.58e-05,0.4529,0.0000,0.0000,0.0000,0.0000,5.0,nan
3172,5.57e-05,0.6232,0.0000,0.0000,0.0000,0.0000,4.8,nan
3173,5.55e-05,0.6358,0.0000,0.0000,0.0000,0.0000,5.0,nan
3174,5.54e-05,0.4658,0.0000,0.0000,0.0000,0.0000,4.9,nan
3175,5.53e-05,0.7049,0.0000,0.0000,0.0000,0.0000,5.2,nan
3176,5.52e-05,0.5989,0.0000,0.0000,0.0000,0.0000,5.4,nan
3177,5.51e-05,0.5683,0.0000,0.0000,0.0000,0.0000,5.6,nan
3178,5.50e-05,0.6382,0.0000,0.0000,0.0000,0.0000,5.3,nan
3179,5.48e-05,0.4946,0.0000,0.0000,0.0000,0.0000,5.3,nan
3180,5.47e-05,0.5643,0.0000,0.0000,0.0000,0.0000,9.2,0.6843
3181,5.46e-05,0.4230,0.0000,0.0000,0.0000,0.0000,5.6,nan
3182,5.45e-05,0.5830,0.0000,0.0000,0.0000,0.0000,5.4,nan
3183,5.44e-05,0.6780,0.0000,0.0000,0.0000,0.0000,5.2,nan
3184,5.42e-05,0.7152,0.0000,0.0000,0.0000,0.0000,5.5,nan
3185,5.41e-05,0.4641,0.0000,0.0000,0.0000,0.0000,5.9,nan
3186,5.40e-05,0.5853,0.0000,0.0000,0.0000,0.0000,5.9,nan
3187,5.39e-05,0.5609,0.0000,0.0000,0.0000,0.0000,6.2,nan
3188,5.38e-05,0.7966,0.0000,0.0000,0.0000,0.0000,7.5,nan
3189,5.37e-05,0.5983,0.0000,0.0000,0.0000,0.0000,8.0,nan
3190,5.36e-05,0.4503,0.0000,0.0000,0.0000,0.0000,7.6,nan
3191,5.34e-05,0.7185,0.0000,0.0000,0.0000,0.0000,8.3,nan
3192,5.33e-05,0.6380,0.0000,0.0000,0.0000,0.0000,7.9,nan
3193,5.32e-05,0.6445,0.0000,0.0000,0.0000,0.0000,6.4,nan
3194,5.31e-05,0.4876,0.0000,0.0000,0.0000,0.0000,5.7,nan
3195,5.30e-05,0.6504,0.0000,0.0000,0.0000,0.0000,5.7,nan
3196,5.29e-05,0.5057,0.0000,0.0000,0.0000,0.0000,5.0,nan
3197,5.27e-05,0.4454,0.0000,0.0000,0.0000,0.0000,4.9,nan
3198,5.26e-05,0.6173,0.0000,0.0000,0.0000,0.0000,5.2,nan
3199,5.25e-05,0.7701,0.0000,0.0000,0.0000,0.0000,4.7,nan
3200,5.24e-05,0.3738,0.0000,0.0000,0.0000,0.0000,8.0,0.6886
3201,5.23e-05,0.8439,0.0000,0.0000,0.0000,0.0000,4.9,nan
3202,5.22e-05,0.6309,0.0000,0.0000,0.0000,0.0000,4.9,nan
3203,5.21e-05,0.5720,0.0000,0.0000,0.0000,0.0000,5.1,nan
3204,5.19e-05,0.5233,0.0000,0.0000,0.0000,0.0000,5.2,nan
3205,5.18e-05,0.7762,0.0000,0.0000,0.0000,0.0000,4.8,nan
3206,5.17e-05,0.4475,0.0000,0.0000,0.0000,0.0000,5.1,nan
3207,5.16e-05,0.5095,0.0000,0.0000,0.0000,0.0000,4.9,nan
3208,5.15e-05,0.7443,0.0000,0.0000,0.0000,0.0000,5.1,nan
3209,5.14e-05,0.6126,0.0000,0.0000,0.0000,0.0000,5.0,nan
3210,5.13e-05,0.6368,0.0000,0.0000,0.0000,0.0000,5.0,nan
3211,5.11e-05,0.6637,0.0000,0.0000,0.0000,0.0000,4.7,nan
3212,5.10e-05,0.7102,0.0000,0.0000,0.0000,0.0000,5.1,nan
3213,5.09e-05,0.5723,0.0000,0.0000,0.0000,0.0000,5.0,nan
3214,5.08e-05,0.6397,0.0000,0.0000,0.0000,0.0000,4.9,nan
3215,5.07e-05,0.8432,0.0000,0.0000,0.0000,0.0000,5.0,nan
3216,5.06e-05,0.7113,0.0000,0.0000,0.0000,0.0000,5.1,nan
3217,5.05e-05,0.5017,0.0000,0.0000,0.0000,0.0000,5.1,nan
3218,5.04e-05,0.6796,0.0000,0.0000,0.0000,0.0000,4.8,nan
3219,5.02e-05,0.6699,0.0000,0.0000,0.0000,0.0000,4.9,nan
3220,5.01e-05,0.5774,0.0000,0.0000,0.0000,0.0000,8.3,0.6843
3221,5.00e-05,0.6926,0.0000,0.0000,0.0000,0.0000,4.9,nan
3222,4.99e-05,0.6689,0.0000,0.0000,0.0000,0.0000,5.1,nan
3223,4.98e-05,0.4834,0.0000,0.0000,0.0000,0.0000,4.9,nan
3224,4.97e-05,0.4968,0.0000,0.0000,0.0000,0.0000,4.9,nan
3225,4.96e-05,0.6915,0.0000,0.0000,0.0000,0.0000,4.7,nan
3226,4.95e-05,0.4817,0.0000,0.0000,0.0000,0.0000,4.9,nan
3227,4.93e-05,0.7368,0.0000,0.0000,0.0000,0.0000,4.9,nan
3228,4.92e-05,0.5844,0.0000,0.0000,0.0000,0.0000,5.0,nan
3229,4.91e-05,0.3875,0.0000,0.0000,0.0000,0.0000,4.9,nan
3230,4.90e-05,0.6324,0.0000,0.0000,0.0000,0.0000,5.0,nan
3231,4.89e-05,0.6841,0.0000,0.0000,0.0000,0.0000,4.8,nan
3232,4.88e-05,0.5762,0.0000,0.0000,0.0000,0.0000,5.0,nan
3233,4.87e-05,0.3642,0.0000,0.0000,0.0000,0.0000,5.1,nan
3234,4.86e-05,0.7093,0.0000,0.0000,0.0000,0.0000,5.0,nan
3235,4.85e-05,0.8197,0.0000,0.0000,0.0000,0.0000,4.9,nan
3236,4.83e-05,0.3980,0.0000,0.0000,0.0000,0.0000,5.0,nan
3237,4.82e-05,0.7392,0.0000,0.0000,0.0000,0.0000,4.7,nan
3238,4.81e-05,0.6077,0.0000,0.0000,0.0000,0.0000,4.7,nan
3239,4.80e-05,0.6569,0.0000,0.0000,0.0000,0.0000,4.8,nan
3240,4.79e-05,0.4952,0.0000,0.0000,0.0000,0.0000,8.2,0.6992
3241,4.78e-05,0.7900,0.0000,0.0000,0.0000,0.0000,4.9,nan
3242,4.77e-05,0.6369,0.0000,0.0000,0.0000,0.0000,4.8,nan
3243,4.76e-05,0.4232,0.0000,0.0000,0.0000,0.0000,4.9,nan
3244,4.75e-05,0.4085,0.0000,0.0000,0.0000,0.0000,5.0,nan
3245,4.74e-05,0.8384,0.0000,0.0000,0.0000,0.0000,5.0,nan
3246,4.73e-05,0.6341,0.0000,0.0000,0.0000,0.0000,5.0,nan
3247,4.71e-05,0.6053,0.0000,0.0000,0.0000,0.0000,5.1,nan
3248,4.70e-05,0.4286,0.0000,0.0000,0.0000,0.0000,4.8,nan
3249,4.69e-05,0.6985,0.0000,0.0000,0.0000,0.0000,4.9,nan
3250,4.68e-05,0.6514,0.0000,0.0000,0.0000,0.0000,4.9,nan
3251,4.67e-05,0.6232,0.0000,0.0000,0.0000,0.0000,4.9,nan
3252,4.66e-05,0.7577,0.0000,0.0000,0.0000,0.0000,4.7,nan
3253,4.65e-05,0.5621,0.0000,0.0000,0.0000,0.0000,4.9,nan
3254,4.64e-05,0.6932,0.0000,0.0000,0.0000,0.0000,4.9,nan
3255,4.63e-05,0.7348,0.0000,0.0000,0.0000,0.0000,5.0,nan
3256,4.62e-05,0.6712,0.0000,0.0000,0.0000,0.0000,4.8,nan
3257,4.61e-05,0.7998,0.0000,0.0000,0.0000,0.0000,4.9,nan
3258,4.60e-05,0.7977,0.0000,0.0000,0.0000,0.0000,4.9,nan
3259,4.58e-05,0.3421,0.0000,0.0000,0.0000,0.0000,4.9,nan
3260,4.57e-05,0.7069,0.0000,0.0000,0.0000,0.0000,8.2,0.6737
3261,4.56e-05,0.6406,0.0000,0.0000,0.0000,0.0000,4.9,nan
3262,4.55e-05,0.6612,0.0000,0.0000,0.0000,0.0000,4.7,nan
3263,4.54e-05,0.7258,0.0000,0.0000,0.0000,0.0000,4.9,nan
3264,4.53e-05,0.7784,0.0000,0.0000,0.0000,0.0000,4.9,nan
3265,4.52e-05,0.7239,0.0000,0.0000,0.0000,0.0000,5.0,nan
3266,4.51e-05,0.5763,0.0000,0.0000,0.0000,0.0000,4.9,nan
3267,4.50e-05,0.6527,0.0000,0.0000,0.0000,0.0000,5.0,nan
3268,4.49e-05,0.6368,0.0000,0.0000,0.0000,0.0000,4.8,nan
3269,4.48e-05,0.6538,0.0000,0.0000,0.0000,0.0000,5.0,nan
3270,4.47e-05,0.8024,0.0000,0.0000,0.0000,0.0000,4.9,nan
3271,4.46e-05,0.3593,0.0000,0.0000,0.0000,0.0000,5.0,nan
3272,4.45e-05,0.5081,0.0000,0.0000,0.0000,0.0000,4.9,nan
3273,4.44e-05,0.3622,0.0000,0.0000,0.0000,0.0000,4.7,nan
3274,4.43e-05,0.2961,0.0000,0.0000,0.0000,0.0000,4.9,nan
3275,4.41e-05,0.4942,0.0000,0.0000,0.0000,0.0000,4.9,nan
3276,4.40e-05,0.6212,0.0000,0.0000,0.0000,0.0000,4.8,nan
3277,4.39e-05,0.5194,0.0000,0.0000,0.0000,0.0000,4.9,nan
3278,4.38e-05,0.6367,0.0000,0.0000,0.0000,0.0000,4.7,nan
3279,4.37e-05,0.6939,0.0000,0.0000,0.0000,0.0000,4.9,nan
3280,4.36e-05,0.7386,0.0000,0.0000,0.0000,0.0000,7.9,0.7034
3281,4.35e-05,0.3487,0.0000,0.0000,0.0000,0.0000,5.1,nan
3282,4.34e-05,0.5797,0.0000,0.0000,0.0000,0.0000,4.9,nan
3283,4.33e-05,0.7987,0.0000,0.0000,0.0000,0.0000,5.1,nan
3284,4.32e-05,0.8545,0.0000,0.0000,0.0000,0.0000,4.9,nan
3285,4.31e-05,0.4791,0.0000,0.0000,0.0000,0.0000,4.9,nan
3286,4.30e-05,0.4997,0.0000,0.0000,0.0000,0.0000,5.0,nan
3287,4.29e-05,0.6355,0.0000,0.0000,0.0000,0.0000,4.9,nan
3288,4.28e-05,0.6997,0.0000,0.0000,0.0000,0.0000,5.0,nan
3289,4.27e-05,0.5292,0.0000,0.0000,0.0000,0.0000,4.8,nan
3290,4.26e-05,0.5630,0.0000,0.0000,0.0000,0.0000,4.7,nan
3291,4.25e-05,0.6523,0.0000,0.0000,0.0000,0.0000,5.0,nan
3292,4.24e-05,0.5919,0.0000,0.0000,0.0000,0.0000,4.7,nan
3293,4.23e-05,0.5757,0.0000,0.0000,0.0000,0.0000,4.9,nan
3294,4.22e-05,0.4991,0.0000,0.0000,0.0000,0.0000,4.7,nan
3295,4.21e-05,0.4874,0.0000,0.0000,0.0000,0.0000,5.1,nan
3296,4.20e-05,0.4079,0.0000,0.0000,0.0000,0.0000,4.9,nan
3297,4.19e-05,0.5617,0.0000,0.0000,0.0000,0.0000,4.9,nan
3298,4.18e-05,0.5624,0.0000,0.0000,0.0000,0.0000,5.2,nan
3299,4.17e-05,0.6265,0.0000,0.0000,0.0000,0.0000,5.0,nan
3300,4.16e-05,0.5726,0.0000,0.0000,0.0000,0.0000,8.3,0.6970
3301,4.15e-05,0.5061,0.0000,0.0000,0.0000,0.0000,4.7,nan
3302,4.14e-05,0.4778,0.0000,0.0000,0.0000,0.0000,4.9,nan
3303,4.13e-05,0.6706,0.0000,0.0000,0.0000,0.0000,5.2,nan
3304,4.12e-05,0.6273,0.0000,0.0000,0.0000,0.0000,4.7,nan
3305,4.11e-05,0.5765,0.0000,0.0000,0.0000,0.0000,4.7,nan
3306,4.10e-05,0.3152,0.0000,0.0000,0.0000,0.0000,4.7,nan
3307,4.09e-05,0.6609,0.0000,0.0000,0.0000,0.0000,4.9,nan
3308,4.07e-05,0.6528,0.0000,0.0000,0.0000,0.0000,5.0,nan
3309,4.06e-05,0.6696,0.0000,0.0000,0.0000,0.0000,4.9,nan
3310,4.05e-05,0.7434,0.0000,0.0000,0.0000,0.0000,4.9,nan
3311,4.04e-05,0.7884,0.0000,0.0000,0.0000,0.0000,4.8,nan
3312,4.03e-05,0.5468,0.0000,0.0000,0.0000,0.0000,4.9,nan
3313,4.02e-05,0.5911,0.0000,0.0000,0.0000,0.0000,5.0,nan
3314,4.01e-05,0.5665,0.0000,0.0000,0.0000,0.0000,4.8,nan
3315,4.00e-05,0.7759,0.0000,0.0000,0.0000,0.0000,4.9,nan
3316,3.99e-05,0.7255,0.0000,0.0000,0.0000,0.0000,4.7,nan
3317,3.98e-05,0.7196,0.0000,0.0000,0.0000,0.0000,5.1,nan
3318,3.97e-05,0.3400,0.0000,0.0000,0.0000,0.0000,4.9,nan
3319,3.96e-05,0.6044,0.0000,0.0000,0.0000,0.0000,4.9,nan
3320,3.95e-05,0.5722,0.0000,0.0000,0.0000,0.0000,8.3,0.6886
3321,3.94e-05,0.6367,0.0000,0.0000,0.0000,0.0000,4.8,nan
3322,3.93e-05,0.6387,0.0000,0.0000,0.0000,0.0000,4.9,nan
3323,3.93e-05,0.6857,0.0000,0.0000,0.0000,0.0000,4.8,nan
3324,3.92e-05,0.6710,0.0000,0.0000,0.0000,0.0000,4.9,nan
3325,3.91e-05,0.6607,0.0000,0.0000,0.0000,0.0000,5.1,nan
3326,3.90e-05,0.5019,0.0000,0.0000,0.0000,0.0000,4.9,nan
3327,3.89e-05,0.7384,0.0000,0.0000,0.0000,0.0000,5.0,nan
3328,3.88e-05,0.5607,0.0000,0.0000,0.0000,0.0000,5.1,nan
3329,3.87e-05,0.7134,0.0000,0.0000,0.0000,0.0000,4.9,nan
3330,3.86e-05,0.4268,0.0000,0.0000,0.0000,0.0000,4.9,nan
3331,3.85e-05,0.5714,0.0000,0.0000,0.0000,0.0000,5.1,nan
3332,3.84e-05,0.6692,0.0000,0.0000,0.0000,0.0000,4.8,nan
3333,3.83e-05,0.5019,0.0000,0.0000,0.0000,0.0000,4.9,nan
3334,3.82e-05,0.5905,0.0000,0.0000,0.0000,0.0000,4.9,nan
3335,3.81e-05,0.5307,0.0000,0.0000,0.0000,0.0000,4.8,nan
3336,3.80e-05,0.6412,0.0000,0.0000,0.0000,0.0000,4.8,nan
3337,3.79e-05,0.4403,0.0000,0.0000,0.0000,0.0000,4.8,nan
3338,3.78e-05,0.8051,0.0000,0.0000,0.0000,0.0000,5.0,nan
3339,3.77e-05,0.6354,0.0000,0.0000,0.0000,0.0000,4.9,nan
3340,3.76e-05,0.5318,0.0000,0.0000,0.0000,0.0000,7.9,0.6864
3341,3.75e-05,0.4826,0.0000,0.0000,0.0000,0.0000,4.9,nan
3342,3.74e-05,0.7704,0.0000,0.0000,0.0000,0.0000,5.1,nan
3343,3.73e-05,0.5117,0.0000,0.0000,0.0000,0.0000,4.7,nan
3344,3.72e-05,0.4930,0.0000,0.0000,0.0000,0.0000,4.9,nan
3345,3.71e-05,0.6515,0.0000,0.0000,0.0000,0.0000,5.1,nan
3346,3.70e-05,0.2524,0.0000,0.0000,0.0000,0.0000,4.9,nan
3347,3.69e-05,0.5993,0.0000,0.0000,0.0000,0.0000,5.0,nan
3348,3.68e-05,0.2587,0.0000,0.0000,0.0000,0.0000,5.0,nan
3349,3.67e-05,0.6695,0.0000,0.0000,0.0000,0.0000,5.2,nan
3350,3.66e-05,0.5612,0.0000,0.0000,0.0000,0.0000,5.0,nan
3351,3.65e-05,0.3983,0.0000,0.0000,0.0000,0.0000,5.0,nan
3352,3.64e-05,0.5807,0.0000,0.0000,0.0000,0.0000,4.9,nan
3353,3.63e-05,0.7357,0.0000,0.0000,0.0000,0.0000,4.9,nan
3354,3.62e-05,0.7857,0.0000,0.0000,0.0000,0.0000,5.5,nan
3355,3.62e-05,0.8931,0.0000,0.0000,0.0000,0.0000,5.8,nan
3356,3.61e-05,0.6396,0.0000,0.0000,0.0000,0.0000,5.2,nan
3357,3.60e-05,0.5632,0.0000,0.0000,0.0000,0.0000,4.7,nan
3358,3.59e-05,0.9565,0.0000,0.0000,0.0000,0.0000,4.9,nan
3359,3.58e-05,0.6880,0.0000,0.0000,0.0000,0.0000,5.0,nan
3360,3.57e-05,0.6079,0.0000,0.0000,0.0000,0.0000,7.9,0.7034
3361,3.56e-05,0.5198,0.0000,0.0000,0.0000,0.0000,4.8,nan
3362,3.55e-05,0.6283,0.0000,0.0000,0.0000,0.0000,5.0,nan
3363,3.54e-05,0.7308,0.0000,0.0000,0.0000,0.0000,4.8,nan
3364,3.53e-05,0.3505,0.0000,0.0000,0.0000,0.0000,5.2,nan
3365,3.52e-05,0.5542,0.0000,0.0000,0.0000,0.0000,5.1,nan
3366,3.51e-05,0.4712,0.0000,0.0000,0.0000,0.0000,4.9,nan
3367,3.50e-05,0.6850,0.0000,0.0000,0.0000,0.0000,4.8,nan
3368,3.49e-05,0.6383,0.0000,0.0000,0.0000,0.0000,4.8,nan
3369,3.48e-05,0.4469,0.0000,0.0000,0.0000,0.0000,4.9,nan
3370,3.47e-05,0.7276,0.0000,0.0000,0.0000,0.0000,4.9,nan
3371,3.47e-05,0.4303,0.0000,0.0000,0.0000,0.0000,5.0,nan
3372,3.46e-05,0.7802,0.0000,0.0000,0.0000,0.0000,4.7,nan
3373,3.45e-05,0.5595,0.0000,0.0000,0.0000,0.0000,4.8,nan
3374,3.44e-05,0.3634,0.0000,0.0000,0.0000,0.0000,5.0,nan
3375,3.43e-05,0.7189,0.0000,0.0000,0.0000,0.0000,4.8,nan
3376,3.42e-05,0.3938,0.0000,0.0000,0.0000,0.0000,4.8,nan
3377,3.41e-05,0.6627,0.0000,0.0000,0.0000,0.0000,4.9,nan
3378,3.40e-05,0.8354,0.0000,0.0000,0.0000,0.0000,4.9,nan
3379,3.39e-05,0.5794,0.0000,0.0000,0.0000,0.0000,4.9,nan
3380,3.38e-05,0.4505,0.0000,0.0000,0.0000,0.0000,8.0,0.6886
3381,3.37e-05,0.3183,0.0000,0.0000,0.0000,0.0000,5.0,nan
3382,3.36e-05,0.2147,0.0000,0.0000,0.0000,0.0000,5.0,nan
3383,3.36e-05,0.5857,0.0000,0.0000,0.0000,0.0000,4.7,nan
3384,3.35e-05,0.7157,0.0000,0.0000,0.0000,0.0000,5.0,nan
3385,3.34e-05,0.5737,0.0000,0.0000,0.0000,0.0000,4.9,nan
3386,3.33e-05,0.5621,0.0000,0.0000,0.0000,0.0000,4.9,nan
3387,3.32e-05,0.6515,0.0000,0.0000,0.0000,0.0000,5.1,nan
3388,3.31e-05,0.4893,0.0000,0.0000,0.0000,0.0000,5.0,nan
3389,3.30e-05,0.5595,0.0000,0.0000,0.0000,0.0000,5.1,nan
3390,3.29e-05,0.4803,0.0000,0.0000,0.0000,0.0000,4.8,nan
3391,3.28e-05,0.7801,0.0000,0.0000,0.0000,0.0000,4.9,nan
3392,3.27e-05,0.5184,0.0000,0.0000,0.0000,0.0000,4.9,nan
3393,3.27e-05,0.3974,0.0000,0.0000,0.0000,0.0000,4.9,nan
3394,3.26e-05,0.4724,0.0000,0.0000,0.0000,0.0000,4.8,nan
3395,3.25e-05,0.7378,0.0000,0.0000,0.0000,0.0000,4.9,nan
3396,3.24e-05,0.7236,0.0000,0.0000,0.0000,0.0000,4.9,nan
3397,3.23e-05,0.6910,0.0000,0.0000,0.0000,0.0000,5.0,nan
3398,3.22e-05,0.5450,0.0000,0.0000,0.0000,0.0000,4.8,nan
3399,3.21e-05,0.7162,0.0000,0.0000,0.0000,0.0000,5.1,nan
3400,3.20e-05,0.6201,0.0000,0.0000,0.0000,0.0000,8.2,0.6907
3401,3.19e-05,0.5910,0.0000,0.0000,0.0000,0.0000,5.0,nan
3402,3.19e-05,0.5442,0.0000,0.0000,0.0000,0.0000,4.7,nan
3403,3.18e-05,0.7489,0.0000,0.0000,0.0000,0.0000,5.0,nan
3404,3.17e-05,0.6493,0.0000,0.0000,0.0000,0.0000,5.0,nan
3405,3.16e-05,0.4494,0.0000,0.0000,0.0000,0.0000,4.9,nan
3406,3.15e-05,0.4747,0.0000,0.0000,0.0000,0.0000,5.0,nan
3407,3.14e-05,0.4370,0.0000,0.0000,0.0000,0.0000,4.9,nan
3408,3.13e-05,0.4827,0.0000,0.0000,0.0000,0.0000,5.1,nan
3409,3.12e-05,0.7878,0.0000,0.0000,0.0000,0.0000,5.0,nan
3410,3.12e-05,0.6180,0.0000,0.0000,0.0000,0.0000,4.8,nan
3411,3.11e-05,0.7489,0.0000,0.0000,0.0000,0.0000,5.0,nan
3412,3.10e-05,0.7431,0.0000,0.0000,0.0000,0.0000,4.9,nan
3413,3.09e-05,0.6491,0.0000,0.0000,0.0000,0.0000,5.0,nan
3414,3.08e-05,0.5268,0.0000,0.0000,0.0000,0.0000,5.0,nan
3415,3.07e-05,0.3238,0.0000,0.0000,0.0000,0.0000,5.0,nan
3416,3.06e-05,0.5900,0.0000,0.0000,0.0000,0.0000,5.1,nan
3417,3.05e-05,0.7072,0.0000,0.0000,0.0000,0.0000,4.8,nan
3418,3.05e-05,0.6954,0.0000,0.0000,0.0000,0.0000,5.1,nan
3419,3.04e-05,0.6038,0.0000,0.0000,0.0000,0.0000,5.0,nan
3420,3.03e-05,0.7588,0.0000,0.0000,0.0000,0.0000,8.2,0.6992
3421,3.02e-05,0.7132,0.0000,0.0000,0.0000,0.0000,4.9,nan
3422,3.01e-05,0.6212,0.0000,0.0000,0.0000,0.0000,5.0,nan
3423,3.00e-05,0.7115,0.0000,0.0000,0.0000,0.0000,5.0,nan
3424,2.99e-05,0.6750,0.0000,0.0000,0.0000,0.0000,4.7,nan
3425,2.99e-05,0.6215,0.0000,0.0000,0.0000,0.0000,4.8,nan
3426,2.98e-05,0.5307,0.0000,0.0000,0.0000,0.0000,5.0,nan
3427,2.97e-05,0.5023,0.0000,0.0000,0.0000,0.0000,4.8,nan
3428,2.96e-05,0.5429,0.0000,0.0000,0.0000,0.0000,4.9,nan
3429,2.95e-05,0.5238,0.0000,0.0000,0.0000,0.0000,5.0,nan
3430,2.94e-05,0.5365,0.0000,0.0000,0.0000,0.0000,5.0,nan
3431,2.94e-05,0.4117,0.0000,0.0000,0.0000,0.0000,4.9,nan
3432,2.93e-05,0.7197,0.0000,0.0000,0.0000,0.0000,4.9,nan
3433,2.92e-05,0.6997,0.0000,0.0000,0.0000,0.0000,5.0,nan
3434,2.91e-05,0.4795,0.0000,0.0000,0.0000,0.0000,4.7,nan
3435,2.90e-05,0.4873,0.0000,0.0000,0.0000,0.0000,4.9,nan
3436,2.89e-05,0.5749,0.0000,0.0000,0.0000,0.0000,4.8,nan
3437,2.88e-05,0.4860,0.0000,0.0000,0.0000,0.0000,4.7,nan
3438,2.88e-05,0.5392,0.0000,0.0000,0.0000,0.0000,4.9,nan
3439,2.87e-05,0.7197,0.0000,0.0000,0.0000,0.0000,5.0,nan
3440,2.86e-05,0.7146,0.0000,0.0000,0.0000,0.0000,8.4,0.6928
3441,2.85e-05,0.5516,0.0000,0.0000,0.0000,0.0000,4.9,nan
3442,2.84e-05,0.5724,0.0000,0.0000,0.0000,0.0000,4.8,nan
3443,2.84e-05,0.8301,0.0000,0.0000,0.0000,0.0000,4.7,nan
3444,2.83e-05,0.7960,0.0000,0.0000,0.0000,0.0000,4.9,nan
3445,2.82e-05,0.4017,0.0000,0.0000,0.0000,0.0000,5.0,nan
3446,2.81e-05,0.6230,0.0000,0.0000,0.0000,0.0000,5.1,nan
3447,2.80e-05,0.4612,0.0000,0.0000,0.0000,0.0000,4.7,nan
3448,2.79e-05,0.4779,0.0000,0.0000,0.0000,0.0000,5.0,nan
3449,2.79e-05,0.4347,0.0000,0.0000,0.0000,0.0000,5.0,nan
3450,2.78e-05,0.7648,0.0000,0.0000,0.0000,0.0000,4.9,nan
3451,2.77e-05,0.4860,0.0000,0.0000,0.0000,0.0000,5.1,nan
3452,2.76e-05,0.3613,0.0000,0.0000,0.0000,0.0000,4.9,nan
3453,2.75e-05,0.5761,0.0000,0.0000,0.0000,0.0000,5.0,nan
3454,2.74e-05,0.7508,0.0000,0.0000,0.0000,0.0000,5.2,nan
3455,2.74e-05,0.6458,0.0000,0.0000,0.0000,0.0000,5.2,nan
3456,2.73e-05,0.8003,0.0000,0.0000,0.0000,0.0000,5.1,nan
3457,2.72e-05,0.5176,0.0000,0.0000,0.0000,0.0000,5.0,nan
3458,2.71e-05,0.6675,0.0000,0.0000,0.0000,0.0000,4.8,nan
3459,2.70e-05,0.5724,0.0000,0.0000,0.0000,0.0000,4.8,nan
3460,2.70e-05,0.6228,0.0000,0.0000,0.0000,0.0000,7.8,0.7034
3461,2.69e-05,0.7382,0.0000,0.0000,0.0000,0.0000,5.0,nan
3462,2.68e-05,0.6031,0.0000,0.0000,0.0000,0.0000,4.9,nan
3463,2.67e-05,0.3929,0.0000,0.0000,0.0000,0.0000,5.0,nan
3464,2.66e-05,0.5667,0.0000,0.0000,0.0000,0.0000,4.8,nan
3465,2.66e-05,0.6112,0.0000,0.0000,0.0000,0.0000,5.0,nan
3466,2.65e-05,0.8314,0.0000,0.0000,0.0000,0.0000,4.8,nan
3467,2.64e-05,0.3969,0.0000,0.0000,0.0000,0.0000,5.0,nan
3468,2.63e-05,0.7337,0.0000,0.0000,0.0000,0.0000,5.1,nan
3469,2.62e-05,0.9679,0.0000,0.0000,0.0000,0.0000,5.0,nan
3470,2.62e-05,0.5820,0.0000,0.0000,0.0000,0.0000,5.0,nan
3471,2.61e-05,0.5847,0.0000,0.0000,0.0000,0.0000,4.8,nan
3472,2.60e-05,0.6400,0.0000,0.0000,0.0000,0.0000,5.0,nan
3473,2.59e-05,0.4936,0.0000,0.0000,0.0000,0.0000,4.9,nan
3474,2.59e-05,0.5667,0.0000,0.0000,0.0000,0.0000,4.9,nan
3475,2.58e-05,0.8653,0.0000,0.0000,0.0000,0.0000,4.8,nan
3476,2.57e-05,0.7178,0.0000,0.0000,0.0000,0.0000,5.0,nan
3477,2.56e-05,0.4104,0.0000,0.0000,0.0000,0.0000,4.7,nan
3478,2.55e-05,0.7178,0.0000,0.0000,0.0000,0.0000,5.0,nan
3479,2.55e-05,0.5502,0.0000,0.0000,0.0000,0.0000,4.8,nan
3480,2.54e-05,0.6514,0.0000,0.0000,0.0000,0.0000,8.2,0.7076
3481,2.53e-05,0.5631,0.0000,0.0000,0.0000,0.0000,4.9,nan
3482,2.52e-05,0.6330,0.0000,0.0000,0.0000,0.0000,5.2,nan
3483,2.52e-05,0.6791,0.0000,0.0000,0.0000,0.0000,5.1,nan
3484,2.51e-05,0.5617,0.0000,0.0000,0.0000,0.0000,5.0,nan
3485,2.50e-05,0.8197,0.0000,0.0000,0.0000,0.0000,4.9,nan
3486,2.49e-05,0.7242,0.0000,0.0000,0.0000,0.0000,4.8,nan
3487,2.48e-05,0.6024,0.0000,0.0000,0.0000,0.0000,5.2,nan
3488,2.48e-05,0.6387,0.0000,0.0000,0.0000,0.0000,4.9,nan
3489,2.47e-05,0.5414,0.0000,0.0000,0.0000,0.0000,5.0,nan
3490,2.46e-05,0.6576,0.0000,0.0000,0.0000,0.0000,4.9,nan
3491,2.45e-05,0.5937,0.0000,0.0000,0.0000,0.0000,4.9,nan
3492,2.45e-05,0.5113,0.0000,0.0000,0.0000,0.0000,4.9,nan
3493,2.44e-05,0.6857,0.0000,0.0000,0.0000,0.0000,4.8,nan
3494,2.43e-05,0.8625,0.0000,0.0000,0.0000,0.0000,5.0,nan
3495,2.42e-05,0.6915,0.0000,0.0000,0.0000,0.0000,5.0,nan
3496,2.42e-05,0.6535,0.0000,0.0000,0.0000,0.0000,5.0,nan
3497,2.41e-05,0.7514,0.0000,0.0000,0.0000,0.0000,4.8,nan
3498,2.40e-05,0.7106,0.0000,0.0000,0.0000,0.0000,5.0,nan
3499,2.39e-05,0.8418,0.0000,0.0000,0.0000,0.0000,5.0,nan
3500,2.39e-05,0.5795,0.0000,0.0000,0.0000,0.0000,8.0,0.7034
3501,2.38e-05,0.4683,0.0000,0.0000,0.0000,0.0000,4.9,nan
3502,2.37e-05,0.6049,0.0000,0.0000,0.0000,0.0000,5.0,nan
3503,2.36e-05,0.5893,0.0000,0.0000,0.0000,0.0000,4.9,nan
3504,2.36e-05,0.6581,0.0000,0.0000,0.0000,0.0000,4.9,nan
3505,2.35e-05,0.4381,0.0000,0.0000,0.0000,0.0000,4.7,nan
3506,2.34e-05,0.5781,0.0000,0.0000,0.0000,0.0000,5.0,nan
3507,2.33e-05,0.6548,0.0000,0.0000,0.0000,0.0000,4.7,nan
3508,2.33e-05,0.3158,0.0000,0.0000,0.0000,0.0000,5.0,nan
3509,2.32e-05,0.6462,0.0000,0.0000,0.0000,0.0000,4.7,nan
3510,2.31e-05,0.4608,0.0000,0.0000,0.0000,0.0000,5.0,nan
3511,2.31e-05,0.7260,0.0000,0.0000,0.0000,0.0000,5.0,nan
3512,2.30e-05,0.7605,0.0000,0.0000,0.0000,0.0000,5.1,nan
3513,2.29e-05,0.6418,0.0000,0.0000,0.0000,0.0000,5.2,nan
3514,2.28e-05,0.4068,0.0000,0.0000,0.0000,0.0000,4.9,nan
3515,2.28e-05,0.6035,0.0000,0.0000,0.0000,0.0000,4.7,nan
3516,2.27e-05,0.7501,0.0000,0.0000,0.0000,0.0000,4.9,nan
3517,2.26e-05,0.6867,0.0000,0.0000,0.0000,0.0000,5.1,nan
3518,2.25e-05,0.4994,0.0000,0.0000,0.0000,0.0000,4.9,nan
3519,2.25e-05,0.5463,0.0000,0.0000,0.0000,0.0000,4.9,nan
3520,2.24e-05,0.8515,0.0000,0.0000,0.0000,0.0000,8.3,0.7076
3521,2.23e-05,0.4277,0.0000,0.0000,0.0000,0.0000,4.9,nan
3522,2.23e-05,0.6493,0.0000,0.0000,0.0000,0.0000,4.8,nan
3523,2.22e-05,0.5597,0.0000,0.0000,0.0000,0.0000,5.0,nan
3524,2.21e-05,0.5887,0.0000,0.0000,0.0000,0.0000,5.0,nan
3525,2.20e-05,0.6983,0.0000,0.0000,0.0000,0.0000,4.7,nan
3526,2.20e-05,0.3618,0.0000,0.0000,0.0000,0.0000,5.0,nan
3527,2.19e-05,0.4815,0.0000,0.0000,0.0000,0.0000,5.1,nan
3528,2.18e-05,0.4548,0.0000,0.0000,0.0000,0.0000,4.8,nan
3529,2.18e-05,0.6472,0.0000,0.0000,0.0000,0.0000,5.0,nan
3530,2.17e-05,0.5103,0.0000,0.0000,0.0000,0.0000,5.1,nan
3531,2.16e-05,0.5526,0.0000,0.0000,0.0000,0.0000,4.9,nan
3532,2.16e-05,0.5203,0.0000,0.0000,0.0000,0.0000,4.9,nan
3533,2.15e-05,0.6498,0.0000,0.0000,0.0000,0.0000,5.0,nan
3534,2.14e-05,0.5665,0.0000,0.0000,0.0000,0.0000,4.8,nan
3535,2.13e-05,0.6260,0.0000,0.0000,0.0000,0.0000,5.0,nan
3536,2.13e-05,0.6661,0.0000,0.0000,0.0000,0.0000,4.9,nan
3537,2.12e-05,0.5028,0.0000,0.0000,0.0000,0.0000,4.8,nan
3538,2.11e-05,0.6783,0.0000,0.0000,0.0000,0.0000,4.9,nan
3539,2.11e-05,0.7603,0.0000,0.0000,0.0000,0.0000,4.6,nan
3540,2.10e-05,0.5414,0.0000,0.0000,0.0000,0.0000,8.0,0.6992
3541,2.09e-05,0.4827,0.0000,0.0000,0.0000,0.0000,4.8,nan
3542,2.09e-05,0.6848,0.0000,0.0000,0.0000,0.0000,5.1,nan
3543,2.08e-05,0.6482,0.0000,0.0000,0.0000,0.0000,5.1,nan
3544,2.07e-05,0.5593,0.0000,0.0000,0.0000,0.0000,4.9,nan
3545,2.07e-05,0.4873,0.0000,0.0000,0.0000,0.0000,5.0,nan
3546,2.06e-05,0.6879,0.0000,0.0000,0.0000,0.0000,4.8,nan
3547,2.05e-05,0.4250,0.0000,0.0000,0.0000,0.0000,4.9,nan
3548,2.04e-05,0.5006,0.0000,0.0000,0.0000,0.0000,4.9,nan
3549,2.04e-05,0.3983,0.0000,0.0000,0.0000,0.0000,4.7,nan
3550,2.03e-05,0.6039,0.0000,0.0000,0.0000,0.0000,4.9,nan
3551,2.02e-05,0.5006,0.0000,0.0000,0.0000,0.0000,5.1,nan
3552,2.02e-05,0.7700,0.0000,0.0000,0.0000,0.0000,4.9,nan
3553,2.01e-05,0.7363,0.0000,0.0000,0.0000,0.0000,5.0,nan
3554,2.00e-05,0.7183,0.0000,0.0000,0.0000,0.0000,4.8,nan
3555,2.00e-05,0.4771,0.0000,0.0000,0.0000,0.0000,4.7,nan
3556,1.99e-05,0.4529,0.0000,0.0000,0.0000,0.0000,4.8,nan
3557,1.98e-05,0.5903,0.0000,0.0000,0.0000,0.0000,4.9,nan
3558,1.98e-05,0.8293,0.0000,0.0000,0.0000,0.0000,5.0,nan
3559,1.97e-05,0.7602,0.0000,0.0000,0.0000,0.0000,4.8,nan
3560,1.96e-05,0.5090,0.0000,0.0000,0.0000,0.0000,8.3,0.7013
3561,1.96e-05,0.4711,0.0000,0.0000,0.0000,0.0000,4.8,nan
3562,1.95e-05,0.5911,0.0000,0.0000,0.0000,0.0000,5.0,nan
3563,1.94e-05,0.3904,0.0000,0.0000,0.0000,0.0000,5.1,nan
3564,1.94e-05,0.4647,0.0000,0.0000,0.0000,0.0000,4.7,nan
3565,1.93e-05,0.6736,0.0000,0.0000,0.0000,0.0000,4.9,nan
3566,1.93e-05,0.5729,0.0000,0.0000,0.0000,0.0000,4.8,nan
3567,1.92e-05,0.6512,0.0000,0.0000,0.0000,0.0000,5.0,nan
3568,1.91e-05,0.6852,0.0000,0.0000,0.0000,0.0000,5.1,nan
3569,1.91e-05,0.6799,0.0000,0.0000,0.0000,0.0000,5.0,nan
3570,1.90e-05,0.5585,0.0000,0.0000,0.0000,0.0000,4.9,nan
3571,1.89e-05,0.4279,0.0000,0.0000,0.0000,0.0000,4.7,nan
3572,1.89e-05,0.4715,0.0000,0.0000,0.0000,0.0000,5.0,nan
3573,1.88e-05,0.7927,0.0000,0.0000,0.0000,0.0000,5.1,nan
3574,1.87e-05,0.5258,0.0000,0.0000,0.0000,0.0000,5.1,nan
3575,1.87e-05,0.4653,0.0000,0.0000,0.0000,0.0000,4.8,nan
3576,1.86e-05,0.6170,0.0000,0.0000,0.0000,0.0000,4.9,nan
3577,1.85e-05,0.4734,0.0000,0.0000,0.0000,0.0000,5.0,nan
3578,1.85e-05,0.7122,0.0000,0.0000,0.0000,0.0000,4.9,nan
3579,1.84e-05,0.8282,0.0000,0.0000,0.0000,0.0000,4.8,nan
3580,1.84e-05,0.5078,0.0000,0.0000,0.0000,0.0000,8.1,0.7055
3581,1.83e-05,0.5234,0.0000,0.0000,0.0000,0.0000,5.1,nan
3582,1.82e-05,0.5684,0.0000,0.0000,0.0000,0.0000,5.0,nan
3583,1.82e-05,0.7548,0.0000,0.0000,0.0000,0.0000,4.7,nan
3584,1.81e-05,0.6053,0.0000,0.0000,0.0000,0.0000,5.1,nan
3585,1.80e-05,0.5860,0.0000,0.0000,0.0000,0.0000,5.1,nan
3586,1.80e-05,0.5585,0.0000,0.0000,0.0000,0.0000,4.9,nan
3587,1.79e-05,0.4921,0.0000,0.0000,0.0000,0.0000,4.9,nan
3588,1.79e-05,0.4441,0.0000,0.0000,0.0000,0.0000,5.0,nan
3589,1.78e-05,0.8510,0.0000,0.0000,0.0000,0.0000,4.8,nan
3590,1.77e-05,0.6899,0.0000,0.0000,0.0000,0.0000,4.9,nan
3591,1.77e-05,0.4747,0.0000,0.0000,0.0000,0.0000,4.8,nan
3592,1.76e-05,0.6014,0.0000,0.0000,0.0000,0.0000,4.8,nan
3593,1.75e-05,0.4995,0.0000,0.0000,0.0000,0.0000,4.7,nan
3594,1.75e-05,0.7220,0.0000,0.0000,0.0000,0.0000,5.1,nan
3595,1.74e-05,0.6365,0.0000,0.0000,0.0000,0.0000,4.8,nan
3596,1.74e-05,0.3957,0.0000,0.0000,0.0000,0.0000,4.9,nan
3597,1.73e-05,0.6777,0.0000,0.0000,0.0000,0.0000,4.7,nan
3598,1.72e-05,0.7388,0.0000,0.0000,0.0000,0.0000,4.8,nan
3599,1.72e-05,0.7304,0.0000,0.0000,0.0000,0.0000,5.0,nan
3600,1.71e-05,0.4988,0.0000,0.0000,0.0000,0.0000,8.5,0.7034
3601,1.71e-05,0.5294,0.0000,0.0000,0.0000,0.0000,4.8,nan
3602,1.70e-05,0.7389,0.0000,0.0000,0.0000,0.0000,4.8,nan
3603,1.69e-05,0.6691,0.0000,0.0000,0.0000,0.0000,5.0,nan
3604,1.69e-05,0.8684,0.0000,0.0000,0.0000,0.0000,4.9,nan
3605,1.68e-05,0.5690,0.0000,0.0000,0.0000,0.0000,5.3,nan
3606,1.68e-05,0.7011,0.0000,0.0000,0.0000,0.0000,5.1,nan
3607,1.67e-05,0.4119,0.0000,0.0000,0.0000,0.0000,4.6,nan
3608,1.66e-05,0.7719,0.0000,0.0000,0.0000,0.0000,5.0,nan
3609,1.66e-05,0.7309,0.0000,0.0000,0.0000,0.0000,4.8,nan
3610,1.65e-05,0.5877,0.0000,0.0000,0.0000,0.0000,5.1,nan
3611,1.65e-05,0.5660,0.0000,0.0000,0.0000,0.0000,5.0,nan
3612,1.64e-05,0.5936,0.0000,0.0000,0.0000,0.0000,4.9,nan
3613,1.64e-05,0.5486,0.0000,0.0000,0.0000,0.0000,4.9,nan
3614,1.63e-05,0.5877,0.0000,0.0000,0.0000,0.0000,5.0,nan
3615,1.62e-05,0.7147,0.0000,0.0000,0.0000,0.0000,4.9,nan
3616,1.62e-05,0.5875,0.0000,0.0000,0.0000,0.0000,4.8,nan
3617,1.61e-05,0.5232,0.0000,0.0000,0.0000,0.0000,4.7,nan
3618,1.61e-05,0.5014,0.0000,0.0000,0.0000,0.0000,4.8,nan
3619,1.60e-05,0.8593,0.0000,0.0000,0.0000,0.0000,4.9,nan
3620,1.59e-05,0.6178,0.0000,0.0000,0.0000,0.0000,8.1,0.6992
3621,1.59e-05,0.5623,0.0000,0.0000,0.0000,0.0000,5.0,nan
3622,1.58e-05,0.5401,0.0000,0.0000,0.0000,0.0000,4.9,nan
3623,1.58e-05,0.5777,0.0000,0.0000,0.0000,0.0000,5.0,nan
3624,1.57e-05,0.4514,0.0000,0.0000,0.0000,0.0000,5.0,nan
3625,1.57e-05,0.6004,0.0000,0.0000,0.0000,0.0000,4.9,nan
3626,1.56e-05,0.7876,0.0000,0.0000,0.0000,0.0000,5.0,nan
3627,1.55e-05,0.6241,0.0000,0.0000,0.0000,0.0000,4.9,nan
3628,1.55e-05,0.4093,0.0000,0.0000,0.0000,0.0000,5.0,nan
3629,1.54e-05,0.6990,0.0000,0.0000,0.0000,0.0000,5.0,nan
3630,1.54e-05,0.7474,0.0000,0.0000,0.0000,0.0000,5.2,nan
3631,1.53e-05,0.6000,0.0000,0.0000,0.0000,0.0000,4.7,nan
3632,1.53e-05,0.4134,0.0000,0.0000,0.0000,0.0000,5.1,nan
3633,1.52e-05,0.6468,0.0000,0.0000,0.0000,0.0000,4.8,nan
3634,1.52e-05,0.5029,0.0000,0.0000,0.0000,0.0000,4.8,nan
3635,1.51e-05,0.5570,0.0000,0.0000,0.0000,0.0000,4.9,nan
3636,1.50e-05,0.4474,0.0000,0.0000,0.0000,0.0000,4.9,nan
3637,1.50e-05,0.5940,0.0000,0.0000,0.0000,0.0000,4.8,nan
3638,1.49e-05,0.5748,0.0000,0.0000,0.0000,0.0000,4.7,nan
3639,1.49e-05,0.4359,0.0000,0.0000,0.0000,0.0000,5.0,nan
3640,1.48e-05,0.5792,0.0000,0.0000,0.0000,0.0000,8.0,0.6970
3641,1.48e-05,0.4848,0.0000,0.0000,0.0000,0.0000,4.8,nan
3642,1.47e-05,0.6235,0.0000,0.0000,0.0000,0.0000,5.1,nan
3643,1.47e-05,0.3362,0.0000,0.0000,0.0000,0.0000,5.1,nan
3644,1.46e-05,0.7614,0.0000,0.0000,0.0000,0.0000,4.8,nan
3645,1.46e-05,0.6539,0.0000,0.0000,0.0000,0.0000,5.1,nan
3646,1.45e-05,0.7038,0.0000,0.0000,0.0000,0.0000,5.0,nan
3647,1.45e-05,0.5747,0.0000,0.0000,0.0000,0.0000,5.0,nan
3648,1.44e-05,0.7086,0.0000,0.0000,0.0000,0.0000,4.9,nan
3649,1.43e-05,0.6589,0.0000,0.0000,0.0000,0.0000,5.1,nan
3650,1.43e-05,0.5168,0.0000,0.0000,0.0000,0.0000,4.9,nan
3651,1.42e-05,0.5739,0.0000,0.0000,0.0000,0.0000,5.1,nan
3652,1.42e-05,0.4116,0.0000,0.0000,0.0000,0.0000,5.0,nan
3653,1.41e-05,0.5461,0.0000,0.0000,0.0000,0.0000,4.9,nan
3654,1.41e-05,0.4983,0.0000,0.0000,0.0000,0.0000,4.9,nan
3655,1.40e-05,0.5084,0.0000,0.0000,0.0000,0.0000,4.9,nan
3656,1.40e-05,0.6704,0.0000,0.0000,0.0000,0.0000,4.7,nan
3657,1.39e-05,0.5464,0.0000,0.0000,0.0000,0.0000,5.1,nan
3658,1.39e-05,0.7003,0.0000,0.0000,0.0000,0.0000,4.9,nan
3659,1.38e-05,0.4915,0.0000,0.0000,0.0000,0.0000,5.1,nan
3660,1.38e-05,0.7665,0.0000,0.0000,0.0000,0.0000,8.0,0.7076
3661,1.37e-05,0.4742,0.0000,0.0000,0.0000,0.0000,5.0,nan
3662,1.37e-05,0.5888,0.0000,0.0000,0.0000,0.0000,5.0,nan
3663,1.36e-05,0.6089,0.0000,0.0000,0.0000,0.0000,4.7,nan
3664,1.36e-05,0.6459,0.0000,0.0000,0.0000,0.0000,4.8,nan
3665,1.35e-05,0.6067,0.0000,0.0000,0.0000,0.0000,5.0,nan
3666,1.35e-05,0.5062,0.0000,0.0000,0.0000,0.0000,4.8,nan
3667,1.34e-05,0.5270,0.0000,0.0000,0.0000,0.0000,5.1,nan
3668,1.34e-05,0.5576,0.0000,0.0000,0.0000,0.0000,4.8,nan
3669,1.33e-05,0.6689,0.0000,0.0000,0.0000,0.0000,4.8,nan
3670,1.33e-05,0.5054,0.0000,0.0000,0.0000,0.0000,4.8,nan
3671,1.32e-05,0.5808,0.0000,0.0000,0.0000,0.0000,4.8,nan
3672,1.32e-05,0.7031,0.0000,0.0000,0.0000,0.0000,4.9,nan
3673,1.31e-05,0.5970,0.0000,0.0000,0.0000,0.0000,4.8,nan
3674,1.31e-05,0.5523,0.0000,0.0000,0.0000,0.0000,4.9,nan
3675,1.30e-05,0.6670,0.0000,0.0000,0.0000,0.0000,4.8,nan
3676,1.30e-05,0.7731,0.0000,0.0000,0.0000,0.0000,4.9,nan
3677,1.29e-05,0.4593,0.0000,0.0000,0.0000,0.0000,4.8,nan
3678,1.29e-05,0.4327,0.0000,0.0000,0.0000,0.0000,4.9,nan
3679,1.28e-05,0.3299,0.0000,0.0000,0.0000,0.0000,5.0,nan
3680,1.28e-05,0.9758,0.0000,0.0000,0.0000,0.0000,8.1,0.7055
3681,1.27e-05,0.6717,0.0000,0.0000,0.0000,0.0000,4.9,nan
3682,1.27e-05,0.6319,0.0000,0.0000,0.0000,0.0000,5.0,nan
3683,1.26e-05,0.7387,0.0000,0.0000,0.0000,0.0000,5.0,nan
3684,1.26e-05,0.4513,0.0000,0.0000,0.0000,0.0000,4.8,nan
3685,1.25e-05,0.6296,0.0000,0.0000,0.0000,0.0000,4.9,nan
3686,1.25e-05,0.6019,0.0000,0.0000,0.0000,0.0000,5.0,nan
3687,1.24e-05,0.4084,0.0000,0.0000,0.0000,0.0000,4.8,nan
3688,1.24e-05,0.4561,0.0000,0.0000,0.0000,0.0000,5.0,nan
3689,1.23e-05,0.6489,0.0000,0.0000,0.0000,0.0000,5.0,nan
3690,1.23e-05,0.3226,0.0000,0.0000,0.0000,0.0000,4.9,nan
3691,1.22e-05,0.6845,0.0000,0.0000,0.0000,0.0000,5.0,nan
3692,1.22e-05,0.5755,0.0000,0.0000,0.0000,0.0000,4.9,nan
3693,1.22e-05,0.5111,0.0000,0.0000,0.0000,0.0000,5.0,nan
3694,1.21e-05,0.5769,0.0000,0.0000,0.0000,0.0000,4.8,nan
3695,1.21e-05,0.7781,0.0000,0.0000,0.0000,0.0000,4.9,nan
3696,1.20e-05,0.7708,0.0000,0.0000,0.0000,0.0000,5.1,nan
3697,1.20e-05,0.6494,0.0000,0.0000,0.0000,0.0000,5.0,nan
3698,1.19e-05,0.6142,0.0000,0.0000,0.0000,0.0000,5.1,nan
3699,1.19e-05,0.5887,0.0000,0.0000,0.0000,0.0000,4.9,nan
3700,1.18e-05,0.6366,0.0000,0.0000,0.0000,0.0000,8.1,0.7013
3701,1.18e-05,0.7004,0.0000,0.0000,0.0000,0.0000,4.9,nan
3702,1.17e-05,0.4886,0.0000,0.0000,0.0000,0.0000,5.0,nan
3703,1.17e-05,0.5505,0.0000,0.0000,0.0000,0.0000,4.7,nan
3704,1.17e-05,0.4034,0.0000,0.0000,0.0000,0.0000,4.9,nan
3705,1.16e-05,0.6841,0.0000,0.0000,0.0000,0.0000,5.1,nan
3706,1.16e-05,0.7239,0.0000,0.0000,0.0000,0.0000,5.0,nan
3707,1.15e-05,0.4741,0.0000,0.0000,0.0000,0.0000,5.0,nan
3708,1.15e-05,0.7318,0.0000,0.0000,0.0000,0.0000,5.0,nan
3709,1.14e-05,0.8187,0.0000,0.0000,0.0000,0.0000,5.1,nan
3710,1.14e-05,0.7294,0.0000,0.0000,0.0000,0.0000,4.9,nan
3711,1.13e-05,0.5873,0.0000,0.0000,0.0000,0.0000,4.9,nan
3712,1.13e-05,0.6694,0.0000,0.0000,0.0000,0.0000,5.0,nan
3713,1.13e-05,0.5587,0.0000,0.0000,0.0000,0.0000,4.9,nan
3714,1.12e-05,0.6511,0.0000,0.0000,0.0000,0.0000,5.1,nan
3715,1.12e-05,0.6683,0.0000,0.0000,0.0000,0.0000,5.1,nan
3716,1.11e-05,0.7041,0.0000,0.0000,0.0000,0.0000,5.1,nan
3717,1.11e-05,0.7709,0.0000,0.0000,0.0000,0.0000,5.2,nan
3718,1.10e-05,0.6803,0.0000,0.0000,0.0000,0.0000,5.2,nan
3719,1.10e-05,0.4700,0.0000,0.0000,0.0000,0.0000,5.1,nan
3720,1.10e-05,0.6371,0.0000,0.0000,0.0000,0.0000,8.6,0.7034
3721,1.09e-05,0.6048,0.0000,0.0000,0.0000,0.0000,5.0,nan
3722,1.09e-05,0.4735,0.0000,0.0000,0.0000,0.0000,4.9,nan
3723,1.08e-05,0.5774,0.0000,0.0000,0.0000,0.0000,5.0,nan
3724,1.08e-05,0.5642,0.0000,0.0000,0.0000,0.0000,4.8,nan
3725,1.07e-05,0.6530,0.0000,0.0000,0.0000,0.0000,4.8,nan
3726,1.07e-05,0.7892,0.0000,0.0000,0.0000,0.0000,5.0,nan
3727,1.07e-05,0.7720,0.0000,0.0000,0.0000,0.0000,4.8,nan
3728,1.06e-05,0.9264,0.0000,0.0000,0.0000,0.0000,5.0,nan
3729,1.06e-05,0.4309,0.0000,0.0000,0.0000,0.0000,4.8,nan
3730,1.05e-05,0.5917,0.0000,0.0000,0.0000,0.0000,5.0,nan
3731,1.05e-05,0.8132,0.0000,0.0000,0.0000,0.0000,5.2,nan
3732,1.05e-05,0.6854,0.0000,0.0000,0.0000,0.0000,4.9,nan
3733,1.04e-05,0.7407,0.0000,0.0000,0.0000,0.0000,4.9,nan
3734,1.04e-05,0.4137,0.0000,0.0000,0.0000,0.0000,5.1,nan
3735,1.03e-05,0.6268,0.0000,0.0000,0.0000,0.0000,4.8,nan
3736,1.03e-05,0.6481,0.0000,0.0000,0.0000,0.0000,5.2,nan
3737,1.03e-05,0.6159,0.0000,0.0000,0.0000,0.0000,4.9,nan
3738,1.02e-05,0.6554,0.0000,0.0000,0.0000,0.0000,4.9,nan
3739,1.02e-05,0.5946,0.0000,0.0000,0.0000,0.0000,5.1,nan
3740,1.01e-05,0.5646,0.0000,0.0000,0.0000,0.0000,7.9,0.6992
3741,1.01e-05,0.6405,0.0000,0.0000,0.0000,0.0000,4.9,nan
3742,1.01e-05,0.4244,0.0000,0.0000,0.0000,0.0000,4.9,nan
3743,1.00e-05,0.5013,0.0000,0.0000,0.0000,0.0000,5.2,nan
3744,9.98e-06,0.6420,0.0000,0.0000,0.0000,0.0000,5.1,nan
3745,9.94e-06,0.6892,0.0000,0.0000,0.0000,0.0000,4.9,nan
3746,9.90e-06,0.7163,0.0000,0.0000,0.0000,0.0000,4.9,nan
3747,9.86e-06,0.4725,0.0000,0.0000,0.0000,0.0000,5.0,nan
3748,9.82e-06,0.4772,0.0000,0.0000,0.0000,0.0000,4.9,nan
3749,9.78e-06,0.7059,0.0000,0.0000,0.0000,0.0000,4.8,nan
3750,9.75e-06,0.6647,0.0000,0.0000,0.0000,0.0000,5.0,nan
3751,9.71e-06,0.2877,0.0000,0.0000,0.0000,0.0000,5.0,nan
3752,9.67e-06,0.5456,0.0000,0.0000,0.0000,0.0000,4.8,nan
3753,9.63e-06,0.5638,0.0000,0.0000,0.0000,0.0000,4.8,nan
3754,9.60e-06,0.3894,0.0000,0.0000,0.0000,0.0000,5.2,nan
3755,9.56e-06,0.6561,0.0000,0.0000,0.0000,0.0000,5.1,nan
3756,9.52e-06,0.7070,0.0000,0.0000,0.0000,0.0000,4.7,nan
3757,9.48e-06,0.6717,0.0000,0.0000,0.0000,0.0000,4.9,nan
3758,9.45e-06,0.5487,0.0000,0.0000,0.0000,0.0000,5.0,nan
3759,9.41e-06,0.4654,0.0000,0.0000,0.0000,0.0000,5.1,nan
3760,9.37e-06,0.7761,0.0000,0.0000,0.0000,0.0000,8.2,0.7119
3761,9.34e-06,0.5881,0.0000,0.0000,0.0000,0.0000,4.8,nan
3762,9.30e-06,0.4896,0.0000,0.0000,0.0000,0.0000,5.0,nan
3763,9.27e-06,0.4768,0.0000,0.0000,0.0000,0.0000,5.1,nan
3764,9.23e-06,0.6096,0.0000,0.0000,0.0000,0.0000,5.0,nan
3765,9.19e-06,0.6451,0.0000,0.0000,0.0000,0.0000,4.8,nan
3766,9.16e-06,0.4281,0.0000,0.0000,0.0000,0.0000,4.9,nan
3767,9.12e-06,0.4558,0.0000,0.0000,0.0000,0.0000,4.9,nan
3768,9.09e-06,0.7214,0.0000,0.0000,0.0000,0.0000,5.1,nan
3769,9.05e-06,0.5930,0.0000,0.0000,0.0000,0.0000,4.7,nan
3770,9.02e-06,0.7683,0.0000,0.0000,0.0000,0.0000,4.9,nan
3771,8.98e-06,0.5024,0.0000,0.0000,0.0000,0.0000,5.1,nan
3772,8.95e-06,0.7727,0.0000,0.0000,0.0000,0.0000,5.0,nan
3773,8.91e-06,0.6719,0.0000,0.0000,0.0000,0.0000,5.1,nan
3774,8.88e-06,0.5313,0.0000,0.0000,0.0000,0.0000,4.9,nan
3775,8.84e-06,0.4478,0.0000,0.0000,0.0000,0.0000,5.0,nan
3776,8.81e-06,0.6086,0.0000,0.0000,0.0000,0.0000,4.8,nan
3777,8.78e-06,0.4633,0.0000,0.0000,0.0000,0.0000,5.0,nan
3778,8.74e-06,0.6038,0.0000,0.0000,0.0000,0.0000,4.9,nan
3779,8.71e-06,0.5524,0.0000,0.0000,0.0000,0.0000,5.0,nan
3780,8.67e-06,0.4726,0.0000,0.0000,0.0000,0.0000,7.9,0.7097
3781,8.64e-06,0.7232,0.0000,0.0000,0.0000,0.0000,5.0,nan
3782,8.61e-06,0.6435,0.0000,0.0000,0.0000,0.0000,5.0,nan
3783,8.57e-06,0.4530,0.0000,0.0000,0.0000,0.0000,4.9,nan
3784,8.54e-06,0.5236,0.0000,0.0000,0.0000,0.0000,4.9,nan
3785,8.51e-06,0.5536,0.0000,0.0000,0.0000,0.0000,4.9,nan
3786,8.48e-06,0.5271,0.0000,0.0000,0.0000,0.0000,4.8,nan
3787,8.44e-06,0.4928,0.0000,0.0000,0.0000,0.0000,4.9,nan
3788,8.41e-06,0.5432,0.0000,0.0000,0.0000,0.0000,4.8,nan
3789,8.38e-06,0.4972,0.0000,0.0000,0.0000,0.0000,4.9,nan
3790,8.35e-06,0.7966,0.0000,0.0000,0.0000,0.0000,5.0,nan
3791,8.32e-06,0.3450,0.0000,0.0000,0.0000,0.0000,4.8,nan
3792,8.28e-06,0.5003,0.0000,0.0000,0.0000,0.0000,5.0,nan
3793,8.25e-06,0.7546,0.0000,0.0000,0.0000,0.0000,4.9,nan
3794,8.22e-06,0.4701,0.0000,0.0000,0.0000,0.0000,4.9,nan
3795,8.19e-06,0.3265,0.0000,0.0000,0.0000,0.0000,5.1,nan
3796,8.16e-06,0.6274,0.0000,0.0000,0.0000,0.0000,4.7,nan
3797,8.13e-06,0.4407,0.0000,0.0000,0.0000,0.0000,5.1,nan
3798,8.10e-06,0.6367,0.0000,0.0000,0.0000,0.0000,4.9,nan
3799,8.07e-06,0.8432,0.0000,0.0000,0.0000,0.0000,4.8,nan
3800,8.04e-06,0.5662,0.0000,0.0000,0.0000,0.0000,8.2,0.7097
3801,8.01e-06,0.7003,0.0000,0.0000,0.0000,0.0000,4.7,nan
3802,7.98e-06,0.7116,0.0000,0.0000,0.0000,0.0000,4.7,nan
3803,7.95e-06,0.5593,0.0000,0.0000,0.0000,0.0000,5.0,nan
3804,7.92e-06,0.7266,0.0000,0.0000,0.0000,0.0000,5.0,nan
3805,7.89e-06,0.6388,0.0000,0.0000,0.0000,0.0000,4.8,nan
3806,7.86e-06,0.5327,0.0000,0.0000,0.0000,0.0000,4.9,nan
3807,7.83e-06,0.6525,0.0000,0.0000,0.0000,0.0000,5.0,nan
3808,7.80e-06,0.6007,0.0000,0.0000,0.0000,0.0000,5.1,nan
3809,7.77e-06,0.5731,0.0000,0.0000,0.0000,0.0000,4.9,nan
3810,7.74e-06,0.6115,0.0000,0.0000,0.0000,0.0000,4.9,nan
3811,7.71e-06,0.6764,0.0000,0.0000,0.0000,0.0000,4.9,nan
3812,7.68e-06,0.4958,0.0000,0.0000,0.0000,0.0000,5.0,nan
3813,7.65e-06,0.4081,0.0000,0.0000,0.0000,0.0000,4.8,nan
3814,7.62e-06,0.5390,0.0000,0.0000,0.0000,0.0000,4.9,nan
3815,7.60e-06,0.6540,0.0000,0.0000,0.0000,0.0000,5.1,nan
3816,7.57e-06,0.4654,0.0000,0.0000,0.0000,0.0000,4.8,nan
3817,7.54e-06,0.4824,0.0000,0.0000,0.0000,0.0000,5.2,nan
3818,7.51e-06,0.2702,0.0000,0.0000,0.0000,0.0000,5.9,nan
3819,7.48e-06,0.6933,0.0000,0.0000,0.0000,0.0000,5.4,nan
3820,7.46e-06,0.5376,0.0000,0.0000,0.0000,0.0000,8.5,0.7055
3821,7.43e-06,0.7375,0.0000,0.0000,0.0000,0.0000,5.2,nan
3822,7.40e-06,0.5186,0.0000,0.0000,0.0000,0.0000,5.2,nan
3823,7.38e-06,0.6113,0.0000,0.0000,0.0000,0.0000,5.4,nan
3824,7.35e-06,0.6085,0.0000,0.0000,0.0000,0.0000,5.7,nan
3825,7.32e-06,0.5062,0.0000,0.0000,0.0000,0.0000,5.5,nan
3826,7.30e-06,0.3930,0.0000,0.0000,0.0000,0.0000,5.2,nan
3827,7.27e-06,0.5579,0.0000,0.0000,0.0000,0.0000,5.1,nan
3828,7.24e-06,0.5431,0.0000,0.0000,0.0000,0.0000,5.1,nan
3829,7.22e-06,0.5138,0.0000,0.0000,0.0000,0.0000,5.3,nan
3830,7.19e-06,0.6539,0.0000,0.0000,0.0000,0.0000,5.0,nan
3831,7.17e-06,0.7881,0.0000,0.0000,0.0000,0.0000,5.0,nan
3832,7.14e-06,0.6123,0.0000,0.0000,0.0000,0.0000,5.1,nan
3833,7.11e-06,0.6055,0.0000,0.0000,0.0000,0.0000,5.6,nan
3834,7.09e-06,0.5136,0.0000,0.0000,0.0000,0.0000,5.3,nan
3835,7.06e-06,0.7036,0.0000,0.0000,0.0000,0.0000,5.3,nan
3836,7.04e-06,0.5104,0.0000,0.0000,0.0000,0.0000,5.3,nan
3837,7.01e-06,0.7201,0.0000,0.0000,0.0000,0.0000,5.3,nan
3838,6.99e-06,0.6906,0.0000,0.0000,0.0000,0.0000,5.5,nan
3839,6.96e-06,0.4911,0.0000,0.0000,0.0000,0.0000,5.8,nan
3840,6.94e-06,0.6590,0.0000,0.0000,0.0000,0.0000,8.9,0.7013
3841,6.92e-06,0.4073,0.0000,0.0000,0.0000,0.0000,5.2,nan
3842,6.89e-06,0.6250,0.0000,0.0000,0.0000,0.0000,5.0,nan
3843,6.87e-06,0.4180,0.0000,0.0000,0.0000,0.0000,5.0,nan
3844,6.84e-06,0.6746,0.0000,0.0000,0.0000,0.0000,5.2,nan
3845,6.82e-06,0.7509,0.0000,0.0000,0.0000,0.0000,4.8,nan
3846,6.80e-06,0.5915,0.0000,0.0000,0.0000,0.0000,5.0,nan
3847,6.77e-06,0.4127,0.0000,0.0000,0.0000,0.0000,5.0,nan
3848,6.75e-06,0.7217,0.0000,0.0000,0.0000,0.0000,4.8,nan
3849,6.73e-06,0.4091,0.0000,0.0000,0.0000,0.0000,4.8,nan
3850,6.70e-06,0.4997,0.0000,0.0000,0.0000,0.0000,5.2,nan
3851,6.68e-06,0.6110,0.0000,0.0000,0.0000,0.0000,4.8,nan
3852,6.66e-06,0.6633,0.0000,0.0000,0.0000,0.0000,4.8,nan
3853,6.64e-06,0.6183,0.0000,0.0000,0.0000,0.0000,5.0,nan
3854,6.61e-06,0.7404,0.0000,0.0000,0.0000,0.0000,5.1,nan
3855,6.59e-06,0.5302,0.0000,0.0000,0.0000,0.0000,4.9,nan
3856,6.57e-06,0.7169,0.0000,0.0000,0.0000,0.0000,5.0,nan
3857,6.55e-06,0.6990,0.0000,0.0000,0.0000,0.0000,5.1,nan
3858,6.53e-06,0.4835,0.0000,0.0000,0.0000,0.0000,4.9,nan
3859,6.50e-06,0.7542,0.0000,0.0000,0.0000,0.0000,4.9,nan
3860,6.48e-06,0.4684,0.0000,0.0000,0.0000,0.0000,8.1,0.7076
3861,6.46e-06,0.5654,0.0000,0.0000,0.0000,0.0000,4.8,nan
3862,6.44e-06,0.4202,0.0000,0.0000,0.0000,0.0000,5.0,nan
3863,6.42e-06,0.6983,0.0000,0.0000,0.0000,0.0000,5.1,nan
3864,6.40e-06,0.5719,0.0000,0.0000,0.0000,0.0000,4.9,nan
3865,6.38e-06,0.7449,0.0000,0.0000,0.0000,0.0000,5.1,nan
3866,6.36e-06,0.3963,0.0000,0.0000,0.0000,0.0000,4.9,nan
3867,6.34e-06,0.5444,0.0000,0.0000,0.0000,0.0000,4.8,nan
3868,6.32e-06,0.4946,0.0000,0.0000,0.0000,0.0000,4.9,nan
3869,6.30e-06,0.6346,0.0000,0.0000,0.0000,0.0000,4.9,nan
3870,6.28e-06,0.5990,0.0000,0.0000,0.0000,0.0000,5.3,nan
3871,6.26e-06,0.4674,0.0000,0.0000,0.0000,0.0000,5.0,nan
3872,6.24e-06,0.6806,0.0000,0.0000,0.0000,0.0000,5.1,nan
3873,6.22e-06,0.3768,0.0000,0.0000,0.0000,0.0000,5.1,nan
3874,6.20e-06,0.6104,0.0000,0.0000,0.0000,0.0000,5.1,nan
3875,6.18e-06,0.5645,0.0000,0.0000,0.0000,0.0000,4.9,nan
3876,6.16e-06,0.3786,0.0000,0.0000,0.0000,0.0000,4.8,nan
3877,6.14e-06,0.4927,0.0000,0.0000,0.0000,0.0000,5.1,nan
3878,6.12e-06,0.4534,0.0000,0.0000,0.0000,0.0000,4.8,nan
3879,6.11e-06,0.5520,0.0000,0.0000,0.0000,0.0000,5.0,nan
3880,6.09e-06,0.7450,0.0000,0.0000,0.0000,0.0000,7.9,0.7097
3881,6.07e-06,0.6436,0.0000,0.0000,0.0000,0.0000,4.9,nan
3882,6.05e-06,0.7099,0.0000,0.0000,0.0000,0.0000,5.1,nan
3883,6.03e-06,0.7229,0.0000,0.0000,0.0000,0.0000,4.9,nan
3884,6.02e-06,0.5245,0.0000,0.0000,0.0000,0.0000,5.0,nan
3885,6.00e-06,0.7536,0.0000,0.0000,0.0000,0.0000,4.9,nan
3886,5.98e-06,0.4946,0.0000,0.0000,0.0000,0.0000,5.1,nan
3887,5.96e-06,0.4776,0.0000,0.0000,0.0000,0.0000,5.1,nan
3888,5.95e-06,0.4786,0.0000,0.0000,0.0000,0.0000,4.9,nan
3889,5.93e-06,0.6870,0.0000,0.0000,0.0000,0.0000,4.9,nan
3890,5.91e-06,0.6637,0.0000,0.0000,0.0000,0.0000,4.8,nan
3891,5.90e-06,0.6951,0.0000,0.0000,0.0000,0.0000,5.1,nan
3892,5.88e-06,0.4496,0.0000,0.0000,0.0000,0.0000,5.0,nan
3893,5.86e-06,0.7472,0.0000,0.0000,0.0000,0.0000,4.9,nan
3894,5.85e-06,0.6912,0.0000,0.0000,0.0000,0.0000,4.8,nan
3895,5.83e-06,0.7452,0.0000,0.0000,0.0000,0.0000,5.1,nan
3896,5.82e-06,0.7041,0.0000,0.0000,0.0000,0.0000,5.0,nan
3897,5.80e-06,0.6834,0.0000,0.0000,0.0000,0.0000,5.0,nan
3898,5.78e-06,0.6767,0.0000,0.0000,0.0000,0.0000,5.1,nan
3899,5.77e-06,0.6452,0.0000,0.0000,0.0000,0.0000,4.7,nan
3900,5.75e-06,0.7569,0.0000,0.0000,0.0000,0.0000,8.1,0.6992
3901,5.74e-06,0.6841,0.0000,0.0000,0.0000,0.0000,5.0,nan
3902,5.72e-06,0.4152,0.0000,0.0000,0.0000,0.0000,5.0,nan
3903,5.71e-06,0.6037,0.0000,0.0000,0.0000,0.0000,5.0,nan
3904,5.69e-06,0.4791,0.0000,0.0000,0.0000,0.0000,4.9,nan
3905,5.68e-06,0.6678,0.0000,0.0000,0.0000,0.0000,4.9,nan
3906,5.67e-06,0.5670,0.0000,0.0000,0.0000,0.0000,4.8,nan
3907,5.65e-06,0.6481,0.0000,0.0000,0.0000,0.0000,5.0,nan
3908,5.64e-06,0.6521,0.0000,0.0000,0.0000,0.0000,5.0,nan
3909,5.62e-06,0.5841,0.0000,0.0000,0.0000,0.0000,4.8,nan
3910,5.61e-06,0.6627,0.0000,0.0000,0.0000,0.0000,4.7,nan
3911,5.60e-06,0.7585,0.0000,0.0000,0.0000,0.0000,4.7,nan
3912,5.58e-06,0.4996,0.0000,0.0000,0.0000,0.0000,5.0,nan
3913,5.57e-06,0.4561,0.0000,0.0000,0.0000,0.0000,4.9,nan
3914,5.56e-06,0.5967,0.0000,0.0000,0.0000,0.0000,4.9,nan
3915,5.54e-06,0.4833,0.0000,0.0000,0.0000,0.0000,4.8,nan
3916,5.53e-06,0.5957,0.0000,0.0000,0.0000,0.0000,4.8,nan
3917,5.52e-06,0.6482,0.0000,0.0000,0.0000,0.0000,5.2,nan
3918,5.50e-06,0.7006,0.0000,0.0000,0.0000,0.0000,5.1,nan
3919,5.49e-06,0.5349,0.0000,0.0000,0.0000,0.0000,4.9,nan
3920,5.48e-06,0.7107,0.0000,0.0000,0.0000,0.0000,7.9,0.7097
3921,5.47e-06,0.4189,0.0000,0.0000,0.0000,0.0000,4.9,nan
3922,5.46e-06,0.5422,0.0000,0.0000,0.0000,0.0000,4.9,nan
3923,5.44e-06,0.6773,0.0000,0.0000,0.0000,0.0000,4.8,nan
3924,5.43e-06,0.5799,0.0000,0.0000,0.0000,0.0000,5.1,nan
3925,5.42e-06,0.6064,0.0000,0.0000,0.0000,0.0000,5.0,nan
3926,5.41e-06,0.5157,0.0000,0.0000,0.0000,0.0000,4.9,nan
3927,5.40e-06,0.7135,0.0000,0.0000,0.0000,0.0000,4.9,nan
3928,5.39e-06,0.5693,0.0000,0.0000,0.0000,0.0000,5.4,nan
3929,5.38e-06,0.6183,0.0000,0.0000,0.0000,0.0000,4.7,nan
3930,5.37e-06,0.4820,0.0000,0.0000,0.0000,0.0000,5.0,nan
3931,5.36e-06,0.4855,0.0000,0.0000,0.0000,0.0000,5.1,nan
3932,5.35e-06,0.6072,0.0000,0.0000,0.0000,0.0000,5.0,nan
3933,5.34e-06,0.4380,0.0000,0.0000,0.0000,0.0000,5.0,nan
3934,5.33e-06,0.5676,0.0000,0.0000,0.0000,0.0000,4.8,nan
3935,5.32e-06,0.5374,0.0000,0.0000,0.0000,0.0000,4.8,nan
3936,5.31e-06,0.5117,0.0000,0.0000,0.0000,0.0000,5.1,nan
3937,5.30e-06,0.7445,0.0000,0.0000,0.0000,0.0000,4.8,nan
3938,5.29e-06,0.5111,0.0000,0.0000,0.0000,0.0000,4.8,nan
3939,5.28e-06,0.5619,0.0000,0.0000,0.0000,0.0000,5.0,nan
3940,5.27e-06,0.4470,0.0000,0.0000,0.0000,0.0000,8.1,0.7034
3941,5.26e-06,0.6897,0.0000,0.0000,0.0000,0.0000,5.0,nan
3942,5.25e-06,0.4578,0.0000,0.0000,0.0000,0.0000,4.8,nan
3943,5.24e-06,0.7557,0.0000,0.0000,0.0000,0.0000,4.6,nan
3944,5.23e-06,0.4280,0.0000,0.0000,0.0000,0.0000,4.7,nan
3945,5.22e-06,0.4099,0.0000,0.0000,0.0000,0.0000,5.0,nan
3946,5.22e-06,0.5658,0.0000,0.0000,0.0000,0.0000,5.0,nan
3947,5.21e-06,0.6877,0.0000,0.0000,0.0000,0.0000,4.9,nan
3948,5.20e-06,0.4737,0.0000,0.0000,0.0000,0.0000,4.9,nan
3949,5.19e-06,0.6765,0.0000,0.0000,0.0000,0.0000,5.3,nan
3950,5.19e-06,0.6155,0.0000,0.0000,0.0000,0.0000,4.8,nan
3951,5.18e-06,0.7024,0.0000,0.0000,0.0000,0.0000,4.9,nan
3952,5.17e-06,0.5998,0.0000,0.0000,0.0000,0.0000,4.8,nan
3953,5.16e-06,0.6854,0.0000,0.0000,0.0000,0.0000,5.1,nan
3954,5.16e-06,0.6926,0.0000,0.0000,0.0000,0.0000,5.0,nan
3955,5.15e-06,0.7031,0.0000,0.0000,0.0000,0.0000,5.2,nan
3956,5.14e-06,0.3360,0.0000,0.0000,0.0000,0.0000,4.8,nan
3957,5.14e-06,0.6441,0.0000,0.0000,0.0000,0.0000,5.0,nan
3958,5.13e-06,0.5459,0.0000,0.0000,0.0000,0.0000,4.8,nan
3959,5.12e-06,0.6426,0.0000,0.0000,0.0000,0.0000,5.0,nan
3960,5.12e-06,0.7562,0.0000,0.0000,0.0000,0.0000,7.9,0.7034
3961,5.11e-06,0.4153,0.0000,0.0000,0.0000,0.0000,4.9,nan
3962,5.11e-06,0.4901,0.0000,0.0000,0.0000,0.0000,5.1,nan
3963,5.10e-06,0.3130,0.0000,0.0000,0.0000,0.0000,4.9,nan
3964,5.09e-06,0.5019,0.0000,0.0000,0.0000,0.0000,4.8,nan
3965,5.09e-06,0.7635,0.0000,0.0000,0.0000,0.0000,5.0,nan
3966,5.08e-06,0.4981,0.0000,0.0000,0.0000,0.0000,5.1,nan
3967,5.08e-06,0.5889,0.0000,0.0000,0.0000,0.0000,4.8,nan
3968,5.07e-06,0.5827,0.0000,0.0000,0.0000,0.0000,4.9,nan
3969,5.07e-06,0.5786,0.0000,0.0000,0.0000,0.0000,5.2,nan
3970,5.07e-06,0.6347,0.0000,0.0000,0.0000,0.0000,5.0,nan
3971,5.06e-06,0.6764,0.0000,0.0000,0.0000,0.0000,4.9,nan
3972,5.06e-06,0.5996,0.0000,0.0000,0.0000,0.0000,5.0,nan
3973,5.05e-06,0.4881,0.0000,0.0000,0.0000,0.0000,5.0,nan
3974,5.05e-06,0.4859,0.0000,0.0000,0.0000,0.0000,4.9,nan
3975,5.04e-06,0.7494,0.0000,0.0000,0.0000,0.0000,4.9,nan
3976,5.04e-06,0.6280,0.0000,0.0000,0.0000,0.0000,4.9,nan
3977,5.04e-06,0.7804,0.0000,0.0000,0.0000,0.0000,4.8,nan
3978,5.03e-06,0.3991,0.0000,0.0000,0.0000,0.0000,5.1,nan
3979,5.03e-06,0.5731,0.0000,0.0000,0.0000,0.0000,4.8,nan
3980,5.03e-06,0.5165,0.0000,0.0000,0.0000,0.0000,8.4,0.7055
3981,5.03e-06,0.6479,0.0000,0.0000,0.0000,0.0000,4.9,nan
3982,5.02e-06,0.7084,0.0000,0.0000,0.0000,0.0000,5.0,nan
3983,5.02e-06,0.4521,0.0000,0.0000,0.0000,0.0000,5.0,nan
3984,5.02e-06,0.3960,0.0000,0.0000,0.0000,0.0000,4.9,nan
3985,5.02e-06,0.8086,0.0000,0.0000,0.0000,0.0000,4.8,nan
3986,5.01e-06,0.8074,0.0000,0.0000,0.0000,0.0000,5.1,nan
3987,5.01e-06,0.6839,0.0000,0.0000,0.0000,0.0000,4.9,nan
3988,5.01e-06,0.6988,0.0000,0.0000,0.0000,0.0000,4.9,nan
3989,5.01e-06,0.6843,0.0000,0.0000,0.0000,0.0000,5.1,nan
3990,5.01e-06,0.6171,0.0000,0.0000,0.0000,0.0000,4.9,nan
3991,5.01e-06,0.7426,0.0000,0.0000,0.0000,0.0000,5.1,nan
3992,5.00e-06,0.5785,0.0000,0.0000,0.0000,0.0000,4.9,nan
3993,5.00e-06,0.4465,0.0000,0.0000,0.0000,0.0000,4.9,nan
3994,5.00e-06,0.3993,0.0000,0.0000,0.0000,0.0000,5.0,nan
3995,5.00e-06,0.5786,0.0000,0.0000,0.0000,0.0000,4.9,nan
3996,5.00e-06,0.5013,0.0000,0.0000,0.0000,0.0000,5.1,nan
3997,5.00e-06,0.6149,0.0000,0.0000,0.0000,0.0000,4.8,nan
3998,5.00e-06,0.4891,0.0000,0.0000,0.0000,0.0000,5.0,nan
3999,5.00e-06,0.4057,0.0000,0.0000,0.0000,0.0000,8.1,0.7076
